timestamp,decision,setup_family,direction,h1_context,m15_zone,edge_id,sweep_id,entry,SL,TP1,R_abs,R_abs_bps,R_abs_ATR,TP1_R,body_ratio,acceptance_close_strength,opposite_wick_ratio,entry_edge_dist_band,acceptance_weakness_count,v10_1_result,v11_result,v11_1_result,duplicate_state,cooldown_state,setup_id,reason_tags
2025-05-01 13:20:00,CANCEL,SRR-1,short,unclear,upper_edge,H:96450.0@20,SWH:96465.5,96450.0,96479.19428571429,94972.2,29.194285714285797,3.026882914907807,0.21318589609847463,50.61949500880794,0.1602836879433037,0.4085106382979136,0.5914893617020863,0.0,4.0,CANCEL,,,,clear,BTCUSDT|short|H:96450.0@20|SWH:96465.5,"v10_1_strict_cancel,weak_body_ratio,weak_close_strength,opposite_wick_high,weak_retest"
2025-05-02 03:55:00,CANCEL,SRR-1,short,unclear,upper_edge,H:97173.8@20,SWH:97193.7,97173.8,97202.955,96122.4,29.154999999998836,3.0002943180156416,0.3150189086979892,36.062424969989735,0.7231920199501509,0.2531172069825891,0.023690773067259953,0.0,2.0,CANCEL,,,,clear,BTCUSDT|short|H:97173.8@20|SWH:97193.7,"v10_1_strict_cancel,weak_close_strength,body_not_aligned"
2025-05-02 04:05:00,CANCEL,SRR-1,short,unclear,upper_edge,H:97193.7@20,SWH:97194.5,97193.7,97204.88142857143,96122.4,11.18142857143539,1.1504272984190735,0.10770606852903267,95.81065542347575,0.7651917404129622,0.057817109144559946,0.17699115044247787,0.0,3.0,CANCEL,,,,clear,BTCUSDT|short|H:97193.7@20|SWH:97194.5,"v10_1_strict_cancel,weak_close_strength,body_not_aligned,weak_retest"
2025-05-02 06:55:00,CANCEL,SRR-1,long,unclear,lower_edge,L:96540.9@20,SWL:96436.4,96540.9,96424.53285714285,97262.0,116.3671428571397,12.053662526156241,0.980582641145981,6.196766392084386,0.11276595744687043,0.16595744680857255,0.721276595744557,0.0,4.0,CANCEL,,,,clear,BTCUSDT|long|L:96540.9@20|SWL:96436.4,"v10_1_strict_cancel,weak_body_ratio,weak_close_strength,body_not_aligned,opposite_wick_high"
2025-05-02 10:50:00,CANCEL,SRR-1,short,unclear,upper_edge,H:96850.0@20,SWH:96885.1,96850.0,96893.57571428572,96283.1,43.57571428571828,4.499299358360173,0.5141243890106505,13.009540045240126,0.03624733475473426,0.3901918976546342,0.5735607675906316,0.0,5.0,CANCEL,,,,clear,BTCUSDT|short|H:96850.0@20|SWH:96885.1,"v10_1_strict_cancel,weak_body_ratio,weak_close_strength,body_not_aligned,opposite_wick_high,weak_retest"
2025-05-02 11:20:00,CANCEL,SRR-1,short,unclear,upper_edge,H:96970.0@20,SWH:96981.0,96970.0,96989.17785714286,96283.1,19.177857142858556,1.9777103375124838,0.2345095641540901,35.81734887705021,0.15950920245406625,0.4744376278118579,0.36605316973407587,0.0,3.0,CANCEL,,,,clear,BTCUSDT|short|H:96970.0@20|SWH:96981.0,"v10_1_strict_cancel,weak_body_ratio,weak_close_strength,body_not_aligned"
2025-05-02 19:35:00,CANCEL,SRR-1,long,unclear,lower_edge,L:96942.5@20,SWL:96930.7,96942.5,96918.83285714286,97865.4,23.667142857142608,2.4413588320027446,0.1994342121102688,38.994990040442005,0.9298434970318413,0.07015650296815863,0.0,0.0,3.0,CANCEL,,,,clear,BTCUSDT|long|L:96942.5@20|SWL:96930.7,"v10_1_strict_cancel,weak_close_strength,body_not_aligned,weak_retest"
2025-05-03 10:35:00,CANCEL,SRR-1,long,bearish,lower_edge,L:96064.1@20,SWL:96050.0,96064.1,96043.49071428571,96557.7,20.609285714293947,2.1453681150704527,0.31661362888193756,23.950369112387335,0.20852764823452163,0.15856095936043962,0.6329113924050388,0.0,4.0,CANCEL,,,,clear,BTCUSDT|long|L:96064.1@20|SWL:96050.0,"v10_1_strict_cancel,weak_body_ratio,weak_close_strength,body_not_aligned,opposite_wick_high"
2025-05-04 15:05:00,WATCH,SRR-1,short,bearish,upper_edge,H:95609.0@20,SWH:95644.3,95609.0,95651.47571428571,95172.4,42.475714285712456,4.442648106947301,0.5919370893887912,10.278814784919692,0.47212336892036755,0.49703440094907814,0.030842230130554343,0.0,3.0,WATCH,,,,clear,BTCUSDT|short|H:95609.0@20|SWH:95644.3,"v10_1_watch_weak3,weak_close_strength,body_not_aligned,weak_retest"
2025-05-04 20:40:00,CANCEL,SRR-1,short,bearish,upper_edge,H:95680.0@20,SWH:95685.0,95680.0,95690.9,95200.1,10.89999999999418,1.1392140468221341,0.1847457627117625,44.02752293580279,0.06459948320413922,0.19638242894073366,0.7390180878551271,0.0,4.0,CANCEL,,,,clear,BTCUSDT|short|H:95680.0@20|SWH:95685.0,"v10_1_strict_cancel,weak_body_ratio,weak_close_strength,body_not_aligned,opposite_wick_high"
2025-05-04 23:25:00,WATCH,SRR-1,long,bearish,lower_edge,L:94500.4@20,SWL:94500.0,94500.4,94481.89642857143,95700.0,18.50357142856228,1.9580415986135808,0.10220950877880074,64.8307276587855,0.2890322580645349,0.4980645161290135,0.2129032258064516,0.0,3.0,WATCH,,,,clear,BTCUSDT|long|L:94500.4@20|SWL:94500.0,"v10_1_watch_weak3,weak_body_ratio,weak_close_strength,body_not_aligned"
2025-05-04 23:40:00,CANCEL,SRR-1,long,bearish,lower_edge,L:94350.0@20,SWL:94200.0,94350.0,94180.845,95700.0,169.15499999999884,17.928457869634215,0.8830853563038272,7.98084596967284,0.15420835785755144,0.32077692760448423,0.5250147145379643,0.0,5.0,CANCEL,,,,clear,BTCUSDT|long|L:94350.0@20|SWL:94200.0,"v10_1_strict_cancel,weak_body_ratio,weak_close_strength,body_not_aligned,opposite_wick_high,weak_retest"
2025-05-05 18:10:00,CANCEL,SRR-1,short,bearish,upper_edge,H:94598.0@20,SWH:94650.0,94598.0,94663.57428571429,93559.6,65.57428571429045,6.931889227498515,0.4830772468954194,15.835475578404937,0.5899825276645582,0.3040186371578216,0.10599883517762025,0.0,3.0,CANCEL,,,,clear,BTCUSDT|short|H:94598.0@20|SWH:94650.0,"v10_1_strict_cancel,weak_close_strength,body_not_aligned,weak_retest"
2025-05-06 02:10:00,CANCEL,SRR-1,long,bearish,lower_edge,L:94186.5@20,SWL:94167.0,94186.5,94153.16928571429,95165.1,33.33071428570838,3.5387995398181675,0.24099054898513483,29.360306881260332,0.8423848878394451,0.15761511216055493,0.0,0.0,3.0,CANCEL,,,,clear,BTCUSDT|long|L:94186.5@20|SWL:94167.0,"v10_1_strict_cancel,weak_close_strength,body_not_aligned,weak_retest"
2025-05-06 02:40:00,CANCEL,SRR-1,long,bearish,lower_edge,L:94005.4@20,SWL:93961.0,94005.4,93947.81428571428,95165.1,57.58571428571304,6.125787910663966,0.43672806067171316,20.138675266683844,0.5717791411041874,0.33496932515340994,0.0932515337424027,0.0,2.0,CANCEL,,,,clear,BTCUSDT|long|L:94005.4@20|SWL:93961.0,"v10_1_strict_cancel,weak_close_strength,body_not_aligned"
2025-05-06 18:55:00,CANCEL,SRR-1,short,bearish,upper_edge,H:94917.4@20,SWH:94925.3,94917.4,94937.02571428572,93327.0,19.625714285721187,2.0676624397340415,0.16737329434703682,81.03654098119118,0.10919970082267455,0.3223635003740221,0.5684367988033033,0.0,4.0,CANCEL,,,,clear,BTCUSDT|short|H:94917.4@20|SWH:94925.3,"v10_1_strict_cancel,weak_body_ratio,weak_close_strength,body_not_aligned,opposite_wick_high"
2025-05-06 19:25:00,CANCEL,SRR-1,short,bullish,upper_edge,H:95079.9@20,SWH:95080.8,95079.9,95093.04714285715,93977.6,13.147142857153085,1.3827468115924697,0.10734865274707953,83.84331196342406,0.6858974358974665,0.16426282051281668,0.14983974358971677,0.0,2.0,CANCEL,,,,clear,BTCUSDT|short|H:95079.9@20|SWH:95080.8,"v10_1_strict_cancel,weak_close_strength,body_not_aligned"
2025-05-06 19:35:00,CANCEL,SRR-1,short,bullish,upper_edge,H:95099.1@20,SWH:95119.9,95099.1,95131.61,94025.6,32.50999999999476,3.41853918701594,0.27762596071729184,33.02060904337659,0.0705176294074235,0.2708177044260647,0.6586646661665119,0.0,4.0,CANCEL,,,,clear,BTCUSDT|short|H:95099.1@20|SWH:95119.9,"v10_1_strict_cancel,weak_body_ratio,weak_close_strength,body_not_aligned,opposite_wick_high"
2025-05-06 22:55:00,WATCH,SRR-1,short,bullish,upper_edge,H:96152.7@20,SWH:96235.0,96152.7,96259.57428571429,94400.0,106.87428571429336,11.115058205780322,0.43490291826534805,16.399641768699006,0.4524324324324167,0.5140540540540856,0.03351351351349778,0.0,3.0,WATCH,,,,clear,BTCUSDT|short|H:96152.7@20|SWH:96235.0,"v10_1_watch_weak3,weak_close_strength,body_not_aligned,weak_retest"
2025-05-07 08:10:00,CANCEL,SRR-1,short,bullish,upper_edge,H:96963.0@20,SWH:96965.3,96963.0,96973.30642857144,96153.2,10.30642857143539,1.0629238546079836,0.12872691587126078,78.57231963401857,0.32267441860466345,0.0944767441860625,0.582848837209274,0.0,3.0,CANCEL,,,,clear,BTCUSDT|short|H:96963.0@20|SWH:96965.3,"v10_1_strict_cancel,weak_close_strength,body_not_aligned,opposite_wick_high"
2025-05-07 08:55:00,WATCH,SRR-1,short,bullish,upper_edge,H:97021.4@20,SWH:97033.6,97021.4,97041.05714285714,96268.0,19.657142857147846,2.026062585898353,0.26360153256711305,38.32703488371091,0.28146853146864753,0.4423076923077657,0.5576923076922343,0.0,3.0,WATCH,,,,clear,BTCUSDT|short|H:97021.4@20|SWH:97033.6,"v10_1_watch_weak3,weak_body_ratio,weak_close_strength,opposite_wick_high"
2025-05-07 14:40:00,WATCH,SRR-1,short,bullish,upper_edge,H:97421.7@20,SWH:97446.8,97421.7,97466.325,96655.2,44.625,4.580601652403931,0.22855313700384247,17.176470588235293,0.013779527558997038,0.5255905511810149,0.46062992125998803,0.0,4.0,WATCH,,,,clear,BTCUSDT|short|H:97421.7@20|SWH:97446.8,"v10_1_watch_weak3,weak_body_ratio,weak_close_strength,body_not_aligned,opposite_wick_high"
2025-05-07 21:35:00,CANCEL,SRR-1,short,bullish,upper_edge,H:97112.8@20,SWH:97200.0,97112.8,97213.91571428571,95718.5,101.11571428571187,10.412192243011411,0.7266297094754023,13.789152456167972,0.05596196049745149,0.41404535479151244,0.5859546452084876,0.0,3.0,CANCEL,,,,clear,BTCUSDT|short|H:97112.8@20|SWH:97200.0,"v10_1_strict_cancel,weak_body_ratio,weak_close_strength,opposite_wick_high"
2025-05-08 02:35:00,WATCH,SRR-1,short,bullish,upper_edge,H:98599.9@20,SWH:98781.0,98599.9,98799.56357142857,96831.5,199.66357142858033,20.24987565185972,1.0755665858633063,8.856898568663294,0.11194029850746012,0.7501963864885924,0.13786331500394744,0.0,3.0,WATCH,,,,clear,BTCUSDT|short|H:98599.9@20|SWH:98781.0,"v10_1_watch_weak3,weak_body_ratio,body_not_aligned,weak_retest"
2025-05-08 03:10:00,CANCEL,SRR-1,short,bullish,upper_edge,H:98815.2@20,SWH:98835.4,98815.2,98854.31642857142,96831.5,39.11642857141851,3.9585436826944145,0.20678548502807897,50.71270748499371,0.5438522870331414,0.39110365086026705,0.06504406210659151,0.0,2.0,CANCEL,,,,clear,BTCUSDT|short|H:98815.2@20|SWH:98835.4,"v10_1_strict_cancel,weak_close_strength,body_not_aligned"
2025-05-08 03:55:00,CANCEL,SRR-1,short,bullish,upper_edge,H:99103.2@20,SWH:99199.9,99103.2,99217.62428571428,96831.5,114.42428571428172,11.545972856000787,0.6455791085677268,19.853302870270465,0.21969140337981558,0.29390154298308807,0.48640705363709635,0.0,4.0,CANCEL,,,,clear,BTCUSDT|short|H:99103.2@20|SWH:99199.9,"v10_1_strict_cancel,weak_body_ratio,weak_close_strength,body_not_aligned,opposite_wick_high"
2025-05-08 04:05:00,WATCH,SRR-1,short,bullish,upper_edge,H:99199.9@20,SWH:99297.9,99199.9,99316.33714285714,96831.5,116.43714285714668,11.73762703965898,0.6315357198202672,20.340588422937472,0.4047514298284413,0.4747030356357224,0.12054553453583626,0.0,3.0,WATCH,,,,clear,BTCUSDT|short|H:99199.9@20|SWH:99297.9,"v10_1_watch_weak3,weak_close_strength,body_not_aligned,weak_retest"
2025-05-08 04:20:00,CANCEL,SRR-1,short,bullish,upper_edge,H:99355.0@20,SWH:99374.3,99355.0,99393.05,96831.5,38.05000000000291,3.8297015751600734,0.2029333333333511,66.32063074900938,0.8415349887133577,0.1580135440180587,0.0004514672685836066,0.0,3.0,CANCEL,,,,clear,BTCUSDT|short|H:99355.0@20|SWH:99374.3,"v10_1_strict_cancel,weak_close_strength,body_not_aligned,weak_retest"
2025-05-08 08:20:00,CANCEL,SRR-1,short,bullish,upper_edge,H:99599.0@20,SWH:99600.0,99599.0,99612.94857142857,98633.0,13.948571428569267,1.4004730397463094,0.10772285966459037,69.25440393282516,0.7094999999999709,0.125,0.1655000000000291,0.0,2.0,CANCEL,,,,clear,BTCUSDT|short|H:99599.0@20|SWH:99600.0,"v10_1_strict_cancel,weak_close_strength,body_not_aligned"
2025-05-08 08:55:00,CANCEL,SRR-1,short,bullish,upper_edge,H:99695.9@20,SWH:99800.0,99695.9,99813.85642857142,98680.1,117.95642857142957,11.8316228221451,0.8512758389607873,8.611654424454379,0.008375209380234915,0.008375209380234915,0.991624790619765,0.0,4.0,CANCEL,,,,clear,BTCUSDT|short|H:99695.9@20|SWH:99800.0,"v10_1_strict_cancel,weak_body_ratio,weak_close_strength,opposite_wick_high,weak_retest"
2025-05-08 20:35:00,CANCEL,SRR-1,short,bullish,upper_edge,H:101813.0@20,SWH:101881.7,101813.0,101901.94857142857,100383.2,88.94857142856927,8.736465031829852,0.4392831945816149,16.074457150199574,0.6211287988422324,0.37858176555717193,0.00028943560059571855,0.0,2.0,CANCEL,,,,clear,BTCUSDT|short|H:101813.0@20|SWH:101881.7,"v10_1_strict_cancel,weak_close_strength,body_not_aligned"
2025-05-09 07:40:00,CANCEL,SRR-1,short,bullish,upper_edge,H:103777.0@20,SWH:103864.4,103777.0,103881.42928571429,102327.9,104.42928571428638,10.062854554890427,0.6132335053059879,13.876375674584956,0.698320610687014,0.30137404580151783,0.000305343511468155,0.0,3.0,CANCEL,,,,clear,BTCUSDT|short|H:103777.0@20|SWH:103864.4,"v10_1_strict_cancel,weak_close_strength,body_not_aligned,weak_retest"
2025-05-10 06:35:00,CANCEL,SRR-1,short,bullish,upper_edge,H:103685.2@20,SWH:103738.2,103685.2,103747.71357142857,102861.7,62.513571428571595,6.029170163974376,0.6570988812973921,13.173139546841222,0.0008354218881021152,0.4477861319965963,0.5513784461153016,0.0,5.0,CANCEL,,,,clear,BTCUSDT|short|H:103685.2@20|SWH:103738.2,"v10_1_strict_cancel,weak_body_ratio,weak_close_strength,body_not_aligned,opposite_wick_high,weak_retest"
2025-05-11 10:25:00,CANCEL,SRR-1,short,bullish,upper_edge,H:104455.1@20,SWH:104463.9,104455.1,104475.30785714285,103283.3,20.20785714284284,1.9345974627225324,0.1771398159162256,57.98734579905854,0.8879146016012927,0.11170415554704406,0.00038124285166326075,0.0,2.0,CANCEL,,,,clear,BTCUSDT|short|H:104455.1@20|SWH:104463.9,"v10_1_strict_cancel,weak_close_strength,body_not_aligned"
2025-05-11 10:35:00,CANCEL,SRR-1,short,bullish,upper_edge,H:104463.9@20,SWH:104488.0,104463.9,104498.21642857142,103283.3,34.31642857143015,3.2850035822356003,0.3358945675732546,34.40334700164252,0.028530670470753694,0.48787446504984666,0.5121255349501533,0.0,4.0,CANCEL,,,,clear,BTCUSDT|short|H:104463.9@20|SWH:104488.0,"v10_1_strict_cancel,weak_body_ratio,weak_close_strength,opposite_wick_high,weak_retest"
2025-05-12 23:20:00,CANCEL,SRR-1,short,bearish,upper_edge,H:102950.0@20,SWH:102957.4,102950.0,102967.77357142857,100678.0,17.773571428566356,1.7264275307009573,0.1713351235970037,127.8302455492066,0.9078624078624012,0.09213759213759873,0.0,0.0,3.0,CANCEL,,,,clear,BTCUSDT|short|H:102950.0@20|SWH:102957.4,"v10_1_strict_cancel,weak_close_strength,body_not_aligned,weak_retest"
2025-05-13 10:10:00,WATCH,SRR-1,short,bearish,upper_edge,H:103468.0@20,SWH:103485.5,103468.0,103497.99,102222.0,29.99000000000524,2.89848068968234,0.24011208967178052,41.54718239412412,0.02944162436542314,0.5441624365482824,0.4263959390862944,0.0,3.0,WATCH,,,,clear,BTCUSDT|short|H:103468.0@20|SWH:103485.5,"v10_1_watch_weak3,weak_body_ratio,weak_close_strength,body_not_aligned"
2025-05-13 10:40:00,CANCEL,SRR-1,short,bearish,upper_edge,H:103485.5@20,SWH:103492.5,103485.5,103503.34785714286,102222.0,17.84785714285681,1.7246722625736757,0.16452887337854785,70.79281226237775,0.28930817610057713,0.1572327044025373,0.5534591194968855,0.0,4.0,CANCEL,,,,clear,BTCUSDT|short|H:103485.5@20|SWH:103492.5,"v10_1_strict_cancel,weak_body_ratio,weak_close_strength,body_not_aligned,opposite_wick_high"
2025-05-14 00:40:00,CANCEL,SRR-1,long,bullish,lower_edge,L:103766.0@20,SWL:103703.7,103766.0,103691.05357142857,104949.2,74.94642857143481,7.222638298810286,0.5926292007907913,15.78727662616019,0.2356927710843541,0.1942771084337526,0.5700301204818933,0.0,4.0,CANCEL,,,,clear,BTCUSDT|long|L:103766.0@20|SWL:103703.7,"v10_1_strict_cancel,weak_body_ratio,weak_close_strength,body_not_aligned,opposite_wick_high"
2025-05-14 12:25:00,CANCEL,SRR-1,short,bearish,upper_edge,H:104109.6@20,SWH:104148.4,104109.6,104159.63714285714,102815.0,50.03714285713795,4.806198742204172,0.44528349860152944,25.872780220410352,0.15750232991622148,0.2851817334575451,0.5573159366262335,0.0,4.0,CANCEL,,,,clear,BTCUSDT|short|H:104109.6@20|SWH:104148.4,"v10_1_strict_cancel,weak_body_ratio,weak_close_strength,body_not_aligned,opposite_wick_high"
2025-05-14 13:40:00,CANCEL,SRR-1,short,bullish,upper_edge,H:104163.6@20,SWH:104319.0,104163.6,104336.07642857142,102815.0,172.4764285714191,16.558224616988955,1.0100263521143893,7.819039454667147,0.2325925925925854,0.32469135802469135,0.6753086419753086,0.0,3.0,CANCEL,,,,clear,BTCUSDT|short|H:104163.6@20|SWH:104319.0,"v10_1_strict_cancel,weak_body_ratio,weak_close_strength,opposite_wick_high"
2025-05-15 01:50:00,CANCEL,SRR-1,long,bearish,lower_edge,L:103117.6@20,SWL:103030.2,103117.6,103018.56,103820.0,99.04000000000815,9.604567988394624,0.8508591065292842,7.092084006461393,0.386792452830196,0.36792452830187045,0.24528301886793355,0.0,3.0,CANCEL,,,,clear,BTCUSDT|long|L:103117.6@20|SWL:103030.2,"v10_1_strict_cancel,weak_close_strength,body_not_aligned,weak_retest"
2025-05-15 02:20:00,CANCEL,SRR-1,long,bearish,lower_edge,L:102910.1@20,SWL:102901.4,102910.1,102886.80785714285,103820.0,23.29214285715716,2.2633485787262044,0.1596211268296044,39.06467539633873,0.5782178217821206,0.4217821782178794,0.0,0.0,2.0,CANCEL,,,,clear,BTCUSDT|long|L:102910.1@20|SWL:102901.4,"v10_1_strict_cancel,weak_close_strength,body_not_aligned"
2025-05-15 02:35:00,CANCEL,SRR-1,long,bearish,lower_edge,L:102897.7@20,SWL:102891.9,102897.7,102877.05357142857,103820.0,20.646428571431898,2.006500492375621,0.13906663459227447,44.67116415844304,0.30106485963218726,0.42594385285574793,0.2729912875120648,0.0,2.0,CANCEL,,,,clear,BTCUSDT|long|L:102897.7@20|SWL:102891.9,"v10_1_strict_cancel,weak_close_strength,body_not_aligned"
2025-05-15 03:10:00,CANCEL,SRR-1,long,bearish,lower_edge,L:102853.9@20,SWL:102850.0,102853.9,102836.205,103820.0,17.694999999992433,1.7204014626564899,0.12827111272194375,54.597343882476345,0.7778738115816963,0.22126188418328838,0.00086430423501531,0.0,2.0,CANCEL,,,,clear,BTCUSDT|long|L:102853.9@20|SWL:102850.0,"v10_1_strict_cancel,weak_close_strength,body_not_aligned"
2025-05-15 03:20:00,CANCEL,SRR-1,long,bearish,lower_edge,L:102805.3@20,SWL:102777.9,102805.3,102764.71214285714,103820.0,40.58785714286205,3.948031584253151,0.307766885121624,25.00008799253514,0.042553191489333834,0.35024549918165987,0.6497545008183402,0.0,3.0,CANCEL,,,,clear,BTCUSDT|long|L:102805.3@20|SWL:102777.9,"v10_1_strict_cancel,weak_body_ratio,weak_close_strength,opposite_wick_high"
2025-05-15 03:55:00,CANCEL,SRR-1,long,bearish,lower_edge,L:102725.1@20,SWL:102723.2,102725.1,102711.04857142858,103820.0,14.051428571430733,1.3678671105144442,0.11563602163180534,77.92090280600631,0.6300578034682776,0.10322047894302974,0.26672171758869273,0.0,2.0,CANCEL,,,,clear,BTCUSDT|long|L:102725.1@20|SWL:102723.2,"v10_1_strict_cancel,weak_close_strength,body_not_aligned"
2025-05-15 04:10:00,CANCEL,SRR-1,long,bearish,lower_edge,L:102663.5@20,SWL:102656.0,102663.5,102644.21714285715,103820.0,19.282857142854482,1.8782583043491097,0.1636517943743692,59.97555193362807,0.12554927809164868,0.35969868173259173,0.5147520401757596,0.0,4.0,CANCEL,,,,clear,BTCUSDT|long|L:102663.5@20|SWL:102656.0,"v10_1_strict_cancel,weak_body_ratio,weak_close_strength,body_not_aligned,opposite_wick_high"
2025-05-15 05:50:00,CANCEL,SRR-1,long,bearish,lower_edge,L:102336.0@20,SWL:102323.8,102336.0,102313.50785714286,103820.0,22.492142857139697,2.19787199588998,0.21853702547016024,65.97859570009501,0.683381088825216,0.20916905444125297,0.10744985673353108,0.0,2.0,CANCEL,,,,clear,BTCUSDT|long|L:102336.0@20|SWL:102323.8,"v10_1_strict_cancel,weak_close_strength,body_not_aligned"
2025-05-15 07:50:00,CANCEL,SRR-1,long,bearish,lower_edge,L:101724.0@20,SWL:101681.6,101724.0,101666.91714285714,103104.1,57.08285714285739,5.6115427178303445,0.38877213465655136,24.17713599279243,0.5777233782129593,0.42227662178704073,0.0,0.0,2.0,CANCEL,,,,clear,BTCUSDT|long|L:101724.0@20|SWL:101681.6,"v10_1_strict_cancel,weak_close_strength,body_not_aligned"
2025-05-15 16:10:00,WATCH,SRR-1,short,bearish,upper_edge,H:103242.0@20,SWH:103350.0,103242.0,103372.03714285714,101270.8,130.03714285713795,12.595372315253284,0.590081680280025,15.158745852833807,0.016472203157132652,0.5147563486616438,0.46877144818122357,0.0,4.0,WATCH,,,,clear,BTCUSDT|short|H:103242.0@20|SWH:103350.0,"v10_1_watch_weak3,weak_body_ratio,weak_close_strength,body_not_aligned,opposite_wick_high"
2025-05-15 17:10:00,CANCEL,SRR-1,short,bearish,upper_edge,H:103800.0@20,SWH:103856.0,103800.0,103875.09571428571,101270.8,75.0957142857078,7.234654555463179,0.3932595197126944,33.67968497346531,0.17062043795619142,0.34397810218978186,0.4854014598540267,0.0,4.0,CANCEL,,,,clear,BTCUSDT|short|H:103800.0@20|SWH:103856.0,"v10_1_strict_cancel,weak_body_ratio,weak_close_strength,body_not_aligned,opposite_wick_high"
2025-05-16 02:35:00,CANCEL,SRR-1,short,bullish,upper_edge,H:104311.0@20,SWH:104344.4,104311.0,104363.23357142856,102782.7,52.23357142855821,5.007484486636904,0.2773428907345636,29.258960438696317,0.5939505041247305,0.40513290559120646,0.0009165902840630325,0.0,3.0,CANCEL,,,,clear,BTCUSDT|short|H:104311.0@20|SWH:104344.4,"v10_1_strict_cancel,weak_close_strength,body_not_aligned,weak_retest"
2025-05-16 21:40:00,CANCEL,SRR-1,long,bullish,lower_edge,L:103468.7@20,SWL:103451.4,103468.7,103439.77928571428,104357.0,28.92071428571944,2.795117198314026,0.2488720880202063,30.715009014788766,0.4154518950437406,0.271865889212855,0.31268221574340443,0.0,2.0,CANCEL,,,,clear,BTCUSDT|long|L:103468.7@20|SWL:103451.4,"v10_1_strict_cancel,weak_close_strength,body_not_aligned"
2025-05-16 22:20:00,CANCEL,SRR-1,long,bullish,lower_edge,L:103377.3@20,SWL:103365.2,103377.3,103355.05142857143,104357.0,22.248571428572177,2.152171843196928,0.21922860360361276,44.03428791575542,0.23752711496740642,0.2700650759220121,0.49240780911058146,0.0,4.0,CANCEL,,,,clear,BTCUSDT|long|L:103377.3@20|SWL:103365.2,"v10_1_strict_cancel,weak_body_ratio,weak_close_strength,body_not_aligned,opposite_wick_high"
2025-05-16 22:50:00,WATCH,SRR-1,long,bullish,lower_edge,L:103365.2@20,SWL:103365.0,103365.2,103356.11928571429,104064.3,9.080714285708382,0.8785078813477246,0.1022520711010352,76.98733579805274,0.07959183673457508,0.5408163265306123,0.37959183673481267,0.0,3.0,WATCH,,,,clear,BTCUSDT|long|L:103365.2@20|SWL:103365.0,"v10_1_watch_weak3,weak_body_ratio,weak_close_strength,body_not_aligned"
2025-05-16 22:55:00,CANCEL,SRR-1,long,bullish,lower_edge,L:103365.2@20,SWL:103361.6,103365.2,103352.96785714287,104064.3,12.232142857130384,1.1833908179087724,0.14170459246985964,57.15270072998576,0.16647531572906377,0.17795637198624056,0.6555683122846957,0.0,4.0,CANCEL,,,,clear,BTCUSDT|long|L:103365.2@20|SWL:103361.6,"v10_1_strict_cancel,weak_body_ratio,weak_close_strength,body_not_aligned,opposite_wick_high"
2025-05-17 05:05:00,WATCH,SRR-1,short,bearish,upper_edge,H:103625.3@20,SWH:103658.0,103625.3,103666.20428571428,102541.6,40.90428571427765,3.947326156284001,0.49857217482142735,26.493556385993347,0.2879432624113888,0.5290780141844384,0.18297872340417276,0.0,4.0,WATCH,,,,clear,BTCUSDT|short|H:103625.3@20|SWH:103658.0,"v10_1_watch_weak3,weak_body_ratio,weak_close_strength,body_not_aligned,weak_retest"
2025-05-17 09:50:00,CANCEL,SRR-1,long,bearish,lower_edge,L:102783.0@20,SWL:102772.9,102783.0,102758.43071428571,103658.0,24.569285714285797,2.3904036381780838,0.16980303105099676,35.6135709509549,0.2188208616780267,0.2358276643991143,0.545351473922859,0.0,4.0,CANCEL,,,,clear,BTCUSDT|long|L:102783.0@20|SWL:102772.9,"v10_1_strict_cancel,weak_body_ratio,weak_close_strength,body_not_aligned,opposite_wick_high"
2025-05-17 11:20:00,CANCEL,SRR-1,long,bearish,lower_edge,L:102712.0@20,SWL:102705.0,102712.0,102697.35214285714,103600.0,14.64785714285972,1.426109621354829,0.1915289063229979,60.62320183350959,0.06267806267818965,0.14814814814807137,0.7891737891737389,0.0,5.0,CANCEL,,,,clear,BTCUSDT|long|L:102712.0@20|SWL:102705.0,"v10_1_strict_cancel,weak_body_ratio,weak_close_strength,body_not_aligned,opposite_wick_high,weak_retest"
2025-05-17 11:25:00,WATCH,SRR-1,long,bearish,lower_edge,L:102712.0@20,SWL:102705.0,102712.0,102697.345,103600.0,14.654999999998836,1.426805047121937,0.1914435009797319,60.593654042993556,0.2527322404371183,0.2786885245902389,0.7213114754097611,0.0,3.0,WATCH,,,,clear,BTCUSDT|long|L:102712.0@20|SWL:102705.0,"v10_1_watch_weak3,weak_body_ratio,weak_close_strength,opposite_wick_high"
2025-05-17 17:35:00,CANCEL,SRR-1,short,bearish,upper_edge,H:103220.8@20,SWH:103228.0,103220.8,103239.30714285714,102591.0,18.507142857139115,1.792966423156875,0.1636765634870183,34.03010420687697,0.1571562207669717,0.21141253507957952,0.6314312441534488,0.0,4.0,CANCEL,,,,clear,BTCUSDT|short|H:103220.8@20|SWH:103228.0,"v10_1_strict_cancel,weak_body_ratio,weak_close_strength,body_not_aligned,opposite_wick_high"
2025-05-17 17:40:00,CANCEL,SRR-1,short,bearish,upper_edge,H:103220.8@20,SWH:103228.0,103220.8,103238.97,102591.0,18.169999999998254,1.7603041247498812,0.16563354603462527,34.661529994499915,0.14820592823711604,0.0015600624025867657,0.8502340093602972,0.0,5.0,CANCEL,,,,clear,BTCUSDT|short|H:103220.8@20|SWH:103228.0,"v10_1_strict_cancel,weak_body_ratio,weak_close_strength,body_not_aligned,opposite_wick_high,weak_retest"
2025-05-18 05:40:00,CANCEL,SRR-1,short,bullish,upper_edge,H:103441.5@20,SWH:103457.3,103441.5,103462.27714285714,103088.1,20.77714285714319,2.0085887054173797,0.41745120551092063,17.009075907590205,0.3533190578158128,0.3265524625267361,0.3201284796574511,0.0,2.0,CANCEL,,,,clear,BTCUSDT|short|H:103441.5@20|SWH:103457.3,"v10_1_strict_cancel,weak_close_strength,body_not_aligned"
2025-05-18 14:10:00,CANCEL,SRR-1,short,bullish,upper_edge,H:104780.5@20,SWH:104826.0,104780.5,104840.6392857143,103660.7,60.13928571429278,5.739549411798262,0.41080751402786,18.620108082425556,0.7288016818500499,0.000700770847871555,0.27049754730207853,0.0,2.0,CANCEL,,,,clear,BTCUSDT|short|H:104780.5@20|SWH:104826.0,"v10_1_strict_cancel,weak_close_strength,body_not_aligned"
2025-05-19 03:35:00,CANCEL,SRR-1,long,bullish,lower_edge,L:104047.2@20,SWL:104030.4,104047.2,104012.39214285713,107114.3,34.80785714286321,3.3453910477997693,0.19329261036852322,88.11516283267856,0.4348773841961218,0.3771117166213169,0.1880108991825613,0.0,2.0,CANCEL,,,,clear,BTCUSDT|long|L:104047.2@20|SWL:104030.4,"v10_1_strict_cancel,weak_close_strength,body_not_aligned"
2025-05-19 16:40:00,WATCH,SRR-1,short,bearish,upper_edge,H:105062.3@20,SWH:105070.0,105062.3,105092.25,102088.9,29.94999999999709,2.8506895432516792,0.13460674157302063,99.27879799667105,0.16727272727276254,0.5,0.5,0.0,3.0,WATCH,,,,clear,BTCUSDT|short|H:105062.3@20|SWH:105070.0,"v10_1_watch_weak3,weak_body_ratio,weak_close_strength,opposite_wick_high"
2025-05-19 17:05:00,CANCEL,SRR-1,short,bullish,upper_edge,H:105400.0@20,SWH:105428.4,105400.0,105449.88428571427,102088.9,49.884285714273574,4.732854432094267,0.23218964026857705,66.37561213094786,0.5489060489060882,0.18468468468467286,0.26640926640923895,0.0,3.0,CANCEL,,,,clear,BTCUSDT|short|H:105400.0@20|SWH:105428.4,"v10_1_strict_cancel,weak_close_strength,body_not_aligned,weak_retest"
2025-05-20 01:55:00,CANCEL,SRR-1,short,bullish,upper_edge,H:106580.0@20,SWH:106623.5,106580.0,106650.07357142857,104982.0,70.07357142856927,6.574739297107268,0.2636964760906305,22.80460332507741,0.8587212035731262,0.13093559003290514,0.010343206393968593,0.0,3.0,CANCEL,,,,active,BTCUSDT|short|H:106580.0@20|SWH:106623.5,"v10_1_strict_cancel,weak_close_strength,body_not_aligned,weak_retest"
2025-05-20 02:25:00,CANCEL,SRR-1,short,bullish,upper_edge,H:106758.5@20,SWH:106800.0,106758.5,106826.53928571429,104982.0,68.03928571428696,6.373196112186567,0.2563719553223042,26.109915490000045,0.20421545667450033,0.21779859484777517,0.5779859484777244,0.0,5.0,CANCEL,,,,clear,BTCUSDT|short|H:106758.5@20|SWH:106800.0,"v10_1_strict_cancel,weak_body_ratio,weak_close_strength,body_not_aligned,opposite_wick_high,weak_retest"
2025-05-20 07:05:00,CANCEL,SRR-1,long,bullish,lower_edge,L:105345.4@20,SWL:105327.3,105345.4,105313.68857142857,106800.0,31.711428571419674,3.010233818602395,0.23297649034418247,45.86989818903909,0.3445800430724982,0.2620244077530455,0.3933955491744563,0.0,2.0,CANCEL,,,,clear,BTCUSDT|long|L:105345.4@20|SWL:105327.3,"v10_1_strict_cancel,weak_close_strength,body_not_aligned"
2025-05-20 08:40:00,CANCEL,SRR-1,long,bullish,lower_edge,L:104845.0@20,SWL:104808.6,104845.0,104791.255,106371.3,53.74499999999534,5.126138585530579,0.3098587489189733,28.398920829847153,0.5388026607539912,0.35920177383588653,0.1019955654101223,0.0,2.0,CANCEL,,,,clear,BTCUSDT|long|L:104845.0@20|SWL:104808.6,"v10_1_strict_cancel,weak_close_strength,body_not_aligned"
2025-05-21 08:55:00,CANCEL,SRR-1,long,bullish,lower_edge,L:106304.1@20,SWL:106302.6,106304.1,106286.69857142858,107950.0,17.401428571422002,1.6369480171904942,0.10943311472460245,94.58418849030711,0.7597719869707797,0.21091205211723643,0.029315960911983796,0.0,2.0,CANCEL,,,,clear,BTCUSDT|long|L:106304.1@20|SWL:106302.6,"v10_1_strict_cancel,weak_close_strength,body_not_aligned"
2025-05-21 09:35:00,CANCEL,SRR-1,long,bullish,lower_edge,L:106155.0@20,SWL:106142.4,106155.0,106128.93785714285,107950.0,26.062142857146682,2.4551027136872197,0.19359579773972355,68.87384547920166,0.6733944954127906,0.3266055045872094,0.0,0.0,2.0,CANCEL,,,,clear,BTCUSDT|long|L:106155.0@20|SWL:106142.4,"v10_1_strict_cancel,weak_close_strength,body_not_aligned"
2025-05-21 14:20:00,CANCEL,SRR-1,short,bullish,upper_edge,H:107629.9@20,SWH:107650.0,107629.9,107676.57928571428,106037.9,46.67928571428638,4.337018404206115,0.17562279970976755,34.10506342672596,0.6245372818614846,0.11607615018507275,0.25938656795344267,0.0,3.0,CANCEL,,,,clear,BTCUSDT|short|H:107629.9@20|SWH:107650.0,"v10_1_strict_cancel,weak_close_strength,body_not_aligned,weak_retest"
2025-05-21 15:05:00,CANCEL,SRR-1,short,bullish,upper_edge,H:108988.0@20,SWH:109279.9,108988.0,109321.53,106090.3,333.52999999999884,30.60245164605267,0.8011770357914961,8.687974095283804,0.0043186725764324755,0.3644732355949531,0.635526764405047,0.0,4.0,CANCEL,,,,clear,BTCUSDT|short|H:108988.0@20|SWH:109279.9,"v10_1_strict_cancel,weak_body_ratio,weak_close_strength,opposite_wick_high,weak_retest"
2025-05-21 16:50:00,CANCEL,SRR-1,short,bullish,upper_edge,H:109660.0@20,SWH:109804.2,109660.0,109838.15642857143,106277.8,178.15642857142666,16.246254657252113,0.5246618565809059,18.984439838184127,0.43801446744822603,0.43152905961587057,0.1304564729359034,0.0,3.0,CANCEL,,,,clear,BTCUSDT|short|H:109660.0@20|SWH:109804.2,"v10_1_strict_cancel,weak_close_strength,body_not_aligned,weak_retest"
2025-05-21 22:55:00,CANCEL,SRR-1,short,bullish,upper_edge,H:108943.7@20,SWH:108998.9,108943.7,109018.08428571429,106085.3,74.38428571428813,6.827773034538769,0.38773549780327166,38.427471240083946,0.2505263157894737,0.28884210526312115,0.4606315789474052,0.0,4.0,CANCEL,,,,clear,BTCUSDT|short|H:108943.7@20|SWH:108998.9,"v10_1_strict_cancel,weak_body_ratio,weak_close_strength,body_not_aligned,opposite_wick_high"
2025-05-22 02:40:00,WATCH,SRR-1,short,bullish,upper_edge,H:110830.0@20,SWH:110977.2,110830.0,111005.84142857142,108030.0,175.84142857142433,15.865869220556197,0.6139408449299087,15.92343751269445,0.3292336802270484,0.5323241879533509,0.13844213181960072,0.0,3.0,WATCH,,,,clear,BTCUSDT|short|H:110830.0@20|SWH:110977.2,"v10_1_watch_weak3,weak_close_strength,body_not_aligned,weak_retest"
2025-05-22 12:35:00,CANCEL,SRR-1,short,bullish,upper_edge,H:111377.8@20,SWH:111445.0,111377.8,111467.35857142857,110238.5,89.55857142856985,8.040971488803859,0.40055587502395157,12.721283756839357,0.37438423645320196,0.27881773399012866,0.3467980295566694,0.0,3.0,CANCEL,,,,clear,BTCUSDT|short|H:111377.8@20|SWH:111445.0,"v10_1_strict_cancel,weak_close_strength,body_not_aligned,weak_retest"
2025-05-22 13:10:00,CANCEL,SRR-1,short,bullish,upper_edge,H:111578.3@20,SWH:111582.5,111578.3,111603.89642857143,110238.5,25.596428571428987,2.2940328514979154,0.1196294441662519,52.343239849308596,0.027045769764176546,0.21636615811371512,0.7836338418862849,0.0,3.0,CANCEL,,,,clear,BTCUSDT|short|H:111578.3@20|SWH:111582.5,"v10_1_strict_cancel,weak_body_ratio,weak_close_strength,opposite_wick_high"
2025-05-22 17:35:00,CANCEL,SRR-1,short,bullish,upper_edge,H:111954.1@20,SWH:111959.5,111954.1,111980.82428571429,110492.8,26.724285714284633,2.387075213349456,0.12532323976685997,54.68060084460595,0.6156573116691113,0.2499261447562949,0.1344165435745938,0.0,2.0,CANCEL,,,,clear,BTCUSDT|short|H:111954.1@20|SWH:111959.5,"v10_1_strict_cancel,weak_close_strength,body_not_aligned"
2025-05-23 06:25:00,CANCEL,SRR-1,long,bullish,lower_edge,L:110417.3@20,SWL:110400.0,110417.3,110388.27,111567.3,29.029999999998836,2.6291169952533555,0.2474850809889078,39.61419221495164,0.04954268292683037,0.44588414634147333,0.5045731707316963,0.0,4.0,CANCEL,,,,clear,BTCUSDT|long|L:110417.3@20|SWL:110400.0,"v10_1_strict_cancel,weak_body_ratio,weak_close_strength,body_not_aligned,opposite_wick_high"
2025-05-23 06:50:00,CANCEL,SRR-1,long,bullish,lower_edge,L:110400.0@20,SWL:110351.5,110400.0,110337.97071428571,111567.3,62.0292857142922,5.618594720497482,0.4584816007603056,18.81853041765794,0.717366191759742,0.282633808240258,0.0,0.0,2.0,CANCEL,,,,clear,BTCUSDT|long|L:110400.0@20|SWL:110351.5,"v10_1_strict_cancel,weak_close_strength,body_not_aligned"
2025-05-23 12:25:00,WATCH,SRR-1,long,bearish,lower_edge,L:107900.4@20,SWL:107250.0,107900.4,107194.51142857142,111348.0,705.8885714285716,65.42038504292586,1.272133257813708,4.884056973783809,0.2262452107279805,0.5335249042145593,0.24022988505746012,0.0,3.0,WATCH,,,,clear,BTCUSDT|long|L:107900.4@20|SWL:107250.0,"v10_1_watch_weak3,weak_body_ratio,weak_close_strength,body_not_aligned"
2025-05-23 23:55:00,CANCEL,SRR-1,long,bearish,lower_edge,L:106880.0@20,SWL:106721.9,106880.0,106694.30428571429,109120.0,185.69571428571362,17.37422476475614,0.672915048920641,12.062744736012107,0.03489800933889725,0.3929712460063811,0.5721307446547217,0.0,4.0,CANCEL,,,,clear,BTCUSDT|long|L:106880.0@20|SWL:106721.9,"v10_1_strict_cancel,weak_body_ratio,weak_close_strength,body_not_aligned,opposite_wick_high"
2025-05-25 00:55:00,WATCH,SRR-1,long,bearish,lower_edge,L:107251.8@20,SWL:107234.0,107251.8,107210.42571428571,109084.8,41.374285714293364,3.8576775135049823,0.17550599927284818,44.30287963537611,0.26152427781190163,0.4609711124769597,0.27750460971113866,0.0,3.0,WATCH,,,,clear,BTCUSDT|long|L:107251.8@20|SWL:107234.0,"v10_1_watch_weak3,weak_body_ratio,weak_close_strength,body_not_aligned"
2025-05-25 07:40:00,CANCEL,SRR-1,long,bearish,lower_edge,L:107400.0@20,SWL:107387.8,107400.0,107372.96142857143,108250.1,27.038571428565774,2.5175578611327536,0.1822181573119858,31.440270513030512,0.13928329952675209,0.11088573360375135,0.7498309668694966,0.0,4.0,CANCEL,,,,clear,BTCUSDT|long|L:107400.0@20|SWL:107387.8,"v10_1_strict_cancel,weak_body_ratio,weak_close_strength,body_not_aligned,opposite_wick_high"
2025-05-25 13:55:00,CANCEL,SRR-1,short,bearish,upper_edge,H:107686.1@20,SWH:107698.4,107686.1,107709.74928571428,106653.0,23.64928571427299,2.196131693345101,0.20837686449733975,43.6841946298827,0.20210526315791516,0.34315789473680125,0.4547368421052836,0.0,4.0,CANCEL,,,,clear,BTCUSDT|short|H:107686.1@20|SWH:107698.4,"v10_1_strict_cancel,weak_body_ratio,weak_close_strength,body_not_aligned,opposite_wick_high"
2025-05-25 15:40:00,CANCEL,SRR-1,long,bearish,lower_edge,L:106628.2@20,SWL:106497.0,106628.2,106474.87214285714,107698.4,153.32785714285274,14.379672276457143,0.6929177830142814,6.979814496480646,0.09691160809370723,0.4584664536741033,0.44462193823218943,0.0,3.0,CANCEL,,,,clear,BTCUSDT|long|L:106628.2@20|SWL:106497.0,"v10_1_strict_cancel,weak_body_ratio,weak_close_strength,body_not_aligned"
2025-05-25 23:10:00,CANCEL,SRR-1,short,bullish,upper_edge,H:109169.0@20,SWH:109285.1,109169.0,109319.70214285715,107118.8,150.7021428571461,13.804481387311975,0.43552835290961295,13.604318831374728,0.03939962476551991,0.4985928705440423,0.46200750469043783,0.0,4.0,CANCEL,,,,clear,BTCUSDT|short|H:109169.0@20|SWH:109285.1,"v10_1_strict_cancel,weak_body_ratio,weak_close_strength,body_not_aligned,opposite_wick_high"
2025-05-26 19:40:00,WATCH,SRR-1,long,bullish,lower_edge,L:108850.0@20,SWL:108807.0,108850.0,108792.22714285714,110400.0,57.77285714285972,5.307566113262261,0.39107436418143454,26.82920798199727,0.275828928399842,0.4839019702066039,0.24026910139355406,0.0,3.0,WATCH,,,,clear,BTCUSDT|long|L:108850.0@20|SWL:108807.0,"v10_1_watch_weak3,weak_body_ratio,weak_close_strength,body_not_aligned"
2025-05-27 07:35:00,CANCEL,SRR-1,short,bearish,upper_edge,H:109319.5@20,SWH:109328.7,109319.5,109344.44285714286,107855.0,24.942857142857974,2.2816475690849276,0.15843920145191195,58.71420389461431,0.6167811579980143,0.3420019627085186,0.04121687929346718,0.0,2.0,CANCEL,,,,clear,BTCUSDT|short|H:109319.5@20|SWH:109328.7,"v10_1_strict_cancel,weak_close_strength,body_not_aligned"
2025-05-28 02:20:00,WATCH,SRR-1,long,bearish,lower_edge,L:108533.5@20,SWL:108500.1,108533.5,108484.81357142857,109633.1,48.686428571425495,4.48584340976984,0.3184944628755499,22.58534939334965,0.06927710843367751,0.5522088353413735,0.37851405622494894,0.0,3.0,WATCH,,,,clear,BTCUSDT|long|L:108533.5@20|SWL:108500.1,"v10_1_watch_weak3,weak_body_ratio,weak_close_strength,body_not_aligned"
2025-05-28 08:50:00,CANCEL,SRR-1,short,bearish,upper_edge,H:109060.0@20,SWH:109076.2,109060.0,109089.77,108534.5,29.770000000004075,2.7296900788560494,0.21938098747239185,17.65199865636305,0.1317689530686469,0.41095066185321366,0.5890493381467864,0.0,3.0,CANCEL,,,,clear,BTCUSDT|short|H:109060.0@20|SWH:109076.2,"v10_1_strict_cancel,weak_body_ratio,weak_close_strength,opposite_wick_high"
2025-05-28 09:35:00,CANCEL,SRR-1,long,bearish,lower_edge,L:108520.5@20,SWL:108511.0,108520.5,108495.50571428571,109076.2,24.994285714288708,2.3031856390533316,0.16131292642450676,22.233081847276598,0.08458498023713114,0.3984189723319698,0.6015810276680302,0.0,3.0,CANCEL,,,,clear,BTCUSDT|long|L:108520.5@20|SWL:108511.0,"v10_1_strict_cancel,weak_body_ratio,weak_close_strength,opposite_wick_high"
2025-05-28 14:55:00,CANCEL,SRR-1,long,bearish,lower_edge,L:107512.7@20,SWL:107441.8,107512.7,107415.72428571428,109012.0,96.97571428571246,9.019931067279721,0.37190050950528214,15.46057186629969,0.8654230512990616,0.13391072618257854,0.0006662225183598727,0.0,2.0,CANCEL,,,,active,BTCUSDT|long|L:107512.7@20|SWL:107441.8,"v10_1_strict_cancel,weak_close_strength,body_not_aligned"
2025-05-28 20:10:00,CANCEL,SRR-1,long,bearish,lower_edge,L:106881.5@20,SWL:106723.9,106881.5,106706.04142857142,107793.0,175.45857142857858,16.416177863201636,0.9824894008479733,5.194958516865796,0.17083946980853518,0.17083946980853518,0.8291605301914649,0.0,3.0,CANCEL,,,,clear,BTCUSDT|long|L:106881.5@20|SWL:106723.9,"v10_1_strict_cancel,weak_body_ratio,weak_close_strength,opposite_wick_high"
2025-05-28 23:40:00,CANCEL,SRR-1,short,bearish,upper_edge,H:107977.8@20,SWH:107986.5,107977.8,108001.30357142857,106723.9,23.50357142856228,2.176704047365503,0.1587696019299755,53.34933900625119,0.5938697318007994,0.3496168582375674,0.05651340996163322,0.0,2.0,CANCEL,,,,clear,BTCUSDT|short|H:107977.8@20|SWH:107986.5,"v10_1_strict_cancel,weak_close_strength,body_not_aligned"
2025-05-29 04:50:00,WATCH,SRR-1,long,bearish,lower_edge,L:107272.0@20,SWL:106877.4,107272.0,106861.34642857143,108450.0,410.653571428571,38.28152466893234,2.5580200222469056,2.868597966655943,0.1409295352323874,0.8590704647676126,0.0,0.0,3.0,WATCH,,,,clear,BTCUSDT|long|L:107272.0@20|SWL:106877.4,"v10_1_watch_weak3,weak_body_ratio,body_not_aligned,weak_retest"
2025-05-29 08:35:00,CANCEL,SRR-1,short,bearish,upper_edge,H:108199.8@20,SWH:108252.8,108199.8,108264.16714285714,106877.4,64.3671428571397,5.948915141907813,0.5662561266808945,20.54464345162908,0.17841409691626178,0.3871145374449375,0.4344713656388007,0.0,3.0,CANCEL,,,,clear,BTCUSDT|short|H:108199.8@20|SWH:108252.8,"v10_1_strict_cancel,weak_body_ratio,weak_close_strength,body_not_aligned"
2025-05-30 23:40:00,CANCEL,SRR-1,long,bearish,lower_edge,L:103605.6@20,SWL:103555.0,103605.6,103527.23,104957.5,78.3700000000099,7.5642629355951705,0.28221101908538143,17.25022329972979,0.12888482632542134,0.44119439366241375,0.4299207800121649,0.0,3.0,CANCEL,,,,clear,BTCUSDT|long|L:103605.6@20|SWL:103555.0,"v10_1_strict_cancel,weak_body_ratio,weak_close_strength,body_not_aligned"
2025-05-31 02:05:00,CANCEL,SRR-1,long,bearish,lower_edge,L:103231.6@20,SWL:103231.0,103231.6,103203.59142857142,104849.9,28.00857142858149,2.7131780800240906,0.10218909621602801,57.77874120165178,0.6229999999999806,0.028666666666686068,0.34833333333333333,0.0,3.0,CANCEL,,,,clear,BTCUSDT|long|L:103231.6@20|SWL:103231.0,"v10_1_strict_cancel,weak_close_strength,body_not_aligned,weak_retest"
2025-05-31 10:55:00,CANCEL,SRR-1,long,bearish,lower_edge,L:103264.8@20,SWL:103249.9,103264.8,103239.21071428571,103863.0,25.589285714289872,2.4780259792581663,0.2393919144671311,23.376971388691132,0.7192982456142366,0.0021929824559492983,0.27850877192981405,0.0,2.0,CANCEL,,,,clear,BTCUSDT|long|L:103264.8@20|SWL:103249.9,"v10_1_strict_cancel,weak_close_strength,body_not_aligned"
2025-05-31 12:55:00,CANCEL,SRR-1,short,bearish,upper_edge,H:103912.4@20,SWH:103940.3,103912.4,103949.86928571429,103249.9,37.46928571429453,3.605853171930831,0.3915578114504219,17.68114836913628,0.18844444444454791,0.36622222222219636,0.4453333333332557,0.0,3.0,CANCEL,,,,clear,BTCUSDT|short|H:103912.4@20|SWH:103940.3,"v10_1_strict_cancel,weak_body_ratio,weak_close_strength,body_not_aligned"
2025-05-31 14:25:00,CANCEL,SRR-1,short,bearish,upper_edge,H:104375.0@20,SWH:104417.0,104375.0,104428.13857142857,103249.9,53.138571428571595,5.091120615911051,0.477068103116591,21.172944054628104,0.47235772357716477,0.013008130081348136,0.5146341463414871,0.0,3.0,CANCEL,,,,clear,BTCUSDT|short|H:104375.0@20|SWH:104417.0,"v10_1_strict_cancel,weak_close_strength,body_not_aligned,opposite_wick_high"
2025-05-31 22:10:00,CANCEL,SRR-1,short,bullish,upper_edge,H:104833.9@20,SWH:104859.3,104833.9,104868.48357142857,104215.0,34.58357142857858,3.298892002355973,0.376580850898422,17.89578040770417,0.015299026425467807,0.47148817802509896,0.5132127955494332,0.0,4.0,CANCEL,,,,clear,BTCUSDT|short|H:104833.9@20|SWH:104859.3,"v10_1_strict_cancel,weak_body_ratio,weak_close_strength,body_not_aligned,opposite_wick_high"
2025-06-01 14:40:00,CANCEL,SRR-1,short,bearish,upper_edge,H:104666.3@20,SWH:104699.3,104666.3,104710.99571428572,103704.1,44.69571428571362,4.270306133465463,0.3821546353975772,21.527791095343368,0.19512195121956089,0.4306402439024486,0.3742378048779905,0.0,3.0,CANCEL,,,,clear,BTCUSDT|short|H:104666.3@20|SWH:104699.3,"v10_1_strict_cancel,weak_body_ratio,weak_close_strength,body_not_aligned"
2025-06-01 14:55:00,CANCEL,SRR-1,short,bearish,upper_edge,H:104699.3@20,SWH:104731.2,104699.3,104743.79428571428,103704.1,44.494285714274156,4.24972141306333,0.35328947368411934,22.366917100114907,0.17494356659141064,0.3735891647855942,0.4514672686229952,0.0,4.0,CANCEL,,,,clear,BTCUSDT|short|H:104699.3@20|SWH:104731.2,"v10_1_strict_cancel,weak_body_ratio,weak_close_strength,body_not_aligned,opposite_wick_high"
2025-06-02 08:05:00,CANCEL,SRR-1,short,bullish,upper_edge,H:105398.5@20,SWH:105400.0,105398.5,105410.41857142857,104520.0,11.91857142857043,1.130810346311421,0.1143973673385315,73.70849814216128,0.38855421686756403,0.14959839357423,0.4618473895582059,0.0,3.0,CANCEL,,,,clear,BTCUSDT|short|H:105398.5@20|SWH:105400.0,"v10_1_strict_cancel,weak_close_strength,body_not_aligned,opposite_wick_high"
2025-06-02 10:05:00,CANCEL,SRR-1,long,bullish,lower_edge,L:104420.0@20,SWL:104400.0,104420.0,104381.805,105900.0,38.195000000006985,3.6578241716153017,0.20992030777689874,38.74852729414136,0.5811489124372303,0.14612381483545267,0.272727272727317,0.0,3.0,CANCEL,,,,clear,BTCUSDT|long|L:104420.0@20|SWL:104400.0,"v10_1_strict_cancel,weak_close_strength,body_not_aligned,weak_retest"
2025-06-02 10:35:00,CANCEL,SRR-1,long,bullish,lower_edge,L:104253.0@20,SWL:104222.5,104253.0,104205.56928571429,105900.0,47.4307142857142,4.549577881280558,0.2801459730835768,34.72433474391223,0.2628278221209085,0.35005701254273786,0.38711516533635365,0.0,3.0,CANCEL,,,,clear,BTCUSDT|long|L:104253.0@20|SWL:104222.5,"v10_1_strict_cancel,weak_body_ratio,weak_close_strength,body_not_aligned"
2025-06-02 11:40:00,CANCEL,SRR-1,long,bearish,lower_edge,L:104150.2@20,SWL:104120.0,104150.2,104107.42071428572,105900.0,42.77928571427765,4.107460735963795,0.34007722446191874,40.90297373562749,0.364741641337386,0.364741641337386,0.270516717325228,0.0,2.0,CANCEL,,,,clear,BTCUSDT|long|L:104150.2@20|SWL:104120.0,"v10_1_strict_cancel,weak_close_strength,body_not_aligned"
2025-06-02 12:10:00,CANCEL,SRR-1,long,bearish,lower_edge,L:103867.8@20,SWL:103832.5,103867.8,103817.80857142857,105900.0,49.99142857143306,4.812986177759908,0.3402761571373308,40.650968737494146,0.6496851745850137,0.22839152833425783,0.12192329708072848,0.0,3.0,CANCEL,,,,clear,BTCUSDT|long|L:103867.8@20|SWL:103832.5,"v10_1_strict_cancel,weak_close_strength,body_not_aligned,weak_retest"
2025-06-02 12:25:00,CANCEL,SRR-1,long,bearish,lower_edge,L:103832.5@20,SWL:103805.0,103832.5,103791.71214285714,105900.0,40.78785714285914,3.9282360670174694,0.3069558673332404,50.68910565118922,0.3100000000001663,0.4342857142856311,0.25571428571420257,0.0,3.0,CANCEL,,,,clear,BTCUSDT|long|L:103832.5@20|SWL:103805.0,"v10_1_strict_cancel,weak_close_strength,body_not_aligned,weak_retest"
2025-06-02 20:25:00,CANCEL,SRR-1,short,bearish,upper_edge,H:104894.0@20,SWH:104962.7,104894.0,104978.26857142856,103982.9,84.2685714285617,8.033688431041021,0.5412736281885909,10.81186003933135,0.12925170068021039,0.46712018140587813,0.5328798185941219,0.0,3.0,CANCEL,,,,clear,BTCUSDT|short|H:104894.0@20|SWH:104962.7,"v10_1_strict_cancel,weak_body_ratio,weak_close_strength,opposite_wick_high"
2025-06-03 12:25:00,CANCEL,SRR-1,short,bullish,upper_edge,H:105358.0@20,SWH:105408.7,105358.0,105415.86714285714,104822.4,57.8671428571397,5.492429892095494,0.8073948574845365,9.255684202730999,0.23921085080143364,0.033292231812544766,0.7274969173860216,0.0,4.0,CANCEL,,,,clear,BTCUSDT|short|H:105358.0@20|SWH:105408.7,"v10_1_strict_cancel,weak_body_ratio,weak_close_strength,body_not_aligned,opposite_wick_high"
2025-06-03 13:40:00,CANCEL,SRR-1,short,bullish,upper_edge,H:105417.1@20,SWH:105417.8,105417.1,105428.09571428572,104822.4,10.99571428571653,1.043067423190026,0.10679894546970234,54.084708327909986,0.3941553813256913,0.04133998574485239,0.5645046329294563,0.0,3.0,CANCEL,,,,clear,BTCUSDT|short|H:105417.1@20|SWH:105417.8,"v10_1_strict_cancel,weak_close_strength,body_not_aligned,opposite_wick_high"
2025-06-04 06:20:00,CANCEL,SRR-1,long,bearish,lower_edge,L:105217.6@20,SWL:105211.0,105217.6,105204.005,105800.0,13.595000000001164,1.2920842140479505,0.19435310936385317,42.83927914674103,0.8088495575220724,0.18938053097339982,0.0017699115045278011,0.0,3.0,CANCEL,,,,clear,BTCUSDT|long|L:105217.6@20|SWL:105211.0,"v10_1_strict_cancel,weak_close_strength,body_not_aligned,weak_retest"
2025-06-04 06:25:00,WATCH,SRR-1,long,bearish,lower_edge,L:105217.6@20,SWL:105211.0,105217.6,105204.23642857143,105800.0,13.363571428577416,1.270088980225496,0.19758158200452827,43.58116414557841,0.27228915662657616,0.30602409638547207,0.693975903614528,0.0,3.0,WATCH,,,,clear,BTCUSDT|long|L:105217.6@20|SWL:105211.0,"v10_1_watch_weak3,weak_body_ratio,weak_close_strength,opposite_wick_high"
2025-06-04 12:10:00,WATCH,SRR-1,long,bearish,lower_edge,L:105039.1@20,SWL:104922.0,105039.1,104908.91071428571,105967.2,130.1892857142957,12.39436416670513,0.9946248294680082,7.128850849037875,0.298627002288416,0.5034324942792098,0.4965675057207903,0.0,3.0,WATCH,,,,clear,BTCUSDT|long|L:105039.1@20|SWL:104922.0,"v10_1_watch_weak3,weak_body_ratio,weak_close_strength,opposite_wick_high"
2025-06-05 01:05:00,CANCEL,SRR-1,short,bearish,upper_edge,H:105006.3@20,SWH:105009.9,105006.3,105020.09142857142,104350.0,13.79142857142142,1.3133905843193616,0.135323801513804,47.58752848562671,0.6576964477934301,0.10548977395036568,0.23681377825620428,0.0,3.0,CANCEL,,,,clear,BTCUSDT|short|H:105006.3@20|SWH:105009.9,"v10_1_strict_cancel,weak_close_strength,body_not_aligned,weak_retest"
2025-06-05 13:05:00,CANCEL,SRR-1,short,bullish,upper_edge,H:105744.7@20,SWH:105771.2,105744.7,105788.32071428571,104373.0,43.62071428571653,4.1250969822332975,0.2547832617130582,31.446069200410964,0.7671554252199584,0.23284457478004159,0.0,0.0,3.0,CANCEL,,,,clear,BTCUSDT|short|H:105744.7@20|SWH:105771.2,"v10_1_strict_cancel,weak_close_strength,body_not_aligned,weak_retest"
2025-06-05 17:10:00,CANCEL,SRR-1,long,bearish,lower_edge,L:103179.9@20,SWL:103080.1,103179.9,103054.94642857143,105878.3,124.95357142855937,12.110262893117689,0.4967627431491844,21.595221082118368,0.010025062656617534,0.43065998329153626,0.5693400167084638,0.0,3.0,CANCEL,,,,clear,BTCUSDT|long|L:103179.9@20|SWL:103080.1,"v10_1_strict_cancel,weak_body_ratio,weak_close_strength,opposite_wick_high"
2025-06-06 15:25:00,WATCH,SRR-1,short,bullish,upper_edge,H:105161.5@20,SWH:105283.0,105161.5,105307.64857142857,103471.4,146.14857142856636,13.897535830942537,0.5929291758432567,11.564259461996063,0.26499708794409305,0.5008736167734505,0.49912638322654945,0.0,3.0,WATCH,,,,clear,BTCUSDT|short|H:105161.5@20|SWH:105283.0,"v10_1_watch_weak3,weak_body_ratio,weak_close_strength,opposite_wick_high"
2025-06-07 03:25:00,CANCEL,SRR-1,short,bullish,upper_edge,H:104755.1@20,SWH:104757.8,104755.1,104768.62714285715,103800.1,13.52714285714319,1.2913111492560447,0.1249373268241197,70.59879607138912,0.8114558472553417,0.08532219570407168,0.10322195704058658,0.0,2.0,CANCEL,,,,clear,BTCUSDT|short|H:104755.1@20|SWH:104757.8,"v10_1_strict_cancel,weak_close_strength,body_not_aligned"
2025-06-08 00:55:00,WATCH,SRR-1,long,bullish,lower_edge,L:105400.0@20,SWL:105389.2,105400.0,105382.49928571428,105878.3,17.500714285721187,1.6604093250209855,0.2611768468181419,27.33031304843639,0.21025641025670877,0.4384615384616877,0.5615384615383123,0.0,3.0,WATCH,,,,clear,BTCUSDT|long|L:105400.0@20|SWL:105389.2,"v10_1_watch_weak3,weak_body_ratio,weak_close_strength,opposite_wick_high"
2025-06-08 10:25:00,CANCEL,SRR-1,long,bullish,lower_edge,L:104960.1@20,SWL:104927.4,104960.1,104917.58214285714,105617.2,42.517857142869616,4.0508590543329905,0.43306656966181306,15.454682906337133,0.757412398922168,0.23989218328830927,0.0026954177895227058,0.0,2.0,CANCEL,,,,clear,BTCUSDT|long|L:104960.1@20|SWL:104927.4,"v10_1_strict_cancel,weak_close_strength,body_not_aligned"
2025-06-08 17:40:00,CANCEL,SRR-1,short,bullish,upper_edge,H:106299.9@20,SWH:106300.0,106299.9,106309.01785714286,105450.0,9.117857142860885,0.8577484214811948,0.10110891089113176,93.21269095178249,0.8352941176470099,0.16470588235299008,0.0,0.0,2.0,CANCEL,,,,clear,BTCUSDT|short|H:106299.9@20|SWH:106300.0,"v10_1_strict_cancel,weak_close_strength,body_not_aligned"
2025-06-08 23:05:00,CANCEL,SRR-1,long,bullish,lower_edge,L:105627.2@20,SWL:105602.5,105627.2,105586.48785714286,106482.6,40.71214285714086,3.8543237780742894,0.2542579292501089,21.01093039984685,0.6144975288302705,0.2726523887974251,0.11285008237230433,0.0,3.0,CANCEL,,,,clear,BTCUSDT|long|L:105627.2@20|SWL:105602.5,"v10_1_strict_cancel,weak_close_strength,body_not_aligned,weak_retest"
2025-06-08 23:25:00,CANCEL,SRR-1,long,bullish,lower_edge,L:105549.0@20,SWL:105514.7,105549.0,105500.33785714285,106482.6,48.6621428571525,4.610384073477959,0.33882230069136676,19.1853450173903,0.4552801724137788,0.18534482758624812,0.359374999999973,0.0,3.0,CANCEL,,,,clear,BTCUSDT|long|L:105549.0@20|SWL:105514.7,"v10_1_strict_cancel,weak_close_strength,body_not_aligned,weak_retest"
2025-06-09 03:10:00,CANCEL,SRR-1,long,bullish,lower_edge,L:105374.2@20,SWL:105350.0,105374.2,105341.93928571428,106315.0,32.26071428571595,3.061538240453161,0.4002215330084389,29.162404516770422,0.8333333333333334,0.16602564102560372,0.0006410256410629536,0.0,3.0,CANCEL,,,,clear,BTCUSDT|long|L:105374.2@20|SWL:105350.0,"v10_1_strict_cancel,weak_close_strength,body_not_aligned,weak_retest"
2025-06-09 11:25:00,CANCEL,SRR-1,short,bullish,upper_edge,H:107443.1@20,SWH:107486.0,107443.1,107502.90714285715,105346.3,59.807142857142026,5.566401458738814,0.35373891001267155,35.059357458498084,0.44630664183740615,0.37554314090625585,0.178150217256338,0.0,2.0,CANCEL,,,,clear,BTCUSDT|short|H:107443.1@20|SWH:107486.0,"v10_1_strict_cancel,weak_close_strength,body_not_aligned"
2025-06-09 12:55:00,CANCEL,SRR-1,short,bullish,upper_edge,H:107885.1@20,SWH:107912.8,107885.1,107925.63,105429.2,40.529999999998836,3.7567745684991563,0.3159002338269569,60.59462126819835,0.0342368045648214,0.2824536376605031,0.7175463623394969,0.0,3.0,CANCEL,,,,clear,BTCUSDT|short|H:107885.1@20|SWH:107912.8,"v10_1_strict_cancel,weak_body_ratio,weak_close_strength,opposite_wick_high"
2025-06-09 17:25:00,CANCEL,SRR-1,short,bullish,upper_edge,H:108251.0@20,SWH:108276.1,108251.0,108295.92571428572,106800.3,44.9257142857241,4.150143119760935,0.2266032569535017,32.291083693709496,0.6405959031657846,0.22967101179390853,0.12973308504030678,0.0,3.0,CANCEL,,,,clear,BTCUSDT|short|H:108251.0@20|SWH:108276.1,"v10_1_strict_cancel,weak_close_strength,body_not_aligned,weak_retest"
2025-06-09 21:05:00,CANCEL,SRR-1,short,bullish,upper_edge,H:108791.8@20,SWH:108800.0,108791.8,108811.79571428572,107563.4,19.99571428571653,1.8379799107760448,0.16951677364662102,61.433164249475574,0.8587223587223612,0.1406633906633524,0.0006142506142863573,0.0,2.0,CANCEL,,,,clear,BTCUSDT|short|H:108791.8@20|SWH:108800.0,"v10_1_strict_cancel,weak_close_strength,body_not_aligned"
2025-06-10 06:05:00,CANCEL,SRR-1,long,bullish,lower_edge,L:109160.0@20,SWL:109150.0,109160.0,109137.02285714286,109916.7,22.97714285714028,2.104904988744987,0.17705856450900812,32.93272817707395,0.8897763578274502,0.08226837060705391,0.02795527156549586,0.0,3.0,CANCEL,,,,clear,BTCUSDT|long|L:109160.0@20|SWL:109150.0,"v10_1_strict_cancel,weak_close_strength,body_not_aligned,weak_retest"
2025-06-10 14:35:00,CANCEL,SRR-1,long,bullish,lower_edge,L:108625.5@20,SWL:108550.0,108625.5,108521.70071428572,109852.9,103.79928571428172,9.555701535484921,0.3667911860470824,11.824744183486384,0.4702850212249983,0.25075803517282097,0.2789569436021807,0.0,3.0,CANCEL,,,,clear,BTCUSDT|long|L:108625.5@20|SWL:108550.0,"v10_1_strict_cancel,weak_close_strength,body_not_aligned,weak_retest"
2025-06-10 14:40:00,WATCH,SRR-1,long,bullish,lower_edge,L:108625.5@20,SWL:108550.0,108625.5,108521.54642857143,109852.9,103.95357142857392,9.569904988108126,0.36534454625330093,11.8071941457378,0.2903409090909422,0.470454545454562,0.529545454545438,0.0,3.0,WATCH,,,,clear,BTCUSDT|long|L:108625.5@20|SWL:108550.0,"v10_1_watch_weak3,weak_body_ratio,weak_close_strength,opposite_wick_high"
2025-06-10 19:10:00,CANCEL,SRR-1,short,bullish,upper_edge,H:109433.0@20,SWH:109450.0,109433.0,109464.75214285715,108282.0,31.75214285714901,2.901514429573256,0.21523749576336879,36.249521967014324,0.7682370820668796,0.23176291793312045,0.0,0.0,3.0,CANCEL,,,,clear,BTCUSDT|short|H:109433.0@20|SWH:109450.0,"v10_1_strict_cancel,weak_close_strength,body_not_aligned,weak_retest"
2025-06-11 05:20:00,CANCEL,SRR-1,long,bullish,lower_edge,L:109400.1@20,SWL:109390.1,109400.1,109383.71,110099.8,16.389999999999418,1.498170476992198,0.25649452269170336,42.69066503965967,0.45658682634738496,0.24251497005987893,0.3008982035927361,0.0,3.0,CANCEL,,,,clear,BTCUSDT|long|L:109400.1@20|SWL:109390.1,"v10_1_strict_cancel,weak_close_strength,body_not_aligned,weak_retest"
2025-06-11 06:50:00,CANCEL,SRR-1,long,bullish,lower_edge,L:109335.4@20,SWL:109322.0,109335.4,109314.46,109827.4,20.939999999987776,1.9152077003411316,0.277718832891083,23.495702005744374,0.6961130742048919,0.3038869257951081,0.0,0.0,2.0,CANCEL,,,,clear,BTCUSDT|long|L:109335.4@20|SWL:109322.0,"v10_1_strict_cancel,weak_close_strength,body_not_aligned"
2025-06-11 09:55:00,WATCH,SRR-1,long,bullish,lower_edge,L:109206.2@20,SWL:109175.0,109206.2,109166.595,109715.4,39.604999999995925,3.6266255945171544,0.4712076145151164,12.8569625047355,0.12,0.5040000000000388,0.4959999999999612,0.0,4.0,WATCH,,,,clear,BTCUSDT|long|L:109206.2@20|SWL:109175.0,"v10_1_watch_weak3,weak_body_ratio,weak_close_strength,opposite_wick_high,weak_retest"
2025-06-11 14:35:00,CANCEL,SRR-1,short,bullish,upper_edge,H:110325.7@20,SWH:110343.7,110325.7,110370.25857142857,108950.1,44.55857142856985,4.038820640029463,0.16777472970791737,30.871725818345933,0.5680180180179787,0.11936936936936937,0.31261261261265194,0.0,3.0,CANCEL,,,,clear,BTCUSDT|short|H:110325.7@20|SWH:110343.7,"v10_1_strict_cancel,weak_close_strength,body_not_aligned,weak_retest"
2025-06-12 11:55:00,CANCEL,SRR-1,long,bearish,lower_edge,L:106913.0@20,SWL:106904.0,106913.0,106891.58214285714,107920.5,21.417857142863795,2.0032977414218847,0.1724762726488902,47.04018676003208,0.6563636363635658,0.2915151515151868,0.0521212121212474,0.0,2.0,CANCEL,,,,clear,BTCUSDT|long|L:106913.0@20|SWL:106904.0,"v10_1_strict_cancel,weak_close_strength,body_not_aligned"
2025-06-12 15:05:00,CANCEL,SRR-1,short,bearish,upper_edge,H:107673.9@20,SWH:107695.2,107673.9,107712.27785714285,106539.1,38.377857142855646,3.5642673983997653,0.224722907691656,29.56913398723307,0.6186252771619353,0.38137472283806473,0.0,0.0,2.0,CANCEL,,,,clear,BTCUSDT|short|H:107673.9@20|SWH:107695.2,"v10_1_strict_cancel,weak_close_strength,body_not_aligned"
2025-06-12 20:25:00,CANCEL,SRR-1,long,bearish,lower_edge,L:106336.7@20,SWL:106300.0,106336.7,106271.07785714285,108398.4,65.62214285714435,6.171166009208895,0.22689239584105675,31.41774879994699,0.48385608856088475,0.3906826568265758,0.12546125461253943,0.0,2.0,CANCEL,,,,clear,BTCUSDT|long|L:106336.7@20|SWL:106300.0,"v10_1_strict_cancel,weak_close_strength,body_not_aligned"
2025-06-12 20:50:00,CANCEL,SRR-1,long,bearish,lower_edge,L:105806.1@20,SWL:105800.0,105806.1,105765.59214285715,108398.4,40.5078571428603,3.8284992210146958,0.11772850885388449,63.99499215319251,0.34106251834457907,0.08218373936014159,0.5767537422952793,0.0,4.0,CANCEL,,,,clear,BTCUSDT|long|L:105806.1@20|SWL:105800.0,"v10_1_strict_cancel,weak_close_strength,body_not_aligned,opposite_wick_high,weak_retest"
2025-06-13 01:05:00,CANCEL,SRR-1,long,bearish,lower_edge,L:103150.0@20,SWL:103058.9,103150.0,103001.6107142857,106929.9,148.38928571429278,14.38577660826881,0.25901751761113434,25.472863366144743,0.766039413246397,0.23381241665432045,0.00014817009928258924,0.0,2.0,CANCEL,,,,active,BTCUSDT|long|L:103150.0@20|SWL:103058.9,"v10_1_strict_cancel,weak_close_strength,body_not_aligned"
2025-06-13 15:20:00,CANCEL,SRR-1,short,bearish,upper_edge,H:105458.0@20,SWH:105475.6,105458.0,105504.04000000001,104069.5,46.04000000000815,4.365719054031761,0.16188466947963343,30.15855777584175,0.15724286483573108,0.3327948303715619,0.6672051696284381,0.0,3.0,CANCEL,,,,clear,BTCUSDT|short|H:105458.0@20|SWH:105475.6,"v10_1_strict_cancel,weak_body_ratio,weak_close_strength,opposite_wick_high"
2025-06-13 15:25:00,WATCH,SRR-1,short,bearish,upper_edge,H:105458.0@20,SWH:105750.0,105458.0,105779.24,104069.5,321.24000000000524,30.46141591913418,1.0986320109439212,4.322313535051604,0.11869436201780509,0.7882384677636887,0.09306717021850626,0.0,3.0,WATCH,,,,clear,BTCUSDT|short|H:105458.0@20|SWH:105750.0,"v10_1_watch_weak3,weak_body_ratio,body_not_aligned,weak_retest"
2025-06-13 22:05:00,CANCEL,SRR-1,short,bearish,upper_edge,H:105748.7@20,SWH:105780.0,105748.7,105794.13571428572,104607.0,45.43571428571886,4.296574263865074,0.3214249621021088,25.127810092750117,0.7906660625283294,0.2093339374716706,0.0,0.0,2.0,CANCEL,,,,clear,BTCUSDT|short|H:105748.7@20|SWH:105780.0,"v10_1_strict_cancel,weak_close_strength,body_not_aligned"
2025-06-14 03:20:00,CANCEL,SRR-1,long,bullish,lower_edge,L:105218.8@20,SWL:105187.7,105218.8,105179.35071428571,106173.6,39.449285714290454,3.7492620818989053,0.47248695354612213,24.203226565750665,0.0417246175243343,0.4464534075104579,0.5118219749652078,0.0,5.0,CANCEL,,,,clear,BTCUSDT|long|L:105218.8@20|SWL:105187.7,"v10_1_strict_cancel,weak_body_ratio,weak_close_strength,body_not_aligned,opposite_wick_high,weak_retest"
2025-06-14 03:25:00,CANCEL,SRR-1,long,bullish,lower_edge,L:105218.8@20,SWL:105187.7,105218.8,105180.0007142857,106173.6,38.799285714296275,3.687486049479397,0.503933574543233,24.608700454714562,0.10288065843623248,0.11316872427985572,0.8868312757201443,0.0,4.0,CANCEL,,,,clear,BTCUSDT|long|L:105218.8@20|SWL:105187.7,"v10_1_strict_cancel,weak_body_ratio,weak_close_strength,opposite_wick_high,weak_retest"
2025-06-14 16:35:00,WATCH,SRR-1,long,bearish,lower_edge,L:104570.0@20,SWL:104488.0,104570.0,104475.13571428572,105084.2,94.86428571428405,9.071845243787324,0.7374236535257882,5.420374971764239,0.5054945054945055,0.4725274725274725,0.02197802197802198,0.0,3.0,WATCH,,,,clear,BTCUSDT|long|L:104570.0@20|SWL:104488.0,"v10_1_watch_weak3,weak_close_strength,body_not_aligned,weak_retest"
2025-06-14 16:40:00,CANCEL,SRR-1,long,bearish,lower_edge,L:104570.0@20,SWL:104488.0,104570.0,104475.06714285714,105084.2,94.93285714286321,9.078402710420121,0.7340439633271066,5.416459753509622,0.15920398009950248,0.29850746268656714,0.7014925373134329,0.0,3.0,CANCEL,,,,clear,BTCUSDT|long|L:104570.0@20|SWL:104488.0,"v10_1_strict_cancel,weak_body_ratio,weak_close_strength,opposite_wick_high"
2025-06-14 21:50:00,WATCH,SRR-1,short,bearish,upper_edge,H:105180.2@20,SWH:105320.0,105180.2,105332.85714285714,104225.4,152.65714285714785,14.51386694997232,1.1873333333333818,6.2545386486990475,0.4121921679451232,0.5769075494549691,0.010900282599907636,0.0,3.0,WATCH,,,,clear,BTCUSDT|short|H:105180.2@20|SWH:105320.0,"v10_1_watch_weak3,weak_close_strength,body_not_aligned,weak_retest"
2025-06-15 01:05:00,WATCH,SRR-1,short,bullish,upper_edge,H:105625.0@20,SWH:105631.6,105625.0,105639.66571428571,104225.4,14.665714285714785,1.3884699915469618,0.18182784272050972,95.4334697058222,0.18159203980105865,0.548922056384813,0.451077943615187,0.0,3.0,WATCH,,,,clear,BTCUSDT|short|H:105625.0@20|SWH:105631.6,"v10_1_watch_weak3,weak_body_ratio,weak_close_strength,opposite_wick_high"
2025-06-15 01:10:00,WATCH,SRR-1,short,bullish,upper_edge,H:105625.0@20,SWH:105631.6,105625.0,105640.20071428572,104225.4,15.200714285718277,1.439120879121257,0.1767378124740883,92.07462055352163,0.2708333333332357,0.2954545454545016,0.7045454545454984,0.0,3.0,WATCH,,,,clear,BTCUSDT|short|H:105625.0@20|SWH:105631.6,"v10_1_watch_weak3,weak_body_ratio,weak_close_strength,opposite_wick_high"
2025-06-15 13:55:00,CANCEL,SRR-1,short,bearish,upper_edge,H:105561.9@20,SWH:105619.7,105561.9,105634.38285714286,104812.2,72.48285714286612,6.866384286647562,0.49365635337620295,10.343135322636543,0.35357492654255,0.16454456415283394,0.481880509304616,0.0,3.0,CANCEL,,,,clear,BTCUSDT|short|H:105561.9@20|SWH:105619.7,"v10_1_strict_cancel,weak_close_strength,body_not_aligned,opposite_wick_high"
2025-06-15 20:35:00,CANCEL,SRR-1,long,bullish,lower_edge,L:104900.0@20,SWL:104888.0,104900.0,104874.86214285715,105760.0,25.137857142850407,2.3963638839704866,0.1913390963953132,34.2113488477914,0.15006468305301562,0.4993531694695613,0.5006468305304387,0.0,3.0,CANCEL,,,,clear,BTCUSDT|long|L:104900.0@20|SWL:104888.0,"v10_1_strict_cancel,weak_body_ratio,weak_close_strength,opposite_wick_high"
2025-06-16 02:20:00,CANCEL,SRR-1,short,bullish,upper_edge,H:105922.2@20,SWH:105927.0,105922.2,105945.525,104468.1,23.32499999999709,2.2020879475687902,0.12591093117407406,62.34083601286914,0.2874058127018166,0.2917115177611143,0.4208826695370691,0.0,3.0,CANCEL,,,,clear,BTCUSDT|short|H:105922.2@20|SWH:105927.0,"v10_1_strict_cancel,weak_body_ratio,weak_close_strength,body_not_aligned"
2025-06-16 04:20:00,CANCEL,SRR-1,short,bullish,upper_edge,H:105986.9@20,SWH:105988.0,105986.9,105995.46,104920.0,8.560000000012224,0.8076469827886488,0.11474530831115645,124.63785046711106,0.0984308131240172,0.11412268188301478,0.8858773181169852,0.0,4.0,CANCEL,,,,clear,BTCUSDT|short|H:105986.9@20|SWH:105988.0,"v10_1_strict_cancel,weak_body_ratio,weak_close_strength,opposite_wick_high,weak_retest"
2025-06-16 05:05:00,CANCEL,SRR-1,short,bullish,upper_edge,H:106391.6@20,SWH:106428.6,106391.6,106440.88500000001,104920.0,49.28500000000349,4.632414589122026,0.401180301180331,29.85898346352646,0.4406215316314598,0.4395116537181272,0.11986681465041302,0.0,3.0,CANCEL,,,,clear,BTCUSDT|short|H:106391.6@20|SWH:106428.6,"v10_1_strict_cancel,weak_close_strength,body_not_aligned,weak_retest"
2025-06-16 05:40:00,WATCH,SRR-1,short,bullish,upper_edge,H:106658.0@20,SWH:106777.0,106658.0,106789.98214285714,104920.0,131.98214285714494,12.374331307276055,1.0166437414030585,13.168448112569134,0.04281767955799009,0.5096685082873027,0.44751381215470726,0.0,3.0,WATCH,,,,clear,BTCUSDT|short|H:106658.0@20|SWH:106777.0,"v10_1_watch_weak3,weak_body_ratio,weak_close_strength,body_not_aligned"
2025-06-16 17:20:00,CANCEL,SRR-1,short,bullish,upper_edge,H:107867.2@20,SWH:107883.0,107867.2,107897.91357142857,106446.6,30.713571428568684,2.847350392757825,0.2059437712533947,46.253168678345205,0.5925337569499419,0.18387609213662579,0.22359015091343232,0.0,2.0,CANCEL,,,,clear,BTCUSDT|short|H:107867.2@20|SWH:107883.0,"v10_1_strict_cancel,weak_close_strength,body_not_aligned"
2025-06-16 17:35:00,CANCEL,SRR-1,short,bullish,upper_edge,H:107927.0@20,SWH:107944.8,107927.0,107960.26285714286,106446.6,33.26285714286496,3.081977368301255,0.21511456023656172,44.50609860847588,0.6310679611650188,0.2823624595469829,0.08656957928799827,0.0,2.0,CANCEL,,,,clear,BTCUSDT|short|H:107927.0@20|SWH:107944.8,"v10_1_strict_cancel,weak_close_strength,body_not_aligned"
2025-06-16 18:35:00,CANCEL,SRR-1,short,bullish,upper_edge,H:108079.9@20,SWH:108082.9,108079.9,108099.20714285714,106446.6,19.307142857142026,1.7863768246586116,0.11839684625492262,84.59563448021022,0.18151260504206573,0.2697478991595905,0.5487394957983438,0.0,4.0,CANCEL,,,,clear,BTCUSDT|short|H:108079.9@20|SWH:108082.9,"v10_1_strict_cancel,weak_body_ratio,weak_close_strength,body_not_aligned,opposite_wick_high"
2025-06-16 18:40:00,CANCEL,SRR-1,short,bullish,upper_edge,H:108079.9@20,SWH:108082.9,108079.9,108098.91071428571,106446.6,19.01071428571595,1.7589500254641197,0.11873745259871661,85.91470975013277,0.010111223458039017,0.011122345803754636,0.9888776541962454,0.0,3.0,CANCEL,,,,clear,BTCUSDT|short|H:108079.9@20|SWH:108082.9,"v10_1_strict_cancel,weak_body_ratio,weak_close_strength,opposite_wick_high"
2025-06-17 00:25:00,WATCH,SRR-1,long,bullish,lower_edge,L:106100.5@20,SWL:106068.0,106100.5,106036.16714285714,108900.0,64.33285714285739,6.063388687410276,0.2020957680743166,43.51586614260636,0.2090134847409282,0.37650816181690816,0.6234918381830918,0.0,3.0,WATCH,,,,clear,BTCUSDT|long|L:106100.5@20|SWL:106068.0,"v10_1_watch_weak3,weak_body_ratio,weak_close_strength,opposite_wick_high"
2025-06-17 10:10:00,CANCEL,SRR-1,long,bearish,lower_edge,L:106021.7@20,SWL:105985.0,106021.7,105971.00714285714,107356.5,50.692857142857974,4.781366186625755,0.3622766717713124,26.331125827814194,0.27473262032078655,0.2827540106951956,0.44251336898401783,0.0,4.0,CANCEL,,,,clear,BTCUSDT|long|L:106021.7@20|SWL:105985.0,"v10_1_strict_cancel,weak_body_ratio,weak_close_strength,body_not_aligned,weak_retest"
2025-06-18 03:35:00,CANCEL,SRR-1,short,bearish,upper_edge,H:105135.0@20,SWH:105139.1,105135.0,105149.65214285714,104143.4,14.65214285714319,1.3936503407184277,0.13885466729844728,67.67610783405532,0.7061170212765354,0.2938829787234646,0.0,0.0,2.0,CANCEL,,,,clear,BTCUSDT|short|H:105135.0@20|SWH:105139.1,"v10_1_strict_cancel,weak_close_strength,body_not_aligned"
2025-06-18 03:50:00,WATCH,SRR-1,short,bearish,upper_edge,H:105166.6@20,SWH:105181.5,105166.6,105190.61357142858,104143.4,24.013571428571595,2.283383833704959,0.263492436711326,42.60923882328464,0.03467153284660727,0.531021897810297,0.43430656934309575,0.0,3.0,WATCH,,,,clear,BTCUSDT|short|H:105166.6@20|SWH:105181.5,"v10_1_watch_weak3,weak_body_ratio,weak_close_strength,body_not_aligned"
2025-06-18 09:55:00,WATCH,SRR-1,long,bearish,lower_edge,L:104593.1@20,SWL:104514.8,104593.1,104503.70285714287,105500.0,89.39714285713853,8.547135791666804,0.8055870236868938,10.144619514845898,0.17139737991262108,0.5382096069868971,0.4617903930131029,0.0,3.0,WATCH,,,,clear,BTCUSDT|long|L:104593.1@20|SWL:104514.8,"v10_1_watch_weak3,weak_body_ratio,weak_close_strength,opposite_wick_high"
2025-06-18 10:05:00,CANCEL,SRR-1,long,bearish,lower_edge,L:104514.8@20,SWL:104513.5,104514.8,104502.34,105500.0,12.460000000006403,1.192175653592257,0.1116487455197721,79.06902086673281,0.5593514765489719,0.23451071221772254,0.20613781123330555,0.0,2.0,CANCEL,,,,clear,BTCUSDT|long|L:104514.8@20|SWL:104513.5,"v10_1_strict_cancel,weak_close_strength,body_not_aligned"
2025-06-18 10:25:00,CANCEL,SRR-1,long,bearish,lower_edge,L:104464.9@20,SWL:104428.7,104464.9,104415.43,105500.0,49.470000000001164,4.735561896866906,0.3727957799547934,20.92379219729091,0.7249171437179858,0.25549864416993273,0.019584212112081438,0.0,2.0,CANCEL,,,,clear,BTCUSDT|long|L:104464.9@20|SWL:104428.7,"v10_1_strict_cancel,weak_close_strength,body_not_aligned"
2025-06-18 19:10:00,CANCEL,SRR-1,long,bearish,lower_edge,L:103513.5@20,SWL:103426.1,103513.5,103390.88857142857,105300.0,122.6114285714284,11.844969841752855,0.34821486530347306,14.570419909586635,0.23076923076919142,0.429129246388154,0.3401015228426546,0.0,3.0,CANCEL,,,,clear,BTCUSDT|long|L:103513.5@20|SWL:103426.1,"v10_1_strict_cancel,weak_body_ratio,weak_close_strength,body_not_aligned"
2025-06-18 20:55:00,CANCEL,SRR-1,short,bearish,upper_edge,H:104937.2@20,SWH:104940.7,104937.2,104959.06928571429,103426.1,21.869285714288708,2.084035567395424,0.11905354434811234,69.09690694711102,0.834163701067595,0.0498220640569395,0.11601423487546556,0.0,3.0,CANCEL,,,,clear,BTCUSDT|short|H:104937.2@20|SWH:104940.7,"v10_1_strict_cancel,weak_close_strength,body_not_aligned,weak_retest"
2025-06-19 00:35:00,CANCEL,SRR-1,short,bearish,upper_edge,H:105098.0@20,SWH:105143.9,105098.0,105156.08571428571,103601.5,58.08571428571304,5.526814428981811,0.47667057444313565,25.76364977865279,0.2568947906026116,0.441777323799822,0.30132788559756646,0.0,3.0,CANCEL,,,,clear,BTCUSDT|short|H:105098.0@20|SWH:105143.9,"v10_1_strict_cancel,weak_body_ratio,weak_close_strength,body_not_aligned"
2025-06-19 00:50:00,CANCEL,SRR-1,short,bearish,upper_edge,H:105143.9@20,SWH:105185.7,105143.9,105200.21928571428,103601.5,56.3192857142858,5.356400677004164,0.3878929502632034,27.38671097188211,0.28615384615384615,0.25846153846153846,0.4553846153846154,0.0,5.0,CANCEL,,,,clear,BTCUSDT|short|H:105143.9@20|SWH:105185.7,"v10_1_strict_cancel,weak_body_ratio,weak_close_strength,body_not_aligned,opposite_wick_high,weak_retest"
2025-06-19 10:40:00,CANCEL,SRR-1,short,bullish,upper_edge,H:105024.4@20,SWH:105032.1,105024.4,105039.73857142858,104560.6,15.338571428583236,1.4604769395096031,0.20080418926516136,30.237496507380268,0.4242857142856727,0.3757142857143273,0.2,0.0,2.0,CANCEL,,,,clear,BTCUSDT|short|H:105024.4@20|SWH:105032.1,"v10_1_strict_cancel,weak_close_strength,body_not_aligned"
2025-06-19 14:50:00,CANCEL,SRR-1,long,bearish,lower_edge,L:104194.6@20,SWL:104141.5,104194.6,104128.60857142857,105032.1,65.99142857143306,6.333478757194045,0.5119015957447189,12.691042126682255,0.5718789407314522,0.4281210592685478,0.0,0.0,2.0,CANCEL,,,,clear,BTCUSDT|long|L:104194.6@20|SWL:104141.5,"v10_1_strict_cancel,weak_close_strength,body_not_aligned"
2025-06-19 15:55:00,CANCEL,SRR-1,long,bearish,lower_edge,L:104056.8@20,SWL:104021.3,104056.8,104006.545,104921.2,50.25500000000466,4.829573848129546,0.3405964079973211,17.200278579244138,0.4821085032704547,0.36667949211237033,0.15121200461717504,0.0,2.0,CANCEL,,,,clear,BTCUSDT|long|L:104056.8@20|SWL:104021.3,"v10_1_strict_cancel,weak_close_strength,body_not_aligned"
2025-06-19 17:10:00,WATCH,SRR-1,long,bearish,lower_edge,L:103873.0@20,SWL:103870.3,103873.0,103858.51214285714,104861.0,14.487857142856228,1.3947664111805982,0.12290492637701764,68.19504018143704,0.18515123739687173,0.5261228230980639,0.4738771769019361,0.0,3.0,WATCH,,,,clear,BTCUSDT|long|L:103873.0@20|SWL:103870.3,"v10_1_watch_weak3,weak_body_ratio,weak_close_strength,opposite_wick_high"
2025-06-20 08:40:00,CANCEL,SRR-1,short,bullish,upper_edge,H:106442.0@20,SWH:106486.2,106442.0,106503.145,104185.3,61.145000000004075,5.744442983033396,0.3608439067571791,36.907351377869766,0.5956079271558588,0.40385645420458144,0.000535618639559841,0.0,2.0,CANCEL,,,,clear,BTCUSDT|short|H:106442.0@20|SWH:106486.2,"v10_1_strict_cancel,weak_close_strength,body_not_aligned"
2025-06-21 08:50:00,CANCEL,SRR-1,short,bearish,upper_edge,H:103566.8@20,SWH:103568.6,103566.8,103572.29571428572,103268.6,5.495714285716531,0.5306444039708218,0.14870506378050308,54.2604626981837,0.2507645259941505,0.10703363914369278,0.6422018348621567,0.0,5.0,CANCEL,,,,clear,BTCUSDT|short|H:103566.8@20|SWH:103568.6,"v10_1_strict_cancel,weak_body_ratio,weak_close_strength,body_not_aligned,opposite_wick_high,weak_retest"
2025-06-21 14:25:00,CANCEL,SRR-1,long,bearish,lower_edge,L:103433.1@20,SWL:103381.6,103433.1,103372.08142857143,103940.6,61.01857142857625,5.899327336082574,0.6410475761669326,8.317139980801441,0.09651257096507622,0.19545823195462492,0.7080291970802989,0.0,4.0,CANCEL,,,,clear,BTCUSDT|long|L:103433.1@20|SWL:103381.6,"v10_1_strict_cancel,weak_body_ratio,weak_close_strength,body_not_aligned,opposite_wick_high"
2025-06-21 19:35:00,CANCEL,SRR-1,long,bearish,lower_edge,L:102438.5@20,SWL:102428.0,102438.5,102412.73285714285,103729.3,25.76714285714843,2.5153768219125063,0.1687751473753516,50.09480512279241,0.11219512195118402,0.31585365853651437,0.6841463414634856,0.0,3.0,CANCEL,,,,clear,BTCUSDT|long|L:102438.5@20|SWL:102428.0,"v10_1_strict_cancel,weak_body_ratio,weak_close_strength,opposite_wick_high"
2025-06-22 12:10:00,WATCH,SRR-1,short,bearish,upper_edge,H:102770.6@20,SWH:102789.7,102770.6,102799.99571428572,102022.5,29.39571428571071,2.860323310918756,0.2855140835298679,25.449288040048003,0.23881673881679585,0.5598845598845321,0.20129870129867197,0.0,3.0,WATCH,,,,clear,BTCUSDT|short|H:102770.6@20|SWH:102789.7,"v10_1_watch_weak3,weak_body_ratio,weak_close_strength,body_not_aligned"
2025-06-22 14:20:00,WATCH,SRR-1,long,bearish,lower_edge,L:100218.4@20,SWL:100000.0,100218.4,99954.99857142857,102789.7,263.401428571422,26.282741350033728,0.585317926415016,9.761906053226998,0.280384615384621,0.5275000000000056,0.19211538461537342,0.0,3.0,WATCH,,,,clear,BTCUSDT|long|L:100218.4@20|SWL:100000.0,"v10_1_watch_weak3,weak_body_ratio,weak_close_strength,body_not_aligned"
2025-06-22 16:20:00,CANCEL,SRR-1,long,bearish,lower_edge,L:98777.3@20,SWL:98758.5,98777.3,98729.82142857143,102789.7,47.4785714285681,4.8066277807318185,0.1655541718555289,84.5097036257016,0.5029436501261747,0.2762825904120954,0.22077375946172983,0.0,2.0,CANCEL,,,,clear,BTCUSDT|long|L:98777.3@20|SWL:98758.5,"v10_1_strict_cancel,weak_close_strength,body_not_aligned"
2025-06-22 20:20:00,WATCH,SRR-1,long,bearish,lower_edge,L:98219.3@20,SWL:98115.4,98219.3,98090.54,100348.7,128.7600000000093,13.10943979442017,0.5179404666130735,16.537744641191676,0.17592171142464003,0.5147928994083003,0.3092853891670597,0.0,3.0,WATCH,,,,clear,BTCUSDT|long|L:98219.3@20|SWL:98115.4,"v10_1_watch_weak3,weak_body_ratio,weak_close_strength,body_not_aligned"
2025-06-22 22:55:00,CANCEL,SRR-1,short,bearish,upper_edge,H:100883.4@20,SWH:100885.0,100883.4,100918.50142857143,98115.4,35.101428571433644,3.4794057864260766,0.10477591573921641,78.85718936957063,0.8717450446949101,0.12825495530508987,0.0,0.0,2.0,CANCEL,,,,clear,BTCUSDT|short|H:100883.4@20|SWH:100885.0,"v10_1_strict_cancel,weak_close_strength,body_not_aligned"
2025-06-23 06:25:00,WATCH,SRR-1,short,bullish,upper_edge,H:101933.3@20,SWH:102043.3,101933.3,102056.08,100502.1,122.77999999999884,12.045131473227967,0.9607198748043743,11.656621599609144,0.0009680542110921389,0.5827686350435178,0.41626331074539,0.0,3.0,WATCH,,,,clear,BTCUSDT|short|H:101933.3@20|SWH:102043.3,"v10_1_watch_weak3,weak_body_ratio,weak_close_strength,body_not_aligned"
2025-06-23 11:55:00,WATCH,SRR-1,long,bullish,lower_edge,L:101084.9@20,SWL:101071.1,101084.9,101059.47571428573,102155.1,25.42428571426717,2.515141798059569,0.218716971856791,42.09361128283163,0.17998317914221848,0.5407905803196472,0.4592094196803527,0.0,3.0,WATCH,,,,clear,BTCUSDT|long|L:101084.9@20|SWL:101071.1,"v10_1_watch_weak3,weak_body_ratio,weak_close_strength,opposite_wick_high"
2025-06-23 12:20:00,CANCEL,SRR-1,long,bullish,lower_edge,L:101071.1@20,SWL:101068.9,101071.1,101058.59214285713,102028.9,12.507857142874855,1.2375305248359671,0.12134294227721627,76.57586659802895,0.5493646138806988,0.2952101661780135,0.15542521994128766,0.0,2.0,CANCEL,,,,clear,BTCUSDT|long|L:101071.1@20|SWL:101068.9,"v10_1_strict_cancel,weak_close_strength,body_not_aligned"
2025-06-23 13:35:00,WATCH,SRR-1,long,bullish,lower_edge,L:101045.6@20,SWL:100749.8,101045.6,100734.39142857143,101888.0,311.2085714285786,30.798824632500434,2.0197107361394755,2.706866318408336,0.1334656412800895,0.7447283552468459,0.12180600347306458,0.0,3.0,WATCH,,,,clear,BTCUSDT|long|L:101045.6@20|SWL:100749.8,"v10_1_watch_weak3,weak_body_ratio,body_not_aligned,weak_retest"
2025-06-23 14:05:00,CANCEL,SRR-1,short,bullish,upper_edge,H:102450.0@20,SWH:102596.5,102450.0,102630.10571428572,100749.8,180.1057142857171,17.57986474238332,0.5359377656861175,9.440011421863186,0.20224466891131598,0.4496071829405228,0.3481481481481612,0.0,3.0,CANCEL,,,,clear,BTCUSDT|short|H:102450.0@20|SWH:102596.5,"v10_1_strict_cancel,weak_body_ratio,weak_close_strength,body_not_aligned"
2025-06-23 18:05:00,CANCEL,SRR-1,short,bullish,upper_edge,H:102668.8@20,SWH:102771.0,102668.8,102813.78214285715,99547.6,144.98214285714494,14.121343860758568,0.33888471491777516,21.528168493656526,0.3883075523202794,0.37488626023658034,0.23680618744314022,0.0,2.0,CANCEL,,,,clear,BTCUSDT|short|H:102668.8@20|SWH:102771.0,"v10_1_strict_cancel,weak_close_strength,body_not_aligned"
2025-06-23 20:35:00,CANCEL,SRR-1,short,bullish,upper_edge,H:103778.5@20,SWH:103807.0,103778.5,103830.99785714285,99547.6,52.49785714285099,5.058644819770086,0.21876060362529823,80.59186089229065,0.6714165968147852,0.30930427493707696,0.019279128248137923,0.0,3.0,CANCEL,,,,clear,BTCUSDT|short|H:103778.5@20|SWH:103807.0,"v10_1_strict_cancel,weak_close_strength,body_not_aligned,weak_retest"
2025-06-24 06:10:00,WATCH,SRR-1,short,bullish,upper_edge,H:105440.6@20,SWH:105484.2,105440.6,105500.90857142856,104651.4,60.3085714285553,5.71967263355437,0.3609439124486066,13.08603373129041,0.23444188343759556,0.4626275930194315,0.30293052354297295,0.0,3.0,WATCH,,,,clear,BTCUSDT|short|H:105440.6@20|SWH:105484.2,"v10_1_watch_weak3,weak_body_ratio,weak_close_strength,body_not_aligned"
2025-06-24 06:50:00,CANCEL,SRR-1,short,bullish,upper_edge,H:105749.8@20,SWH:105775.9,105749.8,105790.29928571428,104651.4,40.49928571427881,3.8297269322758827,0.2812589910213309,27.121465987059285,0.2752941176470588,0.3270588235294118,0.3976470588235294,0.0,3.0,CANCEL,,,,clear,BTCUSDT|short|H:105749.8@20|SWH:105775.9,"v10_1_strict_cancel,weak_body_ratio,weak_close_strength,body_not_aligned"
2025-06-24 14:55:00,CANCEL,SRR-1,short,bullish,upper_edge,H:105577.4@20,SWH:105621.3,105577.4,105645.80785714286,104750.0,68.40785714286903,6.4794034654072785,0.2791262277404264,12.095101857553857,0.282022471910096,0.133146067415714,0.58483146067419,0.0,4.0,CANCEL,,,,clear,BTCUSDT|short|H:105577.4@20|SWH:105621.3,"v10_1_strict_cancel,weak_body_ratio,weak_close_strength,body_not_aligned,opposite_wick_high"
2025-06-24 15:05:00,CANCEL,SRR-1,short,bullish,upper_edge,H:105621.3@20,SWH:105627.1,105621.3,105650.27,104750.0,28.970000000001164,2.7428179732687594,0.1250323694432516,30.075940628235,0.8419825072885958,0.1580174927114042,0.0,0.0,3.0,CANCEL,,,,clear,BTCUSDT|short|H:105621.3@20|SWH:105627.1,"v10_1_strict_cancel,weak_close_strength,body_not_aligned,weak_retest"
2025-06-24 15:10:00,WATCH,SRR-1,short,bullish,upper_edge,H:105621.3@20,SWH:105671.0,105621.3,105693.19214285714,104750.0,71.89214285713388,6.806595152410912,0.32395313656695923,12.119544158413461,0.10888501742160003,0.5095818815330881,0.38153310104531185,0.0,4.0,WATCH,,,,clear,BTCUSDT|short|H:105621.3@20|SWH:105671.0,"v10_1_watch_weak3,weak_body_ratio,weak_close_strength,body_not_aligned,weak_retest"
2025-06-24 15:25:00,CANCEL,SRR-1,short,bullish,upper_edge,H:105671.0@20,SWH:105675.0,105671.0,105695.25857142857,104750.0,24.25857142856694,2.295669713409255,0.11974472886254178,37.96596195748892,0.7654738878143167,0.12040618955509588,0.11411992263058747,0.0,2.0,CANCEL,,,,clear,BTCUSDT|short|H:105671.0@20|SWH:105675.0,"v10_1_strict_cancel,weak_close_strength,body_not_aligned"
2025-06-24 16:50:00,CANCEL,SRR-1,short,bullish,upper_edge,H:105851.1@20,SWH:105857.1,105851.1,105875.14928571429,104750.0,24.049285714281723,2.2719920448896347,0.13324231271516127,45.78514360391648,0.18801996672217516,0.36882972823072063,0.44315030504710423,0.0,3.0,CANCEL,,,,clear,BTCUSDT|short|H:105851.1@20|SWH:105857.1,"v10_1_strict_cancel,weak_body_ratio,weak_close_strength,body_not_aligned"
2025-06-25 02:25:00,CANCEL,SRR-1,short,bullish,upper_edge,H:106747.4@20,SWH:106750.9,106747.4,106770.81857142856,105676.5,23.41857142857043,2.193830615881083,0.11757154127518782,45.7286646739479,0.04121687929339872,0.13248282630030198,0.8263002944062993,0.0,4.0,CANCEL,,,,clear,BTCUSDT|short|H:106747.4@20|SWH:106750.9,"v10_1_strict_cancel,weak_body_ratio,weak_close_strength,body_not_aligned,opposite_wick_high"
2025-06-26 08:25:00,CANCEL,SRR-1,short,bullish,upper_edge,H:108058.4@20,SWH:108135.0,108058.4,108148.73214285714,107467.6,90.33214285715076,8.359566943166914,0.6578153446034385,6.5403075949860545,0.07563959955493658,0.34037819799786206,0.5839822024472013,0.0,4.0,CANCEL,,,,clear,BTCUSDT|short|H:108058.4@20|SWH:108135.0,"v10_1_strict_cancel,weak_body_ratio,weak_close_strength,body_not_aligned,opposite_wick_high"
2025-06-26 14:50:00,CANCEL,SRR-1,short,bearish,upper_edge,H:107683.0@20,SWH:107724.5,107683.0,107746.99214285714,106741.2,63.9921428571397,5.942641165006519,0.2845088761154527,14.71743182756889,0.37367540435024493,0.3597322922476238,0.26659230340213125,0.0,2.0,CANCEL,,,,clear,BTCUSDT|short|H:107683.0@20|SWH:107724.5,"v10_1_strict_cancel,weak_close_strength,body_not_aligned"
2025-06-26 20:55:00,WATCH,SRR-1,short,bearish,upper_edge,H:107921.9@20,SWH:107971.3,107921.9,107985.71285714286,106860.4,63.81285714286787,5.912873767313943,0.4427495291902777,16.634578790657393,0.29113924050638157,0.4588607594936568,0.24999999999996161,0.0,3.0,WATCH,,,,clear,BTCUSDT|short|H:107921.9@20|SWH:107971.3,"v10_1_watch_weak3,weak_body_ratio,weak_close_strength,body_not_aligned"
2025-06-27 02:55:00,WATCH,SRR-1,short,bearish,upper_edge,H:107235.5@20,SWH:107246.3,107235.5,107253.95714285715,106345.2,18.457142857150757,1.721178421059328,0.24104477611950942,48.23606811143462,0.07313642756676039,0.5555555555555101,0.3713080168777295,0.0,3.0,WATCH,,,,clear,BTCUSDT|short|H:107235.5@20|SWH:107246.3,"v10_1_watch_weak3,weak_body_ratio,weak_close_strength,body_not_aligned"
2025-06-27 03:10:00,CANCEL,SRR-1,short,bearish,upper_edge,H:107246.3@20,SWH:107302.1,107246.3,107308.95071428572,106345.2,62.65071428571537,5.841759975469118,0.9145136065061237,14.382916623912466,0.15179968701088833,0.15179968701088833,0.8482003129891117,0.0,4.0,CANCEL,,,,clear,BTCUSDT|short|H:107246.3@20|SWH:107302.1,"v10_1_strict_cancel,weak_body_ratio,weak_close_strength,opposite_wick_high,weak_retest"
2025-06-27 03:55:00,CANCEL,SRR-1,short,bearish,upper_edge,H:107458.0@20,SWH:107460.0,107458.0,107467.08785714286,106345.2,9.087857142862049,0.8457124776993847,0.1282172730021889,122.44910791473418,0.7688564476885972,0.2311435523114028,0.0,0.0,2.0,CANCEL,,,,clear,BTCUSDT|short|H:107458.0@20|SWH:107460.0,"v10_1_strict_cancel,weak_close_strength,body_not_aligned"
2025-06-27 08:10:00,CANCEL,SRR-1,long,bearish,lower_edge,L:106801.0@20,SWL:106792.0,106801.0,106778.76571428572,107686.0,22.234285714279395,2.0818424653588816,0.16800518134710357,39.803392444113086,0.39948453608248174,0.4374999999999707,0.1630154639175476,0.0,2.0,CANCEL,,,,clear,BTCUSDT|long|L:106801.0@20|SWL:106792.0,"v10_1_strict_cancel,weak_close_strength,body_not_aligned"
2025-06-28 01:25:00,CANCEL,SRR-1,long,bearish,lower_edge,L:106800.0@20,SWL:106774.1,106800.0,106766.29714285715,107232.1,33.702857142852736,3.1556982343495075,0.4319296960819556,12.820871481860106,0.6262626262626078,0.04797979798001141,0.3257575757573809,0.0,2.0,CANCEL,,,,clear,BTCUSDT|long|L:106800.0@20|SWL:106774.1,"v10_1_strict_cancel,weak_close_strength,body_not_aligned"
2025-06-28 06:40:00,WATCH,SRR-1,short,bullish,upper_edge,H:107397.4@20,SWH:107400.0,107397.4,107402.95857142858,106780.0,5.558571428584401,0.5175703907715085,0.18788025108687145,111.07170393189087,0.20912547528514797,0.5133079847908177,0.2775665399240343,0.0,3.0,WATCH,,,,clear,BTCUSDT|short|H:107397.4@20|SWH:107400.0,"v10_1_watch_weak3,weak_body_ratio,weak_close_strength,body_not_aligned"
2025-06-28 10:55:00,WATCH,SRR-1,long,bullish,lower_edge,L:107198.4@20,SWL:107194.7,107198.4,107191.84571428571,107458.4,6.5542857142863795,0.6114163750845517,0.22962962962964123,39.66870095901951,0.134065934066062,0.55604395604402,0.309890109889918,0.0,3.0,WATCH,,,,clear,BTCUSDT|long|L:107198.4@20|SWL:107194.7,"v10_1_watch_weak3,weak_body_ratio,weak_close_strength,body_not_aligned"
2025-06-28 20:20:00,WATCH,SRR-1,long,bullish,lower_edge,L:107118.0@20,SWL:107096.7,107118.0,107094.14928571429,107538.0,23.850714285712456,2.2265832339767786,0.9350602072247419,17.609535503580158,0.02631578947368421,0.5263157894736842,0.4473684210526316,0.0,3.0,WATCH,,,,clear,BTCUSDT|long|L:107118.0@20|SWL:107096.7,"v10_1_watch_weak3,weak_body_ratio,weak_close_strength,body_not_aligned"
2025-06-29 09:10:00,CANCEL,SRR-1,short,bullish,upper_edge,H:107696.4@20,SWH:107761.3,107696.4,107768.47142857143,107156.4,72.07142857143481,6.692092639255797,1.004980079681362,7.492566897918083,0.16356107660477506,0.16563146997933598,0.834368530020664,0.0,3.0,CANCEL,,,,clear,BTCUSDT|short|H:107696.4@20|SWH:107761.3,"v10_1_strict_cancel,weak_body_ratio,weak_close_strength,opposite_wick_high"
2025-06-29 16:10:00,CANCEL,SRR-1,long,bullish,lower_edge,L:107580.6@20,SWL:107567.7,107580.6,107558.12214285714,108499.0,22.477857142861467,2.0893968933861187,0.23468565888586657,40.857987225515416,0.4808641975309181,0.345679012345679,0.1734567901234029,0.0,2.0,CANCEL,,,,clear,BTCUSDT|long|L:107580.6@20|SWL:107567.7,"v10_1_strict_cancel,weak_close_strength,body_not_aligned"
2025-06-29 21:05:00,CANCEL,SRR-1,long,bearish,lower_edge,L:107233.1@20,SWL:107203.8,107233.1,107199.32142857143,107735.7,33.77857142857101,3.1500135152831557,0.7542264752790802,14.879255656586942,0.361527967257866,0.2953615279672953,0.34311050477483873,0.0,2.0,CANCEL,,,,clear,BTCUSDT|long|L:107233.1@20|SWL:107203.8,"v10_1_strict_cancel,weak_close_strength,body_not_aligned"
2025-06-29 22:55:00,CANCEL,SRR-1,short,bearish,upper_edge,H:108200.1@20,SWH:108225.8,108200.1,108241.32642857142,107203.8,41.22642857141909,3.8102024463396145,0.26552422137363035,24.16653672228849,0.12056737588655467,0.14839061647570462,0.8516093835242954,0.0,3.0,CANCEL,,,,clear,BTCUSDT|short|H:108200.1@20|SWH:108225.8,"v10_1_strict_cancel,weak_body_ratio,weak_close_strength,opposite_wick_high"
2025-06-30 15:20:00,CANCEL,SRR-1,long,bearish,lower_edge,L:106698.6@20,SWL:106686.7,106698.6,106665.38214285714,107916.6,33.217857142866706,3.113242080295965,0.15582174568608942,36.66702505105922,0.6404494382022407,0.18298555377208545,0.17656500802567393,0.0,3.0,CANCEL,,,,clear,BTCUSDT|long|L:106698.6@20|SWL:106686.7,"v10_1_strict_cancel,weak_close_strength,body_not_aligned,weak_retest"
2025-07-01 05:40:00,WATCH,SRR-1,long,bearish,lower_edge,L:106691.1@20,SWL:106691.0,106691.1,106683.58214285714,107499.9,7.517857142869616,0.704637701070625,0.10134809821875122,107.58384798081758,0.2916299559471878,0.5154185022026432,0.19295154185016897,0.0,3.0,WATCH,,,,clear,BTCUSDT|long|L:106691.1@20|SWL:106691.0,"v10_1_watch_weak3,weak_body_ratio,weak_close_strength,body_not_aligned"
2025-07-01 09:55:00,CANCEL,SRR-1,long,bearish,lower_edge,L:106452.8@20,SWL:106444.0,106452.8,106436.65,107146.3,16.15000000000873,1.5171042941105102,0.21972789115658137,42.94117647056502,0.23005565862721192,0.0,0.7699443413727881,0.0,4.0,CANCEL,,,,clear,BTCUSDT|long|L:106452.8@20|SWL:106444.0,"v10_1_strict_cancel,weak_body_ratio,weak_close_strength,body_not_aligned,opposite_wick_high"
2025-07-01 10:55:00,WATCH,SRR-1,long,bearish,lower_edge,L:106300.3@20,SWL:106222.0,106300.3,106214.07285714286,107146.3,86.22714285714028,8.111655645105449,1.087745539736854,9.8112957471134,0.3110367892976572,0.3110367892976572,0.6889632107023428,0.0,3.0,WATCH,,,,clear,BTCUSDT|long|L:106300.3@20|SWL:106222.0,"v10_1_watch_weak3,weak_close_strength,opposite_wick_high,weak_retest"
2025-07-02 03:05:00,WATCH,SRR-1,short,bearish,upper_edge,H:105874.9@20,SWH:105888.0,105874.9,105897.73928571428,105010.0,22.839285714289872,2.157195493387939,0.2345067840117797,37.86896012509058,0.2276964047934746,0.5219707057256199,0.4780292942743801,0.0,3.0,WATCH,,,,clear,BTCUSDT|short|H:105874.9@20|SWH:105888.0,"v10_1_watch_weak3,weak_body_ratio,weak_close_strength,opposite_wick_high"
2025-07-02 03:55:00,WATCH,SRR-1,short,bearish,upper_edge,H:106164.5@20,SWH:106165.1,106164.5,106175.46500000001,105010.0,10.96500000001106,1.0328311252830333,0.10578871201168263,105.28955768343234,0.29729729729731114,0.4735605170387797,0.5264394829612202,0.0,3.0,WATCH,,,,clear,BTCUSDT|short|H:106164.5@20|SWH:106165.1,"v10_1_watch_weak3,weak_body_ratio,weak_close_strength,opposite_wick_high"
2025-07-02 04:10:00,WATCH,SRR-1,short,bearish,upper_edge,H:106165.1@20,SWH:106179.1,106165.1,106187.89785714286,105010.0,22.7978571428539,2.1473965684442344,0.2591296581959469,50.667042641859766,0.28348214285705947,0.5156250000000965,0.2008928571428441,0.0,3.0,WATCH,,,,clear,BTCUSDT|short|H:106165.1@20|SWH:106179.1,"v10_1_watch_weak3,weak_body_ratio,weak_close_strength,body_not_aligned"
2025-07-02 04:50:00,CANCEL,SRR-1,short,bearish,upper_edge,H:106220.0@20,SWH:106227.9,106220.0,106234.98642857143,105010.0,14.986428571428405,1.4108857627027307,0.21148069751032494,80.73971688670791,0.04796163069544699,0.3321342925659355,0.6678657074340645,0.0,3.0,CANCEL,,,,clear,BTCUSDT|short|H:106220.0@20|SWH:106227.9,"v10_1_strict_cancel,weak_body_ratio,weak_close_strength,opposite_wick_high"
2025-07-02 05:50:00,CANCEL,SRR-1,short,bearish,upper_edge,H:106573.8@20,SWH:106600.0,106573.8,106608.30357142857,105010.0,34.50357142856228,3.2375284946733887,0.4155268817203147,45.32284442605495,0.5691868758916607,0.4308131241083393,0.0,0.0,3.0,CANCEL,,,,clear,BTCUSDT|short|H:106573.8@20|SWH:106600.0,"v10_1_strict_cancel,weak_close_strength,body_not_aligned,weak_retest"
2025-07-02 05:55:00,CANCEL,SRR-1,short,bearish,upper_edge,H:106573.8@20,SWH:106600.0,106573.8,106608.40214285714,105010.0,34.60214285714028,3.2467776186211132,0.41182521465608835,45.193732840661546,0.04363636363652239,0.18545454545449253,0.7709090909089851,0.0,5.0,CANCEL,,,,clear,BTCUSDT|short|H:106573.8@20|SWH:106600.0,"v10_1_strict_cancel,weak_body_ratio,weak_close_strength,body_not_aligned,opposite_wick_high,weak_retest"
2025-07-02 06:05:00,CANCEL,SRR-1,short,bearish,upper_edge,H:106623.3@20,SWH:106639.9,106623.3,106647.99142857142,105010.0,24.6914285714156,2.3157629309368213,0.30515536723146947,65.33846331871068,0.5695142378559742,0.36180904522600205,0.0686767169180238,0.0,3.0,CANCEL,,,,clear,BTCUSDT|short|H:106623.3@20|SWH:106639.9,"v10_1_strict_cancel,weak_close_strength,body_not_aligned,weak_retest"
2025-07-03 00:25:00,WATCH,SRR-1,long,bullish,lower_edge,L:108682.5@20,SWL:108671.0,108682.5,108660.55214285714,109645.4,21.94785714286263,2.019447210255803,0.21007041772070442,43.87216454582793,0.11225105612556516,0.5522027761013978,0.3355461677730371,0.0,3.0,WATCH,,,,clear,BTCUSDT|long|L:108682.5@20|SWL:108671.0,"v10_1_watch_weak3,weak_body_ratio,weak_close_strength,body_not_aligned"
2025-07-03 02:35:00,CANCEL,SRR-1,long,bullish,lower_edge,L:108517.6@20,SWL:108509.0,108517.6,108499.22142857143,109500.0,18.378571428576834,1.6936028283501323,0.18794740686638906,53.453556160108334,0.1852631578947981,0.38842105263151766,0.4263157894736842,0.0,3.0,CANCEL,,,,clear,BTCUSDT|long|L:108517.6@20|SWL:108509.0,"v10_1_strict_cancel,weak_body_ratio,weak_close_strength,body_not_aligned"
2025-07-03 02:40:00,CANCEL,SRR-1,long,bullish,lower_edge,L:108517.6@20,SWL:108509.0,108517.6,108499.41428571429,109500.0,18.18571428571886,1.6758308593001374,0.18971684053656862,54.02042419480149,0.08501440922182528,0.172910662824222,0.7420749279539527,0.0,4.0,CANCEL,,,,clear,BTCUSDT|long|L:108517.6@20|SWL:108509.0,"v10_1_strict_cancel,weak_body_ratio,weak_close_strength,body_not_aligned,opposite_wick_high"
2025-07-03 02:55:00,CANCEL,SRR-1,long,bullish,lower_edge,L:108509.0@20,SWL:108480.6,108509.0,108470.845,109500.0,38.154999999998836,3.5162981872470334,0.3911327524346503,25.973004848644482,0.11134676564156602,0.2460233297984769,0.753976670201523,0.0,3.0,CANCEL,,,,clear,BTCUSDT|long|L:108509.0@20|SWL:108480.6,"v10_1_strict_cancel,weak_body_ratio,weak_close_strength,opposite_wick_high"
2025-07-03 06:25:00,CANCEL,SRR-1,short,bullish,upper_edge,H:109378.0@20,SWH:109400.0,109378.0,109409.35428571429,108480.6,31.35428571428929,2.866598924307383,0.33518631643254265,28.621286677598153,0.697394789579133,0.302605210420867,0.0,0.0,2.0,CANCEL,,,,clear,BTCUSDT|short|H:109378.0@20|SWH:109400.0,"v10_1_strict_cancel,weak_close_strength,body_not_aligned"
2025-07-03 08:35:00,WATCH,SRR-1,short,bullish,upper_edge,H:109516.3@20,SWH:109530.2,109516.3,109538.20142857142,108509.1,21.901428571422002,1.9998327711420127,0.2737189787537126,45.987867719014375,0.18997107039534852,0.5033751205400053,0.4966248794599947,0.0,3.0,WATCH,,,,clear,BTCUSDT|short|H:109516.3@20|SWH:109530.2,"v10_1_watch_weak3,weak_body_ratio,weak_close_strength,opposite_wick_high"
2025-07-04 02:55:00,CANCEL,SRR-1,long,bullish,lower_edge,L:109069.8@20,SWL:109050.0,109069.8,109040.41642857142,109828.8,29.38357142858149,2.6940153395881805,0.30660356264450866,25.830760629108493,0.8289361702127164,0.0008510638298367724,0.1702127659574468,0.0,2.0,CANCEL,,,,clear,BTCUSDT|long|L:109069.8@20|SWL:109050.0,"v10_1_strict_cancel,weak_close_strength,body_not_aligned"
2025-07-04 06:05:00,CANCEL,SRR-1,long,bearish,lower_edge,L:108866.0@20,SWL:108859.0,108866.0,108849.27642857142,109732.3,16.723571428577998,1.536161099753642,0.171990009549766,51.80113612093827,0.38704581358608015,0.3988941548183071,0.21406003159561277,0.0,2.0,CANCEL,,,,clear,BTCUSDT|long|L:108866.0@20|SWL:108859.0,"v10_1_strict_cancel,weak_close_strength,body_not_aligned"
2025-07-04 22:05:00,CANCEL,SRR-1,short,bearish,upper_edge,H:107897.7@20,SWH:107899.7,107897.7,107905.24571428572,107200.0,7.545714285719441,0.6993396787623315,0.13606388459566585,92.46308216578271,0.2492753623187984,0.3333333333333333,0.41739130434786825,0.0,3.0,CANCEL,,,,clear,BTCUSDT|short|H:107897.7@20|SWH:107899.7,"v10_1_strict_cancel,weak_body_ratio,weak_close_strength,body_not_aligned"
2025-07-05 08:35:00,CANCEL,SRR-1,long,bearish,lower_edge,L:107946.1@20,SWL:107945.0,107946.1,107941.16214285714,108368.1,4.93785714286787,0.45743728980184273,0.12866182765708484,85.46217271788176,0.8342541436464177,0.16574585635358227,0.0,0.0,2.0,CANCEL,,,,clear,BTCUSDT|long|L:107946.1@20|SWL:107945.0,"v10_1_strict_cancel,weak_close_strength,body_not_aligned"
2025-07-06 02:25:00,CANCEL,SRR-1,short,bullish,upper_edge,H:108195.4@20,SWH:108211.0,108195.4,108214.47071428571,107997.7,19.07071428571362,1.7626178456490407,0.5494752006585757,10.366680400015191,0.23703703703736043,0.0,0.7629629629626395,0.0,4.0,CANCEL,,,,clear,BTCUSDT|short|H:108195.4@20|SWH:108211.0,"v10_1_strict_cancel,weak_body_ratio,weak_close_strength,body_not_aligned,opposite_wick_high"
2025-07-06 03:10:00,CANCEL,SRR-1,long,bearish,lower_edge,L:107997.7@20,SWL:107979.0,107997.7,107975.28357142858,108211.0,22.41642857142142,2.075639441527127,0.603171247357098,9.515342701465741,0.05468749999978092,0.05468749999978092,0.945312500000219,0.0,3.0,CANCEL,,,,clear,BTCUSDT|long|L:107997.7@20|SWL:107979.0,"v10_1_strict_cancel,weak_body_ratio,weak_close_strength,opposite_wick_high"
2025-07-06 12:50:00,CANCEL,SRR-1,short,bearish,upper_edge,H:108152.2@20,SWH:108156.0,108152.2,108159.11142857143,107743.4,6.9114285714313155,0.6390465077392153,0.22213039485776764,59.14840843321381,0.6883852691218387,0.3116147308781613,0.0,0.0,2.0,CANCEL,,,,clear,BTCUSDT|short|H:108152.2@20|SWH:108156.0,"v10_1_strict_cancel,weak_close_strength,body_not_aligned"
2025-07-06 12:55:00,CANCEL,SRR-1,short,bearish,upper_edge,H:108152.2@20,SWH:108156.0,108152.2,108159.16928571429,107743.4,6.969285714294529,0.6443961116181205,0.21990083389706386,58.65737419281339,0.20833333333333334,0.16249999999975748,0.6291666666669092,0.0,5.0,CANCEL,,,,clear,BTCUSDT|short|H:108152.2@20|SWH:108156.0,"v10_1_strict_cancel,weak_body_ratio,weak_close_strength,body_not_aligned,opposite_wick_high,weak_retest"
2025-07-06 21:20:00,CANCEL,SRR-1,short,bullish,upper_edge,H:108917.0@20,SWH:108918.0,108917.0,108925.52,108209.6,8.520000000004075,0.7822470321441166,0.11329787234047627,83.02816901404412,0.5287958115183485,0.37521815008724096,0.09598603839441049,0.0,2.0,CANCEL,,,,clear,BTCUSDT|short|H:108917.0@20|SWH:108918.0,"v10_1_strict_cancel,weak_close_strength,body_not_aligned"
2025-07-07 06:50:00,CANCEL,SRR-1,long,bullish,lower_edge,L:108774.3@20,SWL:108763.6,108774.3,108756.69071428572,109667.3,17.609285714279395,1.6188829267832008,0.2548640545848387,50.711880907007206,0.08011869436193836,0.39762611275950555,0.6023738872404945,0.0,4.0,CANCEL,,,,clear,BTCUSDT|long|L:108774.3@20|SWL:108763.6,"v10_1_strict_cancel,weak_body_ratio,weak_close_strength,opposite_wick_high,weak_retest"
2025-07-07 11:20:00,CANCEL,SRR-1,long,bullish,lower_edge,L:108611.0@20,SWL:108592.3,108611.0,108585.49500000001,109125.0,25.504999999990105,2.3482888473534085,0.3747979426890491,20.15291119389137,0.7039563437926845,0.2946793997270179,0.001364256480297637,0.0,3.0,CANCEL,,,,clear,BTCUSDT|long|L:108611.0@20|SWL:108592.3,"v10_1_strict_cancel,weak_close_strength,body_not_aligned,weak_retest"
2025-07-07 12:05:00,CANCEL,SRR-1,long,bullish,lower_edge,L:108525.0@20,SWL:108510.0,108525.0,108502.62928571428,109041.2,22.37071428571653,2.061342021259298,0.30350809186939937,23.07481081771204,0.7341490545050531,0.26473859844276365,0.0011123470521832628,0.0,2.0,CANCEL,,,,clear,BTCUSDT|long|L:108525.0@20|SWL:108510.0,"v10_1_strict_cancel,weak_close_strength,body_not_aligned"
2025-07-07 14:40:00,WATCH,SRR-1,long,bearish,lower_edge,L:107963.3@20,SWL:107903.2,107963.3,107879.6707142857,108870.9,83.62928571429802,7.746084615262596,0.3554263683555996,10.852657561857182,0.03474114441410877,0.5585831062670189,0.4414168937329811,0.0,3.0,WATCH,,,,clear,BTCUSDT|long|L:107963.3@20|SWL:107903.2,"v10_1_watch_weak3,weak_body_ratio,weak_close_strength,weak_retest"
2025-07-08 00:40:00,CANCEL,SRR-1,short,bearish,upper_edge,H:108381.3@20,SWH:108428.6,108381.3,108437.15285714286,107728.5,55.85285714286147,5.1533665994836255,0.653031568398242,11.687853287975207,0.668407310704999,0.07049608355084588,0.2610966057441551,0.0,2.0,CANCEL,,,,clear,BTCUSDT|short|H:108381.3@20|SWH:108428.6,"v10_1_strict_cancel,weak_close_strength,body_not_aligned"
2025-07-08 07:40:00,WATCH,SRR-1,short,bearish,upper_edge,H:108347.1@20,SWH:108374.8,108347.1,108382.78285714285,107504.4,35.68285714284866,3.2933836847362463,0.4469935576233703,23.616382416532485,0.09963985594240841,0.5294117647059338,0.4705882352940663,0.0,3.0,WATCH,,,,clear,BTCUSDT|short|H:108347.1@20|SWH:108374.8,"v10_1_watch_weak3,weak_body_ratio,weak_close_strength,opposite_wick_high"
2025-07-08 13:55:00,CANCEL,SRR-1,short,bullish,upper_edge,H:108985.0@20,SWH:109180.0,108985.0,109191.57285714286,108172.4,206.57285714286263,18.95424665255426,1.7849771633132379,3.933721066935837,0.22618181818175467,0.22690909090906974,0.7730909090909303,0.0,3.0,CANCEL,,,,clear,BTCUSDT|short|H:108985.0@20|SWH:109180.0,"v10_1_strict_cancel,weak_body_ratio,weak_close_strength,opposite_wick_high"
2025-07-09 02:50:00,CANCEL,SRR-1,long,bullish,lower_edge,L:108615.0@20,SWL:108605.5,108615.0,108599.48785714286,109107.4,15.512142857143772,1.4281768500799865,0.2580135440180614,31.742874245980165,0.5769230769230154,0.42124542124537634,0.0018315018316082438,0.0,2.0,CANCEL,,,,clear,BTCUSDT|long|L:108615.0@20|SWL:108605.5,"v10_1_strict_cancel,weak_close_strength,body_not_aligned"
2025-07-09 12:40:00,CANCEL,SRR-1,short,bullish,upper_edge,H:109463.4@20,SWH:109472.0,109463.4,109482.20357142857,108510.0,18.803571428579744,1.7177953022270225,0.18428421421079014,50.70313390311117,0.03605769230768726,0.22836538461535266,0.7355769230769601,0.0,5.0,CANCEL,,,,clear,BTCUSDT|short|H:109463.4@20|SWH:109472.0,"v10_1_strict_cancel,weak_body_ratio,weak_close_strength,body_not_aligned,opposite_wick_high,weak_retest"
2025-07-09 19:05:00,WATCH,SRR-1,short,bullish,upper_edge,H:109537.0@20,SWH:109537.4,109537.0,109548.56785714286,108429.0,11.567857142857974,1.056068464798011,0.10358170770707299,95.78264896572328,0.2563718140928338,0.520239880059949,0.2233883058472171,0.0,3.0,WATCH,,,,clear,BTCUSDT|short|H:109537.0@20|SWH:109537.4,"v10_1_watch_weak3,weak_body_ratio,weak_close_strength,body_not_aligned"
2025-07-10 15:40:00,CANCEL,SRR-1,short,bullish,upper_edge,H:111319.8@20,SWH:111363.5,111319.8,111380.50714285714,110432.2,60.707142857136205,5.453400280734982,0.3569508609827412,14.621014236970753,0.1133757961782698,0.4547770700636572,0.5452229299363428,0.0,3.0,CANCEL,,,,clear,BTCUSDT|short|H:111319.8@20|SWH:111363.5,"v10_1_strict_cancel,weak_body_ratio,weak_close_strength,opposite_wick_high"
2025-07-10 17:55:00,CANCEL,SRR-1,short,bullish,upper_edge,H:113724.1@20,SWH:113760.0,113724.1,113785.305,110432.2,61.204999999987194,5.3818847544176815,0.24186919581105215,53.78482150152271,0.8193726301275659,0.18062736987243408,0.0,0.0,3.0,CANCEL,,,,clear,BTCUSDT|short|H:113724.1@20|SWH:113760.0,"v10_1_strict_cancel,weak_close_strength,body_not_aligned,weak_retest"
2025-07-11 03:55:00,CANCEL,SRR-1,short,bullish,upper_edge,H:116754.3@20,SWH:116799.9,116754.3,116814.59357142856,115186.7,60.29357142855588,5.16414140023587,0.410339798745706,25.999455047334756,0.10346695557966806,0.4566630552545631,0.43986998916576886,0.0,3.0,CANCEL,,,,clear,BTCUSDT|short|H:116754.3@20|SWH:116799.9,"v10_1_strict_cancel,weak_body_ratio,weak_close_strength,body_not_aligned"
2025-07-11 05:25:00,CANCEL,SRR-1,short,bullish,upper_edge,H:117331.7@20,SWH:117378.2,117331.7,117394.57428571428,115186.7,62.87428571427881,5.358678491343671,0.3839818530796982,34.11569571935301,0.43681197710257397,0.20079260237782762,0.36239542051959844,0.0,2.0,CANCEL,,,,clear,BTCUSDT|short|H:117331.7@20|SWH:117378.2,"v10_1_strict_cancel,weak_close_strength,body_not_aligned"
2025-07-11 16:10:00,CANCEL,SRR-1,long,bullish,lower_edge,L:116725.1@20,SWL:116650.0,116725.1,116621.35428571429,118226.0,103.74571428571653,8.888038158520876,0.3621683622581372,14.467103632507687,0.5089903181189488,0.2940525587828573,0.19695712309819388,0.0,2.0,CANCEL,,,,clear,BTCUSDT|long|L:116725.1@20|SWL:116650.0,"v10_1_strict_cancel,weak_close_strength,body_not_aligned"
2025-07-11 22:40:00,CANCEL,SRR-1,long,bullish,lower_edge,L:117157.0@20,SWL:117130.0,117157.0,117110.50214285715,118128.0,46.49785714285099,3.9688501022432283,0.23847675568740562,20.882682765721615,0.9200786112021161,0.06059613494922969,0.019325253848654186,0.0,2.0,CANCEL,,,,clear,BTCUSDT|long|L:117157.0@20|SWL:117130.0,"v10_1_strict_cancel,weak_close_strength,body_not_aligned"
2025-07-12 06:40:00,CANCEL,SRR-1,short,bullish,upper_edge,H:117931.4@20,SWH:117943.8,117931.4,117952.32642857142,117454.9,20.926428571430733,1.7744577416558045,0.24543017508589343,22.770249513599722,0.5280373831773302,0.3714953271029825,0.10046728971968734,0.0,3.0,CANCEL,,,,clear,BTCUSDT|short|H:117931.4@20|SWH:117943.8,"v10_1_strict_cancel,weak_close_strength,body_not_aligned,weak_retest"
2025-07-12 15:55:00,CANCEL,SRR-1,long,bullish,lower_edge,L:116909.0@20,SWL:116862.4,116909.0,116847.78214285713,118100.0,61.217857142866706,5.236368213128734,0.41878817493286863,19.455107636657598,0.2501341921631269,0.1481481481481771,0.6017176596886961,0.0,4.0,CANCEL,,,,clear,BTCUSDT|long|L:116909.0@20|SWL:116862.4,"v10_1_strict_cancel,weak_body_ratio,weak_close_strength,body_not_aligned,opposite_wick_high"
2025-07-14 02:40:00,CANCEL,SRR-1,short,bullish,upper_edge,H:119895.9@20,SWH:119928.3,119895.9,119947.16571428571,118197.7,51.265714285720605,4.2758521588912215,0.2717401181281574,33.1254528228237,0.2590120160213762,0.37783711615480753,0.3631508678238162,0.0,3.0,CANCEL,,,,clear,BTCUSDT|short|H:119895.9@20|SWH:119928.3,"v10_1_strict_cancel,weak_body_ratio,weak_close_strength,body_not_aligned"
2025-07-14 02:55:00,CANCEL,SRR-1,short,bullish,upper_edge,H:119928.3@20,SWH:120000.0,119928.3,120021.90071428572,118197.7,93.60071428571246,7.804722845709683,0.42738658230324256,18.489175143657754,0.6004867872044284,0.38769123783031206,0.011821974965259606,0.0,2.0,CANCEL,,,,clear,BTCUSDT|short|H:119928.3@20|SWH:120000.0,"v10_1_strict_cancel,weak_close_strength,body_not_aligned"
2025-07-14 11:35:00,CANCEL,SRR-1,long,bullish,lower_edge,L:121360.5@20,SWL:121357.0,121360.5,121342.07071428571,123300.0,18.42928571428638,1.5185571676357943,0.12344385436103861,105.24010697259416,0.8438796680497647,0.09699170124479672,0.059128630705438584,0.0,2.0,CANCEL,,,,clear,BTCUSDT|long|L:121360.5@20|SWL:121357.0,"v10_1_strict_cancel,weak_close_strength,body_not_aligned"
2025-07-14 16:10:00,CANCEL,SRR-1,long,bullish,lower_edge,L:119590.9@20,SWL:119570.8,119590.9,119543.46428571429,122113.9,47.43571428570431,3.9664986454407742,0.17353018029784628,53.18777292577538,0.33699956005281495,0.3457985041794556,0.3172019357677294,0.0,2.0,CANCEL,,,,clear,BTCUSDT|long|L:119590.9@20|SWL:119570.8,"v10_1_strict_cancel,weak_close_strength,body_not_aligned"
2025-07-14 16:20:00,WATCH,SRR-1,long,bullish,lower_edge,L:119341.2@20,SWL:119200.0,119341.2,119172.84428571428,122113.9,168.3557142857171,14.107090785555794,0.6199642274712054,16.46929545435231,0.14394189501483032,0.5615714757345959,0.2944866292505738,0.0,3.0,WATCH,,,,clear,BTCUSDT|long|L:119341.2@20|SWL:119200.0,"v10_1_watch_weak3,weak_body_ratio,weak_close_strength,body_not_aligned"
2025-07-15 02:10:00,CANCEL,SRR-1,long,bearish,lower_edge,L:118376.5@20,SWL:118280.0,118376.5,118246.60571428572,120292.6,129.8942857142829,10.972979072221504,0.38897159479807525,14.75122627191379,0.9613085876061573,0.03837684806541917,0.0003145643284234603,0.0,2.0,CANCEL,,,,clear,BTCUSDT|long|L:118376.5@20|SWL:118280.0,"v10_1_strict_cancel,weak_close_strength,body_not_aligned"
2025-07-15 03:40:00,WATCH,SRR-1,long,bearish,lower_edge,L:117090.0@20,SWL:116870.0,117090.0,116836.555,120266.9,253.44500000000698,21.645315569220855,0.7577963821199164,12.534869498312876,0.48602287166455194,0.4949174078780147,0.01905972045743341,0.0,3.0,WATCH,,,,clear,BTCUSDT|long|L:117090.0@20|SWL:116870.0,"v10_1_watch_weak3,weak_close_strength,body_not_aligned,weak_retest"
2025-07-16 01:05:00,WATCH,SRR-1,short,bearish,upper_edge,H:118193.6@20,SWH:118208.6,118193.6,118223.8142857143,116189.0,30.214285714289872,2.5563385593035384,0.1985915492958006,66.3460992907712,0.29126213592231637,0.4700647249191188,0.2386731391585648,0.0,3.0,WATCH,,,,clear,BTCUSDT|short|H:118193.6@20|SWH:118208.6,"v10_1_watch_weak3,weak_body_ratio,weak_close_strength,body_not_aligned"
2025-07-16 07:35:00,CANCEL,SRR-1,short,bullish,upper_edge,H:118282.7@20,SWH:118288.0,118282.7,118297.81642857143,117017.1,15.116428571433062,1.2779915043732568,0.1539911227534455,83.72347965786804,0.3033216783217955,0.15209790209785895,0.5445804195803455,0.0,3.0,CANCEL,,,,clear,BTCUSDT|short|H:118282.7@20|SWH:118288.0,"v10_1_strict_cancel,weak_close_strength,body_not_aligned,opposite_wick_high"
2025-07-16 18:50:00,CANCEL,SRR-1,short,bullish,upper_edge,H:119786.7@20,SWH:119888.0,119786.7,119913.205,118156.0,126.50500000000466,10.560855253546901,0.5019043840508066,12.890399588948556,0.2927710843373406,0.3075301204819452,0.3996987951807141,0.0,4.0,CANCEL,,,,clear,BTCUSDT|short|H:119786.7@20|SWH:119888.0,"v10_1_strict_cancel,weak_body_ratio,weak_close_strength,body_not_aligned,weak_retest"
2025-07-17 09:40:00,CANCEL,SRR-1,short,bearish,upper_edge,H:119183.1@20,SWH:119216.4,119183.1,119235.98428571428,117810.4,52.884285714273574,4.437230254480172,0.2700342840469156,25.956670898733858,0.19081779053079181,0.4218077474892781,0.3873744619799301,0.0,3.0,CANCEL,,,,clear,BTCUSDT|short|H:119183.1@20|SWH:119216.4,"v10_1_strict_cancel,weak_body_ratio,weak_close_strength,body_not_aligned"
2025-07-17 12:40:00,CANCEL,SRR-1,long,bearish,lower_edge,L:117416.1@20,SWL:117412.8,117416.1,117398.25642857143,119216.4,17.84357142857334,1.5196869448545252,0.12269043760130853,100.89347904406203,0.08339173090405728,0.3496846531184986,0.6503153468815014,0.0,3.0,CANCEL,,,,clear,BTCUSDT|long|L:117416.1@20|SWL:117412.8,"v10_1_strict_cancel,weak_body_ratio,weak_close_strength,opposite_wick_high"
2025-07-17 18:35:00,CANCEL,SRR-1,short,bullish,upper_edge,H:119767.4@20,SWH:119786.0,119767.4,119809.52642857142,117514.8,42.12642857142782,3.517353517854427,0.1790600236815693,53.472370585144105,0.13773222293401152,0.4945547725816413,0.36771300448434713,0.0,3.0,CANCEL,,,,clear,BTCUSDT|short|H:119767.4@20|SWH:119786.0,"v10_1_strict_cancel,weak_body_ratio,weak_close_strength,body_not_aligned"
2025-07-17 18:40:00,CANCEL,SRR-1,short,bullish,upper_edge,H:119767.4@20,SWH:119787.7,119767.4,119811.18428571428,117514.8,43.784285714282305,3.6557765898134473,0.18644078106939263,51.447681816702556,0.3819969742814002,0.21482602117999094,0.40317700453860883,0.0,3.0,CANCEL,,,,clear,BTCUSDT|short|H:119767.4@20|SWH:119787.7,"v10_1_strict_cancel,weak_close_strength,body_not_aligned,weak_retest"
2025-07-18 08:25:00,WATCH,SRR-1,long,bullish,lower_edge,L:119230.7@20,SWL:119076.9,119230.7,119056.30642857142,120846.1,174.39357142857625,14.626566096531873,0.8468350039887923,9.262956121416458,0.35975232198141516,0.5368421052631849,0.10340557275539994,0.0,3.0,WATCH,,,,clear,BTCUSDT|long|L:119230.7@20|SWL:119076.9,"v10_1_watch_weak3,weak_close_strength,body_not_aligned,weak_retest"
2025-07-18 23:50:00,CANCEL,SRR-1,short,bearish,upper_edge,H:117957.7@20,SWH:118000.0,117957.7,118012.07214285714,116788.9,54.372142857144354,4.609461091318698,0.4503934678421581,21.496301940331303,0.4859335038363171,0.33248081841432225,0.1815856777493606,0.0,2.0,CANCEL,,,,clear,BTCUSDT|short|H:117957.7@20|SWH:118000.0,"v10_1_strict_cancel,weak_close_strength,body_not_aligned"
2025-07-19 01:50:00,WATCH,SRR-1,short,bearish,upper_edge,H:118060.0@20,SWH:118094.6,118060.0,118105.96571428572,116984.2,45.965714285717695,3.8934198107502707,0.4044243338361145,23.404400795622394,0.09010712035287878,0.5059861373660808,0.40390674228104045,0.0,3.0,WATCH,,,,clear,BTCUSDT|short|H:118060.0@20|SWH:118094.6,"v10_1_watch_weak3,weak_body_ratio,weak_close_strength,body_not_aligned"
2025-07-19 01:55:00,CANCEL,SRR-1,short,bearish,upper_edge,H:118060.0@20,SWH:118094.6,118060.0,118105.69714285716,116984.2,45.697142857155995,3.87067108734169,0.4117919670443818,23.54195323245547,0.3306962025317228,0.0,0.6693037974682772,0.0,3.0,CANCEL,,,,clear,BTCUSDT|short|H:118060.0@20|SWH:118094.6,"v10_1_strict_cancel,weak_close_strength,body_not_aligned,opposite_wick_high"
2025-07-19 03:25:00,CANCEL,SRR-1,short,bearish,upper_edge,H:118275.0@20,SWH:118286.4,118275.0,118295.75928571427,117433.6,20.759285714273574,1.7551710601795454,0.2218041669845298,40.53125967727629,0.6274725274725914,0.3714285714284435,0.0010989010989650634,0.0,2.0,CANCEL,,,,clear,BTCUSDT|short|H:118275.0@20|SWH:118286.4,"v10_1_strict_cancel,weak_close_strength,body_not_aligned"
2025-07-21 04:25:00,CANCEL,SRR-1,short,bearish,upper_edge,H:118585.0@20,SWH:118617.9,118585.0,118631.635,116454.1,46.63499999999476,3.9326221697512134,0.3395340371313764,45.69314892248812,0.7842088707140845,0.18464926077382246,0.031141868512092986,0.0,2.0,CANCEL,,,,clear,BTCUSDT|short|H:118585.0@20|SWH:118617.9,"v10_1_strict_cancel,weak_close_strength,body_not_aligned"
2025-07-21 18:55:00,WATCH,SRR-1,long,bearish,lower_edge,L:117283.0@20,SWL:117060.0,117283.0,117040.09642857143,119200.0,242.903571428571,20.710893431151234,1.2204019379149578,7.892020643112359,0.5366726296958948,0.5366726296958948,0.4633273703041052,0.0,3.0,WATCH,,,,clear,BTCUSDT|long|L:117283.0@20|SWL:117060.0,"v10_1_watch_weak3,weak_close_strength,opposite_wick_high,weak_retest"
2025-07-22 01:50:00,CANCEL,SRR-1,short,bearish,upper_edge,H:117818.2@20,SWH:117822.2,117818.2,117853.91571428571,115865.0,35.715714285717695,3.031425899030684,0.11261204450251108,54.687412503494556,0.6404942208051049,0.18254284575529683,0.1769629334395983,0.0,2.0,CANCEL,,,,clear,BTCUSDT|short|H:117818.2@20|SWH:117822.2,"v10_1_strict_cancel,weak_close_strength,body_not_aligned"
2025-07-22 12:05:00,CANCEL,SRR-1,short,bullish,upper_edge,H:119199.9@20,SWH:119200.1,119199.9,119212.81000000001,117441.5,12.910000000018044,1.0830545998795338,0.10157356412287864,136.20449264117246,0.4237025561579754,0.0247869868320023,0.5515104570100223,0.0,4.0,CANCEL,,,,clear,BTCUSDT|short|H:119199.9@20|SWH:119200.1,"v10_1_strict_cancel,weak_close_strength,body_not_aligned,opposite_wick_high,weak_retest"
2025-07-22 12:40:00,CANCEL,SRR-1,short,bullish,upper_edge,H:119331.1@20,SWH:119400.4,119331.1,119413.10428571427,117441.5,82.00428571426892,6.871996127938895,0.6454852130888068,23.042698116827953,0.7098070739550405,0.2897909967845444,0.00040192926041508656,0.0,3.0,CANCEL,,,,clear,BTCUSDT|short|H:119331.1@20|SWH:119400.4,"v10_1_strict_cancel,weak_close_strength,body_not_aligned,weak_retest"
2025-07-22 12:55:00,CANCEL,SRR-1,short,bullish,upper_edge,H:119400.4@20,SWH:119422.6,119400.4,119435.15428571429,117441.5,34.75428571429802,2.9107344459732145,0.27683204369604386,56.364271621157116,0.6649746192892416,0.0006345177665343722,0.33439086294422393,0.0,2.0,CANCEL,,,,clear,BTCUSDT|short|H:119400.4@20|SWH:119422.6,"v10_1_strict_cancel,weak_close_strength,body_not_aligned"
2025-07-22 13:10:00,CANCEL,SRR-1,short,bullish,upper_edge,H:119422.6@20,SWH:119475.2,119422.6,119489.44642857142,117441.5,66.84642857141444,5.59746886865756,0.4692153421909227,29.63658705989843,0.7732809430255517,0.2267190569744483,0.0,0.0,3.0,CANCEL,,,,clear,BTCUSDT|short|H:119422.6@20|SWH:119475.2,"v10_1_strict_cancel,weak_close_strength,body_not_aligned,weak_retest"
2025-07-23 02:25:00,CANCEL,SRR-1,long,bullish,lower_edge,L:119151.7@20,SWL:119142.0,119151.7,119125.48285714285,120264.8,26.217142857145518,2.2003163074589382,0.15872686386439883,42.45695292065851,0.19879919946624094,0.345563709139362,0.6544362908606379,0.0,3.0,CANCEL,,,,clear,BTCUSDT|long|L:119151.7@20|SWL:119142.0,"v10_1_strict_cancel,weak_body_ratio,weak_close_strength,opposite_wick_high"
2025-07-23 02:55:00,CANCEL,SRR-1,long,bullish,lower_edge,L:119019.0@20,SWL:118981.2,119019.0,118964.9,120264.8,54.10000000000582,4.5454927364543325,0.33190184049083327,23.027726432529924,0.4126984126984476,0.0007558578986490298,0.5865457294029034,0.0,4.0,CANCEL,,,,clear,BTCUSDT|long|L:119019.0@20|SWL:118981.2,"v10_1_strict_cancel,weak_close_strength,body_not_aligned,opposite_wick_high,weak_retest"
2025-07-23 08:05:00,CANCEL,SRR-1,long,bearish,lower_edge,L:118236.1@20,SWL:118235.0,118236.1,118223.86357142858,119112.2,12.236428571428405,1.0349147655773834,0.10987749342569549,71.59768840114438,0.6700949367088685,0.056962025316435294,0.2729430379746961,0.0,3.0,CANCEL,,,,clear,BTCUSDT|long|L:118236.1@20|SWL:118235.0,"v10_1_strict_cancel,weak_close_strength,body_not_aligned,weak_retest"
2025-07-24 00:10:00,CANCEL,SRR-1,short,bearish,upper_edge,H:118725.3@20,SWH:118750.5,118725.3,118762.77071428571,117319.0,37.4707142857078,3.156085037115745,0.3053670178706042,37.5306429783325,0.5438780872306801,0.14503415659487862,0.31108775617444134,0.0,2.0,CANCEL,,,,clear,BTCUSDT|short|H:118725.3@20|SWH:118750.5,"v10_1_strict_cancel,weak_close_strength,body_not_aligned"
2025-07-24 04:40:00,WATCH,SRR-1,long,bullish,lower_edge,L:118129.9@20,SWL:118059.7,118129.9,118040.86499999999,119265.4,89.03500000000349,7.537041849692881,0.47271037961244067,12.753411579715342,0.4011056511056618,0.4606879606879524,0.13820638820638573,0.0,3.0,WATCH,,,,clear,BTCUSDT|long|L:118129.9@20|SWL:118059.7,"v10_1_watch_weak3,weak_close_strength,body_not_aligned,weak_retest"
2025-07-24 06:20:00,CANCEL,SRR-1,long,bearish,lower_edge,L:117448.9@20,SWL:117437.1,117448.9,117418.74714285714,119265.4,30.152857142849825,2.567317117729483,0.1642951661866198,60.2430473302842,0.41236819606725417,0.3362781419207807,0.2513536620119651,0.0,2.0,CANCEL,,,,clear,BTCUSDT|long|L:117448.9@20|SWL:117437.1,"v10_1_strict_cancel,weak_close_strength,body_not_aligned"
2025-07-24 06:50:00,WATCH,SRR-1,long,bearish,lower_edge,L:117400.0@20,SWL:117388.0,117400.0,117370.63571428572,119265.4,29.36428571428405,2.501216841080413,0.1691073632250017,63.52614935539138,0.24362606232298706,0.35694050991506127,0.6430594900849388,0.0,3.0,WATCH,,,,clear,BTCUSDT|long|L:117400.0@20|SWL:117388.0,"v10_1_watch_weak3,weak_body_ratio,weak_close_strength,opposite_wick_high"
2025-07-24 06:55:00,CANCEL,SRR-1,long,bearish,lower_edge,L:117400.0@20,SWL:117337.0,117400.0,117319.40571428572,119265.4,80.59428571427998,6.864930640057919,0.4580708022084799,23.145561542826307,0.09001551991727093,0.36937403000513763,0.5406104500775915,0.0,5.0,CANCEL,,,,clear,BTCUSDT|long|L:117400.0@20|SWL:117337.0,"v10_1_strict_cancel,weak_body_ratio,weak_close_strength,body_not_aligned,opposite_wick_high,weak_retest"
2025-07-24 22:25:00,CANCEL,SRR-1,long,bullish,lower_edge,L:118391.7@20,SWL:118372.2,118391.7,118362.67571428571,119376.9,29.024285714287544,2.4515473394070315,0.3047397630118666,33.94398779347121,0.5327868852459228,0.2602459016393944,0.2069672131146828,0.0,2.0,CANCEL,,,,clear,BTCUSDT|long|L:118391.7@20|SWL:118372.2,"v10_1_strict_cancel,weak_close_strength,body_not_aligned"
2025-07-25 02:10:00,CANCEL,SRR-1,long,bearish,lower_edge,L:117189.9@20,SWL:117115.0,117189.9,117099.43571428572,118749.8,90.46428571427532,7.719460953057842,0.5812299219824979,17.243268851166704,0.26628151260503485,0.39810924369750644,0.3356092436974587,0.0,4.0,CANCEL,,,,clear,BTCUSDT|long|L:117189.9@20|SWL:117115.0,"v10_1_strict_cancel,weak_body_ratio,weak_close_strength,body_not_aligned,weak_retest"
2025-07-25 03:20:00,CANCEL,SRR-1,long,bearish,lower_edge,L:115796.0@20,SWL:115780.9,115796.0,115753.87,118538.4,42.13000000000466,3.638294932467845,0.15586385497596877,65.09375741750988,0.788965858485897,0.21103414151410305,0.0,0.0,2.0,CANCEL,,,,clear,BTCUSDT|long|L:115796.0@20|SWL:115780.9,"v10_1_strict_cancel,weak_close_strength,body_not_aligned"
2025-07-25 03:55:00,CANCEL,SRR-1,long,bearish,lower_edge,L:115304.4@20,SWL:115300.0,115304.4,115265.58785714286,118412.6,38.81214285713213,3.366059131926633,0.1127861842787738,80.08318457038885,0.8814640698455253,0.0913364674278421,0.027199462726632605,0.0,2.0,CANCEL,,,,active,BTCUSDT|long|L:115304.4@20|SWL:115300.0,"v10_1_strict_cancel,weak_close_strength,body_not_aligned"
2025-07-25 04:25:00,CANCEL,SRR-1,long,bearish,lower_edge,L:115123.5@20,SWL:115087.5,115123.5,115059.38714285714,118410.8,64.11285714285623,5.56905038005761,0.22805528736216096,51.27364691726721,0.25882352941176473,0.21364705882350202,0.5275294117647332,0.0,5.0,CANCEL,,,,clear,BTCUSDT|long|L:115123.5@20|SWL:115087.5,"v10_1_strict_cancel,weak_body_ratio,weak_close_strength,body_not_aligned,opposite_wick_high,weak_retest"
2025-07-25 07:05:00,CANCEL,SRR-1,long,bearish,lower_edge,L:115080.0@20,SWL:115040.0,115080.0,115027.40571428572,117359.4,52.59428571427998,4.5702368538651355,0.41760435571683696,43.33930899609327,0.7956339990710664,0.20436600092893362,0.0,0.0,3.0,CANCEL,,,,clear,BTCUSDT|long|L:115080.0@20|SWL:115040.0,"v10_1_strict_cancel,weak_close_strength,body_not_aligned,weak_retest"
2025-07-25 14:35:00,CANCEL,SRR-1,long,bearish,lower_edge,L:115300.0@20,SWL:115215.7,115300.0,115178.73,116759.6,121.27000000000407,10.517779705117439,0.3280227211252475,12.035952832522113,0.4358736059479601,0.3759293680297389,0.188197026022301,0.0,2.0,CANCEL,,,,clear,BTCUSDT|long|L:115300.0@20|SWL:115215.7,"v10_1_strict_cancel,weak_close_strength,body_not_aligned"
2025-07-25 14:55:00,CANCEL,SRR-1,long,bearish,lower_edge,L:115067.3@20,SWL:115029.5,115067.3,114997.55857142857,116759.6,69.74142857143306,6.060925090919232,0.21834160740642672,24.265347508140803,0.4883534136545834,0.2080321285140679,0.30361445783134866,0.0,2.0,CANCEL,,,,clear,BTCUSDT|long|L:115067.3@20|SWL:115029.5,"v10_1_strict_cancel,weak_close_strength,body_not_aligned"
2025-07-25 18:50:00,CANCEL,SRR-1,short,bearish,upper_edge,H:116489.0@20,SWH:116498.9,116489.0,116512.48142857142,114846.1,23.48142857142375,2.0157635975434376,0.17289365730510597,69.96593052261557,0.14185022026436847,0.19647577092500756,0.661674008810624,0.0,5.0,CANCEL,,,,clear,BTCUSDT|short|H:116489.0@20|SWH:116498.9,"v10_1_strict_cancel,weak_body_ratio,weak_close_strength,body_not_aligned,opposite_wick_high,weak_retest"
2025-07-25 18:55:00,CANCEL,SRR-1,short,bearish,upper_edge,H:116489.0@20,SWH:116499.0,116489.0,116511.74,114846.1,22.74000000000524,1.9521156504052088,0.17849293563583185,72.2471416006867,0.02300109529015555,0.22234392113912665,0.7546549835707178,0.0,5.0,CANCEL,,,,clear,BTCUSDT|short|H:116489.0@20|SWH:116499.0,"v10_1_strict_cancel,weak_body_ratio,weak_close_strength,body_not_aligned,opposite_wick_high,weak_retest"
2025-07-25 20:50:00,WATCH,SRR-1,short,bearish,upper_edge,H:117230.7@20,SWH:117300.0,117230.7,117317.39714285714,115300.1,86.69714285714144,7.395429939183289,0.49834127114468085,22.268323226997364,0.08970099667780243,0.8128460686599315,0.09745293466226608,0.0,3.0,WATCH,,,,clear,BTCUSDT|short|H:117230.7@20|SWH:117300.0,"v10_1_watch_weak3,weak_body_ratio,body_not_aligned,weak_retest"
2025-07-27 06:55:00,CANCEL,SRR-1,short,bullish,upper_edge,H:118356.0@20,SWH:118432.1,118356.0,118437.72428571428,117980.3,81.72428571428463,6.904955026723161,1.4530607061213232,4.597164682643758,0.07202680067006902,0.27135678391956247,0.7286432160804376,0.0,3.0,CANCEL,,,,clear,BTCUSDT|short|H:118356.0@20|SWH:118432.1,"v10_1_strict_cancel,weak_body_ratio,weak_close_strength,opposite_wick_high"
2025-07-27 22:25:00,CANCEL,SRR-1,short,bullish,upper_edge,H:119747.0@20,SWH:119747.2,119747.0,119761.67285714285,118709.2,14.6728571428539,1.2253214813610278,0.10138189714734792,70.72923765944529,0.6316964285715209,0.07366071428567417,0.2946428571428049,0.0,3.0,CANCEL,,,,clear,BTCUSDT|short|H:119747.0@20|SWH:119747.2,"v10_1_strict_cancel,weak_close_strength,body_not_aligned,weak_retest"
2025-07-29 04:05:00,WATCH,SRR-1,short,bearish,upper_edge,H:118777.0@20,SWH:118785.0,118777.0,118799.39285714286,117406.3,22.392857142855064,1.8852856312968893,0.1555831265508563,61.21148325359407,0.2147058823530268,0.5044117647059252,0.49558823529407486,0.0,3.0,WATCH,,,,clear,BTCUSDT|short|H:118777.0@20|SWH:118785.0,"v10_1_watch_weak3,weak_body_ratio,weak_close_strength,opposite_wick_high"
2025-07-29 04:10:00,WATCH,SRR-1,short,bearish,upper_edge,H:118777.0@20,SWH:118785.0,118777.0,118798.675,117406.3,21.67500000000291,1.8248482450308485,0.15850091407680614,63.23875432525089,0.2622673434856241,0.5406091370559247,0.4593908629440753,0.0,3.0,WATCH,,,,clear,BTCUSDT|short|H:118777.0@20|SWH:118785.0,"v10_1_watch_weak3,weak_body_ratio,weak_close_strength,opposite_wick_high"
2025-07-29 15:05:00,WATCH,SRR-1,long,bearish,lower_edge,L:117650.0@20,SWL:117626.4,117650.0,117601.58142857143,119050.0,48.41857142857043,4.115475684536373,0.19509008231162947,28.914525123182372,0.22476862053767316,0.45923314235349333,0.31599823710883357,0.0,3.0,WATCH,,,,clear,BTCUSDT|long|L:117650.0@20|SWL:117626.4,"v10_1_watch_weak3,weak_body_ratio,weak_close_strength,body_not_aligned"
2025-07-30 01:55:00,CANCEL,SRR-1,short,bearish,upper_edge,H:117958.3@20,SWH:117983.0,117958.3,117996.73357142857,117085.8,38.43357142856985,3.2582337511281403,0.27985125084515244,22.70150723883603,0.0,0.14270724029386575,0.8572927597061343,0.0,4.0,CANCEL,,,,clear,BTCUSDT|short|H:117958.3@20|SWH:117983.0,"v10_1_strict_cancel,weak_body_ratio,weak_close_strength,body_not_aligned,opposite_wick_high"
2025-07-30 02:25:00,WATCH,SRR-1,short,bearish,upper_edge,H:118079.8@20,SWH:118087.3,118079.8,118102.96857142857,117141.3,23.16857142857043,1.9621113372965087,0.14786652078773843,40.50746084597535,0.13680494263018184,0.5278022947925982,0.47219770520740184,0.0,3.0,WATCH,,,,clear,BTCUSDT|short|H:118079.8@20|SWH:118087.3,"v10_1_watch_weak3,weak_body_ratio,weak_close_strength,opposite_wick_high"
2025-07-31 00:10:00,CANCEL,SRR-1,short,bearish,upper_edge,H:117866.4@20,SWH:117881.8,117866.4,117890.1242857143,115700.0,23.724285714299185,2.012811599768822,0.2850008580746477,91.31571024261666,0.7410138248848731,0.23963133640552994,0.019354838709596946,0.0,2.0,CANCEL,,,,clear,BTCUSDT|short|H:117866.4@20|SWH:117881.8,"v10_1_strict_cancel,weak_close_strength,body_not_aligned"
2025-07-31 11:40:00,CANCEL,SRR-1,long,bullish,lower_edge,L:118351.9@20,SWL:118345.7,118351.9,118338.52285714286,118910.0,13.377142857134459,1.1302854332828167,0.18638535031835918,41.72041862454606,0.21119842829076016,0.21119842829076016,0.7888015717092398,0.0,3.0,CANCEL,,,,clear,BTCUSDT|long|L:118351.9@20|SWL:118345.7,"v10_1_strict_cancel,weak_body_ratio,weak_close_strength,opposite_wick_high"
2025-07-31 11:50:00,CANCEL,SRR-1,long,bullish,lower_edge,L:118302.0@20,SWL:118295.1,118302.0,118287.90000000001,118910.0,14.099999999991269,1.191864888166833,0.1958333333332149,43.120567375913225,0.2262773722629811,0.3521897810217602,0.4215328467152587,0.0,3.0,CANCEL,,,,clear,BTCUSDT|long|L:118302.0@20|SWL:118295.1,"v10_1_strict_cancel,weak_body_ratio,weak_close_strength,body_not_aligned"
2025-07-31 11:55:00,WATCH,SRR-1,long,bullish,lower_edge,L:118302.0@20,SWL:118246.8,118302.0,118239.55857142857,118910.0,62.44142857143015,5.27813803413553,0.862280528703918,9.737125077214973,0.09210526315786954,0.716507177033498,0.19138755980863242,0.0,3.0,WATCH,,,,clear,BTCUSDT|long|L:118302.0@20|SWL:118246.8,"v10_1_watch_weak3,weak_body_ratio,body_not_aligned,weak_retest"
2025-07-31 19:50:00,CANCEL,SRR-1,long,bearish,lower_edge,L:116800.0@20,SWL:116777.0,116800.0,116758.34571428571,118850.0,41.6542857142922,3.5662915851277566,0.22329606371576532,49.21462377391373,0.5104895104895271,0.1917249417249013,0.2977855477855716,0.0,3.0,CANCEL,,,,clear,BTCUSDT|long|L:116800.0@20|SWL:116777.0,"v10_1_strict_cancel,weak_close_strength,body_not_aligned,weak_retest"
2025-07-31 19:55:00,CANCEL,SRR-1,long,bearish,lower_edge,L:116800.0@20,SWL:116729.1,116800.0,116709.92714285715,118850.0,90.07285714284808,7.711717221134253,0.46979360703370887,22.759353539200717,0.004071246819279178,0.4071246819338422,0.5888040712468786,0.0,5.0,CANCEL,,,,clear,BTCUSDT|long|L:116800.0@20|SWL:116729.1,"v10_1_strict_cancel,weak_body_ratio,weak_close_strength,body_not_aligned,opposite_wick_high,weak_retest"
2025-07-31 20:25:00,CANCEL,SRR-1,long,bearish,lower_edge,L:116500.0@20,SWL:116415.0,116500.0,116394.53571428571,118850.0,105.46428571428987,9.052728387492692,0.515357766143132,22.28242465289448,0.7833753148614339,0.1074727120067428,0.10915197313182333,0.0,2.0,CANCEL,,,,clear,BTCUSDT|long|L:116500.0@20|SWL:116415.0,"v10_1_strict_cancel,weak_close_strength,body_not_aligned"
2025-07-31 20:35:00,CANCEL,SRR-1,long,bearish,lower_edge,L:116415.0@20,SWL:116383.3,116415.0,116360.80785714286,118850.0,54.19214285713679,4.655082494277953,0.24093810537010382,44.932712965774975,0.4078487774809969,0.23381960139717195,0.35833162112183115,0.0,2.0,CANCEL,,,,clear,BTCUSDT|long|L:116415.0@20|SWL:116383.3,"v10_1_strict_cancel,weak_close_strength,body_not_aligned"
2025-07-31 20:55:00,CANCEL,SRR-1,long,bearish,lower_edge,L:116383.3@20,SWL:116381.4,116383.3,116360.69357142856,118850.0,22.6064285714383,1.9424117181277984,0.10917589430478239,109.11497993612782,0.6365992742353414,0.07257646448936944,0.29082426127528915,0.0,3.0,CANCEL,,,,clear,BTCUSDT|long|L:116383.3@20|SWL:116381.4,"v10_1_strict_cancel,weak_close_strength,body_not_aligned,weak_retest"
2025-07-31 23:10:00,CANCEL,SRR-1,long,bearish,lower_edge,L:115934.8@20,SWL:115868.6,115934.8,115849.57142857143,117984.9,85.2285714285681,7.351422646916034,0.44789789789788287,24.05414012738937,0.09929078014188651,0.3404255319149197,0.6595744680850804,0.0,3.0,CANCEL,,,,clear,BTCUSDT|long|L:115934.8@20|SWL:115868.6,"v10_1_strict_cancel,weak_body_ratio,weak_close_strength,opposite_wick_high"
2025-07-31 23:35:00,WATCH,SRR-1,long,bearish,lower_edge,L:115868.6@20,SWL:115744.7,115868.6,115727.0,117984.9,141.60000000000582,12.220739699970986,0.8000000000000377,14.945621468925857,0.41188781917122286,0.575554625366241,0.012557555462536167,0.0,3.0,WATCH,,,,clear,BTCUSDT|long|L:115868.6@20|SWL:115744.7,"v10_1_watch_weak3,weak_close_strength,body_not_aligned,weak_retest"
2025-08-01 12:55:00,CANCEL,SRR-1,short,bearish,upper_edge,H:115839.4@20,SWH:115886.0,115839.4,115908.74642857142,114055.6,69.34642857142899,5.986428501134243,0.3048673261108499,25.723026214141925,0.3204239706482058,0.018344883815735617,0.6612311455360586,0.0,4.0,CANCEL,,,,clear,BTCUSDT|short|H:115839.4@20|SWH:115886.0,"v10_1_strict_cancel,weak_close_strength,body_not_aligned,opposite_wick_high,weak_retest"
2025-08-01 19:20:00,WATCH,SRR-1,long,bearish,lower_edge,L:113588.0@20,SWL:113556.3,113588.0,113526.44642857143,115782.5,61.55357142856519,5.419020620889988,0.20618495035289214,35.65187119234478,0.10600706713780919,0.5208480565370819,0.3731448763251089,0.0,3.0,WATCH,,,,active,BTCUSDT|long|L:113588.0@20|SWL:113556.3,"v10_1_watch_weak3,weak_body_ratio,weak_close_strength,body_not_aligned"
2025-08-01 20:10:00,CANCEL,SRR-1,long,bearish,lower_edge,L:113173.7@20,SWL:113113.0,113173.7,113080.63,115656.8,93.06999999999243,8.223642065249473,0.28751930800121217,26.67991834103586,0.13621177075301774,0.4803392444101552,0.38344898483682704,0.0,3.0,CANCEL,,,,clear,BTCUSDT|long|L:113173.7@20|SWL:113113.0,"v10_1_strict_cancel,weak_body_ratio,weak_close_strength,body_not_aligned"
2025-08-01 22:55:00,WATCH,SRR-1,long,bearish,lower_edge,L:112813.9@20,SWL:112660.0,112813.9,112630.44928571429,114583.0,183.45071428570373,16.26135735806525,0.6207995939184109,9.64346204313401,0.19929185634801233,0.5151745068285283,0.4848254931714717,0.0,3.0,WATCH,,,,clear,BTCUSDT|long|L:112813.9@20|SWL:112660.0,"v10_1_watch_weak3,weak_body_ratio,weak_close_strength,opposite_wick_high"
2025-08-02 13:40:00,CANCEL,SRR-1,long,bearish,lower_edge,L:113230.0@20,SWL:113168.0,113230.0,113158.13,113863.5,71.86999999999534,6.3472577938704715,0.7281661600809897,8.814526227912078,0.6984463276836178,0.19774011299436248,0.10381355932201974,0.0,2.0,CANCEL,,,,clear,BTCUSDT|long|L:113230.0@20|SWL:113168.0,"v10_1_strict_cancel,weak_close_strength,body_not_aligned"
2025-08-02 18:20:00,CANCEL,SRR-1,long,bearish,lower_edge,L:112400.0@20,SWL:112344.8,112400.0,112326.00285714286,113491.5,73.99714285714435,6.583375699034195,0.39366165070679926,14.750569520058392,0.0718627100464479,0.4197354308187179,0.5802645691812821,0.0,3.0,CANCEL,,,,clear,BTCUSDT|long|L:112400.0@20|SWL:112344.8,"v10_1_strict_cancel,weak_body_ratio,weak_close_strength,opposite_wick_high"
2025-08-02 18:25:00,WATCH,SRR-1,long,bearish,lower_edge,L:112400.0@20,SWL:112344.8,112400.0,112324.39142857143,113491.5,75.60857142857276,6.726741230300067,0.3704745905081929,14.436193931148898,0.2185659854520487,0.43817111188084956,0.5618288881191504,0.0,3.0,WATCH,,,,clear,BTCUSDT|long|L:112400.0@20|SWL:112344.8,"v10_1_watch_weak3,weak_body_ratio,weak_close_strength,opposite_wick_high"
2025-08-02 18:35:00,CANCEL,SRR-1,long,bearish,lower_edge,L:112300.0@20,SWL:112260.0,112300.0,112238.21071428571,113491.5,61.78928571428696,5.50216257473615,0.28357646287494154,19.283278423212142,0.23204022988508324,0.3520114942528809,0.41594827586203587,0.0,4.0,CANCEL,,,,clear,BTCUSDT|long|L:112300.0@20|SWL:112260.0,"v10_1_strict_cancel,weak_body_ratio,weak_close_strength,body_not_aligned,weak_retest"
2025-08-02 18:50:00,CANCEL,SRR-1,long,bearish,lower_edge,L:112250.0@20,SWL:112225.0,112250.0,112200.44785714286,113491.5,49.55214285713737,4.41444479796324,0.2018241061297878,25.054415983166255,0.5149365197908614,0.3651979088872362,0.11986557132190244,0.0,2.0,CANCEL,,,,clear,BTCUSDT|long|L:112250.0@20|SWL:112225.0,"v10_1_strict_cancel,weak_close_strength,body_not_aligned"
2025-08-03 01:40:00,WATCH,SRR-1,short,bearish,upper_edge,H:113166.0@20,SWH:113225.8,113166.0,113246.95571428572,111850.0,80.95571428572293,7.153713508096331,0.3826659463839943,16.25580123171225,0.06704707560622966,0.5492154065620086,0.4507845934379914,0.0,3.0,WATCH,,,,clear,BTCUSDT|short|H:113166.0@20|SWH:113225.8,"v10_1_watch_weak3,weak_body_ratio,weak_close_strength,opposite_wick_high"
2025-08-03 03:05:00,WATCH,SRR-1,short,bearish,upper_edge,H:113471.2@20,SWH:113478.0,113471.2,113487.38857142857,111850.0,16.188571428574505,1.4266678618516861,0.1724284844796421,100.14472290855826,0.25789473684218184,0.4118421052631962,0.5881578947368038,0.0,3.0,WATCH,,,,clear,BTCUSDT|short|H:113471.2@20|SWH:113478.0,"v10_1_watch_weak3,weak_body_ratio,weak_close_strength,opposite_wick_high"
2025-08-03 03:35:00,WATCH,SRR-1,short,bearish,upper_edge,H:113523.9@20,SWH:113577.8,113523.9,113584.91142857143,111850.0,61.011428571437136,5.374324575832678,0.8579349136200557,27.43584340170065,0.4693504117109016,0.5187557182067299,0.011893870082368488,0.0,3.0,WATCH,,,,clear,BTCUSDT|short|H:113523.9@20|SWH:113577.8,"v10_1_watch_weak3,weak_close_strength,body_not_aligned,weak_retest"
2025-08-03 19:10:00,CANCEL,SRR-1,short,bullish,upper_edge,H:114420.5@20,SWH:114437.0,114420.5,114447.39428571428,113529.6,26.894285714282887,2.3504779051204014,0.25874106652004447,33.12599596303312,0.17002518891688903,0.30856423173805786,0.6914357682619421,0.0,3.0,CANCEL,,,,clear,BTCUSDT|short|H:114420.5@20|SWH:114437.0,"v10_1_strict_cancel,weak_body_ratio,weak_close_strength,opposite_wick_high"
2025-08-04 13:55:00,WATCH,SRR-1,short,bullish,upper_edge,H:114788.7@20,SWH:114879.2,114788.7,114896.70571428571,114070.0,108.00571428571129,9.40908942132033,0.6169740492900135,6.654277551452462,0.060296371997971825,0.5247828308635596,0.4149207971384686,0.0,3.0,WATCH,,,,clear,BTCUSDT|short|H:114788.7@20|SWH:114879.2,"v10_1_watch_weak3,weak_body_ratio,weak_close_strength,body_not_aligned"
2025-08-05 03:35:00,CANCEL,SRR-1,long,bullish,lower_edge,L:114237.3@20,SWL:114234.5,114237.3,114224.87571428572,115299.0,12.424285714281723,1.0875857285038881,0.12909306813117336,85.45360469130007,0.5714285714286588,0.39215686274513,0.03641456582621121,0.0,2.0,CANCEL,,,,clear,BTCUSDT|long|L:114237.3@20|SWL:114234.5,"v10_1_strict_cancel,weak_close_strength,body_not_aligned"
2025-08-05 03:40:00,CANCEL,SRR-1,long,bullish,lower_edge,L:114237.3@20,SWL:114229.3,114237.3,114219.91357142858,115299.0,17.386428571422584,1.5219572391349048,0.18522943459395413,61.06486997249529,0.3079999999998836,0.3539999999999418,0.3380000000001746,0.0,2.0,CANCEL,,,,clear,BTCUSDT|long|L:114237.3@20|SWL:114229.3,"v10_1_strict_cancel,weak_close_strength,body_not_aligned"
2025-08-05 07:35:00,CANCEL,SRR-1,long,bearish,lower_edge,L:114054.3@20,SWL:114044.8,114054.3,114034.825,114789.3,19.47500000000582,1.7075200145900524,0.19523809523814953,37.74069319639437,0.504733727810582,0.16153846153847876,0.33372781065093926,0.0,2.0,CANCEL,,,,clear,BTCUSDT|long|L:114054.3@20|SWL:114044.8,"v10_1_strict_cancel,weak_close_strength,body_not_aligned"
2025-08-05 08:35:00,CANCEL,SRR-1,short,bearish,upper_edge,H:114468.1@20,SWH:114492.0,114468.1,114510.10714285714,113650.0,42.007142857139115,3.669768508181678,0.23199211045362428,19.47525930964309,0.6731476615869882,0.15606936416183204,0.17078297425117972,0.0,3.0,CANCEL,,,,clear,BTCUSDT|short|H:114468.1@20|SWH:114492.0,"v10_1_strict_cancel,weak_close_strength,body_not_aligned,weak_retest"
2025-08-05 09:35:00,WATCH,SRR-1,short,bearish,upper_edge,H:114553.8@20,SWH:114560.0,114553.8,114571.365,113650.0,17.56500000000233,1.533340666132623,0.15455345358558964,51.45459721035486,0.29520295202950975,0.4735547355473385,0.5264452644526615,0.0,3.0,WATCH,,,,clear,BTCUSDT|short|H:114553.8@20|SWH:114560.0,"v10_1_watch_weak3,weak_body_ratio,weak_close_strength,opposite_wick_high"
2025-08-05 09:40:00,CANCEL,SRR-1,short,bearish,upper_edge,H:114553.8@20,SWH:114560.0,114553.8,114571.10785714285,113650.0,17.30785714284866,1.5108933219892018,0.1558163462156005,52.219058231217204,0.2812499999998579,0.0014204545455373443,0.7173295454546048,0.0,4.0,CANCEL,,,,clear,BTCUSDT|short|H:114553.8@20|SWH:114560.0,"v10_1_strict_cancel,weak_body_ratio,weak_close_strength,body_not_aligned,opposite_wick_high"
2025-08-05 10:35:00,CANCEL,SRR-1,short,bearish,upper_edge,H:115054.5@20,SWH:115057.0,115054.5,115070.93214285714,113650.0,16.432142857142026,1.428205142531759,0.11794411689309835,85.47272332102149,0.8487674883410342,0.07861425716190841,0.07261825449705735,0.0,3.0,CANCEL,,,,clear,BTCUSDT|short|H:115054.5@20|SWH:115057.0,"v10_1_strict_cancel,weak_close_strength,body_not_aligned,weak_retest"
2025-08-05 14:50:00,CANCEL,SRR-1,long,bearish,lower_edge,L:112666.6@20,SWL:112582.4,112666.6,112553.09214285713,115057.0,113.50785714287485,10.074667837928441,0.3872949720943328,21.059335099517778,0.18330071754732738,0.3082191780821859,0.5084801043704867,0.0,5.0,CANCEL,,,,clear,BTCUSDT|long|L:112666.6@20|SWL:112582.4,"v10_1_strict_cancel,weak_body_ratio,weak_close_strength,body_not_aligned,opposite_wick_high,weak_retest"
2025-08-05 14:55:00,WATCH,SRR-1,long,bearish,lower_edge,L:112666.6@20,SWL:112582.4,112666.6,112553.3257142857,115057.0,113.2742857143021,10.0539366337763,0.3896029874214419,21.10275942087164,0.23056994818649756,0.453367875647657,0.546632124352343,0.0,3.0,WATCH,,,,clear,BTCUSDT|long|L:112666.6@20|SWL:112582.4,"v10_1_watch_weak3,weak_body_ratio,weak_close_strength,opposite_wick_high"
2025-08-05 23:20:00,WATCH,SRR-1,short,bearish,upper_edge,H:114041.2@20,SWH:114100.0,114041.2,114109.22642857143,113195.9,68.02642857143655,5.965074777487132,0.737299682588908,12.42605289960693,0.007425742574329198,0.8007425742573608,0.19183168316830992,0.0,3.0,WATCH,,,,clear,BTCUSDT|short|H:114041.2@20|SWH:114100.0,"v10_1_watch_weak3,weak_body_ratio,body_not_aligned,weak_retest"
2025-08-05 23:25:00,CANCEL,SRR-1,short,bearish,upper_edge,H:114041.2@20,SWH:114100.0,114041.2,114108.53428571428,113195.9,67.33428571428522,5.904382426200813,0.7889856042852186,12.553782831926135,0.18201754385971874,0.4890350877193777,0.5109649122806224,0.0,3.0,CANCEL,,,,clear,BTCUSDT|short|H:114041.2@20|SWH:114100.0,"v10_1_strict_cancel,weak_body_ratio,weak_close_strength,opposite_wick_high"
2025-08-06 04:40:00,CANCEL,SRR-1,long,bearish,lower_edge,L:113321.8@20,SWL:113304.5,113321.8,113296.20357142857,114178.4,25.596428571428987,2.258738263196401,0.30852346104176526,33.46560625087117,0.6451091350040807,0.35489086499591926,0.0,0.0,2.0,CANCEL,,,,clear,BTCUSDT|long|L:113321.8@20|SWL:113304.5,"v10_1_strict_cancel,weak_close_strength,body_not_aligned"
2025-08-06 05:20:00,CANCEL,SRR-1,short,bearish,upper_edge,H:114008.0@20,SWH:114107.6,114008.0,114118.38500000001,113304.5,110.38500000000931,9.682215283138841,1.0235048678721446,6.373148525614355,0.45215605749489046,0.4139630390143857,0.1338809034907239,0.0,3.0,CANCEL,,,,clear,BTCUSDT|short|H:114008.0@20|SWH:114107.6,"v10_1_strict_cancel,weak_close_strength,body_not_aligned,weak_retest"
2025-08-06 11:40:00,CANCEL,SRR-1,short,bullish,upper_edge,H:114337.1@20,SWH:114372.7,114337.1,114382.28285714285,113663.3,45.18285714284866,3.9517232064525563,0.47149672033382883,14.912735550780656,0.6226415094339622,0.0018867924529400145,0.3754716981130977,0.0,2.0,CANCEL,,,,clear,BTCUSDT|short|H:114337.1@20|SWH:114372.7,"v10_1_strict_cancel,weak_close_strength,body_not_aligned"
2025-08-06 14:10:00,WATCH,SRR-1,short,bullish,upper_edge,H:114372.7@20,SWH:114459.4,114372.7,114481.43285714285,113520.0,108.73285714285157,9.506889069056827,0.4935032094922928,7.842155742120644,0.26566884939198315,0.4803554724041285,0.2539756782038883,0.0,4.0,WATCH,,,,clear,BTCUSDT|short|H:114372.7@20|SWH:114459.4,"v10_1_watch_weak3,weak_body_ratio,weak_close_strength,body_not_aligned,weak_retest"
2025-08-06 15:10:00,CANCEL,SRR-1,short,bullish,upper_edge,H:115179.2@20,SWH:115266.0,115179.2,115293.68642857143,113520.0,114.4864285714284,9.93985273134632,0.4135110033280894,14.492547463517193,0.11600496277914037,0.20099255583123302,0.799007444168767,0.0,3.0,CANCEL,,,,clear,BTCUSDT|short|H:115179.2@20|SWH:115266.0,"v10_1_strict_cancel,weak_body_ratio,weak_close_strength,opposite_wick_high"
2025-08-07 07:25:00,CANCEL,SRR-1,short,bullish,upper_edge,H:114828.7@20,SWH:114834.4,114828.7,114842.75,114211.4,14.05000000000291,1.2235617053927208,0.16826347305392916,43.93594306048933,0.5485592315901363,0.14834578441829893,0.3030949839915647,0.0,3.0,CANCEL,,,,clear,BTCUSDT|short|H:114828.7@20|SWH:114834.4,"v10_1_strict_cancel,weak_close_strength,body_not_aligned,weak_retest"
2025-08-07 10:55:00,CANCEL,SRR-1,short,bullish,upper_edge,H:116352.0@20,SWH:116374.3,116352.0,116394.17571428572,114421.1,42.1757142857241,3.624837930222437,0.212197225616379,45.78227144936766,0.5655737704917722,0.20715350223549564,0.2272727272727322,0.0,2.0,CANCEL,,,,clear,BTCUSDT|short|H:116352.0@20|SWH:116374.3,"v10_1_strict_cancel,weak_close_strength,body_not_aligned"
2025-08-07 11:10:00,WATCH,SRR-1,short,bullish,upper_edge,H:116386.6@20,SWH:116424.3,116386.6,116444.76214285714,114450.2,58.16214285713795,4.997322961332142,0.28424267811635706,33.29313372714506,0.24707031250000736,0.4355468750000197,0.5644531249999803,0.0,4.0,WATCH,,,,clear,BTCUSDT|short|H:116386.6@20|SWH:116424.3,"v10_1_watch_weak3,weak_body_ratio,weak_close_strength,opposite_wick_high,weak_retest"
2025-08-07 22:50:00,CANCEL,SRR-1,short,bullish,upper_edge,H:117487.2@20,SWH:117537.5,117487.2,117554.18857142857,116100.0,66.98857142857742,5.701776144854709,0.4014038692005138,20.708009895076156,0.48091603053435056,0.4149400218102957,0.10414394765535373,0.0,2.0,CANCEL,,,,clear,BTCUSDT|short|H:117487.2@20|SWH:117537.5,"v10_1_strict_cancel,weak_close_strength,body_not_aligned"
2025-08-08 01:50:00,CANCEL,SRR-1,long,bullish,lower_edge,L:116757.4@20,SWL:116735.5,116757.4,116717.48785714286,117591.8,39.91214285713795,3.418382291583913,0.22158464527895022,20.905918356392718,0.010729613733905356,0.42560801144491245,0.5743919885550876,0.0,3.0,CANCEL,,,,clear,BTCUSDT|long|L:116757.4@20|SWL:116735.5,"v10_1_strict_cancel,weak_body_ratio,weak_close_strength,opposite_wick_high"
2025-08-08 03:05:00,CANCEL,SRR-1,long,bullish,lower_edge,L:116643.9@20,SWL:116639.9,116643.9,116631.105,117591.8,12.794999999998254,1.0969283434451569,0.14548038658327092,74.08362641657976,0.0686131386860889,0.29927007299270075,0.7007299270072993,0.0,3.0,CANCEL,,,,clear,BTCUSDT|long|L:116643.9@20|SWL:116639.9,"v10_1_strict_cancel,weak_body_ratio,weak_close_strength,opposite_wick_high"
2025-08-08 04:10:00,WATCH,SRR-1,long,bullish,lower_edge,L:116639.9@20,SWL:116615.3,116639.9,116607.08571428571,117591.8,32.81428571428114,2.8132985122827727,0.39947826086950955,29.00870700914667,0.21045392022013099,0.4773039889958525,0.3122420907840165,0.0,3.0,WATCH,,,,clear,BTCUSDT|long|L:116639.9@20|SWL:116615.3,"v10_1_watch_weak3,weak_body_ratio,weak_close_strength,body_not_aligned"
2025-08-09 02:25:00,CANCEL,SRR-1,long,bullish,lower_edge,L:116370.8@20,SWL:116360.4,116370.8,116355.72214285714,116941.5,15.077857142867288,1.2956735833101851,0.322324018934401,37.85020607321324,0.05627705627687084,0.3008658008656938,0.6991341991343062,0.0,3.0,CANCEL,,,,clear,BTCUSDT|long|L:116370.8@20|SWL:116360.4,"v10_1_strict_cancel,weak_body_ratio,weak_close_strength,opposite_wick_high"
2025-08-09 08:55:00,CANCEL,SRR-1,short,bullish,upper_edge,H:117132.7@20,SWH:117150.0,117132.7,117158.57214285714,116309.0,25.872142857144354,2.2087890791507716,0.3018165152904085,31.837331934511173,0.20520741394527275,0.32127096204766564,0.6787290379523343,0.0,3.0,CANCEL,,,,clear,BTCUSDT|short|H:117132.7@20|SWH:117150.0,"v10_1_strict_cancel,weak_body_ratio,weak_close_strength,opposite_wick_high"
2025-08-09 09:25:00,CANCEL,SRR-1,short,bullish,upper_edge,H:117373.6@20,SWH:117410.0,117373.6,117424.06071428572,116328.0,50.46071428571304,4.299153667069344,0.35887731775462134,20.721070139430168,0.22111111111104645,0.012222222222286897,0.7666666666666667,0.0,4.0,CANCEL,,,,clear,BTCUSDT|short|H:117373.6@20|SWH:117410.0,"v10_1_strict_cancel,weak_body_ratio,weak_close_strength,body_not_aligned,opposite_wick_high"
2025-08-09 15:25:00,CANCEL,SRR-1,long,bullish,lower_edge,L:116700.0@20,SWL:116600.0,116700.0,116590.25857142857,117906.7,109.74142857143306,9.40372138572691,1.1265434814489486,10.995847381506703,0.5350692000938065,0.4276331222144069,0.03729767769178659,0.0,2.0,CANCEL,,,,clear,BTCUSDT|long|L:116700.0@20|SWL:116600.0,"v10_1_strict_cancel,weak_close_strength,body_not_aligned"
2025-08-09 16:40:00,CANCEL,SRR-1,long,bullish,lower_edge,L:116600.0@20,SWL:116581.4,116600.0,116574.29857142856,117224.0,25.701428571439465,2.20423915707028,0.36191913095971995,24.27880606969123,0.4041720990873687,0.05867014341590836,0.537157757496723,0.0,3.0,CANCEL,,,,clear,BTCUSDT|long|L:116600.0@20|SWL:116581.4,"v10_1_strict_cancel,weak_close_strength,body_not_aligned,opposite_wick_high"
2025-08-10 12:10:00,CANCEL,SRR-1,short,bullish,upper_edge,H:118489.9@20,SWH:118525.0,118489.9,118538.365,117342.0,48.46500000001106,4.090222035803141,0.36262626262634706,23.685133601562615,0.8022222222222222,0.1657777777777907,0.03199999999998707,0.0,3.0,CANCEL,,,,clear,BTCUSDT|short|H:118489.9@20|SWH:118525.0,"v10_1_strict_cancel,weak_close_strength,body_not_aligned,weak_retest"
2025-08-10 12:35:00,CANCEL,SRR-1,short,bullish,upper_edge,H:118639.3@20,SWH:118649.4,118639.3,118663.89642857142,117342.0,24.596428571414435,2.073210864478671,0.16967233308687094,52.74342965009577,0.8623063683304613,0.13769363166953874,0.0,0.0,3.0,CANCEL,,,,clear,BTCUSDT|short|H:118639.3@20|SWH:118649.4,"v10_1_strict_cancel,weak_close_strength,body_not_aligned,weak_retest"
2025-08-10 14:55:00,CANCEL,SRR-1,short,bullish,upper_edge,H:118798.2@20,SWH:118841.7,118798.2,118857.53428571428,117891.1,59.334285714285215,4.99454416938011,0.37472031757488156,15.287956854625108,0.6185458377238323,0.38040042149633824,0.001053740779829416,0.0,2.0,CANCEL,,,,clear,BTCUSDT|short|H:118798.2@20|SWH:118841.7,"v10_1_strict_cancel,weak_close_strength,body_not_aligned"
2025-08-10 22:55:00,CANCEL,SRR-1,short,bullish,upper_edge,H:118949.9@20,SWH:118961.5,118949.9,118974.50785714286,118010.0,24.607857142866123,2.0687581194154956,0.1891768711219194,38.19511770339066,0.8170103092782143,0.18170103092789644,0.0012886597938893461,0.0,3.0,CANCEL,,,,clear,BTCUSDT|short|H:118949.9@20|SWH:118961.5,"v10_1_strict_cancel,weak_close_strength,body_not_aligned,weak_retest"
2025-08-11 02:50:00,CANCEL,SRR-1,short,bullish,upper_edge,H:121774.3@20,SWH:121792.4,121774.3,121827.39214285713,118212.0,53.092142857130966,4.3598807677096865,0.15172589765045916,67.09655719841679,0.3632172131147297,0.11014344262295246,0.5266393442623178,0.0,4.0,CANCEL,,,,clear,BTCUSDT|short|H:121774.3@20|SWH:121792.4,"v10_1_strict_cancel,weak_close_strength,body_not_aligned,opposite_wick_high,weak_retest"
2025-08-11 03:10:00,CANCEL,SRR-1,short,bullish,upper_edge,H:121880.9@20,SWH:121949.0,121880.9,121983.40428571429,118573.7,102.50428571429802,8.410200918626137,0.2979404559233026,32.264016835529105,0.4484151646985755,0.02983219390927823,0.5217526413921463,0.0,4.0,CANCEL,,,,clear,BTCUSDT|short|H:121880.9@20|SWH:121949.0,"v10_1_strict_cancel,weak_close_strength,body_not_aligned,opposite_wick_high,weak_retest"
2025-08-11 10:40:00,CANCEL,SRR-1,long,bullish,lower_edge,L:121090.4@20,SWL:121090.0,121090.4,121073.52642857142,122332.4,16.873571428572177,1.3934689643912463,0.10242813163942752,73.60623121533771,0.5352260778127347,0.22923238696111015,0.2355415352261552,0.0,2.0,CANCEL,,,,clear,BTCUSDT|long|L:121090.4@20|SWL:121090.0,"v10_1_strict_cancel,weak_close_strength,body_not_aligned"
2025-08-11 11:40:00,CANCEL,SRR-1,long,bullish,lower_edge,L:120500.0@20,SWL:120302.0,120500.0,120281.72214285715,122332.4,218.27785714284983,18.11434499110787,1.0764345345027666,8.39480478682177,0.266358737490434,0.40030792917630736,0.33333333333325865,0.0,3.0,CANCEL,,,,clear,BTCUSDT|long|L:120500.0@20|SWL:120302.0,"v10_1_strict_cancel,weak_body_ratio,weak_close_strength,body_not_aligned"
2025-08-11 12:25:00,CANCEL,SRR-1,long,bullish,lower_edge,L:120029.8@20,SWL:119964.0,120029.8,119939.15857142858,122102.7,90.64142857142724,7.5515770726458955,0.3648800966127986,22.869233557660756,0.39156626506024667,0.44277108433734125,0.16566265060241206,0.0,2.0,CANCEL,,,,clear,BTCUSDT|long|L:120029.8@20|SWL:119964.0,"v10_1_strict_cancel,weak_close_strength,body_not_aligned"
2025-08-11 12:50:00,WATCH,SRR-1,long,bullish,lower_edge,L:119557.0@20,SWL:119512.5,119557.0,119483.855,121820.7,73.14500000000407,6.118002291794213,0.25534997381743607,30.9481167543902,0.25546666666663564,0.49279999999996893,0.5072000000000311,0.0,3.0,WATCH,,,,clear,BTCUSDT|long|L:119557.0@20|SWL:119512.5,"v10_1_watch_weak3,weak_body_ratio,weak_close_strength,opposite_wick_high"
2025-08-11 12:55:00,CANCEL,SRR-1,long,bullish,lower_edge,L:119557.0@20,SWL:119512.5,119557.0,119484.08357142858,121820.7,72.91642857142142,6.098884094734848,0.25659955257268346,31.04512994328445,0.007900677200952336,0.1619638826184964,0.8380361173815036,0.0,3.0,CANCEL,,,,clear,BTCUSDT|long|L:119557.0@20|SWL:119512.5,"v10_1_strict_cancel,weak_body_ratio,weak_close_strength,opposite_wick_high"
2025-08-12 13:10:00,CANCEL,SRR-1,short,bearish,upper_edge,H:119236.3@20,SWH:119280.0,119236.3,119303.43142857144,118154.3,67.13142857143248,5.630116715415732,0.28650164614073176,16.117637044602397,0.3237619642114106,0.23637120266334674,0.43986683312524266,0.0,2.0,CANCEL,,,,clear,BTCUSDT|short|H:119236.3@20|SWH:119280.0,"v10_1_strict_cancel,weak_close_strength,body_not_aligned"
2025-08-12 15:25:00,CANCEL,SRR-1,short,bearish,upper_edge,H:119682.0@20,SWH:119744.9,119682.0,119764.65142857142,118157.4,82.651428571422,6.905919734916028,0.4184579777230975,18.446142146019234,0.6227378190255085,0.3767981438514946,0.0004640371229968481,0.0,3.0,CANCEL,,,,clear,BTCUSDT|short|H:119682.0@20|SWH:119744.9,"v10_1_strict_cancel,weak_close_strength,body_not_aligned,weak_retest"
2025-08-13 02:05:00,CANCEL,SRR-1,long,bullish,lower_edge,L:119300.0@20,SWL:119271.2,119300.0,119255.61642857142,120265.1,44.38357142858149,3.720332894265003,0.28481001054230265,21.744532243264107,0.7087186261558568,0.29062087186259883,0.0006605019815443527,0.0,3.0,CANCEL,,,,clear,BTCUSDT|long|L:119300.0@20|SWL:119271.2,"v10_1_strict_cancel,weak_close_strength,body_not_aligned,weak_retest"
2025-08-13 08:50:00,CANCEL,SRR-1,short,bearish,upper_edge,H:119921.4@20,SWH:119921.7,119921.4,119934.39928571429,118829.0,12.999285714293364,1.0839838189258435,0.10236233758935132,84.03538655965117,0.20414201183425934,0.3394970414200826,0.6605029585799174,0.0,3.0,CANCEL,,,,clear,BTCUSDT|short|H:119921.4@20|SWH:119921.7,"v10_1_strict_cancel,weak_body_ratio,weak_close_strength,opposite_wick_high"
2025-08-13 09:10:00,CANCEL,SRR-1,short,bullish,upper_edge,H:120019.7@20,SWH:120078.3,120019.7,120090.99500000001,118829.0,71.2950000000128,5.940274804887265,0.5615990547460675,16.70103092783201,0.1600496277914795,0.0,0.8399503722085205,0.0,4.0,CANCEL,,,,clear,BTCUSDT|short|H:120019.7@20|SWH:120078.3,"v10_1_strict_cancel,weak_body_ratio,weak_close_strength,body_not_aligned,opposite_wick_high"
2025-08-13 10:25:00,WATCH,SRR-1,short,bullish,upper_edge,H:120432.0@20,SWH:120470.0,120432.0,120484.96571428572,118829.0,52.965714285717695,4.397976807303515,0.35391370752198065,30.264861365841185,0.2530904359140853,0.5393623942745331,0.4606376057254668,0.0,3.0,WATCH,,,,clear,BTCUSDT|short|H:120432.0@20|SWH:120470.0,"v10_1_watch_weak3,weak_body_ratio,weak_close_strength,opposite_wick_high"
2025-08-13 22:25:00,WATCH,SRR-1,short,bullish,upper_edge,H:123061.9@20,SWH:123100.0,123061.9,123120.95285714285,121363.6,59.05285714285856,4.798630375677489,0.28183677643690785,28.758981058131056,0.03752039151711745,0.581158238172927,0.3813213703099556,0.0,3.0,WATCH,,,,clear,BTCUSDT|short|H:123061.9@20|SWH:123100.0,"v10_1_watch_weak3,weak_body_ratio,weak_close_strength,body_not_aligned"
2025-08-13 22:50:00,CANCEL,SRR-1,short,bullish,upper_edge,H:123669.3@20,SWH:123680.0,123669.3,123702.84857142858,121363.6,33.54857142857509,2.7127647224149474,0.14683006127299392,68.72721853175872,0.1024590163934416,0.40437158469942963,0.49316939890712874,0.0,4.0,CANCEL,,,,clear,BTCUSDT|short|H:123669.3@20|SWH:123680.0,"v10_1_strict_cancel,weak_body_ratio,weak_close_strength,body_not_aligned,opposite_wick_high"
2025-08-14 00:40:00,CANCEL,SRR-1,short,bullish,upper_edge,H:124300.1@20,SWH:124545.6,124300.1,124574.17928571429,122178.5,274.07928571428056,22.049804120373235,0.959013771212904,7.74082577773393,0.1781356759394814,0.2613469985358835,0.7386530014641165,0.0,3.0,CANCEL,,,,clear,BTCUSDT|short|H:124300.1@20|SWH:124545.6,"v10_1_strict_cancel,weak_body_ratio,weak_close_strength,opposite_wick_high"
2025-08-14 05:10:00,CANCEL,SRR-1,long,bullish,lower_edge,L:123050.0@20,SWL:123039.5,123050.0,123025.50071428572,124545.6,24.499285714278813,1.9910024960811712,0.17500382672580456,61.04667774572431,0.3606837606837358,0.049572649572674446,0.5897435897435898,0.0,3.0,CANCEL,,,,clear,BTCUSDT|long|L:123050.0@20|SWL:123039.5,"v10_1_strict_cancel,weak_close_strength,body_not_aligned,opposite_wick_high"
2025-08-14 11:40:00,CANCEL,SRR-1,long,bearish,lower_edge,L:120711.6@20,SWL:120657.6,120711.6,120638.91500000001,122081.6,72.68499999999767,6.021376570271429,0.3890018731602839,18.848455664855802,0.09265175718847316,0.24707135250264672,0.6602768903088801,0.0,4.0,CANCEL,,,,clear,BTCUSDT|long|L:120711.6@20|SWL:120657.6,"v10_1_strict_cancel,weak_body_ratio,weak_close_strength,body_not_aligned,opposite_wick_high"
2025-08-15 04:10:00,CANCEL,SRR-1,short,bearish,upper_edge,H:119039.9@20,SWH:119040.0,119039.9,119051.52571428572,117970.7,11.625714285721187,0.9766233242569246,0.10086762518598011,91.96854263941431,0.3091743119265788,0.0,0.6908256880734212,0.0,3.0,CANCEL,,,,clear,BTCUSDT|short|H:119039.9@20|SWH:119040.0,"v10_1_strict_cancel,weak_close_strength,body_not_aligned,opposite_wick_high"
2025-08-15 12:40:00,CANCEL,SRR-1,long,bearish,lower_edge,L:118550.0@20,SWL:118450.0,118550.0,118435.70785714286,119114.9,114.29214285714261,9.640838705790182,0.7996851416862418,4.942596978919895,0.7013086989992111,0.2986913010007889,0.0,0.0,2.0,CANCEL,,,,clear,BTCUSDT|long|L:118550.0@20|SWL:118450.0,"v10_1_strict_cancel,weak_close_strength,body_not_aligned"
2025-08-15 15:05:00,CANCEL,SRR-1,long,bearish,lower_edge,L:117197.3@20,SWL:117180.0,117197.3,117153.02785714286,119068.8,44.27214285713853,3.7775736179194004,0.16414025052301073,42.272631935597296,0.6109510086455238,0.10909839440099067,0.2799505969534855,0.0,3.0,CANCEL,,,,clear,BTCUSDT|long|L:117197.3@20|SWL:117180.0,"v10_1_strict_cancel,weak_close_strength,body_not_aligned,weak_retest"
2025-08-16 00:55:00,WATCH,SRR-1,short,bearish,upper_edge,H:117711.0@20,SWH:117747.0,117711.0,117757.67428571428,116812.0,46.67428571428172,3.9651592216769647,0.4372591006423626,19.261141038199494,0.37902264600721236,0.47318235995232233,0.1477949940404653,0.0,3.0,WATCH,,,,clear,BTCUSDT|short|H:117711.0@20|SWH:117747.0,"v10_1_watch_weak3,weak_close_strength,body_not_aligned,weak_retest"
2025-08-16 10:10:00,CANCEL,SRR-1,long,bearish,lower_edge,L:117226.8@20,SWL:117175.9,117226.8,117165.47428571428,117817.9,61.32571428571828,5.231373225722981,0.5882159495752561,9.638697353707766,0.8472527472526513,0.0,0.15274725274734868,0.0,2.0,CANCEL,,,,clear,BTCUSDT|long|L:117226.8@20|SWL:117175.9,"v10_1_strict_cancel,weak_close_strength,body_not_aligned"
2025-08-17 03:50:00,WATCH,SRR-1,short,bearish,upper_edge,H:117662.9@20,SWH:117686.0,117662.9,117691.31714285714,117121.6,28.417142857142608,2.415131945340682,0.5344438473938529,19.048361150210898,0.23989218328821518,0.6469002695416775,0.11320754717010735,0.0,3.0,WATCH,,,,clear,BTCUSDT|short|H:117662.9@20|SWH:117686.0,"v10_1_watch_weak3,weak_body_ratio,body_not_aligned,weak_retest"
2025-08-17 09:25:00,CANCEL,SRR-1,short,bullish,upper_edge,H:118363.7@20,SWH:118435.0,118363.7,118444.07857142857,117663.3,80.37857142857683,6.790812675556513,0.8853658536586063,8.713765218163386,0.3772990015763913,0.42091434576986125,0.20178665265374748,0.0,3.0,CANCEL,,,,clear,BTCUSDT|short|H:118363.7@20|SWH:118435.0,"v10_1_strict_cancel,weak_close_strength,body_not_aligned,weak_retest"
2025-08-17 22:50:00,CANCEL,SRR-1,short,bearish,upper_edge,H:117915.9@20,SWH:117924.1,117915.9,117933.10214285715,117245.0,17.202142857160652,1.4588484553110015,0.1910894231534147,39.00095503047877,0.26953124999999556,0.1953124999999556,0.5351562500000488,0.0,5.0,CANCEL,,,,clear,BTCUSDT|short|H:117915.9@20|SWH:117924.1,"v10_1_strict_cancel,weak_body_ratio,weak_close_strength,body_not_aligned,opposite_wick_high,weak_retest"
2025-08-18 00:35:00,CANCEL,SRR-1,long,bearish,lower_edge,L:117037.0@20,SWL:116927.7,117037.0,116912.99142857142,117945.0,124.00857142858149,10.595672430819441,0.8431041181041817,7.3220745109779095,0.15832106038291266,0.47385861561117204,0.3678203240059153,0.0,3.0,CANCEL,,,,clear,BTCUSDT|long|L:117037.0@20|SWL:116927.7,"v10_1_strict_cancel,weak_body_ratio,weak_close_strength,body_not_aligned"
2025-08-18 01:35:00,CANCEL,SRR-1,long,bearish,lower_edge,L:116584.0@20,SWL:116555.0,116584.0,116534.61357142858,117945.0,49.386428571422584,4.236124045445566,0.24225149784517527,27.558178215533925,0.14547754585705383,0.2811511701454617,0.7188488298545382,0.0,3.0,CANCEL,,,,clear,BTCUSDT|long|L:116584.0@20|SWL:116555.0,"v10_1_strict_cancel,weak_body_ratio,weak_close_strength,opposite_wick_high"
2025-08-18 01:40:00,CANCEL,SRR-1,long,bearish,lower_edge,L:116584.0@20,SWL:116400.0,116584.0,116379.29285714286,117945.0,204.7071428571362,17.558768172059306,0.9885822697481569,6.648522279214425,0.10625909752548088,0.4852013585638074,0.40853954391071173,0.0,4.0,CANCEL,,,,clear,BTCUSDT|long|L:116584.0@20|SWL:116400.0,"v10_1_strict_cancel,weak_body_ratio,weak_close_strength,body_not_aligned,weak_retest"
2025-08-18 02:05:00,CANCEL,SRR-1,long,bearish,lower_edge,L:116088.0@20,SWL:116050.0,116088.0,116024.49,117945.0,63.50999999999476,5.470849700226963,0.24896119168951336,29.239489844121447,0.34849147354612203,0.3686051595977437,0.2829033668561343,0.0,2.0,CANCEL,,,,clear,BTCUSDT|long|L:116088.0@20|SWL:116050.0,"v10_1_strict_cancel,weak_close_strength,body_not_aligned"
2025-08-18 02:35:00,WATCH,SRR-1,long,bearish,lower_edge,L:115671.0@20,SWL:115623.5,115671.0,115594.73142857142,117945.0,76.26857142857625,6.593577597546166,0.2651107359221536,29.815688918856285,0.02735710796283023,0.5378602833415114,0.4347826086956584,0.0,3.0,WATCH,,,,clear,BTCUSDT|long|L:115671.0@20|SWL:115623.5,"v10_1_watch_weak3,weak_body_ratio,weak_close_strength,body_not_aligned"
2025-08-18 09:35:00,CANCEL,SRR-1,long,bearish,lower_edge,L:114610.0@20,SWL:114605.0,114610.0,114592.72285714286,115684.5,17.27714285714319,1.507472546648913,0.14072608796835726,62.1919960310886,0.0038834951457158364,0.3475728155340088,0.6524271844659911,0.0,3.0,CANCEL,,,,clear,BTCUSDT|long|L:114610.0@20|SWL:114605.0,"v10_1_strict_cancel,weak_body_ratio,weak_close_strength,opposite_wick_high"
2025-08-18 13:20:00,CANCEL,SRR-1,short,bearish,upper_edge,H:115598.2@20,SWH:115599.8,115598.2,115613.94714285714,114605.0,15.747142857144354,1.3622308009246125,0.11130970413007185,63.07175904925446,0.7641843971630751,0.23404255319156073,0.001773049645364224,0.0,2.0,CANCEL,,,,clear,BTCUSDT|short|H:115598.2@20|SWH:115599.8,"v10_1_strict_cancel,weak_close_strength,body_not_aligned"
2025-08-18 22:25:00,CANCEL,SRR-1,short,bullish,upper_edge,H:116934.9@20,SWH:116938.7,116934.9,116949.49857142857,115929.9,14.598571428577998,1.2484357902198573,0.135189839925978,68.84235248064228,0.685251798561184,0.314748201438816,0.0,0.0,2.0,CANCEL,,,,clear,BTCUSDT|short|H:116934.9@20|SWH:116938.7,"v10_1_strict_cancel,weak_close_strength,body_not_aligned"
2025-08-19 00:40:00,CANCEL,SRR-1,long,bullish,lower_edge,L:115861.9@20,SWL:115463.8,115861.9,115446.9992857143,116938.7,414.9007142857008,35.80993530105245,2.4695421113047358,2.595319706435882,0.1768470040721071,0.2571262361838196,0.7428737638161804,0.0,3.0,CANCEL,,,,clear,BTCUSDT|long|L:115861.9@20|SWL:115463.8,"v10_1_strict_cancel,weak_body_ratio,weak_close_strength,opposite_wick_high"
2025-08-19 03:10:00,CANCEL,SRR-1,long,bearish,lower_edge,L:115463.8@20,SWL:115402.6,115463.8,115386.73785714286,116938.7,77.06214285714668,6.674138808626313,0.4858242896384303,19.13909924272516,0.4140127388535122,0.36455601348816213,0.22143124765832561,0.0,2.0,CANCEL,,,,clear,BTCUSDT|long|L:115463.8@20|SWL:115402.6,"v10_1_strict_cancel,weak_close_strength,body_not_aligned"
2025-08-19 09:40:00,CANCEL,SRR-1,short,bearish,upper_edge,H:115430.0@20,SWH:115450.0,115430.0,115462.95714285714,114560.0,32.957142857136205,2.8551626836295765,0.2543550165379882,26.397919375818073,0.5259067357512318,0.23316062176165217,0.240932642487116,0.0,2.0,CANCEL,,,,clear,BTCUSDT|short|H:115430.0@20|SWH:115450.0,"v10_1_strict_cancel,weak_close_strength,body_not_aligned"
2025-08-19 10:10:00,CANCEL,SRR-1,short,bearish,upper_edge,H:115450.0@20,SWH:115459.0,115450.0,115470.00357142858,114560.0,20.003571428576834,1.7326610159009816,0.18179162609547614,44.492054990168306,0.9501573976915021,0.049842602308497956,0.0,0.0,3.0,CANCEL,,,,clear,BTCUSDT|short|H:115450.0@20|SWH:115459.0,"v10_1_strict_cancel,weak_close_strength,body_not_aligned,weak_retest"
2025-08-19 13:05:00,WATCH,SRR-1,short,bearish,upper_edge,H:115608.5@20,SWH:115630.0,115608.5,115641.87357142857,114750.0,33.37357142857218,2.8867748849411745,0.2810744149672199,25.72394752049254,0.0,0.5769230769230769,0.4230769230769231,0.0,3.0,WATCH,,,,clear,BTCUSDT|short|H:115608.5@20|SWH:115630.0,"v10_1_watch_weak3,weak_body_ratio,weak_close_strength,body_not_aligned"
2025-08-19 13:50:00,CANCEL,SRR-1,long,bearish,lower_edge,L:114920.0@20,SWL:114868.0,114920.0,114847.33285714286,115847.4,72.66714285714261,6.323280791606561,0.3516071058270507,12.7623016887176,0.5161671924290446,0.25512618296528233,0.22870662460567298,0.0,3.0,CANCEL,,,,clear,BTCUSDT|long|L:114920.0@20|SWL:114868.0,"v10_1_strict_cancel,weak_close_strength,body_not_aligned,weak_retest"
2025-08-19 14:50:00,CANCEL,SRR-1,long,bearish,lower_edge,L:113745.5@20,SWL:113705.3,113745.5,113670.59357142857,115847.4,74.90642857142666,6.585441056694696,0.2158286855049438,28.060341950434037,0.3000660938532899,0.27561136814275145,0.42432253800395864,0.0,2.0,CANCEL,,,,clear,BTCUSDT|long|L:113745.5@20|SWL:113705.3,"v10_1_strict_cancel,weak_close_strength,body_not_aligned"
2025-08-19 15:10:00,WATCH,SRR-1,long,bearish,lower_edge,L:113705.3@20,SWL:113506.0,113705.3,113473.17857142857,115847.4,232.12142857143772,20.414301582374588,0.7072252448313663,9.228359540880295,0.21531100478469067,0.5776182881446161,0.2070707070706932,0.0,4.0,WATCH,,,,clear,BTCUSDT|long|L:113705.3@20|SWL:113506.0,"v10_1_watch_weak3,weak_body_ratio,weak_close_strength,body_not_aligned,weak_retest"
2025-08-19 16:55:00,WATCH,SRR-1,long,bearish,lower_edge,L:113373.0@20,SWL:113300.0,113373.0,113281.31071428572,115847.4,91.68928571428114,8.087400502260781,0.49059812726922836,26.986795466055113,0.20649738610904522,0.4783420463032279,0.5216579536967721,0.0,3.0,WATCH,,,,clear,BTCUSDT|long|L:113373.0@20|SWL:113300.0,"v10_1_watch_weak3,weak_body_ratio,weak_close_strength,opposite_wick_high"
2025-08-19 19:05:00,CANCEL,SRR-1,long,bearish,lower_edge,L:112770.1@20,SWL:112762.0,112770.1,112746.30642857144,115325.2,23.79357142857043,2.109918447227628,0.15161349051021225,107.3861487196463,0.9577689243027656,0.042231075697234347,0.0,0.0,3.0,CANCEL,,,,clear,BTCUSDT|long|L:112770.1@20|SWL:112762.0,"v10_1_strict_cancel,weak_close_strength,body_not_aligned,weak_retest"
2025-08-19 19:10:00,CANCEL,SRR-1,long,bearish,lower_edge,L:112770.1@20,SWL:112758.0,112770.1,112742.10357142857,115325.2,27.99642857143772,2.482610955513715,0.17611772635368592,91.26521239951063,0.19910011248590326,0.2812148481439774,0.7187851518560227,0.0,3.0,CANCEL,,,,clear,BTCUSDT|long|L:112770.1@20|SWL:112758.0,"v10_1_strict_cancel,weak_body_ratio,weak_close_strength,opposite_wick_high"
2025-08-20 04:10:00,CANCEL,SRR-1,short,bearish,upper_edge,H:113599.4@20,SWH:113616.7,113599.4,113626.77071428571,112500.0,27.37071428571653,2.4094065889182983,0.2717852329952741,40.16701897230788,0.504048582995966,0.3441295546558603,0.15182186234817366,0.0,2.0,CANCEL,,,,clear,BTCUSDT|short|H:113599.4@20|SWH:113616.7,"v10_1_strict_cancel,weak_close_strength,body_not_aligned"
2025-08-20 08:55:00,CANCEL,SRR-1,short,bearish,upper_edge,H:113917.1@20,SWH:113952.2,113917.1,113963.68357142857,113336.7,46.58357142856403,4.089251870751979,0.40565403993275956,12.459328089304035,0.0013888888887676229,0.047222222222141376,0.9527777777778587,0.0,3.0,CANCEL,,,,clear,BTCUSDT|short|H:113917.1@20|SWH:113952.2,"v10_1_strict_cancel,weak_body_ratio,weak_close_strength,opposite_wick_high"
2025-08-20 17:55:00,WATCH,SRR-1,short,bearish,upper_edge,H:114285.7@20,SWH:114411.0,114285.7,114432.38357142857,112301.8,146.68357142856985,12.834814104351626,0.6859638574339346,13.525032017413682,0.1442663378545228,0.5187011919440838,0.48129880805591624,0.0,3.0,WATCH,,,,clear,BTCUSDT|short|H:114285.7@20|SWH:114411.0,"v10_1_watch_weak3,weak_body_ratio,weak_close_strength,opposite_wick_high"
2025-08-21 04:25:00,CANCEL,SRR-1,long,bullish,lower_edge,L:113821.7@20,SWL:113821.4,113821.7,113812.40714285713,114777.0,9.292857142863795,0.8164398478377846,0.10333598093732814,102.79938508832026,0.14792176039108604,0.4804400977995295,0.5195599022004705,0.0,3.0,CANCEL,,,,clear,BTCUSDT|long|L:113821.7@20|SWL:113821.4,"v10_1_strict_cancel,weak_body_ratio,weak_close_strength,opposite_wick_high"
2025-08-21 17:05:00,CANCEL,SRR-1,long,bearish,lower_edge,L:112271.1@20,SWL:112219.3,112271.1,112201.09785714286,113936.0,70.00214285714901,6.2350990466067415,0.38458187811485717,23.78355764619233,0.26915422885575035,0.3850746268656427,0.34577114427860695,0.0,3.0,CANCEL,,,,clear,BTCUSDT|long|L:112271.1@20|SWL:112219.3,"v10_1_strict_cancel,weak_body_ratio,weak_close_strength,body_not_aligned"
2025-08-21 17:10:00,CANCEL,SRR-1,long,bearish,lower_edge,L:112271.1@20,SWL:112218.2,112271.1,112199.51714285713,113936.0,71.58285714287194,6.3758934528005815,0.38314727022488554,23.25836193820857,0.02025177887253257,0.4088669950738822,0.5708812260535853,0.0,4.0,CANCEL,,,,clear,BTCUSDT|long|L:112271.1@20|SWL:112218.2,"v10_1_strict_cancel,weak_body_ratio,weak_close_strength,body_not_aligned,opposite_wick_high"
2025-08-22 10:55:00,CANCEL,SRR-1,long,bearish,lower_edge,L:112511.6@20,SWL:112473.4,112511.6,112463.47214285714,113350.2,48.1278571428702,4.277590678905126,0.48477588315719516,17.424420071530733,0.1285140562248996,0.31967871485946114,0.6803212851405389,0.0,4.0,CANCEL,,,,clear,BTCUSDT|long|L:112511.6@20|SWL:112473.4,"v10_1_strict_cancel,weak_body_ratio,weak_close_strength,opposite_wick_high,weak_retest"
2025-08-22 11:35:00,CANCEL,SRR-1,long,bearish,lower_edge,L:112213.4@20,SWL:112204.6,112213.4,112195.11928571429,113273.9,18.28071428570547,1.6291026103571828,0.19282001054763298,58.01195639435454,0.37941628264209526,0.23655913978488854,0.38402457757301617,0.0,3.0,CANCEL,,,,clear,BTCUSDT|long|L:112213.4@20|SWL:112204.6,"v10_1_strict_cancel,weak_close_strength,body_not_aligned,weak_retest"
2025-08-22 14:25:00,CANCEL,SRR-1,short,bearish,upper_edge,H:115149.7@20,SWH:115688.0,115149.7,115742.36285714286,111625.9,592.6628571428591,51.468901537985694,1.090198139485999,5.945707508966779,0.01153726223884354,0.3194574368568694,0.6805425631431306,0.0,3.0,CANCEL,,,,clear,BTCUSDT|short|H:115149.7@20|SWH:115688.0,"v10_1_strict_cancel,weak_body_ratio,weak_close_strength,opposite_wick_high"
2025-08-23 02:20:00,CANCEL,SRR-1,long,bullish,lower_edge,L:116120.8@20,SWL:116116.0,116120.8,116101.15214285714,117140.6,19.64785714285972,1.6920187548535421,0.1323278972434861,51.90387901260831,0.10885458976448495,0.4134849715677642,0.4776604386677509,0.0,4.0,CANCEL,,,,clear,BTCUSDT|long|L:116120.8@20|SWL:116116.0,"v10_1_strict_cancel,weak_body_ratio,weak_close_strength,body_not_aligned,opposite_wick_high"
2025-08-23 09:20:00,CANCEL,SRR-1,long,bullish,lower_edge,L:115575.0@20,SWL:115570.3,115575.0,115563.65928571428,116015.3,11.340714285717695,0.9812428540530128,0.17077551898467058,38.824714996524456,0.5691489361701167,0.4308510638298833,0.0,0.0,2.0,CANCEL,,,,clear,BTCUSDT|long|L:115575.0@20|SWL:115570.3,"v10_1_strict_cancel,weak_close_strength,body_not_aligned"
2025-08-23 12:05:00,CANCEL,SRR-1,long,bullish,lower_edge,L:115180.0@20,SWL:115157.6,115180.0,115150.845,115888.2,29.154999999998836,2.531255426289185,0.4316062176165777,24.290859200824055,0.6625577812019084,0.17873651771956217,0.1587057010785294,0.0,3.0,CANCEL,,,,clear,BTCUSDT|long|L:115180.0@20|SWL:115157.6,"v10_1_strict_cancel,weak_close_strength,body_not_aligned,weak_retest"
2025-08-23 14:55:00,CANCEL,SRR-1,long,bearish,lower_edge,L:114654.0@20,SWL:114580.0,114654.0,114567.33,115750.2,86.66999999999825,7.559265267674765,0.6840568271507349,12.647975077881842,0.05837075048102379,0.3085311096857448,0.6330981398332314,0.0,4.0,CANCEL,,,,clear,BTCUSDT|long|L:114654.0@20|SWL:114580.0,"v10_1_strict_cancel,weak_body_ratio,weak_close_strength,body_not_aligned,opposite_wick_high"
2025-08-23 18:25:00,CANCEL,SRR-1,short,bearish,upper_edge,H:115149.2@20,SWH:115160.6,115149.2,115167.3792857143,114510.0,18.17928571430093,1.5787591849792209,0.2681593088191039,35.16089741068119,0.5884831460672377,0.0014044943821039946,0.4101123595506582,0.0,2.0,CANCEL,,,,clear,BTCUSDT|short|H:115149.2@20|SWH:115160.6,"v10_1_strict_cancel,weak_close_strength,body_not_aligned"
2025-08-24 03:10:00,CANCEL,SRR-1,long,bearish,lower_edge,L:114957.2@20,SWL:114902.0,114957.2,114888.77,115640.0,68.42999999999302,5.952650203727389,0.517233560090651,9.97807978956704,0.4948186528497536,0.4067357512952512,0.09844559585499521,0.0,2.0,CANCEL,,,,clear,BTCUSDT|long|L:114957.2@20|SWL:114902.0,"v10_1_strict_cancel,weak_close_strength,body_not_aligned"
2025-08-24 17:10:00,CANCEL,SRR-1,long,bearish,lower_edge,L:114222.0@20,SWL:114216.1,114222.0,114204.08785714286,114845.0,17.91214285713795,1.568186764120568,0.14911696497587534,34.780874905301225,0.30939226519337015,0.07790055248622,0.6127071823204099,0.0,3.0,CANCEL,,,,clear,BTCUSDT|long|L:114222.0@20|SWL:114216.1,"v10_1_strict_cancel,weak_close_strength,body_not_aligned,opposite_wick_high"
2025-08-25 06:05:00,CANCEL,SRR-1,long,bearish,lower_edge,L:112297.3@20,SWL:112278.0,112297.3,112265.84928571428,113621.3,31.450714285718277,2.8006652239829695,0.2588383986832347,42.097613045349064,0.0222222222221476,0.18717948717943744,0.8128205128205626,0.0,4.0,CANCEL,,,,clear,BTCUSDT|long|L:112297.3@20|SWL:112278.0,"v10_1_strict_cancel,weak_body_ratio,weak_close_strength,opposite_wick_high,weak_retest"
2025-08-25 11:05:00,CANCEL,SRR-1,long,bearish,lower_edge,L:110893.6@20,SWL:110891.0,110893.6,110870.63214285714,112435.1,22.967857142866706,2.0711616489018936,0.1127652112923504,67.11553413152237,0.42311886586684394,0.3173391494002917,0.2595419847328644,0.0,2.0,CANCEL,,,,clear,BTCUSDT|long|L:110893.6@20|SWL:110891.0,"v10_1_strict_cancel,weak_close_strength,body_not_aligned"
2025-08-25 14:40:00,CANCEL,SRR-1,short,bearish,upper_edge,H:112157.0@20,SWH:112191.9,112157.0,112227.18428571428,110532.2,70.18428571427648,6.257682152186353,0.19891088708042173,23.15048138574267,0.4551984877126434,0.40340264650282454,0.14139886578453206,0.0,2.0,CANCEL,,,,active,BTCUSDT|short|H:112157.0@20|SWH:112191.9,"v10_1_strict_cancel,weak_close_strength,body_not_aligned"
2025-08-26 05:35:00,CANCEL,SRR-1,short,bearish,upper_edge,H:110226.4@20,SWH:110248.0,110226.4,110260.11428571428,108559.7,33.71428571428987,3.0586398280529776,0.2783018867924919,49.43601694914636,0.3957485300768779,0.2659430122116751,0.338308457711447,0.0,2.0,CANCEL,,,,clear,BTCUSDT|short|H:110226.4@20|SWH:110248.0,"v10_1_strict_cancel,weak_close_strength,body_not_aligned"
2025-08-26 05:40:00,CANCEL,SRR-1,short,bearish,upper_edge,H:110226.4@20,SWH:110248.0,110226.4,110259.58928571429,108559.7,33.18928571429569,3.0110105849683646,0.28637904468422065,50.218013558577304,0.14285714285712559,0.2790697674419223,0.5780730897009521,0.0,4.0,CANCEL,,,,clear,BTCUSDT|short|H:110226.4@20|SWH:110248.0,"v10_1_strict_cancel,weak_body_ratio,weak_close_strength,body_not_aligned,opposite_wick_high"
2025-08-26 19:55:00,WATCH,SRR-1,short,bearish,upper_edge,H:111099.6@20,SWH:111106.5,111099.6,111123.74642857142,109400.0,24.146428571417346,2.1734037360546163,0.1400082832884013,70.38722082535466,0.22264728385620863,0.5424636572302659,0.23488905891352543,0.0,3.0,WATCH,,,,clear,BTCUSDT|short|H:111099.6@20|SWH:111106.5,"v10_1_watch_weak3,weak_body_ratio,weak_close_strength,body_not_aligned"
2025-08-27 07:50:00,CANCEL,SRR-1,long,bullish,lower_edge,L:110637.2@20,SWL:110633.5,110637.2,110622.63285714286,111700.4,14.567142857136787,1.3166586697003166,0.13404758774807393,72.98617240367835,0.07060755336622297,0.18719211822658804,0.742200328407189,0.0,4.0,CANCEL,,,,clear,BTCUSDT|long|L:110637.2@20|SWL:110633.5,"v10_1_strict_cancel,weak_body_ratio,weak_close_strength,body_not_aligned,opposite_wick_high"
2025-08-27 07:55:00,CANCEL,SRR-1,long,bullish,lower_edge,L:110637.2@20,SWL:110586.5,110637.2,110574.79142857144,111700.4,62.40857142856112,5.640830699670737,0.533016105417199,17.03612141189674,0.09475374732332341,0.3399357601713009,0.5653104925053757,0.0,4.0,CANCEL,,,,clear,BTCUSDT|long|L:110637.2@20|SWL:110586.5,"v10_1_strict_cancel,weak_body_ratio,weak_close_strength,body_not_aligned,opposite_wick_high"
2025-08-27 08:20:00,WATCH,SRR-1,long,bullish,lower_edge,L:110586.5@20,SWL:110545.0,110586.5,110532.74142857143,111700.4,53.75857142856694,4.861223696252883,0.4385386318610526,20.72041667774072,0.28956228956223345,0.5984848484848828,0.1119528619528837,0.0,3.0,WATCH,,,,clear,BTCUSDT|long|L:110586.5@20|SWL:110545.0,"v10_1_watch_weak3,weak_body_ratio,weak_close_strength,body_not_aligned"
2025-08-27 13:50:00,CANCEL,SRR-1,short,bullish,upper_edge,H:111772.8@20,SWH:111810.0,111772.8,111830.62928571428,110306.9,57.82928571428056,5.173824554299486,0.2803261659914553,25.34874816269803,0.34542102028270694,0.27064126203647665,0.3839377176808164,0.0,2.0,CANCEL,,,,clear,BTCUSDT|short|H:111772.8@20|SWH:111810.0,"v10_1_strict_cancel,weak_close_strength,body_not_aligned"
2025-08-28 03:25:00,CANCEL,SRR-1,short,bullish,upper_edge,H:111819.1@20,SWH:111888.0,111819.1,111899.70428571428,110811.0,80.60428571427474,7.208454165189555,0.6886732576588749,12.506779150348265,0.17369727047145148,0.3585607940445669,0.6414392059554331,0.0,3.0,CANCEL,,,,clear,BTCUSDT|short|H:111819.1@20|SWH:111888.0,"v10_1_strict_cancel,weak_body_ratio,weak_close_strength,opposite_wick_high"
2025-08-28 04:25:00,WATCH,SRR-1,short,bullish,upper_edge,H:112139.7@20,SWH:112163.9,112139.7,112173.68,110811.0,33.979999999995925,3.030149001646689,0.34744376278114514,39.10241318423062,0.3156028368794308,0.3156028368794308,0.6843971631205692,0.0,3.0,WATCH,,,,clear,BTCUSDT|short|H:112139.7@20|SWH:112163.9,"v10_1_watch_weak3,weak_close_strength,opposite_wick_high,weak_retest"
2025-08-28 07:25:00,CANCEL,SRR-1,short,bullish,upper_edge,H:113288.0@20,SWH:113318.2,113288.0,113330.32928571428,111352.3,42.32928571428056,3.7364315474084244,0.3489841587656386,45.72956919391043,0.1295754026354051,0.14568081991221,0.7247437774523849,0.0,4.0,CANCEL,,,,clear,BTCUSDT|short|H:113288.0@20|SWH:113318.2,"v10_1_strict_cancel,weak_body_ratio,weak_close_strength,body_not_aligned,opposite_wick_high"
2025-08-28 15:55:00,WATCH,SRR-1,long,bullish,lower_edge,L:112391.5@20,SWL:112344.4,112391.5,112323.97714285714,113429.0,67.52285714285972,6.007825960402675,0.33062395075547074,15.365167350737789,0.1401401401401279,0.5245245245245661,0.4754754754754339,0.0,4.0,WATCH,,,,clear,BTCUSDT|long|L:112391.5@20|SWL:112344.4,"v10_1_watch_weak3,weak_body_ratio,weak_close_strength,opposite_wick_high,weak_retest"
2025-08-28 17:05:00,CANCEL,SRR-1,long,bullish,lower_edge,L:112274.4@20,SWL:112260.0,112274.4,112239.29428571429,113429.0,35.10571428570256,3.1267781689951195,0.16954601904230385,32.88923252218906,0.08782608695657236,0.2895652173913297,0.7104347826086703,0.0,4.0,CANCEL,,,,clear,BTCUSDT|long|L:112274.4@20|SWL:112260.0,"v10_1_strict_cancel,weak_body_ratio,weak_close_strength,opposite_wick_high,weak_retest"
2025-08-28 19:25:00,WATCH,SRR-1,long,bullish,lower_edge,L:112160.0@20,SWL:112127.0,112160.0,112113.01357142857,113270.4,46.986428571428405,4.1892322192785665,0.3359430059751803,23.63235584743311,0.08105263157906992,0.5831578947367808,0.33578947368414924,0.0,3.0,WATCH,,,,clear,BTCUSDT|long|L:112160.0@20|SWL:112127.0,"v10_1_watch_weak3,weak_body_ratio,weak_close_strength,body_not_aligned"
2025-08-29 02:55:00,CANCEL,SRR-1,long,bearish,lower_edge,L:111350.1@20,SWL:111311.0,111350.1,111295.88642857142,112585.7,54.213571428583236,4.86874923584112,0.35870787844423996,22.791341124383866,0.26349614395885906,0.23007712082253867,0.5064267352186023,0.0,4.0,CANCEL,,,,clear,BTCUSDT|long|L:111350.1@20|SWL:111311.0,"v10_1_strict_cancel,weak_body_ratio,weak_close_strength,body_not_aligned,opposite_wick_high"
2025-08-29 05:35:00,CANCEL,SRR-1,long,bearish,lower_edge,L:111200.0@20,SWL:111180.9,111200.0,111170.88285714285,112562.8,29.11714285715425,2.6184480986649508,0.2906731317742135,46.8040427828294,0.5545134818288546,0.44548651817114543,0.0,0.0,2.0,CANCEL,,,,clear,BTCUSDT|long|L:111200.0@20|SWL:111180.9,"v10_1_strict_cancel,weak_close_strength,body_not_aligned"
2025-08-29 05:55:00,CANCEL,SRR-1,long,bearish,lower_edge,L:111119.7@20,SWL:111088.5,111119.7,111078.46857142857,112233.0,41.23142857142375,3.710541746551129,0.4110225007119972,27.00124731481163,0.5722983257229864,0.42770167427701355,0.0,0.0,2.0,CANCEL,,,,clear,BTCUSDT|long|L:111119.7@20|SWL:111088.5,"v10_1_strict_cancel,weak_close_strength,body_not_aligned"
2025-08-29 06:10:00,CANCEL,SRR-1,long,bearish,lower_edge,L:111088.5@20,SWL:111088.1,111088.5,111076.37071428572,112227.3,12.12928571428347,1.091857907369662,0.10341026734058277,93.88846357695655,0.8928818244645075,0.03662750518305781,0.07049067035243466,0.0,3.0,CANCEL,,,,clear,BTCUSDT|long|L:111088.5@20|SWL:111088.1,"v10_1_strict_cancel,weak_close_strength,body_not_aligned,weak_retest"
2025-08-29 06:40:00,CANCEL,SRR-1,long,bearish,lower_edge,L:110926.2@20,SWL:110850.0,110926.2,110838.98214285714,111797.2,87.21785714285215,7.862692235274638,0.7916045380874824,9.986487039843329,0.025423728813549307,0.38559322033897675,0.5889830508474739,0.0,4.0,CANCEL,,,,clear,BTCUSDT|long|L:110926.2@20|SWL:110850.0,"v10_1_strict_cancel,weak_body_ratio,weak_close_strength,body_not_aligned,opposite_wick_high"
2025-08-29 07:40:00,CANCEL,SRR-1,long,bearish,lower_edge,L:110064.0@20,SWL:110024.3,110064.0,109999.92571428572,111797.2,64.0742857142759,5.821547982471644,0.2628765678114689,27.049852849375362,0.4949765572671985,0.353650368385813,0.1513730743469885,0.0,3.0,CANCEL,,,,clear,BTCUSDT|long|L:110064.0@20|SWL:110024.3,"v10_1_strict_cancel,weak_close_strength,body_not_aligned,weak_retest"
2025-08-29 07:55:00,CANCEL,SRR-1,long,bearish,lower_edge,L:110024.3@20,SWL:109955.1,110024.3,109932.3742857143,111797.2,91.92571428570955,8.355037413163233,0.4045008800603217,19.28622490209579,0.05321683876101014,0.25814138204922754,0.6886417791897623,0.0,5.0,CANCEL,,,,clear,BTCUSDT|long|L:110024.3@20|SWL:109955.1,"v10_1_strict_cancel,weak_body_ratio,weak_close_strength,body_not_aligned,opposite_wick_high,weak_retest"
2025-08-29 19:05:00,CANCEL,SRR-1,long,bearish,lower_edge,L:108034.1@20,SWL:107869.6,108034.1,107854.41,109490.5,179.69000000000233,16.632711338364675,1.1829493087557805,8.105069842506401,0.1437889960294905,0.4880884855360055,0.36812251843450405,0.0,4.0,CANCEL,,,,clear,BTCUSDT|long|L:108034.1@20|SWL:107869.6,"v10_1_strict_cancel,weak_body_ratio,weak_close_strength,body_not_aligned,weak_retest"
2025-08-29 20:55:00,WATCH,SRR-1,long,bearish,lower_edge,L:107613.6@20,SWL:107468.1,107613.6,107447.44,108777.0,166.1600000000035,15.440427603946292,0.8042594385285761,7.001685122773049,0.2659423712800438,0.5347189418989391,0.1993386868210171,0.0,4.0,WATCH,,,,clear,BTCUSDT|long|L:107613.6@20|SWL:107468.1,"v10_1_watch_weak3,weak_body_ratio,weak_close_strength,body_not_aligned,weak_retest"
2025-08-30 08:10:00,CANCEL,SRR-1,short,bearish,upper_edge,H:108615.3@20,SWH:108639.7,108615.3,108647.52642857142,107723.7,32.22642857141909,2.9670247719629823,0.41176416902424795,27.666733160457817,0.4504331087583732,0.4225216554379292,0.1270452358036976,0.0,2.0,CANCEL,,,,clear,BTCUSDT|short|H:108615.3@20|SWH:108639.7,"v10_1_strict_cancel,weak_close_strength,body_not_aligned"
2025-08-30 14:50:00,CANCEL,SRR-1,short,bearish,upper_edge,H:108668.8@20,SWH:108678.9,108668.8,108686.59214285713,108155.0,17.792142857128056,1.6372816169064215,0.23130281363152952,28.877915612854892,0.8079534432590685,0.1920465567409315,0.0,0.0,2.0,CANCEL,,,,clear,BTCUSDT|short|H:108668.8@20|SWH:108678.9,"v10_1_strict_cancel,weak_close_strength,body_not_aligned"
2025-08-30 14:55:00,CANCEL,SRR-1,short,bearish,upper_edge,H:108668.8@20,SWH:108678.9,108668.8,108686.18214285714,108155.0,17.382142857139115,1.5995522962560658,0.2386954389406058,29.559071296493073,0.1129848229341781,0.042158516020234016,0.8448566610455879,0.0,5.0,CANCEL,,,,clear,BTCUSDT|short|H:108668.8@20|SWH:108678.9,"v10_1_strict_cancel,weak_body_ratio,weak_close_strength,body_not_aligned,opposite_wick_high,weak_retest"
2025-08-31 01:35:00,CANCEL,SRR-1,short,bullish,upper_edge,H:109355.0@20,SWH:109398.5,109355.0,109412.64642857143,108412.2,57.6464285714319,5.271494542675863,0.4074981065387794,16.35487268446723,0.48823948681395996,0.3563791874554452,0.15538132573059485,0.0,3.0,CANCEL,,,,clear,BTCUSDT|short|H:109355.0@20|SWH:109398.5,"v10_1_strict_cancel,weak_close_strength,body_not_aligned,weak_retest"
2025-08-31 10:20:00,CANCEL,SRR-1,long,bullish,lower_edge,L:108313.3@20,SWL:108312.5,108313.3,108300.74142857143,109067.2,12.558571428569849,1.159467159487325,0.1068035475640728,60.030713229446285,0.5290780141843352,0.1262411347517937,0.3446808510638711,0.0,2.0,CANCEL,,,,clear,BTCUSDT|long|L:108313.3@20|SWL:108312.5,"v10_1_strict_cancel,weak_close_strength,body_not_aligned"
2025-08-31 13:05:00,CANCEL,SRR-1,long,bearish,lower_edge,L:108251.3@20,SWL:108240.0,108251.3,108231.67357142858,109067.2,19.626428571427823,1.8130432217837404,0.23571244745645553,41.57149616042637,0.17581653926340468,0.09867963863792678,0.7255038220986685,0.0,5.0,CANCEL,,,,clear,BTCUSDT|long|L:108251.3@20|SWL:108240.0,"v10_1_strict_cancel,weak_body_ratio,weak_close_strength,body_not_aligned,opposite_wick_high,weak_retest"
2025-08-31 13:25:00,CANCEL,SRR-1,long,bearish,lower_edge,L:108155.0@20,SWL:108153.8,108155.0,108143.89071428572,109067.2,11.109285714279395,1.0271633964476348,0.11210985367253862,82.11148974479023,0.4994252873562884,0.0,0.5005747126437116,0.0,3.0,CANCEL,,,,clear,BTCUSDT|long|L:108155.0@20|SWL:108153.8,"v10_1_strict_cancel,weak_close_strength,body_not_aligned,opposite_wick_high"
2025-08-31 17:35:00,CANCEL,SRR-1,short,bearish,upper_edge,H:108930.0@20,SWH:108940.0,108930.0,108948.40142857142,108153.8,18.401428571422002,1.6892893207951898,0.21902737629646785,42.18150764693672,0.06794682422460883,0.45790251107830626,0.4741506646970849,0.0,4.0,CANCEL,,,,clear,BTCUSDT|short|H:108930.0@20|SWH:108940.0,"v10_1_strict_cancel,weak_body_ratio,weak_close_strength,body_not_aligned,opposite_wick_high"
2025-08-31 17:40:00,CANCEL,SRR-1,short,bearish,upper_edge,H:108930.0@20,SWH:108940.0,108930.0,108948.685,108153.8,18.68499999999767,1.715321766271704,0.21514104778350648,41.54134332352656,0.10655737704918032,0.26311475409840834,0.7368852459015917,0.0,3.0,CANCEL,,,,clear,BTCUSDT|short|H:108930.0@20|SWH:108940.0,"v10_1_strict_cancel,weak_body_ratio,weak_close_strength,opposite_wick_high"
2025-08-31 17:55:00,CANCEL,SRR-1,short,bearish,upper_edge,H:108940.0@20,SWH:108948.1,108940.0,108955.53857142858,108153.8,15.538571428580326,1.4263421542665988,0.20889187632045877,50.596671876407356,0.31879699248137805,0.2240601503758523,0.4571428571427696,0.0,3.0,CANCEL,,,,clear,BTCUSDT|short|H:108940.0@20|SWH:108948.1,"v10_1_strict_cancel,weak_close_strength,body_not_aligned,opposite_wick_high"
2025-08-31 18:10:00,CANCEL,SRR-1,short,bullish,upper_edge,H:108948.1@20,SWH:108965.0,108948.1,108971.65785714285,108153.8,23.55785714284866,2.1623008701251933,0.35383542538341844,33.71698856918846,0.8136200716844411,0.0017921146954447231,0.18458781362011423,0.0,2.0,CANCEL,,,,clear,BTCUSDT|short|H:108948.1@20|SWH:108965.0,"v10_1_strict_cancel,weak_close_strength,body_not_aligned"
2025-09-01 02:35:00,CANCEL,SRR-1,long,bearish,lower_edge,L:107512.9@20,SWL:107489.3,107512.9,107470.28071428572,109192.3,42.619285714274156,3.9641090245239554,0.2240845758064492,39.404696063161374,0.6721132897603489,0.21895424836600763,0.10893246187364353,0.0,3.0,CANCEL,,,,clear,BTCUSDT|long|L:107512.9@20|SWL:107489.3,"v10_1_strict_cancel,weak_close_strength,body_not_aligned,weak_retest"
2025-09-01 02:40:00,CANCEL,SRR-1,long,bearish,lower_edge,L:107512.9@20,SWL:107469.0,107512.9,107449.89714285714,109192.3,63.002857142855646,5.860027693686586,0.32980855518993846,26.65593397124924,0.1412803532009174,0.474613686534224,0.525386313465776,0.0,3.0,CANCEL,,,,clear,BTCUSDT|long|L:107512.9@20|SWL:107469.0,"v10_1_strict_cancel,weak_body_ratio,weak_close_strength,opposite_wick_high"
2025-09-01 03:35:00,CANCEL,SRR-1,long,bearish,lower_edge,L:107380.0@20,SWL:107366.4,107380.0,107350.28928571429,109126.3,29.71071428571304,2.7668759811615793,0.184415872312117,58.77677605481684,0.5415162454873647,0.16823104693142896,0.2902527075812064,0.0,3.0,CANCEL,,,,clear,BTCUSDT|long|L:107380.0@20|SWL:107366.4,"v10_1_strict_cancel,weak_close_strength,body_not_aligned,weak_retest"
2025-09-01 04:35:00,CANCEL,SRR-1,long,bearish,lower_edge,L:107300.0@20,SWL:107248.0,107300.0,107233.23714285715,108447.6,66.76285714285041,6.22207429103918,0.45223533965545987,17.189198442249435,0.6599999999999694,0.3400000000000306,0.0,0.0,3.0,CANCEL,,,,clear,BTCUSDT|long|L:107300.0@20|SWL:107248.0,"v10_1_strict_cancel,weak_close_strength,body_not_aligned,weak_retest"
2025-09-01 07:50:00,CANCEL,SRR-1,short,bearish,upper_edge,H:108924.5@20,SWH:108955.0,108924.5,108973.08214285714,107211.5,48.582142857136205,4.4601667078697815,0.26867469879514394,35.25986914651663,0.8138784292630857,0.18558364712211448,0.0005379236147997417,0.0,3.0,CANCEL,,,,clear,BTCUSDT|short|H:108924.5@20|SWH:108955.0,"v10_1_strict_cancel,weak_close_strength,body_not_aligned,weak_retest"
2025-09-02 03:25:00,CANCEL,SRR-1,short,bullish,upper_edge,H:110393.5@20,SWH:110597.9,110393.5,110620.27928571428,107848.3,226.77928571427765,20.542811462113047,1.0133446107688586,11.223247273151436,0.1388499298738017,0.26367461430570527,0.597475455820493,0.0,4.0,CANCEL,,,,clear,BTCUSDT|short|H:110393.5@20|SWH:110597.9,"v10_1_strict_cancel,weak_body_ratio,weak_close_strength,body_not_aligned,opposite_wick_high"
2025-09-02 14:10:00,CANCEL,SRR-1,short,bullish,upper_edge,H:111243.9@20,SWH:111494.9,111243.9,111534.76142857142,108333.0,290.8614285714284,26.146281150825207,0.729681396265639,10.007858430376748,0.25825471698115143,0.0002948113207289791,0.7414504716981196,0.0,4.0,CANCEL,,,,clear,BTCUSDT|short|H:111243.9@20|SWH:111494.9,"v10_1_strict_cancel,weak_body_ratio,weak_close_strength,body_not_aligned,opposite_wick_high"
2025-09-03 08:25:00,WATCH,SRR-1,short,bullish,upper_edge,H:111211.0@20,SWH:111221.0,111211.0,111234.00785714286,110486.9,23.007857142860303,2.068847249180414,0.17687661303610364,31.4718574400009,0.2672018348624276,0.2683486238531532,0.7316513761468468,0.0,3.0,WATCH,,,,clear,BTCUSDT|short|H:111211.0@20|SWH:111221.0,"v10_1_watch_weak3,weak_body_ratio,weak_close_strength,opposite_wick_high"
2025-09-03 10:10:00,CANCEL,SRR-1,short,bullish,upper_edge,H:111283.6@20,SWH:111325.0,111283.6,111338.21928571428,110486.9,54.619285714274156,4.908116354456016,0.41317879721177575,14.586422901385596,0.37427864798015736,0.21846661170650752,0.4072547403133351,0.0,2.0,CANCEL,,,,clear,BTCUSDT|short|H:111283.6@20|SWH:111325.0,"v10_1_strict_cancel,weak_close_strength,body_not_aligned"
2025-09-04 02:40:00,CANCEL,SRR-1,long,bullish,lower_edge,L:111367.4@20,SWL:111344.9,111367.4,111331.34,112136.8,36.05999999999767,3.237931387461472,0.26592920353980665,21.336661120356585,0.01680672268910189,0.47245564892626585,0.5275443510737342,0.0,3.0,CANCEL,,,,clear,BTCUSDT|long|L:111367.4@20|SWL:111344.9,"v10_1_strict_cancel,weak_body_ratio,weak_close_strength,opposite_wick_high"
2025-09-04 05:25:00,CANCEL,SRR-1,long,bearish,lower_edge,L:110630.0@20,SWL:110568.2,110630.0,110555.72785714286,112136.8,74.27214285713853,6.71356258312741,0.5955042666513678,20.28755253363717,0.3971596474045396,0.3805093046033212,0.2223310479921392,0.0,2.0,CANCEL,,,,clear,BTCUSDT|long|L:110630.0@20|SWL:110568.2,"v10_1_strict_cancel,weak_close_strength,body_not_aligned"
2025-09-04 05:35:00,CANCEL,SRR-1,long,bearish,lower_edge,L:110568.2@20,SWL:110517.2,110568.2,110502.80142857143,112136.8,65.39857142856636,5.914772188438119,0.45420180573466334,23.985233403964465,0.5543945912722922,0.20897357098954572,0.23663183773816207,0.0,2.0,CANCEL,,,,clear,BTCUSDT|long|L:110568.2@20|SWL:110517.2,"v10_1_strict_cancel,weak_close_strength,body_not_aligned"
2025-09-04 05:40:00,CANCEL,SRR-1,long,bearish,lower_edge,L:110568.2@20,SWL:110517.2,110568.2,110502.35285714286,112136.8,65.84714285713562,5.95534184848226,0.44350043298369224,23.821838457035227,0.2138888888889091,0.3159722222222222,0.6840277777777778,0.0,3.0,CANCEL,,,,clear,BTCUSDT|long|L:110568.2@20|SWL:110517.2,"v10_1_strict_cancel,weak_body_ratio,weak_close_strength,opposite_wick_high"
2025-09-04 15:10:00,WATCH,SRR-1,long,bearish,lower_edge,L:109655.4@20,SWL:109603.7,109655.4,109580.92857142857,111111.0,74.47142857142899,6.791405491332756,0.3270388958594748,19.54575100709761,0.10487641950566062,0.5103540414162339,0.38476953907810546,0.0,3.0,WATCH,,,,clear,BTCUSDT|long|L:109655.4@20|SWL:109603.7,"v10_1_watch_weak3,weak_body_ratio,weak_close_strength,body_not_aligned"
2025-09-04 22:10:00,WATCH,SRR-1,short,bearish,upper_edge,H:110500.0@20,SWH:110544.0,110500.0,110550.80285714286,109372.5,50.80285714285856,4.597543632837879,0.7467870642587174,22.193633653899614,0.07407407407400014,0.6625514403293109,0.2633744855966889,0.0,3.0,WATCH,,,,clear,BTCUSDT|short|H:110500.0@20|SWH:110544.0,"v10_1_watch_weak3,weak_body_ratio,body_not_aligned,weak_retest"
2025-09-05 05:25:00,WATCH,SRR-1,short,bullish,upper_edge,H:111519.5@20,SWH:111545.0,111519.5,111552.10357142857,110394.2,32.6035714285681,2.9235758256240483,0.4589743589743054,34.514623726589214,0.2373225152129087,0.5273833671399283,0.4726166328600717,0.0,3.0,WATCH,,,,clear,BTCUSDT|short|H:111519.5@20|SWH:111545.0,"v10_1_watch_weak3,weak_body_ratio,weak_close_strength,opposite_wick_high"
2025-09-05 07:50:00,WATCH,SRR-1,short,bullish,upper_edge,H:112854.4@20,SWH:112900.0,112854.4,112920.29214285714,111040.5,65.89214285714843,5.838686206044995,0.32471751909608754,27.528320090188263,0.27090909090911736,0.515454545454519,0.21363636363636362,0.0,3.0,WATCH,,,,clear,BTCUSDT|short|H:112854.4@20|SWH:112900.0,"v10_1_watch_weak3,weak_body_ratio,weak_close_strength,body_not_aligned"
2025-09-05 14:35:00,WATCH,SRR-1,long,bullish,lower_edge,L:110866.2@20,SWL:110666.3,110866.2,110624.07,113344.3,242.1299999999901,21.839839373947164,0.5733601704948857,10.234584727213097,0.1334240980258424,0.5305196278647707,0.3360562741093869,0.0,4.0,WATCH,,,,clear,BTCUSDT|long|L:110866.2@20|SWL:110666.3,"v10_1_watch_weak3,weak_body_ratio,weak_close_strength,body_not_aligned,weak_retest"
2025-09-07 08:40:00,CANCEL,SRR-1,short,bullish,upper_edge,H:111277.2@20,SWH:111348.0,111277.2,111359.95071428572,110414.4,82.75071428572119,7.436448282821745,0.6924332078178604,10.42649610275184,0.06805708013168708,0.20526893523595932,0.7266739846323536,0.0,4.0,CANCEL,,,,clear,BTCUSDT|short|H:111277.2@20|SWH:111348.0,"v10_1_strict_cancel,weak_body_ratio,weak_close_strength,body_not_aligned,opposite_wick_high"
2025-09-07 18:40:00,CANCEL,SRR-1,long,bullish,lower_edge,L:110850.0@20,SWL:110839.9,110850.0,110833.66428571429,111371.4,16.33571428571304,1.4736774276691962,0.26197021764030076,31.917796239617296,0.735202492211886,0.26479750778811395,0.0,0.0,2.0,CANCEL,,,,clear,BTCUSDT|long|L:110850.0@20|SWL:110839.9,"v10_1_strict_cancel,weak_close_strength,body_not_aligned"
2025-09-08 01:05:00,WATCH,SRR-1,long,bullish,lower_edge,L:110683.8@20,SWL:110680.0,110683.8,110663.51357142857,111559.5,20.286428571431316,1.832827258499556,0.12304926129718793,43.16678990175804,0.011727078891242118,0.5559701492537296,0.4323027718550283,0.0,3.0,WATCH,,,,clear,BTCUSDT|long|L:110683.8@20|SWL:110680.0,"v10_1_watch_weak3,weak_body_ratio,weak_close_strength,body_not_aligned"
2025-09-08 09:20:00,CANCEL,SRR-1,short,bullish,upper_edge,H:111980.3@20,SWH:112042.0,111980.3,112059.07214285714,110852.1,78.77214285713853,7.034464352849432,0.46140747249066716,14.322322068172056,0.22360248447203798,0.3938923395445495,0.3825051759834125,0.0,4.0,CANCEL,,,,clear,BTCUSDT|short|H:111980.3@20|SWH:112042.0,"v10_1_strict_cancel,weak_body_ratio,weak_close_strength,body_not_aligned,weak_retest"
2025-09-08 20:20:00,CANCEL,SRR-1,long,bullish,lower_edge,L:111927.0@20,SWL:111920.9,111927.0,111913.35928571428,112867.6,13.640714285720605,1.218715259563877,0.18089419342624705,68.95533329839232,0.7553488372092753,0.24372093023266644,0.0009302325580583149,0.0,2.0,CANCEL,,,,clear,BTCUSDT|long|L:111927.0@20|SWL:111920.9,"v10_1_strict_cancel,weak_close_strength,body_not_aligned"
2025-09-09 00:40:00,CANCEL,SRR-1,long,bullish,lower_edge,L:111554.8@20,SWL:111511.4,111554.8,111501.06928571429,112460.4,53.73071428571711,4.816530914466891,0.5201064786005933,16.854419525941815,0.02291666666663635,0.4697916666667273,0.5072916666666364,0.0,4.0,CANCEL,,,,clear,BTCUSDT|long|L:111554.8@20|SWL:111511.4,"v10_1_strict_cancel,weak_body_ratio,weak_close_strength,body_not_aligned,opposite_wick_high"
2025-09-09 00:55:00,CANCEL,SRR-1,long,bullish,lower_edge,L:111511.4@20,SWL:111409.0,111511.4,111395.87642857143,112460.4,115.52357142856636,10.359799215915714,0.880275404125572,8.214773732015471,0.8138888888888889,0.18555555555552322,0.0005555555555878932,0.0,2.0,CANCEL,,,,clear,BTCUSDT|long|L:111511.4@20|SWL:111409.0,"v10_1_strict_cancel,weak_close_strength,body_not_aligned"
2025-09-09 06:25:00,CANCEL,SRR-1,short,bullish,upper_edge,H:112748.6@20,SWH:112800.0,112748.6,112814.0,111050.0,65.39999999999418,5.800515483118565,0.46714285714281556,25.972477064222584,0.018628912071535428,0.18479880774965313,0.7965722801788114,0.0,4.0,CANCEL,,,,clear,BTCUSDT|short|H:112748.6@20|SWH:112800.0,"v10_1_strict_cancel,weak_body_ratio,weak_close_strength,body_not_aligned,opposite_wick_high"
2025-09-09 07:20:00,CANCEL,SRR-1,short,bullish,upper_edge,H:113150.0@20,SWH:113187.7,113150.0,113206.87928571428,111050.0,56.87928571428347,5.026892241651212,0.29656623589436937,36.9202948600434,0.8099246787771611,0.19007532122283888,0.0,0.0,3.0,CANCEL,,,,clear,BTCUSDT|short|H:113150.0@20|SWH:113187.7,"v10_1_strict_cancel,weak_close_strength,body_not_aligned,weak_retest"
2025-09-09 11:35:00,CANCEL,SRR-1,long,bullish,lower_edge,L:112573.0@20,SWL:112568.6,112573.0,112558.43142857144,113238.0,14.56857142856461,1.2941443710805087,0.14327058162398554,45.64620513828377,0.8237663645519889,0.08459214501505703,0.09164149043295404,0.0,3.0,CANCEL,,,,clear,BTCUSDT|long|L:112573.0@20|SWL:112568.6,"v10_1_strict_cancel,weak_close_strength,body_not_aligned,weak_retest"
2025-09-09 15:10:00,CANCEL,SRR-1,long,bullish,lower_edge,L:111452.4@20,SWL:111450.9,111452.4,111417.46428571428,113011.8,34.93571428571886,3.1345860910773444,0.10448622089298559,44.636270701282484,0.8626220362621309,0.1373779637378692,0.0,0.0,3.0,CANCEL,,,,clear,BTCUSDT|long|L:111452.4@20|SWL:111450.9,"v10_1_strict_cancel,weak_close_strength,body_not_aligned,weak_retest"
2025-09-09 15:35:00,WATCH,SRR-1,long,bullish,lower_edge,L:111240.1@20,SWL:111061.2,111240.1,111035.25928571429,112900.0,204.8407142857177,18.41428713977403,0.7896494754522781,8.103369517081052,0.10009532888465066,0.8994280266920613,0.0004766444232879856,0.0,3.0,WATCH,,,,clear,BTCUSDT|long|L:111240.1@20|SWL:111061.2,"v10_1_watch_weak3,weak_body_ratio,body_not_aligned,weak_retest"
2025-09-10 01:40:00,CANCEL,SRR-1,long,bearish,lower_edge,L:110873.8@20,SWL:110855.8,110873.8,110842.39214285715,111692.3,31.407857142854482,2.8327573459964825,0.23424964040273197,26.060357963205227,0.6039102099927549,0.0919623461259804,0.3041274438812647,0.0,2.0,CANCEL,,,,clear,BTCUSDT|long|L:110873.8@20|SWL:110855.8,"v10_1_strict_cancel,weak_close_strength,body_not_aligned"
2025-09-10 13:05:00,WATCH,SRR-1,short,bullish,upper_edge,H:113530.0@20,SWH:113671.6,113530.0,113700.56285714287,112060.0,170.56285714286787,15.023593512099698,0.588902042024302,8.618523543896137,0.361288265306125,0.5430484693877543,0.09566326530612067,0.0,3.0,WATCH,,,,clear,BTCUSDT|short|H:113530.0@20|SWH:113671.6,"v10_1_watch_weak3,weak_close_strength,body_not_aligned,weak_retest"
2025-09-11 09:40:00,CANCEL,SRR-1,long,bullish,lower_edge,L:113806.1@20,SWL:113801.3,113806.1,113794.51928571428,114419.9,11.580714285722934,1.0175829138967887,0.1707890024229623,53.00191204584851,0.5822368421053788,0.0065789473683250015,0.4111842105262961,0.0,2.0,CANCEL,,,,clear,BTCUSDT|long|L:113806.1@20|SWL:113801.3,"v10_1_strict_cancel,weak_close_strength,body_not_aligned"
2025-09-11 09:55:00,CANCEL,SRR-1,long,bullish,lower_edge,L:113800.0@20,SWL:113722.2,113800.0,113714.96928571428,114419.9,85.03071428572002,7.471943258850617,1.1759656228391384,7.2903068639057595,0.593147751606282,0.07066381156292428,0.33618843683079375,0.0,3.0,CANCEL,,,,clear,BTCUSDT|long|L:113800.0@20|SWL:113722.2,"v10_1_strict_cancel,weak_close_strength,body_not_aligned,weak_retest"
2025-09-11 22:40:00,CANCEL,SRR-1,short,bullish,upper_edge,H:115148.3@20,SWH:115155.1,115148.3,115166.33285714286,114008.5,18.032857142854482,1.566055004099451,0.16053669083044755,63.2068446486667,0.4024810475533552,0.20744314266026612,0.3900758097863787,0.0,2.0,CANCEL,,,,clear,BTCUSDT|short|H:115148.3@20|SWH:115155.1,"v10_1_strict_cancel,weak_close_strength,body_not_aligned"
2025-09-12 00:35:00,CANCEL,SRR-1,short,bullish,upper_edge,H:115850.0@20,SWH:115871.0,115850.0,115883.67785714286,114195.0,33.67785714285856,2.9070226277823528,0.26564313482450486,49.14208148634972,0.7849961330239575,0.21500386697604243,0.0,0.0,3.0,CANCEL,,,,clear,BTCUSDT|short|H:115850.0@20|SWH:115871.0,"v10_1_strict_cancel,weak_close_strength,body_not_aligned,weak_retest"
2025-09-12 18:55:00,CANCEL,SRR-1,short,bullish,upper_edge,H:116421.8@20,SWH:116444.0,116421.8,116456.46285714286,114818.7,34.66285714285914,2.977351075387869,0.2781292984869482,46.2483514671917,0.3680608365019675,0.12851711026611543,0.503422053231917,0.0,3.0,CANCEL,,,,active,BTCUSDT|short|H:116421.8@20|SWH:116444.0,"v10_1_strict_cancel,weak_close_strength,body_not_aligned,opposite_wick_high"
2025-09-12 19:40:00,CANCEL,SRR-1,short,bullish,upper_edge,H:116479.5@20,SWH:116480.0,116479.5,116491.80642857144,114818.7,12.30642857143539,1.056531713429006,0.1042349809426448,134.95385686915756,0.8568075117369721,0.12676056338012773,0.01643192488290014,0.0,3.0,CANCEL,,,,clear,BTCUSDT|short|H:116479.5@20|SWH:116480.0,"v10_1_strict_cancel,weak_close_strength,body_not_aligned,weak_retest"
2025-09-13 20:05:00,CANCEL,SRR-1,short,bearish,upper_edge,H:115885.3@20,SWH:115899.0,115885.3,115905.015,115032.0,19.714999999996508,1.7012511509222057,0.32776392352445605,43.28176515344428,0.7164276401565378,0.24576271186439713,0.037809647979065046,0.0,2.0,CANCEL,,,,clear,BTCUSDT|short|H:115885.3@20|SWH:115899.0,"v10_1_strict_cancel,weak_close_strength,body_not_aligned"
2025-09-14 00:20:00,CANCEL,SRR-1,short,bullish,upper_edge,H:115953.4@20,SWH:115960.3,115953.4,115964.455,115519.6,11.055000000007567,0.9534002452715977,0.26606498194964195,39.24016282222446,0.18894830659519019,0.42067736185389254,0.3903743315509173,0.0,3.0,CANCEL,,,,clear,BTCUSDT|short|H:115953.4@20|SWH:115960.3,"v10_1_strict_cancel,weak_body_ratio,weak_close_strength,body_not_aligned"
2025-09-14 00:25:00,CANCEL,SRR-1,short,bullish,upper_edge,H:115953.4@20,SWH:115960.3,115953.4,115965.02857142857,115519.6,11.628571428576834,1.0028659296387026,0.2459214501511717,37.304668304649965,0.15411355735808183,0.15411355735808183,0.8458864426419181,0.0,3.0,CANCEL,,,,clear,BTCUSDT|short|H:115953.4@20|SWH:115960.3,"v10_1_strict_cancel,weak_body_ratio,weak_close_strength,opposite_wick_high"
2025-09-14 01:25:00,CANCEL,SRR-1,long,bullish,lower_edge,L:115702.0@20,SWL:115683.1,115702.0,115676.00642857143,115960.3,25.99357142856752,2.246596552226195,0.3664384251333688,9.937072353055934,0.5768442622951634,0.42213114754099157,0.0010245901638450594,0.0,2.0,CANCEL,,,,clear,BTCUSDT|long|L:115702.0@20|SWL:115683.1,"v10_1_strict_cancel,weak_close_strength,body_not_aligned"
2025-09-14 23:35:00,WATCH,SRR-1,long,bullish,lower_edge,L:115275.5@20,SWL:115268.0,115275.5,115255.98285714285,116050.0,19.51714285714843,1.6930868100462309,0.16241084165482442,39.68306250913814,0.18584070796473526,0.5297092288241605,0.2844500632111042,0.0,3.0,WATCH,,,,clear,BTCUSDT|long|L:115275.5@20|SWL:115268.0,"v10_1_watch_weak3,weak_body_ratio,weak_close_strength,body_not_aligned"
2025-09-15 06:05:00,CANCEL,SRR-1,short,bullish,upper_edge,H:116547.9@20,SWH:116548.9,116547.9,116559.41857142857,114777.0,11.518571428576251,0.9883122242937241,0.10950699443166621,153.74302368838855,0.22692036645523897,0.2995066948555444,0.4735729386892167,0.0,4.0,CANCEL,,,,clear,BTCUSDT|short|H:116547.9@20|SWH:116548.9,"v10_1_strict_cancel,weak_body_ratio,weak_close_strength,body_not_aligned,opposite_wick_high"
2025-09-15 09:10:00,CANCEL,SRR-1,long,bearish,lower_edge,L:114650.0@20,SWL:114588.0,114650.0,114566.66214285714,116759.9,83.33785714286205,7.268892903869346,0.3905633849965077,25.317425625464487,0.1047538914598001,0.0525872949095505,0.8426588136306494,0.0,4.0,CANCEL,,,,clear,BTCUSDT|long|L:114650.0@20|SWL:114588.0,"v10_1_strict_cancel,weak_body_ratio,weak_close_strength,body_not_aligned,opposite_wick_high"
2025-09-15 13:10:00,CANCEL,SRR-1,long,bearish,lower_edge,L:114588.0@20,SWL:114560.2,114588.0,114548.50857142857,115769.6,39.49142857143306,3.446384313491208,0.33778103616817373,29.92041672695377,0.612691466083125,0.36761487964993866,0.01969365426693636,0.0,2.0,CANCEL,,,,clear,BTCUSDT|long|L:114588.0@20|SWL:114560.2,"v10_1_strict_cancel,weak_close_strength,body_not_aligned"
2025-09-16 06:10:00,CANCEL,SRR-1,short,bullish,upper_edge,H:115912.2@20,SWH:115961.1,115912.2,115974.0192857143,114867.0,61.81928571430035,5.333285513888991,0.47850389782728275,16.907345141941946,0.17626827171108758,0.0,0.8237317282889124,0.0,4.0,CANCEL,,,,clear,BTCUSDT|short|H:115912.2@20|SWH:115961.1,"v10_1_strict_cancel,weak_body_ratio,weak_close_strength,body_not_aligned,opposite_wick_high"
2025-09-16 10:10:00,CANCEL,SRR-1,long,bullish,lower_edge,L:115374.0@20,SWL:115333.3,115374.0,115325.78857142858,115968.0,48.211428571419674,4.178708250682101,0.6418410041839696,12.32073011734256,0.25441176470592514,0.3235294117647059,0.42205882352936896,0.0,3.0,CANCEL,,,,clear,BTCUSDT|long|L:115374.0@20|SWL:115333.3,"v10_1_strict_cancel,weak_body_ratio,weak_close_strength,body_not_aligned"
2025-09-16 16:10:00,CANCEL,SRR-1,short,bullish,upper_edge,H:115878.2@20,SWH:115990.0,115878.2,116004.24785714285,114600.0,126.0478571428539,10.877616078162578,0.8846794004110744,10.140592858721698,0.08223684210526906,0.10773026315783067,0.8922697368421694,0.0,3.0,CANCEL,,,,clear,BTCUSDT|short|H:115878.2@20|SWH:115990.0,"v10_1_strict_cancel,weak_body_ratio,weak_close_strength,opposite_wick_high"
2025-09-16 21:10:00,CANCEL,SRR-1,short,bullish,upper_edge,H:116879.7@20,SWH:116888.0,116879.7,116894.91,115549.9,15.210000000006403,1.301338042449322,0.22011577424031892,87.42932281390159,0.46432062561093496,0.09677419354832745,0.4389051808407376,0.0,3.0,CANCEL,,,,clear,BTCUSDT|short|H:116879.7@20|SWH:116888.0,"v10_1_strict_cancel,weak_close_strength,body_not_aligned,weak_retest"
2025-09-17 01:25:00,WATCH,SRR-1,long,bullish,lower_edge,L:116501.0@20,SWL:116450.0,116501.0,116440.7642857143,116910.8,60.23571428570722,5.170403197028971,0.6522041763340375,6.8032728566354965,0.29454545454546777,0.528181818181805,0.17727272727272728,0.0,3.0,WATCH,,,,clear,BTCUSDT|long|L:116501.0@20|SWL:116450.0,"v10_1_watch_weak3,weak_body_ratio,weak_close_strength,body_not_aligned"
2025-09-17 04:10:00,CANCEL,SRR-1,long,bullish,lower_edge,L:116317.0@20,SWL:116310.0,116317.0,116300.85071428571,117081.9,16.149285714287544,1.3883856800199061,0.1765087048169444,47.36432394178737,0.4249448123620036,0.07174392935981878,0.5033112582781776,0.0,3.0,CANCEL,,,,clear,BTCUSDT|long|L:116317.0@20|SWL:116310.0,"v10_1_strict_cancel,weak_close_strength,body_not_aligned,opposite_wick_high"
2025-09-17 10:20:00,CANCEL,SRR-1,long,bullish,lower_edge,L:116419.2@20,SWL:116419.0,116419.2,116412.04428571429,117266.4,7.155714285705471,0.614650700718221,0.10287533374396673,118.39488919958643,0.24207492795374305,0.115273775216148,0.6426512968301089,0.0,5.0,CANCEL,,,,clear,BTCUSDT|long|L:116419.2@20|SWL:116419.0,"v10_1_strict_cancel,weak_body_ratio,weak_close_strength,body_not_aligned,opposite_wick_high,weak_retest"
2025-09-17 10:50:00,CANCEL,SRR-1,long,bullish,lower_edge,L:116324.2@20,SWL:116307.0,116324.2,116300.23642857143,117266.4,23.963571428568684,2.0600675894240994,0.35430351673879357,39.31801245939214,0.5512820512820792,0.4487179487179208,0.0,0.0,3.0,CANCEL,,,,clear,BTCUSDT|long|L:116324.2@20|SWL:116307.0,"v10_1_strict_cancel,weak_close_strength,body_not_aligned,weak_retest"
2025-09-17 12:05:00,CANCEL,SRR-1,long,bullish,lower_edge,L:116197.0@20,SWL:116182.8,116197.0,116176.69,117233.5,20.30999999999767,1.7478936633473903,0.3324058919803299,51.03397341211811,0.034764826175813744,0.38854805725975994,0.6114519427402401,0.0,4.0,CANCEL,,,,clear,BTCUSDT|long|L:116197.0@20|SWL:116182.8,"v10_1_strict_cancel,weak_body_ratio,weak_close_strength,opposite_wick_high,weak_retest"
2025-09-17 13:55:00,WATCH,SRR-1,long,bullish,lower_edge,L:115901.4@20,SWL:115847.7,115901.4,115833.96642857142,116835.9,67.43357142856985,5.818184372973049,0.4910126384771345,13.858082557437802,0.2066481994459995,0.4886426592798429,0.5113573407201571,0.0,3.0,WATCH,,,,clear,BTCUSDT|long|L:115901.4@20|SWL:115847.7,"v10_1_watch_weak3,weak_body_ratio,weak_close_strength,opposite_wick_high"
2025-09-17 18:55:00,CANCEL,SRR-1,long,bearish,lower_edge,L:114811.2@20,SWL:114623.3,114811.2,114570.25785714286,116316.0,240.9421428571368,20.985944128894808,0.4542466233049082,6.245482762607671,0.6400966183574879,0.35990338164251207,0.0,0.0,2.0,CANCEL,,,,active,BTCUSDT|long|L:114811.2@20|SWL:114623.3,"v10_1_strict_cancel,weak_close_strength,body_not_aligned"
2025-09-17 23:05:00,CANCEL,SRR-1,short,bearish,upper_edge,H:116772.0@20,SWH:116832.9,116772.0,116848.85285714285,114623.3,76.85285714284691,6.581445649885839,0.4817497985134144,27.958622228008963,0.7292307692307692,0.27046153846152055,0.00030769230771021775,0.0,2.0,CANCEL,,,,clear,BTCUSDT|short|H:116772.0@20|SWH:116832.9,"v10_1_strict_cancel,weak_close_strength,body_not_aligned"
2025-09-18 03:40:00,CANCEL,SRR-1,short,bullish,upper_edge,H:117773.9@20,SWH:117800.0,117773.9,117819.07785714285,116033.5,45.17785714285856,3.8359820930493567,0.23680781758958577,38.52329681101544,0.8140994688556175,0.18590053114438254,0.0,0.0,2.0,CANCEL,,,,clear,BTCUSDT|short|H:117773.9@20|SWH:117800.0,"v10_1_strict_cancel,weak_close_strength,body_not_aligned"
2025-09-18 13:25:00,CANCEL,SRR-1,short,bullish,upper_edge,H:117381.9@20,SWH:117387.1,117381.9,117397.53285714287,116920.1,15.632857142874855,1.331794522228287,0.14984253046709758,29.540345426265706,0.511061946902652,0.35619469026552375,0.13274336283182422,0.0,2.0,CANCEL,,,,clear,BTCUSDT|short|H:117381.9@20|SWH:117387.1,"v10_1_strict_cancel,weak_close_strength,body_not_aligned"
2025-09-19 09:50:00,CANCEL,SRR-1,long,bearish,lower_edge,L:116567.3@20,SWL:116509.0,116567.3,116501.91,117050.6,65.38999999999942,5.609634949080867,0.9222849083215391,7.391038385074281,0.4250141482738682,0.43916242218453366,0.13582342954159815,0.0,2.0,CANCEL,,,,clear,BTCUSDT|long|L:116567.3@20|SWL:116509.0,"v10_1_strict_cancel,weak_close_strength,body_not_aligned"
2025-09-19 12:35:00,CANCEL,SRR-1,long,bearish,lower_edge,L:116131.2@20,SWL:116130.0,116131.2,116122.51357142857,117050.6,8.686428571425495,0.7479840535037523,0.11602900486590456,105.84326946800988,0.14423076923076922,0.28846153846153844,0.5673076923076923,0.0,4.0,CANCEL,,,,clear,BTCUSDT|long|L:116131.2@20|SWL:116130.0,"v10_1_strict_cancel,weak_body_ratio,weak_close_strength,body_not_aligned,opposite_wick_high"
2025-09-19 18:20:00,CANCEL,SRR-1,long,bearish,lower_edge,L:115349.3@20,SWL:115333.0,115349.3,115323.01571428572,116447.3,26.284285714282305,2.2786688531514545,0.2632565460008183,41.774009457041124,0.472545757071462,0.3502495840266792,0.1772046589018588,0.0,2.0,CANCEL,,,,clear,BTCUSDT|long|L:115349.3@20|SWL:115333.0,"v10_1_strict_cancel,weak_close_strength,body_not_aligned"
2025-09-20 17:55:00,CANCEL,SRR-1,long,bullish,lower_edge,L:115760.0@20,SWL:115757.0,115760.0,115753.19214285714,116059.2,6.807857142863213,0.5881009971374579,0.1787844682049873,43.94921834011357,0.638009049773851,0.17647058823498427,0.18552036199116476,0.0,3.0,CANCEL,,,,clear,BTCUSDT|long|L:115760.0@20|SWL:115757.0,"v10_1_strict_cancel,weak_close_strength,body_not_aligned,weak_retest"
2025-09-20 20:10:00,CANCEL,SRR-1,long,bearish,lower_edge,L:115636.6@20,SWL:115631.1,115636.6,115628.16642857144,116059.2,8.433571428569849,0.729316793175331,0.2874847820792943,50.1092572203014,0.5932203389830091,0.004842615012388074,0.4019370460046029,0.0,2.0,CANCEL,,,,clear,BTCUSDT|long|L:115636.6@20|SWL:115631.1,"v10_1_strict_cancel,weak_close_strength,body_not_aligned"
2025-09-21 22:20:00,CANCEL,SRR-1,long,bearish,lower_edge,L:115163.5@20,SWL:115157.6,115163.5,115151.31142857144,115620.0,12.188571428559953,1.0583710488618314,0.19382099045870113,37.45311767467192,0.10686015831124687,0.16754617414246756,0.7255936675462856,0.0,4.0,CANCEL,,,,clear,BTCUSDT|long|L:115163.5@20|SWL:115157.6,"v10_1_strict_cancel,weak_body_ratio,weak_close_strength,body_not_aligned,opposite_wick_high"
2025-09-22 00:10:00,CANCEL,SRR-1,long,bearish,lower_edge,L:115137.6@20,SWL:115136.5,115137.6,115127.27642857142,115510.7,10.323571428583818,0.896629027232096,0.11192596608083173,36.14059364833328,0.20114394661589124,0.0,0.7988560533841088,0.0,4.0,CANCEL,,,,clear,BTCUSDT|long|L:115137.6@20|SWL:115136.5,"v10_1_strict_cancel,weak_body_ratio,weak_close_strength,body_not_aligned,opposite_wick_high"
2025-09-22 14:25:00,CANCEL,SRR-1,short,bearish,upper_edge,H:113221.8@20,SWH:113230.0,113221.8,113249.295,112119.0,27.494999999995343,2.428419262014501,0.1424980564912947,40.10911074741552,0.7227467811158549,0.22660944206003586,0.05064377682410928,0.0,2.0,CANCEL,,,,clear,BTCUSDT|short|H:113221.8@20|SWH:113230.0,"v10_1_strict_cancel,weak_close_strength,body_not_aligned"
2025-09-22 19:40:00,CANCEL,SRR-1,long,bearish,lower_edge,L:112200.0@20,SWL:112142.3,112200.0,112129.66500000001,113413.5,70.33499999999185,6.268716577539381,0.5566679857537911,17.25314566005745,0.6854358419058355,0.3145641580941645,0.0,0.0,3.0,CANCEL,,,,clear,BTCUSDT|long|L:112200.0@20|SWL:112142.3,"v10_1_strict_cancel,weak_close_strength,body_not_aligned,weak_retest"
2025-09-23 18:55:00,CANCEL,SRR-1,long,bearish,lower_edge,L:111670.0@20,SWL:111625.5,111670.0,111607.06928571429,113254.8,62.9307142857142,5.6354181325077635,0.3414447932410932,25.183251421631578,0.043307086614113456,0.2883858267716657,0.6683070866142209,0.0,4.0,CANCEL,,,,clear,BTCUSDT|long|L:111670.0@20|SWL:111625.5,"v10_1_strict_cancel,weak_body_ratio,weak_close_strength,body_not_aligned,opposite_wick_high"
2025-09-23 19:50:00,WATCH,SRR-1,long,bearish,lower_edge,L:111564.1@20,SWL:111526.7,111564.1,111514.61428571428,113025.2,49.48571428572177,4.43563066306471,0.4094562647754686,29.52569284064201,0.05905130687309871,0.5324298160696849,0.4675701839303151,0.0,3.0,WATCH,,,,clear,BTCUSDT|long|L:111564.1@20|SWL:111526.7,"v10_1_watch_weak3,weak_body_ratio,weak_close_strength,opposite_wick_high"
2025-09-23 23:10:00,CANCEL,SRR-1,short,bearish,upper_edge,H:112171.2@20,SWH:112178.0,112171.2,112185.66285714286,111413.5,14.462857142862049,1.2893556583919978,0.1887397464579308,52.38937178978843,0.7942905121745311,0.10159529806889361,0.10411418975657535,0.0,3.0,CANCEL,,,,clear,BTCUSDT|short|H:112171.2@20|SWH:112178.0,"v10_1_strict_cancel,weak_close_strength,body_not_aligned,weak_retest"
2025-09-24 01:20:00,CANCEL,SRR-1,short,bearish,upper_edge,H:112338.3@20,SWH:112343.0,112338.3,112354.46928571428,111413.5,16.169285714277066,1.439338650689664,0.14097901226871473,57.19485797591096,0.8504398826979835,0.1495601173020165,0.0,0.0,3.0,CANCEL,,,,clear,BTCUSDT|short|H:112338.3@20|SWH:112343.0,"v10_1_strict_cancel,weak_close_strength,body_not_aligned,weak_retest"
2025-09-24 10:10:00,CANCEL,SRR-1,short,bullish,upper_edge,H:112796.5@20,SWH:112825.9,112796.5,112834.1857142857,112083.2,37.68571428570431,3.3410357844174516,0.4548275862067876,18.927596664144588,0.4555084745762993,0.3064971751412207,0.23799435028248,0.0,2.0,CANCEL,,,,clear,BTCUSDT|short|H:112796.5@20|SWH:112825.9,"v10_1_strict_cancel,weak_close_strength,body_not_aligned"
2025-09-24 17:40:00,WATCH,SRR-1,short,bullish,upper_edge,H:113878.3@20,SWH:113880.1,113878.3,113890.68642857144,112760.0,12.386428571437136,1.0876899788139738,0.11700290128879241,90.28429732996491,0.21167883211704158,0.5231143552310694,0.26520681265188895,0.0,3.0,WATCH,,,,clear,BTCUSDT|short|H:113878.3@20|SWH:113880.1,"v10_1_watch_weak3,weak_body_ratio,weak_close_strength,body_not_aligned"
2025-09-25 01:10:00,CANCEL,SRR-1,long,bullish,lower_edge,L:112886.1@20,SWL:112850.4,112886.1,112835.27142857142,113590.0,50.828571428588475,4.502642170168734,0.33597733711059197,13.84851039909586,0.34726904922453805,0.3277140930546518,0.3250168577208101,0.0,2.0,CANCEL,,,,clear,BTCUSDT|long|L:112886.1@20|SWL:112850.4,"v10_1_strict_cancel,weak_close_strength,body_not_aligned"
2025-09-25 06:25:00,CANCEL,SRR-1,long,bearish,lower_edge,L:111540.0@20,SWL:111500.0,111540.0,111487.79357142857,113256.6,52.20642857142957,4.680511795896501,0.42769617882849575,32.88100808603158,0.1683354192741442,0.397997496871027,0.4336670838548288,0.0,3.0,CANCEL,,,,clear,BTCUSDT|long|L:111540.0@20|SWL:111500.0,"v10_1_strict_cancel,weak_body_ratio,weak_close_strength,body_not_aligned"
2025-09-25 11:40:00,CANCEL,SRR-1,long,bearish,lower_edge,L:111360.0@20,SWL:111351.7,111360.0,111340.97214285714,112220.3,19.027857142864377,1.7086797003290568,0.17736866635601212,45.21265813279576,0.6455142231946867,0.35339168490152983,0.0010940919037834924,0.0,2.0,CANCEL,,,,clear,BTCUSDT|long|L:111360.0@20|SWL:111351.7,"v10_1_strict_cancel,weak_close_strength,body_not_aligned"
2025-09-25 11:50:00,CANCEL,SRR-1,long,bearish,lower_edge,L:111320.0@20,SWL:111300.0,111320.0,111288.73714285715,112220.3,31.262857142850407,2.8083773933570257,0.2775748351090162,28.797751782130224,0.2952182952183296,0.24878724878720343,0.455994455994467,0.0,4.0,CANCEL,,,,clear,BTCUSDT|long|L:111320.0@20|SWL:111300.0,"v10_1_strict_cancel,weak_body_ratio,weak_close_strength,body_not_aligned,opposite_wick_high"
2025-09-25 12:40:00,CANCEL,SRR-1,long,bearish,lower_edge,L:111089.2@20,SWL:111000.0,111089.2,110979.88357142857,112220.3,109.31642857143015,9.840419102075643,0.5434186698860252,10.347026652640011,0.4142182581322401,0.16736621196219528,0.4184155299055646,0.0,2.0,CANCEL,,,,clear,BTCUSDT|long|L:111089.2@20|SWL:111000.0,"v10_1_strict_cancel,weak_close_strength,body_not_aligned"
2025-09-25 17:20:00,CANCEL,SRR-1,long,bearish,lower_edge,L:110087.6@20,SWL:110059.0,110087.6,110037.41285714286,111682.6,50.18714285714668,4.558837040424779,0.23248626828140012,31.781048077194356,0.020242914979756915,0.10294968189706628,0.8970503181029337,0.0,4.0,CANCEL,,,,clear,BTCUSDT|long|L:110087.6@20|SWL:110059.0,"v10_1_strict_cancel,weak_body_ratio,weak_close_strength,opposite_wick_high,weak_retest"
2025-09-25 18:05:00,WATCH,SRR-1,long,bearish,lower_edge,L:108578.2@20,SWL:108574.1,108578.2,108542.82071428571,111682.6,35.37928571428347,3.258415198841339,0.11310771619738484,87.74625991803694,0.2326454033771107,0.5921200750468606,0.17523452157602867,0.0,3.0,WATCH,,,,clear,BTCUSDT|long|L:108578.2@20|SWL:108574.1,"v10_1_watch_weak3,weak_body_ratio,weak_close_strength,body_not_aligned"
2025-09-26 11:25:00,CANCEL,SRR-1,long,bearish,lower_edge,L:108645.9@20,SWL:108566.0,108645.9,108551.27928571429,109653.6,94.62071428570198,8.709092039893083,0.6427725750884719,10.649887898302243,0.30309423347399644,0.0007032348804909464,0.6962025316455126,0.0,4.0,CANCEL,,,,clear,BTCUSDT|long|L:108645.9@20|SWL:108566.0,"v10_1_strict_cancel,weak_close_strength,body_not_aligned,opposite_wick_high,weak_retest"
2025-09-26 13:50:00,CANCEL,SRR-1,short,bearish,upper_edge,H:109653.6@20,SWH:109669.1,109653.6,109691.53571428572,108566.0,37.93571428571886,3.4595958806385614,0.16908627825535152,28.669553756351434,0.2514361467078809,0.18647812638095934,0.5620857269111598,0.0,4.0,CANCEL,,,,clear,BTCUSDT|short|H:109653.6@20|SWH:109669.1,"v10_1_strict_cancel,weak_body_ratio,weak_close_strength,body_not_aligned,opposite_wick_high"
2025-09-26 13:55:00,CANCEL,SRR-1,short,bearish,upper_edge,H:109653.6@20,SWH:109685.0,109653.6,109707.17357142858,108566.0,53.57357142856927,4.885710220965774,0.24161002480429147,20.301054624482614,0.03894927536234469,0.2241847826086927,0.7368659420289626,0.0,5.0,CANCEL,,,,clear,BTCUSDT|short|H:109653.6@20|SWH:109685.0,"v10_1_strict_cancel,weak_body_ratio,weak_close_strength,body_not_aligned,opposite_wick_high,weak_retest"
2025-09-28 01:50:00,CANCEL,SRR-1,long,bullish,lower_edge,L:109310.0@20,SWL:109294.0,109310.0,109284.265,109749.9,25.735000000000582,2.354313420547121,0.2643554185927082,17.093452496599348,0.5821697099893475,0.326530612244815,0.09129967776583747,0.0,2.0,CANCEL,,,,clear,BTCUSDT|long|L:109310.0@20|SWL:109294.0,"v10_1_strict_cancel,weak_close_strength,body_not_aligned"
2025-09-28 22:40:00,CANCEL,SRR-1,short,bullish,upper_edge,H:111777.0@20,SWH:111929.8,111777.0,111945.94,110003.0,168.94000000000233,15.114021668143028,1.0467162329615842,10.50076950396576,0.09775967413433354,0.31160896130338267,0.6883910386966173,0.0,3.0,CANCEL,,,,clear,BTCUSDT|short|H:111777.0@20|SWH:111929.8,"v10_1_strict_cancel,weak_body_ratio,weak_close_strength,opposite_wick_high"
2025-09-29 05:25:00,CANCEL,SRR-1,long,bullish,lower_edge,L:111517.3@20,SWL:111508.7,111517.3,111501.56571428571,112269.3,15.734285714293947,1.4109277855807076,0.2205446535844191,47.79371708731838,0.6767241379310616,0.15086206896550464,0.17241379310343385,0.0,3.0,CANCEL,,,,clear,BTCUSDT|long|L:111517.3@20|SWL:111508.7,"v10_1_strict_cancel,weak_close_strength,body_not_aligned,weak_retest"
2025-09-29 07:20:00,CANCEL,SRR-1,long,bullish,lower_edge,L:111508.7@20,SWL:111501.1,111508.7,111492.05785714286,111975.5,16.642142857133877,1.4924524146666471,0.18405087289664848,28.04927250098102,0.5076923076923077,0.2799999999998806,0.2123076923078117,0.0,2.0,CANCEL,,,,clear,BTCUSDT|long|L:111508.7@20|SWL:111501.1,"v10_1_strict_cancel,weak_close_strength,body_not_aligned"
2025-09-29 07:25:00,CANCEL,SRR-1,long,bullish,lower_edge,L:111508.7@20,SWL:111501.1,111508.7,111492.3442857143,111975.5,16.35571428570256,1.4667657578020874,0.1868004568443687,28.5404838850761,0.5679758308152584,0.0030211480364290993,0.4290030211483125,0.0,3.0,CANCEL,,,,clear,BTCUSDT|long|L:111508.7@20|SWL:111501.1,"v10_1_strict_cancel,weak_close_strength,body_not_aligned,weak_retest"
2025-09-29 13:50:00,WATCH,SRR-1,short,bullish,upper_edge,H:113283.7@20,SWH:113443.6,113283.7,113466.95857142858,111844.3,183.2585714285815,16.176958505820476,0.7845452877500284,7.854475721267691,0.12756113681424497,0.5442828816920307,0.3281559814937244,0.0,4.0,WATCH,,,,clear,BTCUSDT|short|H:113283.7@20|SWH:113443.6,"v10_1_watch_weak3,weak_body_ratio,weak_close_strength,body_not_aligned,weak_retest"
2025-09-30 05:20:00,CANCEL,SRR-1,long,bullish,lower_edge,L:113985.1@20,SWL:113980.6,113985.1,113972.07857142857,114800.0,13.021428571431898,1.1423798874968656,0.15280804694052894,62.58145913328033,0.6198267564966101,0.2887391722810556,0.09143407122233428,0.0,2.0,CANCEL,,,,clear,BTCUSDT|long|L:113985.1@20|SWL:113980.6,"v10_1_strict_cancel,weak_close_strength,body_not_aligned"
2025-09-30 05:55:00,CANCEL,SRR-1,long,bullish,lower_edge,L:113844.7@20,SWL:113828.0,113844.7,113818.76,114800.0,25.94000000000233,2.2785426111186844,0.2807359307359578,36.82729375481562,0.5874877810362084,0.03030303030308634,0.38220918866070536,0.0,3.0,CANCEL,,,,clear,BTCUSDT|long|L:113844.7@20|SWL:113828.0,"v10_1_strict_cancel,weak_close_strength,body_not_aligned,weak_retest"
2025-09-30 07:50:00,CANCEL,SRR-1,long,bullish,lower_edge,L:113540.0@20,SWL:113531.7,113540.0,113522.81357142857,114538.0,17.186428571425495,1.5136893228312045,0.19340085202150617,58.06907443581938,0.11477987421380421,0.3705450733752412,0.6294549266247589,0.0,3.0,CANCEL,,,,clear,BTCUSDT|long|L:113540.0@20|SWL:113531.7,"v10_1_strict_cancel,weak_body_ratio,weak_close_strength,opposite_wick_high"
2025-09-30 09:05:00,CANCEL,SRR-1,long,bullish,lower_edge,L:113288.0@20,SWL:113250.0,113288.0,113237.63714285714,114321.5,50.36285714285623,4.445559736499561,0.4073723133810805,20.521075622624757,0.5936374549820245,0.36134453781509596,0.04501800720287958,0.0,2.0,CANCEL,,,,clear,BTCUSDT|long|L:113288.0@20|SWL:113250.0,"v10_1_strict_cancel,weak_close_strength,body_not_aligned"
2025-09-30 09:25:00,CANCEL,SRR-1,long,bullish,lower_edge,L:113177.5@20,SWL:113174.0,113177.5,113162.04642857143,114286.7,15.453571428573923,1.3654278835081108,0.1292799521960139,71.7762884215274,0.19658119658099815,0.33475783475777926,0.6652421652422208,0.0,3.0,CANCEL,,,,clear,BTCUSDT|long|L:113177.5@20|SWL:113174.0,"v10_1_strict_cancel,weak_body_ratio,weak_close_strength,opposite_wick_high"
2025-10-01 16:25:00,CANCEL,SRR-1,short,bullish,upper_edge,H:117750.0@20,SWH:117787.9,117750.0,117804.18714285713,116238.2,54.18714285713213,4.6018804974209875,0.33269888606256065,27.89960718146665,0.29328621908117336,0.44051825677273126,0.2661955241460954,0.0,3.0,CANCEL,,,,clear,BTCUSDT|short|H:117750.0@20|SWH:117787.9,"v10_1_strict_cancel,weak_body_ratio,weak_close_strength,body_not_aligned"
2025-10-02 09:50:00,WATCH,SRR-1,short,bullish,upper_edge,H:118724.8@20,SWH:118827.7,118724.8,118835.1107142857,118226.4,110.31071428570431,9.291295018875948,1.4885301204817722,4.518146793149709,0.19357195032871533,0.8056975894814288,0.0007304601898559029,0.0,3.0,WATCH,,,,clear,BTCUSDT|short|H:118724.8@20|SWH:118827.7,"v10_1_watch_weak3,weak_body_ratio,body_not_aligned,weak_retest"
2025-10-02 16:05:00,WATCH,SRR-1,short,bullish,upper_edge,H:119889.0@20,SWH:119977.9,119889.0,120003.25857142857,118458.4,114.25857142856694,9.53036320501188,0.4505717987718828,12.520723671872613,0.21625039519447123,0.5412582990831596,0.45874170091684036,0.0,3.0,WATCH,,,,clear,BTCUSDT|short|H:119889.0@20|SWH:119977.9,"v10_1_watch_weak3,weak_body_ratio,weak_close_strength,opposite_wick_high"
2025-10-03 13:40:00,CANCEL,SRR-1,short,bullish,upper_edge,H:120540.0@20,SWH:120687.3,120540.0,120702.79428571429,119610.3,162.79428571429162,13.505416103724208,1.0506730591923614,5.710888413071487,0.09588550983895656,0.14060822898028036,0.8593917710197196,0.0,3.0,CANCEL,,,,clear,BTCUSDT|short|H:120540.0@20|SWH:120687.3,"v10_1_strict_cancel,weak_body_ratio,weak_close_strength,opposite_wick_high"
2025-10-03 15:50:00,WATCH,SRR-1,short,bullish,upper_edge,H:121776.4@20,SWH:121920.7,121776.4,121946.98928571428,119820.4,170.58928571428987,14.008402754087811,0.6488928134764456,11.466136292263931,0.23724792408066633,0.5065243179122313,0.2562277580071024,0.0,3.0,WATCH,,,,clear,BTCUSDT|short|H:121776.4@20|SWH:121920.7,"v10_1_watch_weak3,weak_body_ratio,weak_close_strength,body_not_aligned"
2025-10-03 16:35:00,CANCEL,SRR-1,short,bullish,upper_edge,H:123809.1@20,SWH:123847.5,123809.1,123886.78857142857,119820.4,77.68857142855995,6.2748676331998166,0.19773834630205814,51.34217204222759,0.26762589928057556,0.3562589928057638,0.3761151079136607,0.0,3.0,CANCEL,,,,clear,BTCUSDT|short|H:123809.1@20|SWH:123847.5,"v10_1_strict_cancel,weak_body_ratio,weak_close_strength,body_not_aligned"
2025-10-03 16:40:00,WATCH,SRR-1,short,bullish,upper_edge,H:123809.1@20,SWH:123900.0,123809.1,123940.19214285714,119820.4,131.09214285713097,10.588247782847219,0.3261636069593978,30.426690059884393,0.07427536231884058,0.564492753623199,0.3612318840579605,0.0,3.0,WATCH,,,,clear,BTCUSDT|short|H:123809.1@20|SWH:123900.0,"v10_1_watch_weak3,weak_body_ratio,weak_close_strength,body_not_aligned"
2025-10-04 00:40:00,CANCEL,SRR-1,long,bullish,lower_edge,L:121944.7@20,SWL:121936.2,121944.7,121925.71357142857,122930.3,18.986428571428405,1.5569703784935636,0.18105714869559245,51.91076332718936,0.23559077809806164,0.29322766570602476,0.4711815561959136,0.0,4.0,CANCEL,,,,clear,BTCUSDT|long|L:121944.7@20|SWL:121936.2,"v10_1_strict_cancel,weak_body_ratio,weak_close_strength,body_not_aligned,opposite_wick_high"
2025-10-04 01:40:00,WATCH,SRR-1,long,bullish,lower_edge,L:121900.0@20,SWL:121810.2,121900.0,121798.98999999999,122694.1,101.01000000000931,8.286300246104128,0.901070472792228,7.861597861597194,0.5402597402597213,0.4590909090908902,0.0006493506493884465,0.0,3.0,WATCH,,,,clear,BTCUSDT|long|L:121900.0@20|SWL:121810.2,"v10_1_watch_weak3,weak_close_strength,body_not_aligned,weak_retest"
2025-10-04 02:20:00,CANCEL,SRR-1,long,bullish,lower_edge,L:121650.8@20,SWL:121637.2,121650.8,121623.64642857143,122622.7,27.153571428571013,2.2320914805797423,0.20034255599472686,35.79271340260457,0.6684286400768954,0.2748678519942119,0.05670350792889275,0.0,2.0,CANCEL,,,,clear,BTCUSDT|long|L:121650.8@20|SWL:121637.2,"v10_1_strict_cancel,weak_close_strength,body_not_aligned"
2025-10-04 02:25:00,CANCEL,SRR-1,long,bullish,lower_edge,L:121650.8@20,SWL:121636.5,121650.8,121622.06714285714,122622.7,28.732857142866123,2.3619127159760662,0.19907948134223724,33.825386565891876,0.027198549410697378,0.23481414324570057,0.7379873073436021,0.0,4.0,CANCEL,,,,clear,BTCUSDT|long|L:121650.8@20|SWL:121636.5,"v10_1_strict_cancel,weak_body_ratio,weak_close_strength,body_not_aligned,opposite_wick_high"
2025-10-04 04:35:00,CANCEL,SRR-1,short,bullish,upper_edge,H:122335.3@20,SWH:122340.0,122335.3,122348.17,121636.4,12.869999999995343,1.0520266840393038,0.15752753977962236,54.30458430460463,0.095,0.3069999999999709,0.5980000000000291,0.0,4.0,CANCEL,,,,clear,BTCUSDT|short|H:122335.3@20|SWH:122340.0,"v10_1_strict_cancel,weak_body_ratio,weak_close_strength,body_not_aligned,opposite_wick_high"
2025-10-04 04:55:00,CANCEL,SRR-1,short,bullish,upper_edge,H:122474.2@20,SWH:122486.8,122474.2,122495.49500000001,121636.4,21.295000000012806,1.7387335455151212,0.24491086831527034,39.342568678069924,0.6277128547576927,0.30217028380639704,0.07011686143591034,0.0,3.0,CANCEL,,,,clear,BTCUSDT|short|H:122474.2@20|SWH:122486.8,"v10_1_strict_cancel,weak_close_strength,body_not_aligned,weak_retest"
2025-10-04 11:10:00,CANCEL,SRR-1,long,bullish,lower_edge,L:122062.1@20,SWL:122050.0,122062.1,122044.32428571429,122551.3,17.775714285715367,1.456284488446075,0.3131890259250219,27.52069436630854,0.46741573033698053,0.0,0.5325842696630194,0.0,3.0,CANCEL,,,,clear,BTCUSDT|long|L:122062.1@20|SWL:122050.0,"v10_1_strict_cancel,weak_close_strength,body_not_aligned,opposite_wick_high"
2025-10-04 11:20:00,CANCEL,SRR-1,long,bullish,lower_edge,L:121938.1@20,SWL:121908.3,121938.1,121901.20928571429,122551.3,36.890714285720605,3.025364040092523,0.5202679560794854,16.6220690456338,0.2379182156133829,0.30111524163568776,0.46096654275092935,0.0,4.0,CANCEL,,,,clear,BTCUSDT|long|L:121938.1@20|SWL:121908.3,"v10_1_strict_cancel,weak_body_ratio,weak_close_strength,body_not_aligned,opposite_wick_high"
2025-10-04 12:55:00,CANCEL,SRR-1,long,bullish,lower_edge,L:121908.3@20,SWL:121891.2,121908.3,121885.95714285714,122497.4,22.342857142866706,1.8327593070255845,0.42615803814732983,26.36636828643334,0.030141843971574937,0.42198581560282317,0.5780141843971769,0.0,3.0,CANCEL,,,,clear,BTCUSDT|long|L:121908.3@20|SWL:121891.2,"v10_1_strict_cancel,weak_body_ratio,weak_close_strength,opposite_wick_high"
2025-10-04 15:10:00,CANCEL,SRR-1,long,bullish,lower_edge,L:121891.2@20,SWL:121817.0,121891.2,121807.27714285714,122480.9,83.9228571428539,6.885062838240489,0.8631501616220851,7.026691178974125,0.013445378151187133,0.2915966386554377,0.7084033613445623,0.0,3.0,CANCEL,,,,clear,BTCUSDT|long|L:121891.2@20|SWL:121817.0,"v10_1_strict_cancel,weak_body_ratio,weak_close_strength,opposite_wick_high"
2025-10-04 16:25:00,CANCEL,SRR-1,long,bullish,lower_edge,L:121551.8@20,SWL:121533.3,121551.8,121518.51142857144,122480.9,33.288571428565774,2.738632535969502,0.2250965996908434,27.910479787147214,0.6397569444444353,0.23350694444439982,0.12673611111116484,0.0,3.0,CANCEL,,,,clear,BTCUSDT|long|L:121551.8@20|SWL:121533.3,"v10_1_strict_cancel,weak_close_strength,body_not_aligned,weak_retest"
2025-10-04 22:35:00,CANCEL,SRR-1,short,bullish,upper_edge,H:122310.7@20,SWH:122322.2,122310.7,122329.00714285714,121432.0,18.307142857142026,1.4967736148302664,0.2689401888772217,47.99765899336917,0.8778035576179231,0.12219644238207698,0.0,0.0,3.0,CANCEL,,,,clear,BTCUSDT|short|H:122310.7@20|SWH:122322.2,"v10_1_strict_cancel,weak_close_strength,body_not_aligned,weak_retest"
2025-10-05 02:25:00,CANCEL,SRR-1,short,bullish,upper_edge,H:122377.7@20,SWH:122380.0,122377.7,122385.615,122040.0,7.915000000008149,0.6467681611934323,0.14096170970629096,42.66582438403656,0.6384039900249902,0.36159600997500985,0.0,0.0,2.0,CANCEL,,,,clear,BTCUSDT|short|H:122377.7@20|SWH:122380.0,"v10_1_strict_cancel,weak_close_strength,body_not_aligned"
2025-10-05 17:05:00,CANCEL,SRR-1,short,bullish,upper_edge,H:123413.3@20,SWH:123422.0,123413.3,123442.27928571429,122160.0,28.97928571428929,2.3481493254202985,0.14290091930543103,43.248132902807114,0.5665094339622916,0.4334905660377084,0.0,0.0,2.0,CANCEL,,,,clear,BTCUSDT|short|H:123413.3@20|SWH:123422.0,"v10_1_strict_cancel,weak_close_strength,body_not_aligned"
2025-10-05 23:35:00,CANCEL,SRR-1,short,bearish,upper_edge,H:123450.0@20,SWH:123453.5,123450.0,123463.58071428571,122425.7,13.580714285708382,1.1000983625523193,0.1347197619215723,75.42313154160982,0.8690476190473819,0.12797619047625491,0.0029761904763631977,0.0,3.0,CANCEL,,,,clear,BTCUSDT|short|H:123450.0@20|SWH:123453.5,"v10_1_strict_cancel,weak_close_strength,body_not_aligned,weak_retest"
2025-10-06 07:50:00,CANCEL,SRR-1,long,bullish,lower_edge,L:123223.9@20,SWL:123217.9,123223.9,123201.98214285713,124200.0,21.917857142863795,1.778701789414537,0.13769351581785466,44.53446309270306,0.3771164699845906,0.37198563365826964,0.25089789635713977,0.0,2.0,CANCEL,,,,clear,BTCUSDT|long|L:123223.9@20|SWL:123217.9,"v10_1_strict_cancel,weak_close_strength,body_not_aligned"
2025-10-06 07:55:00,CANCEL,SRR-1,long,bullish,lower_edge,L:123223.9@20,SWL:123217.9,123223.9,123202.17857142857,124200.0,21.721428571428987,1.7627610042718165,0.13816447069514032,44.93719171325163,0.17449664429521572,0.2270693512304724,0.5984340044743119,0.0,4.0,CANCEL,,,,clear,BTCUSDT|long|L:123223.9@20|SWL:123217.9,"v10_1_strict_cancel,weak_body_ratio,weak_close_strength,body_not_aligned,opposite_wick_high"
2025-10-06 11:40:00,CANCEL,SRR-1,short,bullish,upper_edge,H:124404.9@20,SWH:124500.0,124404.9,124516.74785714285,123217.9,111.84785714285681,8.990631168294563,0.6678338380176639,10.61263067815339,0.5511482254696662,0.06628392484348254,0.38256784968685115,0.0,2.0,CANCEL,,,,clear,BTCUSDT|short|H:124404.9@20|SWH:124500.0,"v10_1_strict_cancel,weak_close_strength,body_not_aligned"
2025-10-06 14:05:00,WATCH,SRR-1,short,bullish,upper_edge,H:125062.9@20,SWH:125100.0,125062.9,125127.37785714286,123682.1,64.47785714286147,5.155634256271162,0.23551097080541242,21.41510374547025,0.05323329760626827,0.5259021078956776,0.47409789210432246,0.0,3.0,WATCH,,,,clear,BTCUSDT|short|H:125062.9@20|SWH:125100.0,"v10_1_watch_weak3,weak_body_ratio,weak_close_strength,opposite_wick_high"
2025-10-07 07:20:00,WATCH,SRR-1,long,bearish,lower_edge,L:123720.3@20,SWL:123562.9,123720.3,123547.21714285713,124631.9,173.08285714287194,13.989851070751683,1.1036436509383536,5.2668416447938995,0.20637813211846429,0.7512528473804498,0.042369020501085916,0.0,3.0,WATCH,,,,clear,BTCUSDT|long|L:123720.3@20|SWL:123562.9,"v10_1_watch_weak3,weak_body_ratio,body_not_aligned,weak_retest"
2025-10-07 07:25:00,WATCH,SRR-1,long,bearish,lower_edge,L:123720.3@20,SWL:123562.9,123720.3,123547.29857142856,124631.9,173.00142857144237,13.983269404571631,1.1088819705156252,5.269320649705147,0.09640102827763136,0.525706940874035,0.474293059125965,0.0,3.0,WATCH,,,,clear,BTCUSDT|long|L:123720.3@20|SWL:123562.9,"v10_1_watch_weak3,weak_body_ratio,weak_close_strength,opposite_wick_high"
2025-10-07 08:05:00,CANCEL,SRR-1,long,bearish,lower_edge,L:123503.9@20,SWL:123500.0,123503.9,123486.92142857143,124631.9,16.978571428568102,1.3747396987923544,0.1298197706171237,66.43668489694191,0.7199055861526028,0.28009441384739725,0.0,0.0,2.0,CANCEL,,,,clear,BTCUSDT|long|L:123503.9@20|SWL:123500.0,"v10_1_strict_cancel,weak_close_strength,body_not_aligned"
2025-10-07 11:50:00,CANCEL,SRR-1,short,bearish,upper_edge,H:124436.4@20,SWH:124471.4,124436.4,124481.87285714285,123261.6,45.47285714285681,3.6543051022736766,0.4341972445778308,25.83519210832201,0.47607934655780976,0.43523920653438625,0.088681446907804,0.0,2.0,CANCEL,,,,clear,BTCUSDT|short|H:124436.4@20|SWH:124471.4,"v10_1_strict_cancel,weak_close_strength,body_not_aligned"
2025-10-07 13:55:00,CANCEL,SRR-1,long,bearish,lower_edge,L:123500.1@20,SWL:123300.1,123500.1,123270.92071428572,125098.0,229.17928571428638,18.55701215742225,0.7854177376318829,6.972270617825674,0.28653780942693,0.26008816547981894,0.45337402509325103,0.0,5.0,CANCEL,,,,clear,BTCUSDT|long|L:123500.1@20|SWL:123300.1,"v10_1_strict_cancel,weak_body_ratio,weak_close_strength,body_not_aligned,opposite_wick_high,weak_retest"
2025-10-07 14:55:00,CANCEL,SRR-1,long,bearish,lower_edge,L:122526.0@20,SWL:122500.1,122526.0,122464.00071428572,125098.0,61.99928571427881,5.060092202004376,0.17174657195431386,41.484348898033396,0.5596297614809553,0.44037023851904467,0.0,0.0,2.0,CANCEL,,,,clear,BTCUSDT|long|L:122526.0@20|SWL:122500.1,"v10_1_strict_cancel,weak_close_strength,body_not_aligned"
2025-10-08 03:55:00,CANCEL,SRR-1,long,bearish,lower_edge,L:121218.0@20,SWL:121137.0,121218.0,121120.37285714285,122196.9,97.62714285714901,8.053848674054102,0.58715525388782,10.026924596496185,0.3200731595793367,0.3822588020118536,0.29766803840880973,0.0,2.0,CANCEL,,,,clear,BTCUSDT|long|L:121218.0@20|SWL:121137.0,"v10_1_strict_cancel,weak_close_strength,body_not_aligned"
2025-10-09 02:50:00,CANCEL,SRR-1,long,bullish,lower_edge,L:121535.1@20,SWL:121505.0,121535.1,121486.61714285714,123475.3,48.48285714286612,3.98920617524206,0.26373950885923536,40.018268607453194,0.15157256536567215,0.34672224327397505,0.5017051913603527,0.0,4.0,CANCEL,,,,clear,BTCUSDT|long|L:121535.1@20|SWL:121505.0,"v10_1_strict_cancel,weak_body_ratio,weak_close_strength,body_not_aligned,opposite_wick_high"
2025-10-09 02:55:00,CANCEL,SRR-1,long,bullish,lower_edge,L:121535.1@20,SWL:121500.0,121535.1,121481.07857142857,123475.3,54.0214285714319,4.444924023712647,0.28550396375992854,35.9153774957005,0.27642656688496264,0.17492984097284223,0.5486435921421952,0.0,5.0,CANCEL,,,,clear,BTCUSDT|long|L:121535.1@20|SWL:121500.0,"v10_1_strict_cancel,weak_body_ratio,weak_close_strength,body_not_aligned,opposite_wick_high,weak_retest"
2025-10-09 08:40:00,CANCEL,SRR-1,long,bearish,lower_edge,L:121136.0@20,SWL:121102.0,121136.0,121084.89714285714,122221.0,51.10285714286147,4.218635017076796,0.2987971934514126,21.23168958962137,0.16402714932127777,0.0005656108596791597,0.8354072398190431,0.0,4.0,CANCEL,,,,clear,BTCUSDT|long|L:121136.0@20|SWL:121102.0,"v10_1_strict_cancel,weak_body_ratio,weak_close_strength,body_not_aligned,opposite_wick_high"
2025-10-09 08:55:00,CANCEL,SRR-1,long,bearish,lower_edge,L:121102.0@20,SWL:121081.5,121102.0,121061.63785714285,122221.0,40.36214285714959,3.332904729661739,0.20321142158452832,27.723998796604644,0.7882159044087566,0.2117840955912435,0.0,0.0,2.0,CANCEL,,,,clear,BTCUSDT|long|L:121102.0@20|SWL:121081.5,"v10_1_strict_cancel,weak_close_strength,body_not_aligned"
2025-10-09 11:05:00,CANCEL,SRR-1,short,bearish,upper_edge,H:122287.2@20,SWH:122297.0,122287.2,122311.46642857142,121081.5,24.26642857142724,1.984380096316478,0.16774305041227516,49.6859270597265,0.633839706652717,0.36616029334728295,0.0,0.0,2.0,CANCEL,,,,clear,BTCUSDT|short|H:122287.2@20|SWH:122297.0,"v10_1_strict_cancel,weak_close_strength,body_not_aligned"
2025-10-09 11:35:00,CANCEL,SRR-1,short,bearish,upper_edge,H:122721.5@20,SWH:122729.1,122721.5,122746.06857142858,121081.5,24.568571428579162,2.0019777649865067,0.14478868496384384,66.7519479008977,0.19306692344722687,0.3798748194511522,0.42705825710162093,0.0,3.0,CANCEL,,,,clear,BTCUSDT|short|H:122721.5@20|SWH:122729.1,"v10_1_strict_cancel,weak_body_ratio,weak_close_strength,body_not_aligned"
2025-10-09 21:40:00,CANCEL,SRR-1,short,bearish,upper_edge,H:121442.6@20,SWH:121457.2,121442.6,121470.11928571429,119572.8,27.519285714282887,2.266032324265364,0.21300934372751587,67.94507747813931,0.891708967851118,0.10829103214888197,0.0,0.0,3.0,CANCEL,,,,clear,BTCUSDT|short|H:121442.6@20|SWH:121457.2,"v10_1_strict_cancel,weak_close_strength,body_not_aligned,weak_retest"
2025-10-10 16:55:00,CANCEL,SRR-1,long,bearish,lower_edge,L:118424.4@20,SWL:118300.1,118424.4,118262.28785714286,122497.0,162.11214285713504,13.689082896525973,0.42873037761865956,25.122115643052574,0.15181151366971282,0.3274060902422544,0.5207823960880328,0.0,5.0,CANCEL,,,,clear,BTCUSDT|long|L:118424.4@20|SWL:118300.1,"v10_1_strict_cancel,weak_body_ratio,weak_close_strength,body_not_aligned,opposite_wick_high,weak_retest"
2025-10-10 17:50:00,WATCH,SRR-1,long,bearish,lower_edge,L:117600.0@20,SWL:117549.0,117600.0,117515.08642857143,122497.0,84.91357142856577,7.220541788143349,0.2503822742686069,57.670404360740385,0.13624141021812433,0.587092919031974,0.2766656707499016,0.0,3.0,WATCH,,,,clear,BTCUSDT|long|L:117600.0@20|SWL:117549.0,"v10_1_watch_weak3,weak_body_ratio,weak_close_strength,body_not_aligned"
2025-10-10 18:10:00,CANCEL,SRR-1,long,bearish,lower_edge,L:117517.6@20,SWL:117460.0,117517.6,117430.49142857143,122497.0,87.10857142857276,7.412385160058813,0.2951975213013205,57.163146155863664,0.2189006750241226,0.28897460623591287,0.4921247187399645,0.0,4.0,CANCEL,,,,clear,BTCUSDT|long|L:117517.6@20|SWL:117460.0,"v10_1_strict_cancel,weak_body_ratio,weak_close_strength,body_not_aligned,opposite_wick_high"
2025-10-10 18:50:00,CANCEL,SRR-1,long,bearish,lower_edge,L:117360.4@20,SWL:117200.1,117360.4,117176.83928571429,122253.4,183.5607142857043,15.640771016944754,0.7891447873483373,26.656030507618624,0.07746302331410035,0.45174229130107724,0.4707946853848224,0.0,5.0,CANCEL,,,,clear,BTCUSDT|long|L:117360.4@20|SWL:117200.1,"v10_1_strict_cancel,weak_body_ratio,weak_close_strength,body_not_aligned,opposite_wick_high,weak_retest"
2025-10-11 12:25:00,CANCEL,SRR-1,short,bearish,upper_edge,H:112307.6@20,SWH:112345.0,112307.6,112364.69357142856,110022.0,57.09357142855879,5.0836783466620945,0.2899096877152883,40.03252805545679,0.728689275893669,0.12740604949586531,0.14390467461046563,0.0,3.0,CANCEL,,,,clear,BTCUSDT|short|H:112307.6@20|SWH:112345.0,"v10_1_strict_cancel,weak_close_strength,body_not_aligned,weak_retest"
2025-10-11 20:35:00,WATCH,SRR-1,long,bearish,lower_edge,L:110430.0@20,SWL:110255.9,110430.0,110226.96857142856,112181.1,203.0314285714412,18.385531881865543,0.7017677266443293,8.624773082280912,0.3665743305632135,0.5977223761157476,0.03570329332103881,0.0,3.0,WATCH,,,,clear,BTCUSDT|long|L:110430.0@20|SWL:110255.9,"v10_1_watch_weak3,weak_close_strength,body_not_aligned,weak_retest"
2025-10-11 20:50:00,CANCEL,SRR-1,long,bearish,lower_edge,L:110249.4@20,SWL:110175.0,110249.4,110145.63285714286,112142.0,103.76714285713388,9.412036968648708,0.3533443595855138,18.23891405206876,0.030560000000009312,0.1528,0.8166399999999907,0.0,5.0,CANCEL,,,,clear,BTCUSDT|long|L:110249.4@20|SWL:110175.0,"v10_1_strict_cancel,weak_body_ratio,weak_close_strength,body_not_aligned,opposite_wick_high,weak_retest"
2025-10-12 16:55:00,CANCEL,SRR-1,short,bullish,upper_edge,H:114243.8@20,SWH:114654.5,114243.8,114698.84071428572,111111.0,455.0407142857148,39.830670398368646,1.0262367704624942,6.884658672614851,0.027000000000007275,0.31200000000000727,0.6879999999999927,0.0,3.0,CANCEL,,,,clear,BTCUSDT|short|H:114243.8@20|SWH:114654.5,"v10_1_strict_cancel,weak_body_ratio,weak_close_strength,opposite_wick_high"
2025-10-12 20:05:00,CANCEL,SRR-1,short,bullish,upper_edge,H:114654.5@20,SWH:114762.9,114654.5,114781.44571428571,111996.9,126.94571428571362,11.072021969108375,0.6845016176244086,20.93493281717735,0.6195698017714144,0.38021931674396764,0.00021088148461792785,0.0,2.0,CANCEL,,,,clear,BTCUSDT|short|H:114654.5@20|SWH:114762.9,"v10_1_strict_cancel,weak_close_strength,body_not_aligned"
2025-10-12 20:35:00,CANCEL,SRR-1,short,bullish,upper_edge,H:115305.8@20,SWH:115400.0,115305.8,115422.66714285714,112331.2,116.8671428571397,10.13540887424047,0.515579504632245,25.452834109551265,0.09472631842037897,0.46763309172707596,0.43764058985254506,0.0,3.0,CANCEL,,,,clear,BTCUSDT|short|H:115305.8@20|SWH:115400.0,"v10_1_strict_cancel,weak_body_ratio,weak_close_strength,body_not_aligned"
2025-10-13 19:50:00,CANCEL,SRR-1,short,bullish,upper_edge,H:115694.9@20,SWH:115789.0,115694.9,115809.06642857143,113721.2,114.16642857143597,9.867887743663374,0.5689424411775509,17.287919265732462,0.17097817299920737,0.41228779304770574,0.4167340339530869,0.0,4.0,CANCEL,,,,clear,BTCUSDT|short|H:115694.9@20|SWH:115789.0,"v10_1_strict_cancel,weak_body_ratio,weak_close_strength,body_not_aligned,weak_retest"
2025-10-14 01:40:00,WATCH,SRR-1,long,bullish,lower_edge,L:114461.3@20,SWL:114401.0,114461.3,114383.80428571429,115777.2,77.49571428571653,6.770473014522509,0.4506687712885439,16.980293841133506,0.008705114254656813,0.6779107725789647,0.3133841131663785,0.0,3.0,WATCH,,,,clear,BTCUSDT|long|L:114461.3@20|SWL:114401.0,"v10_1_watch_weak3,weak_body_ratio,body_not_aligned,weak_retest"
2025-10-14 02:50:00,CANCEL,SRR-1,long,bullish,lower_edge,L:113703.6@20,SWL:113670.0,113703.6,113653.78642857143,115777.2,49.813571428574505,4.381002134371691,0.3072337988457839,41.627210025951165,0.042752442996741656,0.47394136807814097,0.4833061889251174,0.0,4.0,CANCEL,,,,clear,BTCUSDT|long|L:113703.6@20|SWL:113670.0,"v10_1_strict_cancel,weak_body_ratio,weak_close_strength,body_not_aligned,opposite_wick_high"
2025-10-14 04:10:00,CANCEL,SRR-1,long,bearish,lower_edge,L:113210.6@20,SWL:113198.0,113210.6,113177.47357142858,115443.3,33.12642857142782,2.926088950277432,0.16138427810835856,67.39935744011183,0.16578014184394155,0.2393617021276534,0.5948581560284051,0.0,4.0,CANCEL,,,,clear,BTCUSDT|long|L:113210.6@20|SWL:113198.0,"v10_1_strict_cancel,weak_body_ratio,weak_close_strength,body_not_aligned,opposite_wick_high"
2025-10-14 04:35:00,CANCEL,SRR-1,long,bearish,lower_edge,L:113160.7@20,SWL:113150.2,113160.7,113130.52142857143,115368.0,30.178571428565192,2.666877407842581,0.15335753176040307,73.14130177516314,0.7376760563380281,0.2623239436619718,0.0,0.0,2.0,CANCEL,,,,clear,BTCUSDT|long|L:113160.7@20|SWL:113150.2,"v10_1_strict_cancel,weak_close_strength,body_not_aligned"
2025-10-14 06:50:00,WATCH,SRR-1,long,bearish,lower_edge,L:111750.0@20,SWL:111302.0,111750.0,111275.56428571428,114463.8,474.43571428571886,42.455097475232115,1.7946771142934586,5.720058415260185,0.045461456591164455,0.6905884141705931,0.2639501292382424,0.0,3.0,WATCH,,,,clear,BTCUSDT|long|L:111750.0@20|SWL:111302.0,"v10_1_watch_weak3,weak_body_ratio,body_not_aligned,weak_retest"
2025-10-14 19:25:00,CANCEL,SRR-1,short,bearish,upper_edge,H:113391.4@20,SWH:113417.9,113391.4,113443.26428571428,110998.7,51.86428571428405,4.573917044351163,0.20447761194029362,46.13386585869857,0.8603921568627794,0.13960784313722066,0.0,0.0,3.0,CANCEL,,,,clear,BTCUSDT|short|H:113391.4@20|SWH:113417.9,"v10_1_strict_cancel,weak_close_strength,body_not_aligned,weak_retest"
2025-10-15 03:55:00,CANCEL,SRR-1,long,bullish,lower_edge,L:111815.8@20,SWL:111758.5,111815.8,111738.80285714286,113576.1,76.99714285714435,6.886070023837807,0.39090513489991974,22.86188726854388,0.1746499631539985,0.4274134119381079,0.5725865880618921,0.0,3.0,CANCEL,,,,clear,BTCUSDT|long|L:111815.8@20|SWL:111758.5,"v10_1_strict_cancel,weak_body_ratio,weak_close_strength,opposite_wick_high"
2025-10-15 04:05:00,CANCEL,SRR-1,long,bearish,lower_edge,L:111758.5@20,SWL:111692.8,111758.5,111671.05785714286,113576.1,87.44214285713679,7.824205125975813,0.4021781267452667,20.786315849665367,0.46406625701307974,0.2997595511621593,0.23617419182476102,0.0,2.0,CANCEL,,,,clear,BTCUSDT|long|L:111758.5@20|SWL:111692.8,"v10_1_strict_cancel,weak_close_strength,body_not_aligned"
2025-10-15 04:10:00,WATCH,SRR-1,long,bearish,lower_edge,L:111758.5@20,SWL:111692.8,111758.5,111671.52142857143,113576.1,86.9785714285681,7.7827253791495155,0.4087613293051223,20.89710109222391,0.27682403433476616,0.522889842632313,0.477110157367687,0.0,3.0,WATCH,,,,clear,BTCUSDT|long|L:111758.5@20|SWL:111692.8,"v10_1_watch_weak3,weak_body_ratio,weak_close_strength,opposite_wick_high"
2025-10-15 13:10:00,WATCH,SRR-1,long,bearish,lower_edge,L:111312.6@20,SWL:111289.7,111312.6,111268.23357142857,113477.9,44.36642857143306,3.985750810908474,0.2066782018434307,48.80492006503754,0.13948675496687202,0.5600165562913892,0.3004966887417387,0.0,3.0,WATCH,,,,clear,BTCUSDT|long|L:111312.6@20|SWL:111289.7,"v10_1_watch_weak3,weak_body_ratio,weak_close_strength,body_not_aligned"
2025-10-15 13:40:00,CANCEL,SRR-1,long,bearish,lower_edge,L:111289.7@20,SWL:111100.0,111289.7,111075.91857142857,113477.9,213.78142857142666,19.20945321727228,0.8877439639318914,10.235687985726488,0.20757156048016387,0.07608494921513774,0.7163434903046983,0.0,4.0,CANCEL,,,,clear,BTCUSDT|long|L:111289.7@20|SWL:111100.0,"v10_1_strict_cancel,weak_body_ratio,weak_close_strength,body_not_aligned,opposite_wick_high"
2025-10-15 17:25:00,CANCEL,SRR-1,long,bearish,lower_edge,L:110181.0@20,SWL:110096.9,110181.0,110072.39142857143,112183.4,108.60857142857276,9.85728677617491,0.4431452553042725,18.436850551126966,0.08302521008407275,0.2665546218487493,0.7334453781512508,0.0,3.0,CANCEL,,,,clear,BTCUSDT|long|L:110181.0@20|SWL:110096.9,"v10_1_strict_cancel,weak_body_ratio,weak_close_strength,opposite_wick_high"
2025-10-16 03:10:00,CANCEL,SRR-1,short,bearish,upper_edge,H:111524.1@20,SWH:111566.0,111524.1,111582.36571428571,110300.0,58.26571428570605,5.224495358913997,0.3560230446926876,21.0089246310039,0.21948664222103434,0.2729177579885145,0.5075955997904512,0.0,4.0,CANCEL,,,,clear,BTCUSDT|short|H:111524.1@20|SWH:111566.0,"v10_1_strict_cancel,weak_body_ratio,weak_close_strength,body_not_aligned,opposite_wick_high"
2025-10-16 16:05:00,CANCEL,SRR-1,long,bearish,lower_edge,L:108250.0@20,SWL:108115.5,108250.0,108068.55071428571,111960.0,181.44928571429045,16.762058726493343,0.3864793318018018,20.446484456498528,0.5174307545367611,0.3383476599808885,0.1442215854823503,0.0,3.0,CANCEL,,,,clear,BTCUSDT|long|L:108250.0@20|SWL:108115.5,"v10_1_strict_cancel,weak_close_strength,body_not_aligned,weak_retest"
2025-10-17 06:55:00,WATCH,SRR-1,long,bearish,lower_edge,L:106810.7@20,SWL:106600.0,106810.7,106568.88,109199.8,241.81999999999243,22.640053852281884,0.777056555269898,9.879662558928462,0.4566787003610007,0.4566787003610007,0.5433212996389993,0.0,3.0,WATCH,,,,clear,BTCUSDT|long|L:106810.7@20|SWL:106600.0,"v10_1_watch_weak3,weak_close_strength,opposite_wick_high,weak_retest"
2025-10-17 07:55:00,CANCEL,SRR-1,long,bearish,lower_edge,L:105640.0@20,SWL:105635.0,105640.0,105599.82142857143,109199.8,40.17857142856519,3.803348298803975,0.11421319796952509,88.59946666668048,0.37926634768738177,0.14704944178630247,0.47368421052631576,0.0,3.0,CANCEL,,,,clear,BTCUSDT|long|L:105640.0@20|SWL:105635.0,"v10_1_strict_cancel,weak_close_strength,body_not_aligned,opposite_wick_high"
2025-10-17 21:20:00,CANCEL,SRR-1,short,bearish,upper_edge,H:107346.6@20,SWH:107370.0,107346.6,107387.21714285715,106016.6,40.6171428571397,3.783738176816005,0.23591105210751764,32.744794597639014,0.14513274336278034,0.45486725663711663,0.5451327433628834,0.0,3.0,CANCEL,,,,clear,BTCUSDT|short|H:107346.6@20|SWH:107370.0,"v10_1_strict_cancel,weak_body_ratio,weak_close_strength,opposite_wick_high"
2025-10-17 21:25:00,CANCEL,SRR-1,short,bearish,upper_edge,H:107346.6@20,SWH:107370.0,107346.6,107386.26785714286,106016.6,39.66785714284924,3.695306338798736,0.24384193194287443,33.52840551004539,0.13601532567047778,0.06130268199228483,0.8026819923372374,0.0,5.0,CANCEL,,,,clear,BTCUSDT|short|H:107346.6@20|SWH:107370.0,"v10_1_strict_cancel,weak_body_ratio,weak_close_strength,body_not_aligned,opposite_wick_high,weak_retest"
2025-10-19 00:50:00,CANCEL,SRR-1,long,bullish,lower_edge,L:106697.8@20,SWL:106692.2,106697.8,106680.96714285715,107298.7,16.832857142857392,1.57761988933768,0.14985374538980478,35.69803954850121,0.5560538116591929,0.15964125560540726,0.2843049327353999,0.0,2.0,CANCEL,,,,clear,BTCUSDT|long|L:106697.8@20|SWL:106692.2,"v10_1_strict_cancel,weak_close_strength,body_not_aligned"
2025-10-19 09:10:00,CANCEL,SRR-1,long,bearish,lower_edge,L:106200.0@20,SWL:106158.7,106200.0,106135.96357142857,107241.5,64.03642857143132,6.02979553403308,0.2816468222801787,16.264179986837153,0.5214963707426337,0.2680067001674955,0.21049692908987083,0.0,3.0,CANCEL,,,,clear,BTCUSDT|long|L:106200.0@20|SWL:106158.7,"v10_1_strict_cancel,weak_close_strength,body_not_aligned,weak_retest"
2025-10-19 17:25:00,CANCEL,SRR-1,short,bullish,upper_edge,H:109120.0@20,SWH:109399.9,109120.0,109420.55642857142,107312.2,300.55642857142084,27.54366097611994,1.4550261074034099,6.014843896677518,0.49025641025636546,0.15692307692310678,0.35282051282052773,0.0,3.0,CANCEL,,,,clear,BTCUSDT|short|H:109120.0@20|SWH:109399.9,"v10_1_strict_cancel,weak_close_strength,body_not_aligned,weak_retest"
2025-10-20 03:50:00,CANCEL,SRR-1,short,bullish,upper_edge,H:109280.0@20,SWH:109333.0,109280.0,109352.50642857143,107377.2,72.50642857143248,6.634922087429766,0.3717052986195255,26.24319025899044,0.6088903102014581,0.20019187719861337,0.19091781259992852,0.0,3.0,CANCEL,,,,clear,BTCUSDT|short|H:109280.0@20|SWH:109333.0,"v10_1_strict_cancel,weak_close_strength,body_not_aligned,weak_retest"
2025-10-20 05:40:00,CANCEL,SRR-1,short,bullish,upper_edge,H:110677.2@20,SWH:110753.5,110677.2,110771.36428571428,107377.2,94.16428571428696,8.508011199622594,0.5271091563374781,35.045133884547816,0.1335963923336971,0.49774520856824017,0.5022547914317598,0.0,4.0,CANCEL,,,,clear,BTCUSDT|short|H:110677.2@20|SWH:110753.5,"v10_1_strict_cancel,weak_body_ratio,weak_close_strength,opposite_wick_high,weak_retest"
2025-10-20 06:10:00,CANCEL,SRR-1,short,bullish,upper_edge,H:111074.2@20,SWH:111180.0,111074.2,111200.69071428571,107801.9,126.49071428571187,11.387947361827669,0.6113404909034369,25.869883164772634,0.1590263691683452,0.44016227180527384,0.5598377281947262,0.0,4.0,CANCEL,,,,clear,BTCUSDT|short|H:111074.2@20|SWH:111180.0,"v10_1_strict_cancel,weak_body_ratio,weak_close_strength,opposite_wick_high,weak_retest"
2025-10-20 11:10:00,CANCEL,SRR-1,long,bullish,lower_edge,L:110595.1@20,SWL:110552.3,110595.1,110538.51000000001,111650.0,56.58999999999651,5.116863224500588,0.4103698332124463,18.641102668317004,0.24466824644542445,0.33353080568721527,0.4218009478673603,0.0,4.0,CANCEL,,,,clear,BTCUSDT|long|L:110595.1@20|SWL:110552.3,"v10_1_strict_cancel,weak_body_ratio,weak_close_strength,body_not_aligned,weak_retest"
2025-10-20 14:10:00,CANCEL,SRR-1,short,bullish,upper_edge,H:111191.2@20,SWH:111253.8,111191.2,111271.88571428572,110522.9,80.68571428571886,7.256483812182876,0.44612954186416176,8.282754957506649,0.1388085598611961,0.44129554655873615,0.41989589358006774,0.0,3.0,CANCEL,,,,clear,BTCUSDT|short|H:111191.2@20|SWH:111253.8,"v10_1_strict_cancel,weak_body_ratio,weak_close_strength,body_not_aligned"
2025-10-21 04:35:00,CANCEL,SRR-1,long,bearish,lower_edge,L:107918.4@20,SWL:107800.3,107918.4,107776.29428571429,110706.2,142.10571428570256,13.167885577038074,0.5919661985241115,19.617789573156433,0.5524109014674874,0.4475890985325126,0.0,0.0,2.0,CANCEL,,,,clear,BTCUSDT|long|L:107918.4@20|SWL:107800.3,"v10_1_strict_cancel,weak_close_strength,body_not_aligned"
2025-10-21 04:50:00,CANCEL,SRR-1,long,bearish,lower_edge,L:107755.1@20,SWL:107670.1,107755.1,107643.23571428572,110612.7,111.86428571428405,10.381344893585924,0.41640521137994757,25.545239767575808,0.2394701086956569,0.3552989130434556,0.40523097826088744,0.0,4.0,CANCEL,,,,clear,BTCUSDT|long|L:107755.1@20|SWL:107670.1,"v10_1_strict_cancel,weak_body_ratio,weak_close_strength,body_not_aligned,weak_retest"
2025-10-21 05:05:00,CANCEL,SRR-1,long,bearish,lower_edge,L:107592.0@20,SWL:107575.0,107592.0,107546.59785714286,110486.3,45.40214285714319,4.219843748340321,0.15985463873450356,63.74809244371686,0.346037006351839,0.11930405965201987,0.5346589339961412,0.0,4.0,CANCEL,,,,clear,BTCUSDT|long|L:107592.0@20|SWL:107575.0,"v10_1_strict_cancel,weak_close_strength,body_not_aligned,opposite_wick_high,weak_retest"
2025-10-21 15:25:00,CANCEL,SRR-1,short,bullish,upper_edge,H:112877.9@20,SWH:112951.9,112877.9,113013.99357142857,107524.3,136.09357142857334,12.056706532330363,0.21917497785600404,39.337640593918486,0.742661990031392,0.25733800996860795,0.0,0.0,2.0,CANCEL,,,,clear,BTCUSDT|short|H:112877.9@20|SWH:112951.9,"v10_1_strict_cancel,weak_close_strength,body_not_aligned"
2025-10-21 15:40:00,WATCH,SRR-1,short,bullish,upper_edge,H:113100.0@20,SWH:113273.4,113100.0,113330.39642857142,107572.3,230.39642857141735,20.37103700896705,0.40422958832005124,23.99212537396839,0.18009259259259933,0.5226851851851919,0.4773148148148081,0.0,3.0,WATCH,,,,clear,BTCUSDT|short|H:113100.0@20|SWH:113273.4,"v10_1_watch_weak3,weak_body_ratio,weak_close_strength,opposite_wick_high"
2025-10-21 22:25:00,CANCEL,SRR-1,long,bullish,lower_edge,L:109950.0@20,SWL:109861.1,109950.0,109828.54142857144,112726.7,121.45857142856403,11.04670954329823,0.37304637795618834,22.861293092296215,0.7943727115051102,0.1801888610522279,0.025438427442661858,0.0,3.0,CANCEL,,,,clear,BTCUSDT|long|L:109950.0@20|SWL:109861.1,"v10_1_strict_cancel,weak_close_strength,body_not_aligned,weak_retest"
2025-10-22 00:35:00,CANCEL,SRR-1,long,bearish,lower_edge,L:107800.0@20,SWL:107788.0,107800.0,107754.38357142857,111974.3,45.61642857143306,4.231579644845367,0.13569683190618245,91.50869830730515,0.05813008130082484,0.38739837398375165,0.6126016260162483,0.0,3.0,CANCEL,,,,clear,BTCUSDT|long|L:107800.0@20|SWL:107788.0,"v10_1_strict_cancel,weak_body_ratio,weak_close_strength,opposite_wick_high"
2025-10-23 01:20:00,CANCEL,SRR-1,short,bearish,upper_edge,H:108392.6@20,SWH:108500.0,108392.6,108519.39071428572,106588.0,126.79071428571478,11.697358886650452,0.6538733561719594,14.232903491129917,0.3253333333333042,0.439333333333343,0.23533333333335274,0.0,2.0,CANCEL,,,,clear,BTCUSDT|short|H:108392.6@20|SWH:108500.0,"v10_1_strict_cancel,weak_close_strength,body_not_aligned"
2025-10-25 07:40:00,CANCEL,SRR-1,short,bullish,upper_edge,H:111671.5@20,SWH:111775.1,111671.5,111786.315,110923.2,114.81500000000233,10.28149527856278,1.0237628176549338,6.517441100901343,0.2703897147448955,0.2217758135797444,0.5078344716753601,0.0,4.0,CANCEL,,,,clear,BTCUSDT|short|H:111671.5@20|SWH:111775.1,"v10_1_strict_cancel,weak_body_ratio,weak_close_strength,body_not_aligned,opposite_wick_high"
2025-10-25 09:10:00,CANCEL,SRR-1,short,bullish,upper_edge,H:111775.1@20,SWH:111787.1,111775.1,111796.615,110962.3,21.514999999999418,1.9248473049900574,0.2261166579085583,37.778294213340686,0.8981481481482269,0.10185185185177316,0.0,0.0,2.0,CANCEL,,,,clear,BTCUSDT|short|H:111775.1@20|SWH:111787.1,"v10_1_strict_cancel,weak_close_strength,body_not_aligned"
2025-10-26 00:55:00,WATCH,SRR-1,short,bullish,upper_edge,H:111838.5@20,SWH:111866.7,111838.5,111876.18857142857,111291.0,37.688571428574505,3.36991031072256,0.39719963866308744,14.526950193312437,0.2669683257918552,0.5266968325791592,0.47330316742084083,0.0,3.0,WATCH,,,,clear,BTCUSDT|short|H:111838.5@20|SWH:111866.7,"v10_1_watch_weak3,weak_body_ratio,weak_close_strength,opposite_wick_high"
2025-10-26 11:50:00,WATCH,SRR-1,short,bullish,upper_edge,H:113355.6@20,SWH:113442.5,113355.6,113458.40428571429,111527.6,102.80428571428638,9.06918455852965,0.6463936045989384,17.781359865486316,0.18220610198420037,0.5427778963089306,0.4572221036910694,0.0,3.0,WATCH,,,,clear,BTCUSDT|short|H:113355.6@20|SWH:113442.5,"v10_1_watch_weak3,weak_body_ratio,weak_close_strength,opposite_wick_high"
2025-10-26 11:55:00,WATCH,SRR-1,short,bullish,upper_edge,H:113355.6@20,SWH:113442.5,113355.6,113459.40357142857,111527.6,103.80357142856519,9.15733950758191,0.61409254172825,17.61018407018857,0.2177254098360688,0.35502049180329887,0.6449795081967011,0.0,3.0,WATCH,,,,clear,BTCUSDT|short|H:113355.6@20|SWH:113442.5,"v10_1_watch_weak3,weak_body_ratio,weak_close_strength,opposite_wick_high"
2025-10-27 05:10:00,WATCH,SRR-1,short,bullish,upper_edge,H:115407.7@20,SWH:115463.0,115407.7,115470.77428571429,114300.0,63.074285714290454,5.465344661949805,0.8113193678794997,17.5618318535953,0.20347714101741937,0.5241468126206867,0.2723760463618939,0.0,3.0,WATCH,,,,clear,BTCUSDT|short|H:115407.7@20|SWH:115463.0,"v10_1_watch_weak3,weak_body_ratio,weak_close_strength,body_not_aligned"
2025-10-27 05:25:00,CANCEL,SRR-1,short,bullish,upper_edge,H:115499.9@20,SWH:115565.6,115499.9,115575.05642857144,114600.0,75.15642857144121,6.507055726579955,0.7947654656697409,11.97369296419639,0.1881136950904092,0.31731266149867793,0.682687338501322,0.0,3.0,CANCEL,,,,clear,BTCUSDT|short|H:115499.9@20|SWH:115565.6,"v10_1_strict_cancel,weak_body_ratio,weak_close_strength,opposite_wick_high"
2025-10-27 09:10:00,WATCH,SRR-1,long,bullish,lower_edge,L:114860.0@20,SWL:114780.2,114860.0,114763.26071428572,116380.2,96.73928571428405,8.422365115295493,0.5710942441492558,15.714401742533559,0.25041736227044464,0.6677796327211858,0.08180300500836955,0.0,3.0,WATCH,,,,clear,BTCUSDT|long|L:114860.0@20|SWL:114780.2,"v10_1_watch_weak3,weak_body_ratio,body_not_aligned,weak_retest"
2025-10-27 20:10:00,CANCEL,SRR-1,long,bullish,lower_edge,L:114712.4@20,SWL:114668.0,114712.4,114650.36714285714,115744.8,62.03285714285448,5.407685406534471,0.35180264117312277,16.642792989891007,0.8126582278480644,0.18734177215193556,0.0,0.0,3.0,CANCEL,,,,clear,BTCUSDT|long|L:114712.4@20|SWL:114668.0,"v10_1_strict_cancel,weak_close_strength,body_not_aligned,weak_retest"
2025-10-27 22:55:00,CANCEL,SRR-1,long,bullish,lower_edge,L:114067.5@20,SWL:114066.7,114067.5,114049.5157142857,115744.8,17.984285714293947,1.5766353881950552,0.104655416077861,93.26475494475055,0.5968768074031264,0.0,0.40312319259687357,0.0,2.0,CANCEL,,,,clear,BTCUSDT|long|L:114067.5@20|SWL:114066.7,"v10_1_strict_cancel,weak_close_strength,body_not_aligned"
2025-10-28 07:50:00,WATCH,SRR-1,short,bearish,upper_edge,H:114272.7@20,SWH:114320.6,114272.7,114333.43857142857,113422.0,60.738571428577416,5.315230271847731,0.47309446978973674,14.005927040946897,0.2824601366742126,0.5937737281701194,0.12376613515566795,0.0,3.0,WATCH,,,,clear,BTCUSDT|short|H:114272.7@20|SWH:114320.6,"v10_1_watch_weak3,weak_body_ratio,weak_close_strength,body_not_aligned"
2025-10-28 08:35:00,CANCEL,SRR-1,short,bearish,upper_edge,H:114388.6@20,SWH:114415.0,114388.6,114425.55928571429,113422.0,36.959285714285215,3.231028766353047,0.35001691131705137,26.15310283516662,0.45847176079746105,0.331395348837177,0.21013289036536198,0.0,2.0,CANCEL,,,,clear,BTCUSDT|short|H:114388.6@20|SWH:114415.0,"v10_1_strict_cancel,weak_close_strength,body_not_aligned"
2025-10-28 08:40:00,WATCH,SRR-1,short,bearish,upper_edge,H:114388.6@20,SWH:114415.0,114388.6,114425.07357142857,113422.0,36.473571428563446,3.1885669925642453,0.3620718995957544,26.50138064744148,0.08392857142877931,0.5464285714286754,0.45357142857132465,0.0,3.0,WATCH,,,,clear,BTCUSDT|short|H:114388.6@20|SWH:114415.0,"v10_1_watch_weak3,weak_body_ratio,weak_close_strength,opposite_wick_high"
2025-10-28 08:50:00,CANCEL,SRR-1,short,bearish,upper_edge,H:114424.0@20,SWH:114430.3,114424.0,114439.92071428572,113422.0,15.920714285719441,1.3913789314933442,0.1654837033187862,62.93687469153151,0.545454545454562,0.2988792029887812,0.15566625155665686,0.0,2.0,CANCEL,,,,clear,BTCUSDT|short|H:114424.0@20|SWH:114430.3,"v10_1_strict_cancel,weak_close_strength,body_not_aligned"
2025-10-28 13:40:00,CANCEL,SRR-1,short,bearish,upper_edge,H:115140.3@20,SWH:115171.3,115140.3,115189.11142857143,114080.8,48.811428571425495,4.239300103562827,0.27404555662494035,21.705982205573832,0.07780235988202402,0.2131268436578187,0.7090707964601572,0.0,4.0,CANCEL,,,,clear,BTCUSDT|short|H:115140.3@20|SWH:115171.3,"v10_1_strict_cancel,weak_body_ratio,weak_close_strength,body_not_aligned,opposite_wick_high"
2025-10-28 21:10:00,CANCEL,SRR-1,long,bearish,lower_edge,L:112268.1@20,SWL:112121.4,112268.1,112081.82999999999,115554.5,186.27000000001863,16.591534015452176,0.4707354056103564,17.643206098672174,0.4890011406224542,0.40834283852045145,0.10265602085709435,0.0,2.0,CANCEL,,,,clear,BTCUSDT|long|L:112268.1@20|SWL:112121.4,"v10_1_strict_cancel,weak_close_strength,body_not_aligned"
2025-10-29 01:25:00,CANCEL,SRR-1,long,bearish,lower_edge,L:112121.4@20,SWL:112100.0,112121.4,112086.09928571428,113233.0,35.300714285709546,3.1484368091826846,0.25394892348796866,31.48944780559311,0.5370171673820222,0.1727467811158696,0.2902360515021081,0.0,3.0,CANCEL,,,,clear,BTCUSDT|long|L:112121.4@20|SWL:112100.0,"v10_1_strict_cancel,weak_close_strength,body_not_aligned,weak_retest"
2025-10-29 08:05:00,CANCEL,SRR-1,short,bearish,upper_edge,H:113525.0@20,SWH:113581.7,113525.0,113592.46071428571,112276.0,67.46071428571304,5.942366376191415,0.6269166943245819,18.51447932659254,0.07137809187283266,0.4212014134275001,0.5074204946996672,0.0,5.0,CANCEL,,,,clear,BTCUSDT|short|H:113525.0@20|SWH:113581.7,"v10_1_strict_cancel,weak_body_ratio,weak_close_strength,body_not_aligned,opposite_wick_high,weak_retest"
2025-10-29 15:10:00,WATCH,SRR-1,long,bearish,lower_edge,L:112190.8@20,SWL:112109.8,112190.8,112083.50714285714,113593.0,107.2928571428638,9.563427406067502,0.4080684596577238,13.068903535050092,0.2129174852652203,0.46709233791748145,0.5329076620825185,0.0,3.0,WATCH,,,,clear,BTCUSDT|long|L:112190.8@20|SWL:112109.8,"v10_1_watch_weak3,weak_body_ratio,weak_close_strength,opposite_wick_high"
2025-10-30 00:10:00,CANCEL,SRR-1,long,bearish,lower_edge,L:109686.4@20,SWL:109670.6,109686.4,109648.70928571429,111744.0,37.690714285708964,3.436224936337501,0.17217672202823228,54.59169556731319,0.7054287476866106,0.12708204811843757,0.16748920419495186,0.0,2.0,CANCEL,,,,clear,BTCUSDT|long|L:109686.4@20|SWL:109670.6,"v10_1_strict_cancel,weak_close_strength,body_not_aligned"
2025-10-30 11:25:00,CANCEL,SRR-1,long,bearish,lower_edge,L:109752.4@20,SWL:109645.8,109752.4,109629.33642857143,111565.1,123.06357142855995,11.212836478159927,0.7474901297235739,14.729785418687513,0.19873417721515305,0.49430379746839126,0.3069620253164557,0.0,3.0,CANCEL,,,,clear,BTCUSDT|long|L:109752.4@20|SWL:109645.8,"v10_1_strict_cancel,weak_body_ratio,weak_close_strength,body_not_aligned"
2025-10-30 11:55:00,CANCEL,SRR-1,long,bearish,lower_edge,L:109645.8@20,SWL:109638.6,109645.8,109622.36785714286,111565.1,23.432142857142026,2.1370761905282305,0.14435643564356201,81.90885535741806,0.6694745286803712,0.3301243481748584,0.00040112314477045135,0.0,2.0,CANCEL,,,,clear,BTCUSDT|long|L:109645.8@20|SWL:109638.6,"v10_1_strict_cancel,weak_close_strength,body_not_aligned"
2025-10-30 12:05:00,WATCH,SRR-1,long,bearish,lower_edge,L:109638.6@20,SWL:109562.5,109638.6,109546.53,111565.1,92.07000000000698,8.397589899908152,0.576518472135304,20.924296730746757,0.004027617951651772,0.5909090909090643,0.40506329113928397,0.0,3.0,WATCH,,,,clear,BTCUSDT|long|L:109638.6@20|SWL:109562.5,"v10_1_watch_weak3,weak_body_ratio,weak_close_strength,body_not_aligned"
2025-10-30 12:50:00,CANCEL,SRR-1,long,bearish,lower_edge,L:108438.0@20,SWL:108426.1,108438.0,108398.69214285715,111400.0,39.30785714284866,3.6249153565031316,0.14341820645797043,75.35389144302111,0.07277353689561505,0.13384223918569138,0.8661577608143086,0.0,4.0,CANCEL,,,,clear,BTCUSDT|long|L:108438.0@20|SWL:108426.1,"v10_1_strict_cancel,weak_body_ratio,weak_close_strength,opposite_wick_high,weak_retest"
2025-10-30 13:25:00,CANCEL,SRR-1,long,bearish,lower_edge,L:108216.5@20,SWL:108112.0,108216.5,108081.64357142858,110910.0,134.85642857142375,12.46172520562241,0.4442433939621956,19.97309307782422,0.1811876896402403,0.00043346337230719596,0.8183788469874526,0.0,4.0,CANCEL,,,,clear,BTCUSDT|long|L:108216.5@20|SWL:108112.0,"v10_1_strict_cancel,weak_body_ratio,weak_close_strength,body_not_aligned,opposite_wick_high"
2025-10-30 15:50:00,CANCEL,SRR-1,long,bearish,lower_edge,L:107350.0@20,SWL:107254.1,107350.0,107228.05071428572,110151.5,121.9492857142759,11.359970723267434,0.46814829032874106,22.97266428082116,0.5412204234122114,0.4039850560398433,0.0547945205479452,0.0,2.0,CANCEL,,,,clear,BTCUSDT|long|L:107350.0@20|SWL:107254.1,"v10_1_strict_cancel,weak_close_strength,body_not_aligned"
2025-10-30 17:20:00,CANCEL,SRR-1,long,bearish,lower_edge,L:107254.1@20,SWL:107239.8,107254.1,107219.10285714286,109461.8,34.997142857144354,3.263012123279609,0.16909166206516513,63.08229243203249,0.7610659439927933,0.23848238482386766,0.00045167118333907624,0.0,2.0,CANCEL,,,,clear,BTCUSDT|long|L:107254.1@20|SWL:107239.8,"v10_1_strict_cancel,weak_close_strength,body_not_aligned"
2025-10-31 09:10:00,CANCEL,SRR-1,short,bullish,upper_edge,H:110200.0@20,SWH:110318.0,110200.0,110340.15357142857,109062.7,140.153571428571,12.718109929997368,0.6326454941157456,8.11467013225293,0.5706455542021849,0.24847746650428523,0.18087697929352994,0.0,2.0,CANCEL,,,,clear,BTCUSDT|short|H:110200.0@20|SWH:110318.0,"v10_1_strict_cancel,weak_close_strength,body_not_aligned"
2025-10-31 09:20:00,CANCEL,SRR-1,short,bullish,upper_edge,H:110318.0@20,SWH:110410.0,110318.0,110431.89285714286,109159.0,113.89285714285506,10.324050213279344,0.5202283849918314,10.176230793352333,0.5902941176470503,0.30794117647057967,0.10176470588237006,0.0,3.0,CANCEL,,,,clear,BTCUSDT|short|H:110318.0@20|SWH:110410.0,"v10_1_strict_cancel,weak_close_strength,body_not_aligned,weak_retest"
2025-10-31 15:10:00,CANCEL,SRR-1,short,bullish,upper_edge,H:111100.0@20,SWH:111233.0,111100.0,111273.02642857142,109308.1,173.026428571422,15.573935965024484,0.43228045755481137,10.356221386493752,0.653473251967618,0.22459222082809951,0.12193452720428258,0.0,2.0,CANCEL,,,,clear,BTCUSDT|short|H:111100.0@20|SWH:111233.0,"v10_1_strict_cancel,weak_close_strength,body_not_aligned"
2025-11-01 20:40:00,CANCEL,SRR-1,short,bullish,upper_edge,H:110486.4@20,SWH:110487.0,110486.4,110492.80928571429,109957.8,6.409285714296857,0.580097253082448,0.11032829214331204,82.47408893332232,0.7980295566501315,0.08374384236457086,0.1182266009852976,0.0,2.0,CANCEL,,,,clear,BTCUSDT|short|H:110486.4@20|SWH:110487.0,"v10_1_strict_cancel,weak_close_strength,body_not_aligned"
2025-11-02 09:25:00,CANCEL,SRR-1,short,bullish,upper_edge,H:110988.0@20,SWH:110999.9,110988.0,111009.28428571428,110009.1,21.284285714282305,1.9177105375610253,0.2268077332927018,45.9916772937852,0.7133592736706384,0.2866407263293615,0.0,0.0,2.0,CANCEL,,,,clear,BTCUSDT|short|H:110988.0@20|SWH:110999.9,"v10_1_strict_cancel,weak_close_strength,body_not_aligned"
2025-11-02 12:05:00,CANCEL,SRR-1,short,bullish,upper_edge,H:111193.5@20,SWH:111216.0,111193.5,111228.72785714286,110302.1,35.22785714286147,3.1681579537348377,0.27677759694711607,25.303838277334062,0.001807228915592521,0.4271084337349047,0.5728915662650953,0.0,3.0,CANCEL,,,,clear,BTCUSDT|short|H:111193.5@20|SWH:111216.0,"v10_1_strict_cancel,weak_body_ratio,weak_close_strength,opposite_wick_high"
2025-11-03 02:50:00,WATCH,SRR-1,long,bearish,lower_edge,L:108750.0@20,SWL:108600.0,108750.0,108576.93785714285,110711.0,173.06214285714668,15.913760262726132,0.7504165763310483,11.331189869864827,0.25318181818180496,0.7327272727272595,0.01409090909093555,0.0,3.0,WATCH,,,,clear,BTCUSDT|long|L:108750.0@20|SWL:108600.0,"v10_1_watch_weak3,weak_body_ratio,body_not_aligned,weak_retest"
2025-11-03 03:55:00,CANCEL,SRR-1,long,bearish,lower_edge,L:107900.1@20,SWL:107850.0,107900.1,107823.74857142857,110711.0,76.35142857143364,7.076122132549797,0.2908467566391129,36.815290199451134,0.27920000000001166,0.36079999999998835,0.36,0.0,3.0,CANCEL,,,,clear,BTCUSDT|long|L:107900.1@20|SWL:107850.0,"v10_1_strict_cancel,weak_body_ratio,weak_close_strength,body_not_aligned"
2025-11-03 08:50:00,CANCEL,SRR-1,long,bearish,lower_edge,L:106946.7@20,SWL:106925.7,106946.7,106909.45142857142,108207.6,37.24857142857218,3.4829098446770383,0.22924213117637296,33.8509626447798,0.6033740129217599,0.3456568557071102,0.05096913137112991,0.0,2.0,CANCEL,,,,clear,BTCUSDT|long|L:106946.7@20|SWL:106925.7,"v10_1_strict_cancel,weak_close_strength,body_not_aligned"
2025-11-03 22:40:00,CANCEL,SRR-1,long,bearish,lower_edge,L:106038.0@20,SWL:105750.1,106038.0,105722.96428571429,107634.9,315.0357142857101,29.709699757229494,1.1609634114240348,5.068949098741688,0.02532777115613782,0.45053635280098037,0.5241358760428818,0.0,4.0,CANCEL,,,,clear,BTCUSDT|long|L:106038.0@20|SWL:105750.1,"v10_1_strict_cancel,weak_body_ratio,weak_close_strength,body_not_aligned,opposite_wick_high"
2025-11-04 06:10:00,CANCEL,SRR-1,long,bearish,lower_edge,L:104131.8@20,SWL:104125.3,104131.8,104084.53928571429,107271.9,47.26071428571595,4.538547714119601,0.11594672741610881,66.44207662661276,0.6140200897627526,0.33447317802949766,0.051506732207749775,0.0,2.0,CANCEL,,,,clear,BTCUSDT|long|L:104131.8@20|SWL:104125.3,"v10_1_strict_cancel,weak_close_strength,body_not_aligned"
2025-11-04 15:05:00,CANCEL,SRR-1,short,bearish,upper_edge,H:104656.0@20,SWH:104800.0,104656.0,104837.19571428571,102870.0,181.19571428571362,17.313456876405905,0.48714137573453037,9.856745271490217,0.449855225059256,0.44932877072913846,0.10081600421160554,0.0,3.0,CANCEL,,,,clear,BTCUSDT|short|H:104656.0@20|SWH:104800.0,"v10_1_strict_cancel,weak_close_strength,body_not_aligned,weak_retest"
2025-11-04 16:50:00,CANCEL,SRR-1,long,bearish,lower_edge,L:102456.0@20,SWL:102430.2,102456.0,102392.82642857142,104800.0,63.17357142857509,6.16592209617544,0.16903273894846543,37.104123559804734,0.4469673405909707,0.1682737169518066,0.3847589424572227,0.0,3.0,CANCEL,,,,clear,BTCUSDT|long|L:102456.0@20|SWL:102430.2,"v10_1_strict_cancel,weak_close_strength,body_not_aligned,weak_retest"
2025-11-04 18:40:00,CANCEL,SRR-1,long,bearish,lower_edge,L:100250.0@20,SWL:99980.0,100250.0,99934.24857142857,104800.0,315.7514285714278,31.496401852511504,0.6901455067757449,14.41006940359961,0.07637500000000727,0.4133749999999964,0.5102499999999963,0.0,4.0,CANCEL,,,,active,BTCUSDT|long|L:100250.0@20|SWL:99980.0,"v10_1_strict_cancel,weak_body_ratio,weak_close_strength,body_not_aligned,opposite_wick_high"
2025-11-05 02:55:00,CANCEL,SRR-1,short,bearish,upper_edge,H:101859.5@20,SWH:101918.1,101859.5,101966.99571428572,98909.7,107.49571428571653,10.553332216014857,0.21984690449061067,27.441093997102328,0.16624445851804787,0.35623812539581684,0.4775174160861353,0.0,4.0,CANCEL,,,,clear,BTCUSDT|short|H:101859.5@20|SWH:101918.1,"v10_1_strict_cancel,weak_body_ratio,weak_close_strength,body_not_aligned,opposite_wick_high"
2025-11-05 03:55:00,CANCEL,SRR-1,short,bearish,upper_edge,H:102195.9@20,SWH:102222.0,102195.9,102253.04142857142,98909.7,57.14142857142724,5.591362135998337,0.18408118183072936,57.509937748445,0.34540276647684187,0.2009764035801204,0.45362082994303776,0.0,3.0,CANCEL,,,,clear,BTCUSDT|short|H:102195.9@20|SWH:102222.0,"v10_1_strict_cancel,weak_close_strength,body_not_aligned,opposite_wick_high"
2025-11-05 16:10:00,CANCEL,SRR-1,short,bullish,upper_edge,H:103750.0@20,SWH:103790.0,103750.0,103821.8607142857,101338.0,71.86071428570722,6.926333907056118,0.22554646340094184,33.564932160432704,0.2850719424460899,0.14253597122301223,0.5723920863308979,0.0,4.0,CANCEL,,,,clear,BTCUSDT|short|H:103750.0@20|SWH:103790.0,"v10_1_strict_cancel,weak_body_ratio,weak_close_strength,body_not_aligned,opposite_wick_high"
2025-11-05 18:20:00,WATCH,SRR-1,short,bullish,upper_edge,H:103990.3@20,SWH:104073.6,103990.3,104095.60571428572,102120.0,105.3057142857142,10.126493940849695,0.4785380420669993,17.760669614998548,0.35792349726777656,0.47859744990893915,0.1634790528232843,0.0,3.0,WATCH,,,,clear,BTCUSDT|short|H:103990.3@20|SWH:104073.6,"v10_1_watch_weak3,weak_close_strength,body_not_aligned,weak_retest"
2025-11-05 18:25:00,CANCEL,SRR-1,short,bullish,upper_edge,H:103990.3@20,SWH:104073.6,103990.3,104095.49857142857,102120.0,105.19857142856927,10.116190782079604,0.4803901102485427,17.77875853827495,0.0603015075376454,0.08829863603734855,0.851399856425006,0.0,5.0,CANCEL,,,,clear,BTCUSDT|short|H:103990.3@20|SWH:104073.6,"v10_1_strict_cancel,weak_body_ratio,weak_close_strength,body_not_aligned,opposite_wick_high,weak_retest"
2025-11-06 04:50:00,CANCEL,SRR-1,short,bullish,upper_edge,H:104045.9@20,SWH:104210.2,104045.9,104224.06642857143,102684.7,178.16642857143597,17.123829826205164,1.2848761139443157,7.6400476280200165,0.5248993963782739,0.4408953722334174,0.03420523138830877,0.0,3.0,CANCEL,,,,clear,BTCUSDT|short|H:104045.9@20|SWH:104210.2,"v10_1_strict_cancel,weak_close_strength,body_not_aligned,weak_retest"
2025-11-06 12:55:00,CANCEL,SRR-1,long,bearish,lower_edge,L:102386.1@20,SWL:102329.0,102386.1,102309.00714285714,103406.0,77.0928571428667,7.529621417640353,0.3856020007145847,13.229500602240478,0.28016241299295774,0.057424593967565135,0.6624129930394771,0.0,4.0,CANCEL,,,,clear,BTCUSDT|long|L:102386.1@20|SWL:102329.0,"v10_1_strict_cancel,weak_body_ratio,weak_close_strength,body_not_aligned,opposite_wick_high"
2025-11-07 08:50:00,CANCEL,SRR-1,long,bearish,lower_edge,L:101458.1@20,SWL:101453.0,101458.1,101440.02928571429,102480.4,18.07071428571362,1.7811011920895048,0.13931934577894903,56.57219652950853,0.7064439140811851,0.2935560859188149,0.0,0.0,2.0,CANCEL,,,,clear,BTCUSDT|long|L:101458.1@20|SWL:101453.0,"v10_1_strict_cancel,weak_close_strength,body_not_aligned"
2025-11-07 11:20:00,WATCH,SRR-1,long,bearish,lower_edge,L:100035.1@20,SWL:99864.8,100035.1,99842.17428571428,102433.9,192.9257142857241,19.285802112031085,0.8526834196237473,12.433801315087276,0.10062893081759036,0.5343492985002354,0.4656507014997647,0.0,3.0,WATCH,,,,clear,BTCUSDT|long|L:100035.1@20|SWL:99864.8,"v10_1_watch_weak3,weak_body_ratio,weak_close_strength,opposite_wick_high"
2025-11-07 12:40:00,WATCH,SRR-1,long,bearish,lower_edge,L:99750.0@20,SWL:99601.8,99750.0,99578.77071428571,102024.7,171.2292857142893,17.165843179377372,0.7435284265376526,13.284526595500308,0.09712509712509933,0.5835275835275854,0.31934731934731525,0.0,4.0,WATCH,,,,clear,BTCUSDT|long|L:99750.0@20|SWL:99601.8,"v10_1_watch_weak3,weak_body_ratio,weak_close_strength,body_not_aligned,weak_retest"
2025-11-07 17:20:00,WATCH,SRR-1,short,bearish,upper_edge,H:101620.1@20,SWH:101800.0,101620.1,101835.26214285714,99200.0,215.16214285713795,21.17318747542444,0.6101788644235893,11.24779651226512,0.04319741622929841,0.7957206297941386,0.16108195397656297,0.0,3.0,WATCH,,,,clear,BTCUSDT|short|H:101620.1@20|SWH:101800.0,"v10_1_watch_weak3,weak_body_ratio,body_not_aligned,weak_retest"
2025-11-07 18:10:00,CANCEL,SRR-1,short,bearish,upper_edge,H:102688.0@20,SWH:102745.5,102688.0,102781.32785714285,99425.4,93.32785714285274,9.088487178916012,0.26048964293545324,34.958479706719196,0.2362584378013484,0.3630665380906576,0.40067502410799405,0.0,3.0,CANCEL,,,,active,BTCUSDT|short|H:102688.0@20|SWH:102745.5,"v10_1_strict_cancel,weak_body_ratio,weak_close_strength,body_not_aligned"
2025-11-07 18:25:00,CANCEL,SRR-1,short,bearish,upper_edge,H:102778.9@20,SWH:102818.0,102778.9,102854.5142857143,99451.1,75.6142857142986,7.356985306740839,0.20708137715183497,44.01020215378037,0.16775501013285077,0.2659310965998745,0.7340689034001255,0.0,3.0,CANCEL,,,,active,BTCUSDT|short|H:102778.9@20|SWH:102818.0,"v10_1_strict_cancel,weak_body_ratio,weak_close_strength,opposite_wick_high"
2025-11-07 19:25:00,WATCH,SRR-1,short,bullish,upper_edge,H:102818.0@20,SWH:102963.5,102818.0,102989.64285714286,99451.1,171.64285714285506,16.693852938479164,0.6565573770491672,19.615730337078855,0.43739279588334007,0.4522584333905196,0.11034877072614035,0.0,3.0,WATCH,,,,clear,BTCUSDT|short|H:102818.0@20|SWH:102963.5,"v10_1_watch_weak3,weak_close_strength,body_not_aligned,weak_retest"
2025-11-07 19:55:00,CANCEL,SRR-1,short,bullish,upper_edge,H:103262.4@20,SWH:103300.0,103262.4,103322.69857142857,100283.0,60.29857142857509,5.839354056130314,0.2656491912644114,49.41078916818378,0.7364114552892794,0.014611338398596815,0.24897720631212375,0.0,2.0,CANCEL,,,,clear,BTCUSDT|short|H:103262.4@20|SWH:103300.0,"v10_1_strict_cancel,weak_close_strength,body_not_aligned"
2025-11-07 20:05:00,CANCEL,SRR-1,short,bullish,upper_edge,H:103350.7@20,SWH:103377.2,103350.7,103397.58642857142,100319.4,46.886428571422584,4.536633866187901,0.2299884376861059,64.65197056718432,0.03514180024659181,0.20283600493215023,0.7971639950678497,0.0,4.0,CANCEL,,,,clear,BTCUSDT|short|H:103350.7@20|SWH:103377.2,"v10_1_strict_cancel,weak_body_ratio,weak_close_strength,opposite_wick_high,weak_retest"
2025-11-07 20:35:00,CANCEL,SRR-1,short,bullish,upper_edge,H:103377.2@20,SWH:103391.0,103377.2,103414.12071428572,100367.0,36.92071428571944,3.5714562094658633,0.15968673731041216,81.5314670432666,0.6709006928406503,0.27598152424940836,0.053117782909941326,0.0,2.0,CANCEL,,,,clear,BTCUSDT|short|H:103377.2@20|SWH:103391.0,"v10_1_strict_cancel,weak_close_strength,body_not_aligned"
2025-11-08 11:50:00,WATCH,SRR-1,long,bullish,lower_edge,L:101853.8@20,SWL:101800.0,101853.8,101787.48357142857,102654.1,66.31642857143015,6.5109429958852925,0.5298350739028822,12.067899572396168,0.25330132052822885,0.4669867947178864,0.2797118847538848,0.0,3.0,WATCH,,,,clear,BTCUSDT|long|L:101853.8@20|SWL:101800.0,"v10_1_watch_weak3,weak_body_ratio,weak_close_strength,body_not_aligned"
2025-11-08 14:10:00,CANCEL,SRR-1,long,bearish,lower_edge,L:101647.7@20,SWL:101573.0,101647.7,101556.48428571428,102594.0,91.2157142857177,8.973711582821618,0.5522965141424,10.374308937995917,0.5483870967741407,0.39324116743472487,0.058371735791134464,0.0,3.0,CANCEL,,,,clear,BTCUSDT|long|L:101647.7@20|SWL:101573.0,"v10_1_strict_cancel,weak_close_strength,body_not_aligned,weak_retest"
2025-11-08 22:50:00,CANCEL,SRR-1,short,bearish,upper_edge,H:102328.9@20,SWH:102333.0,102328.9,102342.90642857143,101471.1,14.00642857143248,1.3687656733759945,0.14138726656576514,61.24330664489003,0.8433333333333334,0.0379999999999806,0.11866666666668607,0.0,3.0,CANCEL,,,,clear,BTCUSDT|short|H:102328.9@20|SWH:102333.0,"v10_1_strict_cancel,weak_close_strength,body_not_aligned,weak_retest"
2025-11-08 22:55:00,WATCH,SRR-1,short,bearish,upper_edge,H:102328.9@20,SWH:102382.6,102328.9,102392.20285714287,101471.1,63.30285714287311,6.186214954218516,0.6592085688784933,13.55073117890956,0.0,1.0,0.0,0.0,3.0,WATCH,,,,clear,BTCUSDT|short|H:102328.9@20|SWH:102382.6,"v10_1_watch_weak3,weak_body_ratio,body_not_aligned,weak_retest"
2025-11-09 11:20:00,WATCH,SRR-1,short,bearish,upper_edge,H:102161.5@20,SWH:102234.0,102161.5,102247.73214285714,101457.0,86.23214285714494,8.440767104745422,0.6279583875162653,8.16980741354298,0.04469273743012786,0.5879888268156341,0.4120111731843659,0.0,3.0,WATCH,,,,clear,BTCUSDT|short|H:102161.5@20|SWH:102234.0,"v10_1_watch_weak3,weak_body_ratio,weak_close_strength,weak_retest"
2025-11-09 13:25:00,CANCEL,SRR-1,short,bearish,upper_edge,H:102390.0@20,SWH:102426.9,102390.0,102439.125,101457.0,49.125,4.7978318195136245,0.4018404907975426,18.99236641221374,0.11270801815438017,0.3184568835097745,0.5688350983358452,0.0,5.0,CANCEL,,,,clear,BTCUSDT|short|H:102390.0@20|SWH:102426.9,"v10_1_strict_cancel,weak_body_ratio,weak_close_strength,body_not_aligned,opposite_wick_high,weak_retest"
2025-11-09 14:10:00,CANCEL,SRR-1,short,bullish,upper_edge,H:102967.0@20,SWH:103024.1,102967.0,103040.89357142858,101457.0,73.89357142857625,7.176432393735493,0.4400110586534239,20.43479521705795,0.7177770338131431,0.19986608637431977,0.0823568798125372,0.0,3.0,CANCEL,,,,clear,BTCUSDT|short|H:102967.0@20|SWH:103024.1,"v10_1_strict_cancel,weak_close_strength,body_not_aligned,weak_retest"
2025-11-10 00:35:00,CANCEL,SRR-1,short,bullish,upper_edge,H:105678.8@20,SWH:105688.0,105678.8,105714.85214285714,103999.5,36.05214285713737,3.4114829896949406,0.13426169765645857,46.57975551285563,0.7270710059171431,0.1593934911242853,0.11353550295857157,0.0,2.0,CANCEL,,,,clear,BTCUSDT|short|H:105678.8@20|SWH:105688.0,"v10_1_strict_cancel,weak_close_strength,body_not_aligned"
2025-11-10 08:05:00,CANCEL,SRR-1,short,bullish,upper_edge,H:106499.0@20,SWH:106525.0,106499.0,106537.08428571429,105797.7,38.084285714285215,3.5760228466262793,0.3151554557276254,18.41441914550465,0.5185483870966803,0.34758064516133724,0.13387096774198243,0.0,2.0,CANCEL,,,,clear,BTCUSDT|short|H:106499.0@20|SWH:106525.0,"v10_1_strict_cancel,weak_close_strength,body_not_aligned"
2025-11-10 09:50:00,CANCEL,SRR-1,short,bullish,upper_edge,H:106535.9@20,SWH:106570.0,106535.9,106584.505,105780.1,48.60500000001048,4.562311859195866,0.33509134781116756,15.549840551380012,0.34705159705159083,0.2997542997543123,0.3531941031940969,0.0,2.0,CANCEL,,,,clear,BTCUSDT|short|H:106535.9@20|SWH:106570.0,"v10_1_strict_cancel,weak_close_strength,body_not_aligned"
2025-11-11 20:10:00,CANCEL,SRR-1,long,bearish,lower_edge,L:102777.0@20,SWL:102756.7,102777.0,102737.17642857143,104517.8,39.82357142856927,3.8747551911973757,0.20397687776679074,43.71280469212664,0.6656310679611425,0.20621359223303232,0.12815533980582525,0.0,2.0,CANCEL,,,,clear,BTCUSDT|long|L:102777.0@20|SWL:102756.7,"v10_1_strict_cancel,weak_close_strength,body_not_aligned"
2025-11-11 20:35:00,CANCEL,SRR-1,long,bearish,lower_edge,L:102729.0@20,SWL:102692.8,102729.0,102673.75285714286,103694.8,55.247142857144354,5.377950029411788,0.29005475136879144,17.481447004369553,0.81100917431194,0.18899082568806005,0.0,0.0,3.0,CANCEL,,,,clear,BTCUSDT|long|L:102729.0@20|SWL:102692.8,"v10_1_strict_cancel,weak_close_strength,body_not_aligned,weak_retest"
2025-11-11 21:05:00,WATCH,SRR-1,long,bearish,lower_edge,L:102602.0@20,SWL:102600.9,102602.0,102580.68071428571,103694.8,21.319285714285797,2.077862586916999,0.10544035044335266,51.25875297349811,0.0829475308641938,0.5879629629629702,0.32908950617283594,0.0,3.0,WATCH,,,,clear,BTCUSDT|long|L:102602.0@20|SWL:102600.9,"v10_1_watch_weak3,weak_body_ratio,weak_close_strength,body_not_aligned"
2025-11-11 21:35:00,CANCEL,SRR-1,long,bearish,lower_edge,L:102600.9@20,SWL:102600.0,102600.9,102581.73071428572,103610.9,19.169285714277066,1.8683350452361593,0.10492630097348249,52.688452509618735,0.8820189274448134,0.07129337539434012,0.04668769716084656,0.0,3.0,CANCEL,,,,clear,BTCUSDT|long|L:102600.9@20|SWL:102600.0,"v10_1_strict_cancel,weak_close_strength,body_not_aligned,weak_retest"
2025-11-12 02:25:00,CANCEL,SRR-1,short,bearish,upper_edge,H:103325.0@20,SWH:103360.2,103325.0,103374.85785714285,102400.0,49.85785714285157,4.825343057619315,0.3401442424832684,18.5527427973832,0.11685261303586841,0.15971814445094906,0.7234292425131825,0.0,4.0,CANCEL,,,,clear,BTCUSDT|short|H:103325.0@20|SWH:103360.2,"v10_1_strict_cancel,weak_body_ratio,weak_close_strength,body_not_aligned,opposite_wick_high"
2025-11-12 03:55:00,CANCEL,SRR-1,short,bearish,upper_edge,H:103360.2@20,SWH:103399.4,103360.2,103410.935,102629.5,50.73500000000058,4.908562483431784,0.4398352839185155,14.402286390065807,0.08166811468284008,0.3596872284969359,0.6403127715030641,0.0,4.0,CANCEL,,,,clear,BTCUSDT|short|H:103360.2@20|SWH:103399.4,"v10_1_strict_cancel,weak_body_ratio,weak_close_strength,opposite_wick_high,weak_retest"
2025-11-12 04:25:00,CANCEL,SRR-1,short,bearish,upper_edge,H:103400.0@20,SWH:103426.1,103400.0,103437.32285714286,102629.5,37.32285714286263,3.609560652114374,0.33256109979638354,20.644185868480466,0.18331716779832846,0.2560620756547744,0.7439379243452257,0.0,3.0,CANCEL,,,,clear,BTCUSDT|short|H:103400.0@20|SWH:103426.1,"v10_1_strict_cancel,weak_body_ratio,weak_close_strength,opposite_wick_high"
2025-11-12 06:20:00,CANCEL,SRR-1,short,bearish,upper_edge,H:103585.4@20,SWH:103602.5,103585.4,103614.33571428571,102885.0,28.93571428571886,2.79341628122485,0.24447797223902906,24.20538138730775,0.4084426697090966,0.17683970336565594,0.4147176269252475,0.0,2.0,CANCEL,,,,clear,BTCUSDT|short|H:103585.4@20|SWH:103602.5,"v10_1_strict_cancel,weak_close_strength,body_not_aligned"
2025-11-12 06:25:00,WATCH,SRR-1,short,bearish,upper_edge,H:103585.4@20,SWH:103605.0,103585.4,103617.43428571429,102885.0,32.03428571429686,3.092548343134926,0.2576286764706817,21.86407420619985,0.26500297088535385,0.4640522875817259,0.5359477124182741,0.0,3.0,WATCH,,,,clear,BTCUSDT|short|H:103585.4@20|SWH:103605.0,"v10_1_watch_weak3,weak_body_ratio,weak_close_strength,opposite_wick_high"
2025-11-12 22:55:00,CANCEL,SRR-1,short,bearish,upper_edge,H:101910.0@20,SWH:101914.0,101910.0,101928.09928571428,100711.0,18.099285714284633,1.776006840769761,0.12837023152134447,66.24570819685466,0.27164009111614756,0.28189066059224577,0.44646924829160667,0.0,3.0,CANCEL,,,,clear,BTCUSDT|short|H:101910.0@20|SWH:101914.0,"v10_1_strict_cancel,weak_body_ratio,weak_close_strength,body_not_aligned"
2025-11-12 23:25:00,WATCH,SRR-1,short,bearish,upper_edge,H:101951.0@20,SWH:101959.5,101951.0,101974.77,100711.0,23.770000000004075,2.331512197036231,0.15566470203014984,52.166596550264515,0.2177676537585554,0.4874715261958998,0.2947608200455448,0.0,3.0,WATCH,,,,clear,BTCUSDT|short|H:101951.0@20|SWH:101959.5,"v10_1_watch_weak3,weak_body_ratio,weak_close_strength,body_not_aligned"
2025-11-13 16:05:00,CANCEL,SRR-1,long,bearish,lower_edge,L:101135.0@20,SWL:101089.2,101135.0,101045.46928571428,103456.0,89.53071428572002,8.852594481210266,0.20473188180913607,25.92406436737426,0.4725707257072714,0.13948339483394118,0.38794587945878745,0.0,3.0,CANCEL,,,,clear,BTCUSDT|long|L:101135.0@20|SWL:101089.2,"v10_1_strict_cancel,weak_close_strength,body_not_aligned,weak_retest"
2025-11-13 17:40:00,CANCEL,SRR-1,long,bearish,lower_edge,L:100150.0@20,SWL:100001.0,100150.0,99970.215,103456.0,179.7850000000035,17.95157264103879,0.584001949001147,18.388630864643524,0.5608597850537502,0.4391402149462498,0.0,0.0,3.0,CANCEL,,,,clear,BTCUSDT|long|L:100150.0@20|SWL:100001.0,"v10_1_strict_cancel,weak_close_strength,body_not_aligned,weak_retest"
2025-11-13 18:05:00,CANCEL,SRR-1,long,bearish,lower_edge,L:99556.8@20,SWL:99556.7,99556.8,99526.18071428571,103456.0,30.619285714288708,3.0755594509153275,0.1003276616659354,127.34457741384894,0.026883308714892966,0.1051698670605785,0.8679468242245285,0.0,4.0,CANCEL,,,,clear,BTCUSDT|long|L:99556.8@20|SWL:99556.7,"v10_1_strict_cancel,weak_body_ratio,weak_close_strength,body_not_aligned,opposite_wick_high"
2025-11-13 18:20:00,WATCH,SRR-1,long,bearish,lower_edge,L:99223.0@20,SWL:98911.8,99223.0,98879.50142857143,103456.0,343.4985714285722,34.61884557295911,1.0635101065947206,12.323195355355995,0.10604386933879975,0.5617800220924754,0.33217610856872487,0.0,3.0,WATCH,,,,clear,BTCUSDT|long|L:99223.0@20|SWL:98911.8,"v10_1_watch_weak3,weak_body_ratio,weak_close_strength,body_not_aligned"
2025-11-13 18:55:00,WATCH,SRR-1,long,bearish,lower_edge,L:98160.0@20,SWL:98100.0,98160.0,98062.65642857143,103456.0,97.34357142857334,9.916826755152133,0.26067022436449816,54.405236239826934,0.240168995775089,0.5973350666233496,0.1624959376015615,0.0,3.0,WATCH,,,,clear,BTCUSDT|long|L:98160.0@20|SWL:98100.0,"v10_1_watch_weak3,weak_body_ratio,weak_close_strength,body_not_aligned"
2025-11-13 20:20:00,CANCEL,SRR-1,long,bearish,lower_edge,L:98039.0@20,SWL:98000.1,98039.0,97962.55571428571,102969.8,76.4442857142858,7.797334296992605,0.2036109737072413,64.50187811851765,0.7656302240053717,0.15346038114341531,0.08090939485121296,0.0,3.0,CANCEL,,,,clear,BTCUSDT|long|L:98039.0@20|SWL:98000.1,"v10_1_strict_cancel,weak_close_strength,body_not_aligned,weak_retest"
2025-11-13 23:10:00,CANCEL,SRR-1,short,bearish,upper_edge,H:99899.2@20,SWH:99900.0,99899.2,99924.28071428572,97959.0,25.080714285722934,2.5106021155047222,0.10329479598744515,77.35824338561386,0.886571056062559,0.11342894393744093,0.0,0.0,2.0,CANCEL,,,,clear,BTCUSDT|short|H:99899.2@20|SWH:99900.0,"v10_1_strict_cancel,weak_close_strength,body_not_aligned"
2025-11-14 15:50:00,CANCEL,SRR-1,short,bearish,upper_edge,H:97170.5@20,SWH:97280.0,97170.5,97330.36428571428,94500.0,159.86428571428405,16.451936103476267,0.3174159693660421,16.7047942451188,0.46906407035175207,0.3910175879396967,0.13991834170855122,0.0,2.0,CANCEL,,,,clear,BTCUSDT|short|H:97170.5@20|SWH:97280.0,"v10_1_strict_cancel,weak_close_strength,body_not_aligned"
2025-11-15 02:25:00,CANCEL,SRR-1,short,bearish,upper_edge,H:95766.5@20,SWH:95775.5,95766.5,95796.05642857144,93955.0,29.55642857143539,3.0863014281022476,0.14378192431984782,61.28954300489173,0.6152820968458304,0.2780986228343145,0.10661928031985508,0.0,2.0,CANCEL,,,,clear,BTCUSDT|short|H:95766.5@20|SWH:95775.5,"v10_1_strict_cancel,weak_close_strength,body_not_aligned"
2025-11-15 02:55:00,CANCEL,SRR-1,short,bearish,upper_edge,H:96182.5@20,SWH:96200.0,96182.5,96223.07428571429,93955.0,40.574285714290454,4.218468610640237,0.17584200099060868,54.899302865988936,0.50231124807396,0.41109399075498976,0.08659476117105029,0.0,2.0,CANCEL,,,,clear,BTCUSDT|short|H:96182.5@20|SWH:96200.0,"v10_1_strict_cancel,weak_close_strength,body_not_aligned"
2025-11-15 03:20:00,CANCEL,SRR-1,short,bearish,upper_edge,H:96497.6@20,SWH:96565.7,96497.6,96590.25642857143,93955.0,92.65642857142666,9.601941247391297,0.37732045725587265,27.441161279381443,0.04330175913399164,0.41948579161028965,0.5805142083897104,0.0,3.0,CANCEL,,,,clear,BTCUSDT|short|H:96497.6@20|SWH:96565.7,"v10_1_strict_cancel,weak_body_ratio,weak_close_strength,opposite_wick_high"
2025-11-15 20:40:00,WATCH,SRR-1,long,bearish,lower_edge,L:95600.1@20,SWL:95539.7,95600.1,95529.87214285714,96362.5,70.22785714286147,7.3460024772841725,0.7145795479323246,10.856090887823576,0.028105167724440064,0.6328195829555854,0.33907524931997457,0.0,3.0,WATCH,,,,clear,BTCUSDT|long|L:95600.1@20|SWL:95539.7,"v10_1_watch_weak3,weak_body_ratio,body_not_aligned,weak_retest"
2025-11-16 02:50:00,CANCEL,SRR-1,short,bearish,upper_edge,H:95773.2@20,SWH:95856.9,95773.2,95878.69357142856,94800.0,105.49357142856752,11.014936477904834,0.4840582085149476,9.225206681517808,0.31634446397189264,0.40861159929702795,0.2750439367310794,0.0,3.0,CANCEL,,,,clear,BTCUSDT|short|H:95773.2@20|SWH:95856.9,"v10_1_strict_cancel,weak_close_strength,body_not_aligned,weak_retest"
2025-11-16 13:40:00,CANCEL,SRR-1,long,bullish,lower_edge,L:95300.7@20,SWL:95179.4,95300.7,95159.50714285714,96600.0,141.19285714285797,14.815511023828574,0.70976660682227,9.202306875094822,0.5838264299802729,0.40433925049308117,0.0118343195266459,0.0,3.0,CANCEL,,,,clear,BTCUSDT|long|L:95300.7@20|SWL:95179.4,"v10_1_strict_cancel,weak_close_strength,body_not_aligned,weak_retest"
2025-11-16 13:55:00,CANCEL,SRR-1,long,bullish,lower_edge,L:95163.4@20,SWL:95073.0,95163.4,95054.74428571429,96600.0,108.65571428570547,11.417804984448377,0.5951874168557301,13.221577985512374,0.0039190071847893275,0.48465055519274214,0.5114304376224685,0.0,4.0,CANCEL,,,,clear,BTCUSDT|long|L:95163.4@20|SWL:95073.0,"v10_1_strict_cancel,weak_body_ratio,weak_close_strength,body_not_aligned,opposite_wick_high"
2025-11-16 16:40:00,CANCEL,SRR-1,long,bearish,lower_edge,L:94072.2@20,SWL:94050.0,94072.2,94021.005,95870.0,51.19499999999243,5.442096602396078,0.1765649249870418,35.116710616276364,0.4504950495048893,0.2912541254125723,0.25825082508253844,0.0,3.0,CANCEL,,,,clear,BTCUSDT|long|L:94072.2@20|SWL:94050.0,"v10_1_strict_cancel,weak_close_strength,body_not_aligned,weak_retest"
2025-11-17 03:25:00,CANCEL,SRR-1,short,bearish,upper_edge,H:95470.2@20,SWH:95525.4,95470.2,95544.57428571428,92922.8,74.37428571427881,7.790314225201038,0.38788556101918914,34.25108524451925,0.6885604816639569,0.31143951833604316,0.0,0.0,2.0,CANCEL,,,,clear,BTCUSDT|short|H:95470.2@20|SWH:95525.4,"v10_1_strict_cancel,weak_close_strength,body_not_aligned"
2025-11-17 18:10:00,CANCEL,SRR-1,long,bearish,lower_edge,L:92620.1@20,SWL:92555.1,92620.1,92522.46785714287,96012.2,97.63214285713912,10.541139866739414,0.2991901061617503,34.74368072575754,0.1909821197201678,0.2723503498315818,0.7276496501684182,0.0,3.0,CANCEL,,,,clear,BTCUSDT|long|L:92620.1@20|SWL:92555.1,"v10_1_strict_cancel,weak_body_ratio,weak_close_strength,opposite_wick_high"
2025-11-17 18:25:00,CANCEL,SRR-1,long,bearish,lower_edge,L:92555.1@20,SWL:92537.6,92555.1,92504.32785714287,96012.2,50.77214285713853,5.485612662850403,0.15259655224231927,68.09048831615199,0.4384949348769899,0.12850940665700197,0.4329956584660082,0.0,3.0,CANCEL,,,,clear,BTCUSDT|long|L:92555.1@20|SWL:92537.6,"v10_1_strict_cancel,weak_close_strength,body_not_aligned,weak_retest"
2025-11-17 19:05:00,CANCEL,SRR-1,long,bearish,lower_edge,L:92366.8@20,SWL:92320.0,92366.8,92290.11785714286,96012.2,76.68214285714203,8.30191614921617,0.2566152742918608,47.53909925015181,0.3588452500839083,0.2594830480027003,0.38167170191339145,0.0,2.0,CANCEL,,,,clear,BTCUSDT|long|L:92366.8@20|SWL:92320.0,"v10_1_strict_cancel,weak_close_strength,body_not_aligned"
2025-11-17 19:55:00,CANCEL,SRR-1,long,bearish,lower_edge,L:91718.1@20,SWL:91550.2,91718.1,91519.275,95539.7,198.82500000001164,21.677836762864867,0.6429264349232454,19.220922922166565,0.5243323442136844,0.23560830860532397,0.24005934718099162,0.0,3.0,CANCEL,,,,clear,BTCUSDT|long|L:91718.1@20|SWL:91550.2,"v10_1_strict_cancel,weak_close_strength,body_not_aligned,weak_retest"
2025-11-17 20:05:00,WATCH,SRR-1,long,bearish,lower_edge,L:91550.2@20,SWL:91250.0,91550.2,91219.71071428571,94977.2,330.48928571428405,36.09924235165888,1.091109538969467,10.369473832088838,0.22717204036426838,0.7725818360816932,0.0002461235540384446,0.0,3.0,WATCH,,,,clear,BTCUSDT|long|L:91550.2@20|SWL:91250.0,"v10_1_watch_weak3,weak_body_ratio,body_not_aligned,weak_retest"
2025-11-19 03:55:00,CANCEL,SRR-1,long,bullish,lower_edge,L:91700.0@20,SWL:91600.0,91700.0,91580.04285714286,93249.0,119.9571428571362,13.081476865554656,0.6010737294201591,12.912945099440993,0.06081808396126336,0.2529601722281984,0.7470398277718016,0.0,4.0,CANCEL,,,,clear,BTCUSDT|long|L:91700.0@20|SWL:91600.0,"v10_1_strict_cancel,weak_body_ratio,weak_close_strength,opposite_wick_high,weak_retest"
2025-11-19 04:20:00,CANCEL,SRR-1,long,bullish,lower_edge,L:91600.0@20,SWL:91585.0,91600.0,91565.01785714286,93003.0,34.982142857144936,3.8190112289459535,0.17506702412869765,40.10617662072248,0.11165480427048709,0.4159252669039092,0.4724199288256037,0.0,4.0,CANCEL,,,,clear,BTCUSDT|long|L:91600.0@20|SWL:91585.0,"v10_1_strict_cancel,weak_body_ratio,weak_close_strength,body_not_aligned,opposite_wick_high"
2025-11-19 17:20:00,CANCEL,SRR-1,long,bearish,lower_edge,L:89300.0@20,SWL:89277.8,89300.0,89246.27357142858,92348.2,53.72642857141909,6.016397376418712,0.17041711036089058,56.73557839319235,0.11719181868434368,0.13156440022113697,0.7512437810945194,0.0,5.0,CANCEL,,,,clear,BTCUSDT|long|L:89300.0@20|SWL:89277.8,"v10_1_strict_cancel,weak_body_ratio,weak_close_strength,body_not_aligned,opposite_wick_high,weak_retest"
2025-11-19 20:10:00,CANCEL,SRR-1,long,bearish,lower_edge,L:88600.0@20,SWL:88564.4,88600.0,88539.89357142856,92348.2,60.1064285714383,6.784021283458047,0.2452680054796498,62.35938632662476,0.2722017866526648,0.2590646347871895,0.4687335785601457,0.0,5.0,CANCEL,,,,clear,BTCUSDT|long|L:88600.0@20|SWL:88564.4,"v10_1_strict_cancel,weak_body_ratio,weak_close_strength,body_not_aligned,opposite_wick_high,weak_retest"
2025-11-20 02:05:00,CANCEL,SRR-1,short,bullish,upper_edge,H:92689.4@20,SWH:92722.5,92689.4,92743.72571428571,89401.7,54.32571428571828,5.861049298594907,0.2559429263696533,60.51830230356129,0.3458454810495488,0.26093294460644073,0.39322157434401045,0.0,2.0,CANCEL,,,,clear,BTCUSDT|short|H:92689.4@20|SWH:92722.5,"v10_1_strict_cancel,weak_close_strength,body_not_aligned"
2025-11-20 18:55:00,CANCEL,SRR-1,long,bearish,lower_edge,L:86281.9@20,SWL:86260.9,86281.9,86227.02928571428,91983.9,54.87071428571653,6.359469863982659,0.1620004639490558,103.91699970059065,0.5829688705942861,0.3527141754566548,0.06431695394905905,0.0,2.0,CANCEL,,,,clear,BTCUSDT|long|L:86281.9@20|SWL:86260.9,"v10_1_strict_cancel,weak_close_strength,body_not_aligned"
2025-11-20 22:20:00,WATCH,SRR-1,short,bearish,upper_edge,H:87866.7@20,SWH:87944.0,87866.7,87967.83714285714,86066.6,101.13714285714377,11.510292620201257,0.42428383075632503,17.798604440928617,0.11105722599415374,0.5126091173617778,0.4873908826382222,0.0,3.0,WATCH,,,,clear,BTCUSDT|short|H:87866.7@20|SWH:87944.0,"v10_1_watch_weak3,weak_body_ratio,weak_close_strength,opposite_wick_high"
2025-11-21 02:20:00,WATCH,SRR-1,long,bearish,lower_edge,L:86367.3@20,SWL:86136.0,86367.3,86107.75142857143,88214.1,259.5485714285751,30.05171765570709,0.9188024678871402,7.115431188216815,0.07432432432432433,0.5322072072072138,0.3934684684684619,0.0,4.0,WATCH,,,,clear,BTCUSDT|long|L:86367.3@20|SWL:86136.0,"v10_1_watch_weak3,weak_body_ratio,weak_close_strength,body_not_aligned,weak_retest"
2025-11-21 02:55:00,CANCEL,SRR-1,long,bearish,lower_edge,L:85768.3@20,SWL:85600.0,85768.3,85563.20285714285,88214.1,205.09714285715017,23.912930868065494,0.5573724668064484,11.925080797948992,0.5460420032310178,0.3172859450726885,0.13667205169629373,0.0,3.0,CANCEL,,,,clear,BTCUSDT|long|L:85768.3@20|SWL:85600.0,"v10_1_strict_cancel,weak_close_strength,body_not_aligned,weak_retest"
2025-11-21 13:55:00,CANCEL,SRR-1,short,bearish,upper_edge,H:84315.2@20,SWH:84384.6,84315.2,84429.69785714286,80600.0,114.49785714286554,13.579740917754515,0.2538875778070093,32.447768829108554,0.49583983359332867,0.40015600624026626,0.10400416016640508,0.0,2.0,CANCEL,,,,clear,BTCUSDT|short|H:84315.2@20|SWH:84384.6,"v10_1_strict_cancel,weak_close_strength,body_not_aligned"
2025-11-21 17:10:00,CANCEL,SRR-1,short,bearish,upper_edge,H:85449.2@20,SWH:85500.0,85449.2,85557.97071428571,80600.0,108.77071428571071,12.729284099290656,0.18763045380055762,44.581853046055066,0.5819387908940122,0.24106739032111182,0.17699381878487594,0.0,2.0,CANCEL,,,,clear,BTCUSDT|short|H:85449.2@20|SWH:85500.0,"v10_1_strict_cancel,weak_close_strength,body_not_aligned"
2025-11-22 00:10:00,CANCEL,SRR-1,short,bearish,upper_edge,H:85374.5@20,SWH:85468.8,85374.5,85492.24500000001,83418.4,117.7450000000099,13.791588823361765,0.5022179569204961,16.61301966113076,0.21635182998820035,0.35005903187722787,0.4335891381345718,0.0,3.0,CANCEL,,,,clear,BTCUSDT|short|H:85374.5@20|SWH:85468.8,"v10_1_strict_cancel,weak_body_ratio,weak_close_strength,body_not_aligned"
2025-11-22 10:50:00,CANCEL,SRR-1,long,bearish,lower_edge,L:83512.9@20,SWL:83500.0,83512.9,83480.85357142857,84764.3,32.04642857142608,3.837302808479418,0.16737548964744173,39.04959322412011,0.5157853196527233,0.06116811365430291,0.42304656669297375,0.0,3.0,CANCEL,,,,clear,BTCUSDT|long|L:83512.9@20|SWL:83500.0,"v10_1_strict_cancel,weak_close_strength,body_not_aligned,weak_retest"
2025-11-22 14:25:00,WATCH,SRR-1,short,bearish,upper_edge,H:84411.3@20,SWH:84712.7,84411.3,84732.99214285714,83456.0,321.6921428571368,38.110080387002306,1.5853039529726147,2.969609364765402,0.01973684210521592,0.5915570175438466,0.4084429824561534,0.0,3.0,WATCH,,,,clear,BTCUSDT|short|H:84411.3@20|SWH:84712.7,"v10_1_watch_weak3,weak_body_ratio,weak_close_strength,weak_retest"
2025-11-22 16:55:00,WATCH,SRR-1,short,bearish,upper_edge,H:84800.0@20,SWH:84888.0,84800.0,84904.98,83578.5,104.97999999999593,12.379716981131596,0.6182567726737181,11.635549628501119,0.24797645327453624,0.516556291390781,0.48344370860921904,0.0,3.0,WATCH,,,,clear,BTCUSDT|short|H:84800.0@20|SWH:84888.0,"v10_1_watch_weak3,weak_body_ratio,weak_close_strength,opposite_wick_high"
2025-11-23 21:40:00,WATCH,SRR-1,short,bullish,upper_edge,H:87653.9@20,SWH:87732.9,87653.9,87750.05642857142,86458.0,96.15642857142666,10.970011439471222,0.5604687955368535,12.437025977016804,0.05524168236034874,0.5122410546139186,0.4325172630257327,0.0,4.0,WATCH,,,,clear,BTCUSDT|short|H:87653.9@20|SWH:87732.9,"v10_1_watch_weak3,weak_body_ratio,weak_close_strength,body_not_aligned,weak_retest"
2025-11-23 23:35:00,CANCEL,SRR-1,long,bullish,lower_edge,L:86815.0@20,SWL:86782.3,86815.0,86758.75785714286,88100.0,56.2421428571397,6.478390008309589,0.23889984526228258,22.847635860248428,0.714632174616035,0.28536782538396493,0.0,0.0,2.0,CANCEL,,,,clear,BTCUSDT|long|L:86815.0@20|SWL:86782.3,"v10_1_strict_cancel,weak_close_strength,body_not_aligned"
2025-11-24 09:35:00,CANCEL,SRR-1,long,bullish,lower_edge,L:85809.2@20,SWL:85785.4,85809.2,85766.15642857143,87795.9,43.04357142857043,5.016195399627363,0.22367766601090464,46.15555666185527,0.3715039577836872,0.2717678100263852,0.35672823218992755,0.0,2.0,CANCEL,,,,clear,BTCUSDT|long|L:85809.2@20|SWL:85785.4,"v10_1_strict_cancel,weak_close_strength,body_not_aligned"
2025-11-24 10:35:00,CANCEL,SRR-1,long,bullish,lower_edge,L:85703.5@20,SWL:85654.1,85703.5,85634.03857142858,87608.9,69.46142857141967,8.104853194025877,0.3462436801252879,27.431051148636794,0.40210403272943557,0.36177673874925387,0.2361192285213106,0.0,3.0,CANCEL,,,,clear,BTCUSDT|long|L:85703.5@20|SWL:85654.1,"v10_1_strict_cancel,weak_close_strength,body_not_aligned,weak_retest"
2025-11-24 16:20:00,CANCEL,SRR-1,short,bearish,upper_edge,H:87181.5@20,SWH:87200.2,87181.5,87235.16857142857,85226.4,53.66857142857043,6.15595871011286,0.15347659122477159,36.429141822828726,0.7754660902458977,0.2050797081869656,0.01945420156713661,0.0,2.0,CANCEL,,,,clear,BTCUSDT|short|H:87181.5@20|SWH:87200.2,"v10_1_strict_cancel,weak_close_strength,body_not_aligned"
2025-11-24 17:55:00,CANCEL,SRR-1,short,bearish,upper_edge,H:87980.0@20,SWH:88000.0,87980.0,88022.95928571429,85226.4,42.959285714285215,4.882846750884885,0.1871107239523365,64.09790000498899,0.13700107874870296,0.2443365695793114,0.7556634304206886,0.0,3.0,CANCEL,,,,clear,BTCUSDT|short|H:87980.0@20|SWH:88000.0,"v10_1_strict_cancel,weak_body_ratio,weak_close_strength,opposite_wick_high"
2025-11-25 09:10:00,CANCEL,SRR-1,long,bullish,lower_edge,L:86959.9@20,SWL:86833.5,86959.9,86819.65142857142,88477.6,140.24857142857218,16.12795914307309,1.0127295234165654,10.821500600973806,0.1524904214560056,0.4819923371648179,0.5180076628351822,0.0,4.0,CANCEL,,,,clear,BTCUSDT|long|L:86959.9@20|SWL:86833.5,"v10_1_strict_cancel,weak_body_ratio,weak_close_strength,opposite_wick_high,weak_retest"
2025-11-26 16:25:00,WATCH,SRR-1,short,bearish,upper_edge,H:87646.8@20,SWH:87811.2,87646.8,87835.605,86260.9,188.80499999999302,21.541573679814096,0.7736324523662904,7.340377638304388,0.450450450450429,0.4840294840295086,0.0655200655200624,0.0,3.0,WATCH,,,,clear,BTCUSDT|short|H:87646.8@20|SWH:87811.2,"v10_1_watch_weak3,weak_close_strength,body_not_aligned,weak_retest"
2025-11-27 02:50:00,CANCEL,SRR-1,short,bullish,upper_edge,H:91794.6@20,SWH:91822.0,91794.6,91845.70142857142,90024.4,51.10142857141909,5.566931886126099,0.21560484600080213,34.64091023455419,0.05859872611466204,0.33885350318472574,0.6611464968152743,0.0,3.0,CANCEL,,,,clear,BTCUSDT|short|H:91794.6@20|SWH:91822.0,"v10_1_strict_cancel,weak_body_ratio,weak_close_strength,opposite_wick_high"
2025-11-27 18:50:00,CANCEL,SRR-1,short,bullish,upper_edge,H:91760.9@20,SWH:91797.7,91760.9,91809.66714285714,90531.1,48.76714285714843,5.314588551022106,0.4075086546496839,25.21779886925897,0.10906785034874704,0.4071020925808388,0.4838300570704142,0.0,4.0,CANCEL,,,,clear,BTCUSDT|short|H:91760.9@20|SWH:91797.7,"v10_1_strict_cancel,weak_body_ratio,weak_close_strength,body_not_aligned,opposite_wick_high"
2025-11-27 22:55:00,CANCEL,SRR-1,long,bullish,lower_edge,L:91156.4@20,SWL:91058.4,91156.4,91046.26214285714,91800.0,110.13785714285041,12.08229560873953,0.9073912787618016,5.843585636183635,0.7385575589459233,0.2607489597781316,0.000693481275945013,0.0,2.0,CANCEL,,,,clear,BTCUSDT|long|L:91156.4@20|SWL:91058.4,"v10_1_strict_cancel,weak_close_strength,body_not_aligned"
2025-11-28 05:10:00,CANCEL,SRR-1,short,bullish,upper_edge,H:91450.0@20,SWH:91469.7,91450.0,91479.28357142856,90612.2,29.283571428561118,3.2021401234074482,0.30556011030771485,28.609898285250555,0.7642314990512504,0.13614800759011714,0.0996204933586324,0.0,3.0,CANCEL,,,,clear,BTCUSDT|short|H:91450.0@20|SWH:91469.7,"v10_1_strict_cancel,weak_close_strength,body_not_aligned,weak_retest"
2025-11-28 05:50:00,WATCH,SRR-1,short,bullish,upper_edge,H:91562.9@20,SWH:91623.8,91562.9,91633.44214285715,90612.2,70.54214285715716,7.704227679240955,0.7316023409143091,13.477050192891038,0.3161120840631063,0.563047285464138,0.12084063047275578,0.0,3.0,WATCH,,,,clear,BTCUSDT|short|H:91562.9@20|SWH:91623.8,"v10_1_watch_weak3,weak_close_strength,body_not_aligned,weak_retest"
2025-11-28 09:10:00,CANCEL,SRR-1,short,bullish,upper_edge,H:91690.0@20,SWH:91742.9,91690.0,91761.92214285713,90824.1,71.92214285713271,7.844055279434258,0.3780969546768262,12.039407692844076,0.8578360019407953,0.0004852013585920327,0.14167879670061265,0.0,3.0,CANCEL,,,,clear,BTCUSDT|short|H:91690.0@20|SWH:91742.9,"v10_1_strict_cancel,weak_close_strength,body_not_aligned,weak_retest"
2025-11-29 13:35:00,WATCH,SRR-1,short,bearish,upper_edge,H:90769.3@20,SWH:90769.8,90769.3,90777.20642857143,90335.2,7.906428571426659,0.8710465511386183,0.10675089208214128,54.90468877045399,0.027149321266899798,0.5124434389140095,0.48755656108599055,0.0,3.0,WATCH,,,,clear,BTCUSDT|short|H:90769.3@20|SWH:90769.8,"v10_1_watch_weak3,weak_body_ratio,weak_close_strength,opposite_wick_high"
2025-11-30 09:20:00,WATCH,SRR-1,short,bullish,upper_edge,H:91550.0@20,SWH:91580.0,91550.0,91598.09785714286,90626.2,48.09785714285681,5.253725520792661,0.2657654813119154,19.206676864131353,0.09459459459463031,0.5295608108107798,0.37584459459458996,0.0,3.0,WATCH,,,,clear,BTCUSDT|short|H:91550.0@20|SWH:91580.0,"v10_1_watch_weak3,weak_body_ratio,weak_close_strength,body_not_aligned"
2025-12-01 01:10:00,CANCEL,SRR-1,long,bearish,lower_edge,L:86939.6@20,SWL:86900.0,86939.6,86845.88071428571,91592.3,93.71928571429453,10.779815609261432,0.1731716974408547,49.64506466880108,0.10000000000000657,0.28555304740406323,0.6144469525959302,0.0,4.0,CANCEL,,,,clear,BTCUSDT|long|L:86939.6@20|SWL:86900.0,"v10_1_strict_cancel,weak_body_ratio,weak_close_strength,body_not_aligned,opposite_wick_high"
2025-12-01 03:10:00,CANCEL,SRR-1,long,bearish,lower_edge,L:86428.7@20,SWL:86404.6,86428.7,86378.04285714286,91300.0,50.657142857133294,5.861148305728687,0.19074771382460165,96.16215454034534,0.7778065183652454,0.08329022245214128,0.13890325918261331,0.0,3.0,CANCEL,,,,clear,BTCUSDT|long|L:86428.7@20|SWL:86404.6,"v10_1_strict_cancel,weak_close_strength,body_not_aligned,weak_retest"
2025-12-01 03:20:00,CANCEL,SRR-1,long,bearish,lower_edge,L:86357.0@20,SWL:86281.6,86357.0,86255.75,91300.0,101.25,11.724585152332759,0.3916827852998081,48.81975308641975,0.0518929503916269,0.3257180156657645,0.6742819843342355,0.0,4.0,CANCEL,,,,clear,BTCUSDT|long|L:86357.0@20|SWL:86281.6,"v10_1_strict_cancel,weak_body_ratio,weak_close_strength,opposite_wick_high,weak_retest"
2025-12-01 05:10:00,WATCH,SRR-1,long,bearish,lower_edge,L:85666.0@20,SWL:85563.7,85666.0,85545.04357142857,90396.9,120.95642857142957,14.119537339367959,0.6483364600482403,39.11243127690572,0.28319185059420776,0.5463497453310993,0.170458404074693,0.0,3.0,WATCH,,,,clear,BTCUSDT|long|L:85666.0@20|SWL:85563.7,"v10_1_watch_weak3,weak_body_ratio,weak_close_strength,body_not_aligned"
2025-12-02 14:20:00,WATCH,SRR-1,short,bullish,upper_edge,H:88500.0@20,SWH:88523.0,88500.0,88546.86142857143,86525.1,46.861428571428405,5.295076674737673,0.19638987008321926,42.14340151815385,0.23712374581937853,0.5160535117056954,0.2468227424749261,0.0,3.0,WATCH,,,,clear,BTCUSDT|short|H:88500.0@20|SWH:88523.0,"v10_1_watch_weak3,weak_body_ratio,weak_close_strength,body_not_aligned"
2025-12-02 14:35:00,CANCEL,SRR-1,short,bullish,upper_edge,H:88765.0@20,SWH:88800.0,88765.0,88826.63071428571,86588.4,61.63071428571129,6.943132347852339,0.2314271920177992,35.31680632337953,0.23032725455907174,0.19535348488632656,0.5743192605546017,0.0,4.0,CANCEL,,,,clear,BTCUSDT|short|H:88765.0@20|SWH:88800.0,"v10_1_strict_cancel,weak_body_ratio,weak_close_strength,body_not_aligned,opposite_wick_high"
2025-12-02 16:05:00,CANCEL,SRR-1,short,bullish,upper_edge,H:91211.3@20,SWH:91309.4,91211.3,91356.61214285714,86908.8,145.31214285713213,15.931375044225017,0.3077855273310205,29.60867492147665,0.6031587365053955,0.39684126349460447,0.0,0.0,2.0,CANCEL,,,,clear,BTCUSDT|short|H:91211.3@20|SWH:91309.4,"v10_1_strict_cancel,weak_close_strength,body_not_aligned"
2025-12-03 01:35:00,CANCEL,SRR-1,short,bullish,upper_edge,H:91970.4@20,SWH:91977.3,91970.4,92000.01785714286,90643.5,29.617857142860885,3.220368416671112,0.13037258292722917,44.80067526829271,0.3310772701636248,0.3705583756344953,0.2983643542018799,0.0,2.0,CANCEL,,,,clear,BTCUSDT|short|H:91970.4@20|SWH:91977.3,"v10_1_strict_cancel,weak_close_strength,body_not_aligned"
2025-12-03 02:25:00,CANCEL,SRR-1,short,bullish,upper_edge,H:92869.6@20,SWH:92887.0,92869.6,92916.20285714285,90954.8,46.602857142846915,5.018096033884814,0.15958321103606563,41.08760958863026,0.7861043689319984,0.055521844660202026,0.1583737864077995,0.0,3.0,CANCEL,,,,active,BTCUSDT|short|H:92869.6@20|SWH:92887.0,"v10_1_strict_cancel,weak_close_strength,body_not_aligned,weak_retest"
2025-12-03 03:10:00,CANCEL,SRR-1,short,bullish,upper_edge,H:93020.0@20,SWH:93068.9,93020.0,93100.20642857143,90954.8,80.20642857142957,8.622492858678733,0.2561979511282511,25.74855952052258,0.018421052631578946,0.05684210526317321,0.9431578947368268,0.0,3.0,CANCEL,,,,clear,BTCUSDT|short|H:93020.0@20|SWH:93068.9,"v10_1_strict_cancel,weak_body_ratio,weak_close_strength,opposite_wick_high"
2025-12-03 05:10:00,CANCEL,SRR-1,short,bullish,upper_edge,H:93456.0@20,SWH:93554.1,93456.0,93579.37285714287,90954.8,123.37285714286554,13.201170298628824,0.4881634729523803,20.273503085882272,0.4946111272938739,0.2918729973784177,0.21351587532770838,0.0,3.0,CANCEL,,,,clear,BTCUSDT|short|H:93456.0@20|SWH:93554.1,"v10_1_strict_cancel,weak_close_strength,body_not_aligned,weak_retest"
2025-12-06 08:35:00,WATCH,SRR-1,long,bearish,lower_edge,L:89230.0@20,SWL:89165.9,89230.0,89156.04857142856,89732.4,73.95142857143946,8.287731544484979,0.7506670533643734,6.793648340608587,0.07680835197615558,0.5361670395227861,0.38702460850105835,0.0,4.0,WATCH,,,,clear,BTCUSDT|long|L:89230.0@20|SWL:89165.9,"v10_1_watch_weak3,weak_body_ratio,weak_close_strength,body_not_aligned,weak_retest"
2025-12-06 08:40:00,WATCH,SRR-1,long,bearish,lower_edge,L:89230.0@20,SWL:89165.9,89230.0,89155.4807142857,89732.4,74.51928571429744,8.351371255664848,0.71520531980542,6.741878899995986,0.2532875929102595,0.38707833047455315,0.6129216695254469,0.0,3.0,WATCH,,,,clear,BTCUSDT|long|L:89230.0@20|SWL:89165.9,"v10_1_watch_weak3,weak_body_ratio,weak_close_strength,opposite_wick_high"
2025-12-07 03:40:00,CANCEL,SRR-1,short,bearish,upper_edge,H:89656.2@20,SWH:89666.0,89656.2,89672.86357142858,88870.1,16.663571428580326,1.8586078183751182,0.2427828077845036,47.174761027022164,0.6189376443417843,0.2501924557351921,0.13086989992302356,0.0,2.0,CANCEL,,,,clear,BTCUSDT|short|H:89656.2@20|SWH:89666.0,"v10_1_strict_cancel,weak_close_strength,body_not_aligned"
2025-12-07 07:55:00,CANCEL,SRR-1,long,bearish,lower_edge,L:89164.5@20,SWL:89155.0,89164.5,89144.66214285714,89750.0,19.83785714286205,2.2248604705754027,0.1918952532302017,29.514276455543055,0.06800348735835317,0.48387096774194777,0.5161290322580523,0.0,3.0,CANCEL,,,,clear,BTCUSDT|long|L:89164.5@20|SWL:89155.0,"v10_1_strict_cancel,weak_body_ratio,weak_close_strength,opposite_wick_high"
2025-12-07 14:35:00,WATCH,SRR-1,long,bearish,lower_edge,L:87780.0@20,SWL:87688.0,87780.0,87666.47357142858,89557.9,113.526428571422,12.933063177423332,0.5273816239174136,15.660670580167839,0.1384048257372291,0.5097184986595469,0.351876675603224,0.0,3.0,WATCH,,,,clear,BTCUSDT|long|L:87780.0@20|SWL:87688.0,"v10_1_watch_weak3,weak_body_ratio,weak_close_strength,body_not_aligned"
2025-12-07 18:20:00,WATCH,SRR-1,short,bullish,upper_edge,H:91449.7@20,SWH:91668.0,91449.7,91702.33785714286,87688.0,252.63785714286496,27.625881456458025,0.7357414765045028,14.889692473415739,0.40735068912711747,0.5765696784073315,0.016079632465550952,0.0,3.0,WATCH,,,,clear,BTCUSDT|short|H:91449.7@20|SWH:91668.0,"v10_1_watch_weak3,weak_close_strength,body_not_aligned,weak_retest"
2025-12-08 09:05:00,CANCEL,SRR-1,short,bullish,upper_edge,H:91906.6@20,SWH:92000.0,91906.6,92012.70714285714,90979.2,106.10714285713038,11.545105885445698,0.8350196739740446,8.74022214742622,0.43924148606812136,0.40441176470589146,0.15634674922598718,0.0,3.0,CANCEL,,,,clear,BTCUSDT|short|H:91906.6@20|SWH:92000.0,"v10_1_strict_cancel,weak_close_strength,body_not_aligned,weak_retest"
2025-12-08 13:35:00,WATCH,SRR-1,long,bullish,lower_edge,L:91488.0@20,SWL:91480.4,91488.0,91463.93642857143,92262.6,24.063571428574505,2.630243466746951,0.14616252331990093,32.189735521976594,0.18668122270747525,0.5922489082969056,0.22106986899561915,0.0,3.0,WATCH,,,,clear,BTCUSDT|long|L:91488.0@20|SWL:91480.4,"v10_1_watch_weak3,weak_body_ratio,weak_close_strength,body_not_aligned"
2025-12-08 13:40:00,CANCEL,SRR-1,long,bullish,lower_edge,L:91488.0@20,SWL:91480.4,91488.0,91463.82142857142,92262.6,24.178571428579744,2.6428134212770793,0.1458423093494676,32.03663220087549,0.5094066570188872,0.047756874095451575,0.4428364688856612,0.0,2.0,CANCEL,,,,clear,BTCUSDT|long|L:91488.0@20|SWL:91480.4,"v10_1_strict_cancel,weak_close_strength,body_not_aligned"
2025-12-08 20:20:00,CANCEL,SRR-1,short,bearish,upper_edge,H:90480.0@20,SWH:90498.0,90480.0,90519.19857142857,89553.8,39.19857142856927,4.332291271946206,0.18491138216859937,23.62841211414533,0.6300081766148903,0.13491414554374168,0.23507767784136807,0.0,3.0,CANCEL,,,,clear,BTCUSDT|short|H:90480.0@20|SWH:90498.0,"v10_1_strict_cancel,weak_close_strength,body_not_aligned,weak_retest"
2025-12-08 21:10:00,WATCH,SRR-1,short,bearish,upper_edge,H:90877.1@20,SWH:90934.7,90877.1,90955.00928571429,89629.1,77.9092857142823,8.573038280742045,0.38361411036469795,16.01862972504723,0.23812801101173522,0.5072264280798047,0.25464556090846013,0.0,4.0,WATCH,,,,clear,BTCUSDT|short|H:90877.1@20|SWH:90934.7,"v10_1_watch_weak3,weak_body_ratio,weak_close_strength,body_not_aligned,weak_retest"
2025-12-09 01:35:00,WATCH,SRR-1,long,bearish,lower_edge,L:90125.4@20,SWL:90068.1,90125.4,90051.46642857144,91338.2,73.9335714285553,8.203411183590342,0.4444840468930171,16.40391471108596,0.2095296273671565,0.4630421502748302,0.3274282223580133,0.0,3.0,WATCH,,,,clear,BTCUSDT|long|L:90125.4@20|SWL:90068.1,"v10_1_watch_weak3,weak_body_ratio,weak_close_strength,body_not_aligned"
2025-12-09 01:50:00,CANCEL,SRR-1,long,bearish,lower_edge,L:89965.7@20,SWL:89955.9,89965.7,89939.36,91338.2,26.339999999996508,2.9277824770992176,0.1592503022974382,52.107061503423765,0.30813953488374696,0.1785714285714156,0.5132890365448375,0.0,4.0,CANCEL,,,,clear,BTCUSDT|long|L:89965.7@20|SWL:89955.9,"v10_1_strict_cancel,weak_close_strength,body_not_aligned,opposite_wick_high,weak_retest"
2025-12-09 07:40:00,CANCEL,SRR-1,short,bearish,upper_edge,H:90472.9@20,SWH:90479.8,90472.9,90493.68071428571,89368.9,20.780714285720023,2.296899324076052,0.14970925744870864,53.12618155568602,0.8090717299577503,0.19092827004224963,0.0,0.0,3.0,CANCEL,,,,clear,BTCUSDT|short|H:90472.9@20|SWH:90479.8,"v10_1_strict_cancel,weak_close_strength,body_not_aligned,weak_retest"
2025-12-09 07:55:00,CANCEL,SRR-1,short,bearish,upper_edge,H:90479.8@20,SWH:90485.8,90479.8,90498.84857142858,89368.9,19.048571428575087,2.1052844312846717,0.14598204510622326,58.31933403328759,0.5057283142390473,0.27004909983630815,0.22422258592464459,0.0,3.0,CANCEL,,,,clear,BTCUSDT|short|H:90479.8@20|SWH:90485.8,"v10_1_strict_cancel,weak_close_strength,body_not_aligned,weak_retest"
2025-12-09 08:10:00,CANCEL,SRR-1,short,bearish,upper_edge,H:90485.8@20,SWH:90519.5,90485.8,90530.32071428571,89368.9,44.52071428571071,4.920187950563592,0.4114396989900009,25.08719857530424,0.5112107623318395,0.0,0.48878923766816046,0.0,4.0,CANCEL,,,,clear,BTCUSDT|short|H:90485.8@20|SWH:90519.5,"v10_1_strict_cancel,weak_close_strength,body_not_aligned,opposite_wick_high,weak_retest"
2025-12-09 08:55:00,CANCEL,SRR-1,short,bearish,upper_edge,H:90568.0@20,SWH:90584.8,90568.0,90592.95928571429,89368.9,24.959285714285215,2.7558614206215455,0.3059003764335083,48.0422402197877,0.7246596066565886,0.2753403933434114,0.0,0.0,2.0,CANCEL,,,,clear,BTCUSDT|short|H:90568.0@20|SWH:90584.8,"v10_1_strict_cancel,weak_close_strength,body_not_aligned"
2025-12-09 16:25:00,CANCEL,SRR-1,short,bullish,upper_edge,H:93490.5@20,SWH:93690.1,93490.5,93733.92571428572,89953.0,243.4257142857241,26.037481271971387,0.5554403807288856,14.532154133263889,0.8258811152024997,0.1735928458705891,0.0005260389269111926,0.0,3.0,CANCEL,,,,clear,BTCUSDT|short|H:93490.5@20|SWH:93690.1,"v10_1_strict_cancel,weak_close_strength,body_not_aligned,weak_retest"
2025-12-09 17:05:00,CANCEL,SRR-1,short,bullish,upper_edge,H:94439.0@20,SWH:94444.0,94439.0,94477.81428571428,89953.0,38.81428571428114,4.109984827696306,0.11478664976762448,115.57600294443762,0.9747644683715158,0.024899057873466527,0.0003364737550177316,0.0,3.0,CANCEL,,,,clear,BTCUSDT|short|H:94439.0@20|SWH:94444.0,"v10_1_strict_cancel,weak_close_strength,body_not_aligned,weak_retest"
2025-12-10 01:35:00,CANCEL,SRR-1,long,bullish,lower_edge,L:91999.3@20,SWL:91900.0,91999.3,91881.40142857142,93246.6,117.89857142858091,12.815159618451544,0.6339119748061065,10.579432684267735,0.6258844339622353,0.3511202830188881,0.0229952830188767,0.0,2.0,CANCEL,,,,active,BTCUSDT|long|L:91999.3@20|SWL:91900.0,"v10_1_strict_cancel,weak_close_strength,body_not_aligned"
2025-12-10 08:10:00,CANCEL,SRR-1,short,bullish,upper_edge,H:92749.8@20,SWH:92759.0,92749.8,92768.29214285714,92300.0,18.492142857139697,1.9937663323413846,0.1990083788146381,24.32384410367769,0.38888888888884005,0.17874396135268586,0.43236714975847407,0.0,2.0,CANCEL,,,,clear,BTCUSDT|short|H:92749.8@20|SWH:92759.0,"v10_1_strict_cancel,weak_close_strength,body_not_aligned"
2025-12-11 00:50:00,CANCEL,SRR-1,long,bullish,lower_edge,L:91162.5@20,SWL:91011.0,91162.5,90993.01071428572,94443.7,169.48928571428405,18.59199623905488,0.9421679571173225,19.359335819794936,0.1957938388625731,0.49170616113743226,0.3124999999999946,0.0,4.0,CANCEL,,,,clear,BTCUSDT|long|L:91162.5@20|SWL:91011.0,"v10_1_strict_cancel,weak_body_ratio,weak_close_strength,body_not_aligned,weak_retest"
2025-12-11 02:25:00,CANCEL,SRR-1,long,bearish,lower_edge,L:90120.1@20,SWL:89888.0,90120.1,89863.89928571429,92733.3,256.2007142857183,28.428809365027142,1.0630419963842404,10.199815434884867,0.28172043010754777,0.22795698924728053,0.4903225806451717,0.0,5.0,CANCEL,,,,clear,BTCUSDT|long|L:90120.1@20|SWL:89888.0,"v10_1_strict_cancel,weak_body_ratio,weak_close_strength,body_not_aligned,opposite_wick_high,weak_retest"
2025-12-11 02:35:00,CANCEL,SRR-1,long,bearish,lower_edge,L:89888.0@20,SWL:89838.0,89888.0,89814.81285714285,92733.3,73.18714285714668,8.14203707470927,0.3156367445012784,38.87704710038644,0.6031824962705092,0.3968175037294908,0.0,0.0,2.0,CANCEL,,,,clear,BTCUSDT|long|L:89888.0@20|SWL:89838.0,"v10_1_strict_cancel,weak_close_strength,body_not_aligned"
2025-12-11 02:55:00,CANCEL,SRR-1,long,bearish,lower_edge,L:89838.0@20,SWL:89820.0,89838.0,89797.515,92733.3,40.48500000000058,4.506444934214985,0.1800533689126113,71.51537606520839,0.561744613767696,0.09458749343142261,0.3436678928008814,0.0,2.0,CANCEL,,,,clear,BTCUSDT|long|L:89838.0@20|SWL:89820.0,"v10_1_strict_cancel,weak_close_strength,body_not_aligned"
2025-12-11 03:05:00,CANCEL,SRR-1,long,bearish,lower_edge,L:89820.0@20,SWL:89760.1,89820.0,89736.98071428572,92659.3,83.01928571428289,9.242850780926618,0.3590910495257412,34.20048697806998,0.6802770689026584,0.3197229310973416,0.0,0.0,2.0,CANCEL,,,,clear,BTCUSDT|long|L:89820.0@20|SWL:89760.1,"v10_1_strict_cancel,weak_close_strength,body_not_aligned"
2025-12-11 09:40:00,CANCEL,SRR-1,short,bearish,upper_edge,H:90448.0@20,SWH:90494.7,90448.0,90506.47071428571,89914.2,58.4707142857078,6.464566854513953,0.4967473754474728,9.129356576553427,0.07099391480729804,0.39148073022315966,0.6085192697768403,0.0,3.0,CANCEL,,,,clear,BTCUSDT|short|H:90448.0@20|SWH:90494.7,"v10_1_strict_cancel,weak_body_ratio,weak_close_strength,opposite_wick_high"
2025-12-11 20:55:00,CANCEL,SRR-1,short,bearish,upper_edge,H:91617.7@20,SWH:91700.0,91617.7,91728.88785714285,89288.0,111.18785714285332,12.136067282070313,0.38489479019854167,20.95282758266324,0.6222860791826181,0.3777139208173819,0.0,0.0,2.0,CANCEL,,,,clear,BTCUSDT|short|H:91617.7@20|SWH:91700.0,"v10_1_strict_cancel,weak_close_strength,body_not_aligned"
2025-12-12 14:40:00,WATCH,SRR-1,long,bullish,lower_edge,L:92036.4@20,SWL:91851.0,92036.4,91836.15,92600.0,200.25,21.757695868156514,1.3484848484848388,2.814481897627994,0.25903279599776635,0.5255697609783332,0.4744302390216668,0.0,3.0,WATCH,,,,clear,BTCUSDT|long|L:92036.4@20|SWL:91851.0,"v10_1_watch_weak3,weak_body_ratio,weak_close_strength,opposite_wick_high"
2025-12-12 15:55:00,CANCEL,SRR-1,long,bullish,lower_edge,L:90156.5@20,SWL:90150.0,90156.5,90109.31428571428,92630.0,47.18571428571886,5.233756222315513,0.11597612359551687,52.420526793818716,0.7996363636363689,0.19090909090909092,0.009454545454540162,0.0,2.0,CANCEL,,,,clear,BTCUSDT|long|L:90156.5@20|SWL:90150.0,"v10_1_strict_cancel,weak_close_strength,body_not_aligned"
2025-12-13 11:55:00,CANCEL,SRR-1,long,bearish,lower_edge,L:90274.5@20,SWL:90239.0,90274.5,90233.13142857143,90599.0,41.36857142856752,4.582531216297793,0.7049172346640236,7.844119068997219,0.4719387755102391,0.17346938775518916,0.35459183673457173,0.0,2.0,CANCEL,,,,clear,BTCUSDT|long|L:90274.5@20|SWL:90239.0,"v10_1_strict_cancel,weak_close_strength,body_not_aligned"
2025-12-13 13:40:00,CANCEL,SRR-1,long,bearish,lower_edge,L:90166.2@20,SWL:90153.6,90166.2,90146.01071428572,90599.0,20.18928571428114,2.2391190617194847,0.2660235294117081,21.437113037330313,0.3607399794450645,0.08221993833504379,0.5570400822198918,0.0,3.0,CANCEL,,,,clear,BTCUSDT|long|L:90166.2@20|SWL:90153.6,"v10_1_strict_cancel,weak_close_strength,body_not_aligned,opposite_wick_high"
2025-12-13 22:05:00,WATCH,SRR-1,short,bearish,upper_edge,H:90195.6@20,SWH:90227.4,90195.6,90235.78142857143,89711.9,40.18142857142084,4.454921145978389,0.4794102607805416,12.037899527147342,0.26311475409840834,0.4704918032786408,0.26639344262295084,0.0,3.0,WATCH,,,,clear,BTCUSDT|short|H:90195.6@20|SWH:90227.4,"v10_1_watch_weak3,weak_body_ratio,weak_close_strength,body_not_aligned"
2025-12-13 23:55:00,CANCEL,SRR-1,short,bearish,upper_edge,H:90227.4@20,SWH:90248.0,90227.4,90253.92928571429,89711.9,26.5292857142922,2.9402693321864755,0.4474280207205014,19.431356183189024,0.8265306122451177,0.0,0.17346938775488233,0.0,3.0,CANCEL,,,,clear,BTCUSDT|short|H:90227.4@20|SWH:90248.0,"v10_1_strict_cancel,weak_close_strength,body_not_aligned,weak_retest"
2025-12-14 05:20:00,CANCEL,SRR-1,long,bearish,lower_edge,L:90065.1@20,SWL:90062.0,90065.1,90056.68428571429,90440.0,8.415714285714785,0.9344034798956293,0.1583176565439467,44.547615005937935,0.91,0.09,0.0,0.0,3.0,CANCEL,,,,clear,BTCUSDT|long|L:90065.1@20|SWL:90062.0,"v10_1_strict_cancel,weak_close_strength,body_not_aligned,weak_retest"
2025-12-14 09:35:00,WATCH,SRR-1,long,bearish,lower_edge,L:90005.8@20,SWL:89939.2,90005.8,89934.75357142856,90300.0,71.04642857144063,7.89353892431828,1.597831325301476,4.140954104458111,0.1522346368715318,0.5523743016760295,0.29539106145243865,0.0,3.0,WATCH,,,,clear,BTCUSDT|long|L:90005.8@20|SWL:89939.2,"v10_1_watch_weak3,weak_body_ratio,weak_close_strength,body_not_aligned"
2025-12-14 11:35:00,CANCEL,SRR-1,long,bearish,lower_edge,L:89419.0@20,SWL:89341.6,89419.0,89327.66142857143,90250.0,91.33857142856868,10.214671538327277,0.6552936353387183,9.098018361825195,0.05620805369131317,0.4773489932885534,0.4664429530201334,0.0,4.0,CANCEL,,,,clear,BTCUSDT|long|L:89419.0@20|SWL:89341.6,"v10_1_strict_cancel,weak_body_ratio,weak_close_strength,body_not_aligned,opposite_wick_high"
2025-12-14 16:50:00,CANCEL,SRR-1,long,bearish,lower_edge,L:88677.0@20,SWL:88661.6,88677.0,88646.73785714286,89630.8,30.262142857143772,3.4126259184618077,0.2036189743836245,31.51792668822347,0.10181106216350512,0.43220753793437783,0.46598139990211707,0.0,4.0,CANCEL,,,,clear,BTCUSDT|long|L:88677.0@20|SWL:88661.6,"v10_1_strict_cancel,weak_body_ratio,weak_close_strength,body_not_aligned,opposite_wick_high"
2025-12-14 16:55:00,CANCEL,SRR-1,long,bearish,lower_edge,L:88677.0@20,SWL:88661.6,88677.0,88646.485,89630.8,30.514999999999418,3.4411403182335234,0.20188554416142324,31.25675897099856,0.09850746268654545,0.43880597014927547,0.4626865671641791,0.0,4.0,CANCEL,,,,clear,BTCUSDT|long|L:88677.0@20|SWL:88661.6,"v10_1_strict_cancel,weak_body_ratio,weak_close_strength,body_not_aligned,opposite_wick_high"
2025-12-15 09:55:00,CANCEL,SRR-1,short,bullish,upper_edge,H:89888.0@20,SWH:89940.0,89888.0,89947.37571428572,89428.4,59.37571428572119,6.605521792199314,0.8050164632966107,7.740538459686901,0.6151226158038223,0.3848773841961777,0.0,0.0,3.0,CANCEL,,,,clear,BTCUSDT|short|H:89888.0@20|SWH:89940.0,"v10_1_strict_cancel,weak_close_strength,body_not_aligned,weak_retest"
2025-12-16 03:40:00,CANCEL,SRR-1,long,bearish,lower_edge,L:85555.5@20,SWL:85340.1,85555.5,85325.875,86478.6,229.625,26.83930314240464,1.6142355008787581,4.020032661948855,0.4279161205767146,0.20380078636954815,0.36828309305373724,0.0,2.0,CANCEL,,,,clear,BTCUSDT|long|L:85555.5@20|SWL:85340.1,"v10_1_strict_cancel,weak_close_strength,body_not_aligned"
2025-12-16 06:50:00,CANCEL,SRR-1,short,bearish,upper_edge,H:86422.8@20,SWH:86425.8,86422.8,86436.29071428571,85226.0,13.490714285711874,1.5610133304766654,0.12859671818612828,88.7128712871448,0.5738341968910625,0.4261658031089375,0.0,0.0,2.0,CANCEL,,,,clear,BTCUSDT|short|H:86422.8@20|SWH:86425.8,"v10_1_strict_cancel,weak_close_strength,body_not_aligned"
2025-12-16 10:55:00,CANCEL,SRR-1,short,bearish,upper_edge,H:87287.9@20,SWH:87299.7,87287.9,87317.17785714286,85807.6,29.277857142864377,3.354171327625522,0.16751399730275235,50.56039425210353,0.0399619410086026,0.08801141769742614,0.8720266412939712,0.0,4.0,CANCEL,,,,clear,BTCUSDT|short|H:87287.9@20|SWH:87299.7,"v10_1_strict_cancel,weak_body_ratio,weak_close_strength,body_not_aligned,opposite_wick_high"
2025-12-16 13:40:00,CANCEL,SRR-1,short,bearish,upper_edge,H:87530.2@20,SWH:87776.3,87530.2,87802.18214285714,86038.5,271.98214285714494,31.072948863037553,1.050848627018076,5.484551244173016,0.4727024567788903,0.27797998180162753,0.2493175614194822,0.0,2.0,CANCEL,,,,clear,BTCUSDT|short|H:87530.2@20|SWH:87776.3,"v10_1_strict_cancel,weak_close_strength,body_not_aligned"
2025-12-17 02:25:00,WATCH,SRR-1,long,bullish,lower_edge,L:87206.0@20,SWL:87150.0,87206.0,87134.13428571429,87925.8,71.86571428571187,8.240913960703606,0.45296236268681545,10.01590267562555,0.2128043282235294,0.545536519386792,0.45446348061320796,0.0,3.0,WATCH,,,,clear,BTCUSDT|long|L:87206.0@20|SWL:87150.0,"v10_1_watch_weak3,weak_body_ratio,weak_close_strength,opposite_wick_high"
2025-12-17 16:40:00,CANCEL,SRR-1,long,bullish,lower_edge,L:86285.8@20,SWL:86128.5,86285.8,86070.80571428571,90363.2,214.9942857142887,24.916531539869677,0.3726439855395474,18.965155220072003,0.051298561923177256,0.4421549688774332,0.5065464691993895,0.0,4.0,CANCEL,,,,clear,BTCUSDT|long|L:86285.8@20|SWL:86128.5,"v10_1_strict_cancel,weak_body_ratio,weak_close_strength,body_not_aligned,opposite_wick_high"
2025-12-17 18:50:00,CANCEL,SRR-1,long,bullish,lower_edge,L:85750.0@20,SWL:85663.5,85750.0,85638.48,90363.2,111.52000000000407,13.005247813411554,0.4457234212630037,41.36657101864983,0.45009980039915415,0.3413173652694738,0.208582834331372,0.0,3.0,CANCEL,,,,clear,BTCUSDT|long|L:85750.0@20|SWL:85663.5,"v10_1_strict_cancel,weak_close_strength,body_not_aligned,weak_retest"
2025-12-18 08:10:00,CANCEL,SRR-1,short,bearish,upper_edge,H:86859.1@20,SWH:86940.3,86859.1,86950.51071428572,86200.0,91.41071428571013,10.52402273172415,0.8952430919901656,7.210314514554016,0.4792452830187581,0.25534591194972217,0.26540880503151976,0.0,2.0,CANCEL,,,,clear,BTCUSDT|short|H:86859.1@20|SWH:86940.3,"v10_1_strict_cancel,weak_close_strength,body_not_aligned"
2025-12-18 08:35:00,WATCH,SRR-1,short,bearish,upper_edge,H:86996.0@20,SWH:87085.7,86996.0,87097.13071428571,86200.0,101.13071428571129,11.624754504311841,0.8847278635255612,7.871001462040168,0.44283574638048107,0.484772840738841,0.07239141288067794,0.0,3.0,WATCH,,,,clear,BTCUSDT|short|H:86996.0@20|SWH:87085.7,"v10_1_watch_weak3,weak_close_strength,body_not_aligned,weak_retest"
2025-12-18 08:40:00,WATCH,SRR-1,short,bearish,upper_edge,H:86996.0@20,SWH:87085.7,86996.0,87097.59928571428,86200.0,101.59928571428463,11.678615765585157,0.8538267603097365,7.834700750145965,0.19654427645802763,0.5053995680346364,0.4946004319653637,0.0,3.0,WATCH,,,,clear,BTCUSDT|short|H:86996.0@20|SWH:87085.7,"v10_1_watch_weak3,weak_body_ratio,weak_close_strength,opposite_wick_high"
2025-12-18 10:10:00,CANCEL,SRR-1,short,bullish,upper_edge,H:87350.0@20,SWH:87386.7,87350.0,87400.48428571428,86323.7,50.484285714279395,5.779540436666215,0.3662452067571305,20.329098163504682,0.3134883720929962,0.39906976744180633,0.2874418604651975,0.0,3.0,CANCEL,,,,clear,BTCUSDT|short|H:87350.0@20|SWH:87386.7,"v10_1_strict_cancel,weak_close_strength,body_not_aligned,weak_retest"
2025-12-18 10:35:00,CANCEL,SRR-1,short,bullish,upper_edge,H:87386.7@20,SWH:87417.6,87386.7,87429.48285714287,86323.7,42.782857142869034,4.895808760700316,0.3600384707863518,24.8464004274006,0.14521452145214522,0.47260726072611103,0.38217821782174377,0.0,3.0,CANCEL,,,,clear,BTCUSDT|short|H:87386.7@20|SWH:87417.6,"v10_1_strict_cancel,weak_body_ratio,weak_close_strength,body_not_aligned"
2025-12-18 19:25:00,CANCEL,SRR-1,long,bullish,lower_edge,L:85427.5@20,SWL:85013.9,85427.5,84976.84928571428,89333.0,450.65071428571537,52.75241746342985,1.2163077634901984,8.666357061455557,0.07300832342448772,0.35434007134363854,0.6456599286563615,0.0,3.0,CANCEL,,,,clear,BTCUSDT|long|L:85427.5@20|SWL:85013.9,"v10_1_strict_cancel,weak_body_ratio,weak_close_strength,opposite_wick_high"
2025-12-18 20:10:00,CANCEL,SRR-1,long,bearish,lower_edge,L:84429.9@20,SWL:84408.6,84429.9,84364.81714285715,89333.0,65.08285714284284,7.7085081402255415,0.1486491777603431,75.33627463893846,0.2598676146114281,0.3189507232164934,0.4211816621720785,0.0,3.0,CANCEL,,,,clear,BTCUSDT|long|L:84429.9@20|SWL:84408.6,"v10_1_strict_cancel,weak_body_ratio,weak_close_strength,body_not_aligned"
2025-12-19 15:25:00,WATCH,SRR-1,short,bullish,upper_edge,H:88797.6@20,SWH:89374.6,88797.6,89421.45642857143,87488.0,623.8564285714237,70.25600112744306,1.3314212106891754,2.099200937944768,0.24772727272726447,0.4424715909090909,0.5575284090909091,0.0,3.0,WATCH,,,,clear,BTCUSDT|short|H:88797.6@20|SWH:89374.6,"v10_1_watch_weak3,weak_body_ratio,weak_close_strength,opposite_wick_high"
2025-12-21 13:50:00,CANCEL,SRR-1,long,bullish,lower_edge,L:87670.0@20,SWL:87626.0,87670.0,87605.76142857142,89050.0,64.23857142857742,7.32731509394062,0.3174066492553451,21.48242044165521,0.49767774205075316,0.4140764558770868,0.08824580207216007,0.0,2.0,CANCEL,,,,clear,BTCUSDT|long|L:87670.0@20|SWL:87626.0,"v10_1_strict_cancel,weak_close_strength,body_not_aligned"
2025-12-21 19:05:00,CANCEL,SRR-1,short,bullish,upper_edge,H:88453.9@20,SWH:88479.9,88453.9,88492.04214285714,87575.7,38.14214285714843,4.312092836737378,0.31413024295552033,23.024401206011653,0.1779764323445935,0.475010158472159,0.524989841527841,0.0,3.0,CANCEL,,,,clear,BTCUSDT|short|H:88453.9@20|SWH:88479.9,"v10_1_strict_cancel,weak_body_ratio,weak_close_strength,opposite_wick_high"
2025-12-22 07:05:00,CANCEL,SRR-1,short,bullish,upper_edge,H:88996.3@20,SWH:88999.0,88996.3,89008.98928571428,87845.0,12.68928571428114,1.4258217155411113,0.1270289595995265,90.73008725024403,0.7766233766233199,0.07857142857146637,0.1448051948052137,0.0,3.0,CANCEL,,,,clear,BTCUSDT|short|H:88996.3@20|SWH:88999.0,"v10_1_strict_cancel,weak_close_strength,body_not_aligned,weak_retest"
2025-12-22 07:35:00,CANCEL,SRR-1,short,bullish,upper_edge,H:89160.0@20,SWH:89173.8,89160.0,89183.89857142858,88230.1,23.898571428580908,2.680414022945369,0.23665299193671807,38.91027556935488,0.4948859166011475,0.31864673485443074,0.18646734854442173,0.0,2.0,CANCEL,,,,clear,BTCUSDT|short|H:89160.0@20|SWH:89173.8,"v10_1_strict_cancel,weak_close_strength,body_not_aligned"
2025-12-22 08:40:00,CANCEL,SRR-1,short,bullish,upper_edge,H:89873.0@20,SWH:89887.9,89873.0,89905.38214285714,88567.6,32.382142857139115,3.6031002478095884,0.18522982635340154,40.31234145803911,0.12083333333339397,0.3760416666667273,0.6239583333332727,0.0,3.0,CANCEL,,,,clear,BTCUSDT|short|H:89873.0@20|SWH:89887.9,"v10_1_strict_cancel,weak_body_ratio,weak_close_strength,opposite_wick_high"
2025-12-22 20:25:00,CANCEL,SRR-1,long,bullish,lower_edge,L:87906.7@20,SWL:87872.6,87906.7,87852.54428571429,90088.0,54.15571428570547,6.1605900671627385,0.27002635515345813,40.27829802949829,0.7052941176470245,0.2511764705883038,0.04352941176467164,0.0,2.0,CANCEL,,,,clear,BTCUSDT|long|L:87906.7@20|SWL:87872.6,"v10_1_strict_cancel,weak_close_strength,body_not_aligned"
2025-12-23 02:55:00,CANCEL,SRR-1,long,bearish,lower_edge,L:88100.0@20,SWL:88070.0,88100.0,88055.69214285714,88904.9,44.30785714286321,5.029268688179706,0.3096750037442403,18.166078251194364,0.6001642036125129,0.09934318555012751,0.30049261083735956,0.0,2.0,CANCEL,,,,clear,BTCUSDT|long|L:88100.0@20|SWL:88070.0,"v10_1_strict_cancel,weak_close_strength,body_not_aligned"
2025-12-23 23:25:00,CANCEL,SRR-1,long,bearish,lower_edge,L:87171.5@20,SWL:87163.4,87171.5,87148.06642857142,88349.2,23.4335714285844,2.6882147753089485,0.15282526668848923,50.25695735663374,0.7027027027026723,0.2972972972973277,0.0,0.0,3.0,CANCEL,,,,clear,BTCUSDT|long|L:87171.5@20|SWL:87163.4,"v10_1_strict_cancel,weak_close_strength,body_not_aligned,weak_retest"
2025-12-24 12:25:00,WATCH,SRR-1,short,bearish,upper_edge,H:87316.7@20,SWH:87366.0,87316.7,87373.75714285714,86671.7,57.057142857142026,6.5345051813847785,0.735543278084694,11.304456685027706,0.17369727047145148,0.5781637717121892,0.24813895781635925,0.0,3.0,WATCH,,,,clear,BTCUSDT|short|H:87316.7@20|SWH:87366.0,"v10_1_watch_weak3,weak_body_ratio,weak_close_strength,body_not_aligned"
2025-12-25 15:20:00,CANCEL,SRR-1,short,bullish,upper_edge,H:87780.0@20,SWH:87784.8,87780.0,87792.12285714287,87219.0,12.122857142865541,1.381050027667526,0.16554818571997706,46.276219655871785,0.562082777035866,0.11214953271038387,0.32576769025375013,0.0,3.0,CANCEL,,,,clear,BTCUSDT|short|H:87780.0@20|SWH:87784.8,"v10_1_strict_cancel,weak_close_strength,body_not_aligned,weak_retest"
2025-12-26 07:25:00,CANCEL,SRR-1,short,bullish,upper_edge,H:89432.0@20,SWH:89500.0,89432.0,89510.21571428572,88171.7,78.2157142857177,8.745830830767252,0.7656411690673061,16.11313035378283,0.39316951270300665,0.329446064139958,0.27738442315703543,0.0,2.0,CANCEL,,,,clear,BTCUSDT|short|H:89432.0@20|SWH:89500.0,"v10_1_strict_cancel,weak_close_strength,body_not_aligned"
2025-12-27 13:35:00,WATCH,SRR-1,long,bearish,lower_edge,L:87324.6@20,SWL:87264.8,87324.6,87261.05857142857,87622.7,63.54142857143597,7.276463742340185,1.6983199694542257,4.69142741518401,0.2642725598527988,0.5994475138121225,0.1362799263350787,0.0,3.0,WATCH,,,,clear,BTCUSDT|long|L:87324.6@20|SWL:87264.8,"v10_1_watch_weak3,weak_body_ratio,weak_close_strength,body_not_aligned"
2025-12-29 03:55:00,CANCEL,SRR-1,short,bullish,upper_edge,H:90000.0@20,SWH:90065.3,90000.0,90083.29214285714,87603.3,83.29214285714261,9.254682539682513,0.46293620231052673,28.77462288502608,0.5906463478718182,0.37834997372569046,0.031003678402491273,0.0,3.0,CANCEL,,,,clear,BTCUSDT|short|H:90000.0@20|SWH:90065.3,"v10_1_strict_cancel,weak_close_strength,body_not_aligned,weak_retest"
2025-12-29 12:20:00,WATCH,SRR-1,long,bullish,lower_edge,L:86827.2@20,SWL:86760.0,86827.2,86745.81928571429,89791.5,81.38071428571129,9.372721253905608,0.5738830403465209,36.4250919400012,0.10916666666665455,0.5837500000000243,0.3070833333333212,0.0,3.0,WATCH,,,,clear,BTCUSDT|long|L:86827.2@20|SWL:86760.0,"v10_1_watch_weak3,weak_body_ratio,weak_close_strength,body_not_aligned"
2025-12-29 20:40:00,CANCEL,SRR-1,long,bearish,lower_edge,L:87257.9@20,SWL:87214.6,87257.9,87203.71785714287,87968.1,54.182142857127474,6.209425491230877,0.4978995733506908,13.107639575509836,0.32339235787512444,0.4445479962721553,0.23205964585272024,0.0,3.0,CANCEL,,,,clear,BTCUSDT|long|L:87257.9@20|SWL:87214.6,"v10_1_strict_cancel,weak_close_strength,body_not_aligned,weak_retest"
2025-12-30 06:40:00,CANCEL,SRR-1,short,bearish,upper_edge,H:87454.4@20,SWH:87481.9,87454.4,87488.60142857142,86789.0,34.20142857142491,3.91077276516961,0.5103602643359253,19.455327680549924,0.0565167243367283,0.24221453287198044,0.7012687427912913,0.0,4.0,CANCEL,,,,clear,BTCUSDT|short|H:87454.4@20|SWH:87481.9,"v10_1_strict_cancel,weak_body_ratio,weak_close_strength,body_not_aligned,opposite_wick_high"
2025-12-30 23:10:00,CANCEL,SRR-1,short,bullish,upper_edge,H:88456.5@20,SWH:88459.6,88456.5,88468.52642857144,87833.2,12.026428571436554,1.3595867541036049,0.13472833480044338,51.827522717789684,0.5341674687199529,0.08084696823863956,0.3849855630414075,0.0,2.0,CANCEL,,,,clear,BTCUSDT|short|H:88456.5@20|SWH:88459.6,"v10_1_strict_cancel,weak_close_strength,body_not_aligned"
2025-12-31 03:10:00,CANCEL,SRR-1,short,bullish,upper_edge,H:88758.2@20,SWH:88780.0,88758.2,88790.09714285714,88134.9,31.897142857138533,3.593712226829581,0.31590265987545757,19.540935148694967,0.48796498905917574,0.43763676148799285,0.07439824945283141,0.0,2.0,CANCEL,,,,clear,BTCUSDT|short|H:88758.2@20|SWH:88780.0,"v10_1_strict_cancel,weak_close_strength,body_not_aligned"
2025-12-31 10:25:00,CANCEL,SRR-1,short,bullish,upper_edge,H:88790.0@20,SWH:88850.0,88790.0,88856.41857142857,88305.5,66.41857142857043,7.4804112432222585,1.0347874471399734,7.294646505925733,0.17400722021664852,0.17400722021664852,0.8259927797833515,0.0,3.0,CANCEL,,,,clear,BTCUSDT|short|H:88790.0@20|SWH:88850.0,"v10_1_strict_cancel,weak_body_ratio,weak_close_strength,opposite_wick_high"
2025-12-31 11:05:00,CANCEL,SRR-1,short,bullish,upper_edge,H:88850.0@20,SWH:88860.1,88850.0,88868.00785714286,88339.9,18.007857142860303,2.0267706407271024,0.22772107307383815,28.326524136285066,0.1709302325581057,0.4744186046511966,0.3546511627906977,0.0,3.0,CANCEL,,,,clear,BTCUSDT|short|H:88850.0@20|SWH:88860.1,"v10_1_strict_cancel,weak_body_ratio,weak_close_strength,body_not_aligned"
2025-12-31 11:40:00,CANCEL,SRR-1,short,bullish,upper_edge,H:88916.5@20,SWH:88948.5,88916.5,88956.38642857142,88339.9,39.886428571422584,4.485829803402359,0.505760347794512,14.456044841606156,0.17371737173705984,0.3366336633663976,0.4896489648965426,0.0,4.0,CANCEL,,,,clear,BTCUSDT|short|H:88916.5@20|SWH:88948.5,"v10_1_strict_cancel,weak_body_ratio,weak_close_strength,body_not_aligned,opposite_wick_high"
2025-12-31 15:25:00,CANCEL,SRR-1,long,bullish,lower_edge,L:87898.7@20,SWL:87880.0,87898.7,87859.63,89192.8,39.06999999999243,4.444889401093809,0.19180166912121843,33.122600460718104,0.4248979591836378,0.10857142857145233,0.4665306122449098,0.0,4.0,CANCEL,,,,clear,BTCUSDT|long|L:87898.7@20|SWL:87880.0,"v10_1_strict_cancel,weak_close_strength,body_not_aligned,opposite_wick_high,weak_retest"
2025-12-31 16:25:00,CANCEL,SRR-1,long,bullish,lower_edge,L:87729.2@20,SWL:87642.4,87729.2,87623.95357142856,89192.8,105.24642857143772,11.996738665283363,0.5705517909003336,13.906410125893855,0.5380135878356512,0.2830799094144237,0.17890650274992517,0.0,3.0,CANCEL,,,,clear,BTCUSDT|long|L:87729.2@20|SWL:87642.4,"v10_1_strict_cancel,weak_close_strength,body_not_aligned,weak_retest"
2026-01-01 01:25:00,CANCEL,SRR-1,short,bearish,upper_edge,H:87983.3@20,SWH:88021.4,87983.3,88026.54,87189.2,43.23999999999069,4.914569014800614,0.8412451361865484,18.36493987049438,0.0915254237287149,0.4644067796609183,0.5355932203390817,0.0,3.0,CANCEL,,,,clear,BTCUSDT|short|H:87983.3@20|SWH:88021.4,"v10_1_strict_cancel,weak_body_ratio,weak_close_strength,opposite_wick_high"
2026-01-01 11:25:00,CANCEL,SRR-1,short,bearish,upper_edge,H:87941.2@20,SWH:87949.0,87941.2,87952.51714285715,87558.5,11.317142857151339,1.2868988434489568,0.32177091795314783,33.81595556675047,0.16346153846135011,0.16346153846135011,0.8365384615386499,0.0,3.0,CANCEL,,,,clear,BTCUSDT|short|H:87941.2@20|SWH:87949.0,"v10_1_strict_cancel,weak_body_ratio,weak_close_strength,opposite_wick_high"
2026-01-01 11:55:00,WATCH,SRR-1,short,bearish,upper_edge,H:87949.0@20,SWH:87966.0,87949.0,87969.78142857143,87558.5,20.78142857142666,2.362895379302398,0.5495655459009906,18.7908159758043,0.4866180048661111,0.4598540145983334,0.05352798053555547,0.0,3.0,WATCH,,,,clear,BTCUSDT|short|H:87949.0@20|SWH:87966.0,"v10_1_watch_weak3,weak_close_strength,body_not_aligned,weak_retest"
2026-01-01 12:10:00,CANCEL,SRR-1,short,bearish,upper_edge,H:87985.6@20,SWH:87998.8,87985.6,88003.02214285714,87558.5,17.422142857132712,1.980112979525367,0.41263745559102616,24.514780041833312,0.017621145374510056,0.34361233480182424,0.6563876651981757,0.0,4.0,CANCEL,,,,clear,BTCUSDT|short|H:87985.6@20|SWH:87998.8,"v10_1_strict_cancel,weak_body_ratio,weak_close_strength,opposite_wick_high,weak_retest"
2026-01-01 23:10:00,CANCEL,SRR-1,short,bullish,upper_edge,H:88665.4@20,SWH:88739.4,88665.4,88749.99928571428,88034.7,84.59928571428463,9.541409130764045,0.7981602533863398,7.4551456868093045,0.7410256410255851,0.0967948717949091,0.16217948717950584,0.0,2.0,CANCEL,,,,clear,BTCUSDT|short|H:88665.4@20|SWH:88739.4,"v10_1_strict_cancel,weak_close_strength,body_not_aligned"
2026-01-01 23:55:00,CANCEL,SRR-1,short,bullish,upper_edge,H:88844.0@20,SWH:88881.4,88844.0,88892.80928571428,88034.7,48.809285714276484,5.493819021461943,0.4278031678456658,16.58086137005866,0.5408921933084939,0.30390334572499883,0.1552044609665073,0.0,2.0,CANCEL,,,,clear,BTCUSDT|short|H:88844.0@20|SWH:88881.4,"v10_1_strict_cancel,weak_close_strength,body_not_aligned"
2026-01-02 09:10:00,CANCEL,SRR-1,short,bullish,upper_edge,H:89160.0@20,SWH:89173.0,89160.0,89182.02357142857,88533.6,22.023571428566356,2.470117926039295,0.24406712578163173,28.442253429773096,0.02425373134334183,0.25559701492536047,0.7444029850746395,0.0,3.0,CANCEL,,,,clear,BTCUSDT|short|H:89160.0@20|SWH:89173.0,"v10_1_strict_cancel,weak_body_ratio,weak_close_strength,opposite_wick_high"
2026-01-02 10:05:00,WATCH,SRR-1,short,bullish,upper_edge,H:89468.0@20,SWH:89523.7,89468.0,89535.78357142858,88533.6,67.78357142857567,7.576292241759698,0.5609564343560094,13.785051160731214,0.21158487530170791,0.5422365245373499,0.24617860016094212,0.0,4.0,WATCH,,,,clear,BTCUSDT|short|H:89468.0@20|SWH:89523.7,"v10_1_watch_weak3,weak_body_ratio,weak_close_strength,body_not_aligned,weak_retest"
2026-01-02 17:20:00,CANCEL,SRR-1,short,bullish,upper_edge,H:90881.3@20,SWH:90945.1,90881.3,90983.47785714286,88401.2,102.17785714285856,11.243001271203047,0.2662416944294548,24.272382190717586,0.5800854244527484,0.39615589962628517,0.023758675920966473,0.0,2.0,CANCEL,,,,clear,BTCUSDT|short|H:90881.3@20|SWH:90945.1,"v10_1_strict_cancel,weak_close_strength,body_not_aligned"
2026-01-03 04:05:00,WATCH,SRR-1,short,bullish,upper_edge,H:90365.9@20,SWH:90456.0,90365.9,90462.64285714286,89850.0,96.74285714286088,10.705681805068162,1.4563440860215617,5.332693443590991,0.48352272727276036,0.5164772727272396,0.0,0.0,3.0,WATCH,,,,clear,BTCUSDT|short|H:90365.9@20|SWH:90456.0,"v10_1_watch_weak3,weak_close_strength,body_not_aligned,weak_retest"
2026-01-03 07:35:00,WATCH,SRR-1,long,bullish,lower_edge,L:89366.0@20,SWL:89261.2,89366.0,89249.75499999999,90456.0,116.2450000000099,13.007743437102466,1.0156837046746057,9.376747386983588,0.004856512141306052,0.5002207505518892,0.4949227373068047,0.0,5.0,WATCH,,,,clear,BTCUSDT|long|L:89366.0@20|SWL:89261.2,"v10_1_watch_weak3,weak_body_ratio,weak_close_strength,body_not_aligned,opposite_wick_high,weak_retest"
2026-01-05 01:35:00,CANCEL,SRR-1,short,bullish,upper_edge,H:92951.0@20,SWH:93000.0,92951.0,93023.56142857143,91106.7,72.5614285714255,7.806417205992997,0.3079670163099334,25.417085031403083,0.1923404255319025,0.4906382978723528,0.5093617021276472,0.0,3.0,CANCEL,,,,clear,BTCUSDT|short|H:92951.0@20|SWH:93000.0,"v10_1_strict_cancel,weak_body_ratio,weak_close_strength,opposite_wick_high"
2026-01-05 09:50:00,CANCEL,SRR-1,short,bullish,upper_edge,H:92745.9@20,SWH:92828.0,92745.9,92839.08,92102.0,93.18000000000757,10.046805303523668,0.840974729241947,6.910281176217449,0.6076372315035938,0.39236276849640617,0.0,0.0,3.0,CANCEL,,,,clear,BTCUSDT|short|H:92745.9@20|SWH:92828.0,"v10_1_strict_cancel,weak_close_strength,body_not_aligned,weak_retest"
2026-01-05 10:35:00,WATCH,SRR-1,short,bullish,upper_edge,H:92925.0@20,SWH:92975.3,92925.0,92985.545,92102.0,60.544999999998254,6.515469464621819,0.5909712054660687,13.59319514410808,0.1993146773272017,0.51284980011422,0.28783552255857825,0.0,3.0,WATCH,,,,clear,BTCUSDT|short|H:92925.0@20|SWH:92975.3,"v10_1_watch_weak3,weak_body_ratio,weak_close_strength,body_not_aligned"
2026-01-06 00:10:00,CANCEL,SRR-1,long,bullish,lower_edge,L:93757.9@20,SWL:93747.9,93757.9,93735.99142857142,94760.3,21.90857142857567,2.336717378330324,0.1839731285988827,45.75378195095659,0.8599703117267855,0.060366155368685254,0.07966353290452922,0.0,3.0,CANCEL,,,,clear,BTCUSDT|long|L:93757.9@20|SWL:93747.9,"v10_1_strict_cancel,weak_close_strength,body_not_aligned,weak_retest"
2026-01-06 00:25:00,CANCEL,SRR-1,long,bullish,lower_edge,L:93670.9@20,SWL:93644.3,93670.9,93632.75785714286,94760.3,38.14214285713388,4.071930861893489,0.33045980568096506,28.561583550260703,0.31410256410245346,0.05288461538466696,0.6330128205128795,0.0,4.0,CANCEL,,,,clear,BTCUSDT|long|L:93670.9@20|SWL:93644.3,"v10_1_strict_cancel,weak_close_strength,body_not_aligned,opposite_wick_high,weak_retest"
2026-01-06 07:50:00,CANCEL,SRR-1,long,bullish,lower_edge,L:93160.5@20,SWL:93123.1,93160.5,93112.09714285715,93966.4,48.402857142849825,5.19564162309668,0.43991171124376377,16.649843574761857,0.5424000000000233,0.37439999999990686,0.08320000000006984,0.0,3.0,CANCEL,,,,clear,BTCUSDT|long|L:93160.5@20|SWL:93123.1,"v10_1_strict_cancel,weak_close_strength,body_not_aligned,weak_retest"
2026-01-06 14:20:00,CANCEL,SRR-1,short,bullish,upper_edge,H:94150.0@20,SWH:94171.4,94150.0,94182.09142857142,93322.9,32.09142857142433,3.4085425991953615,0.30016034206303055,25.773237179490767,0.23283082077051437,0.3685092127303362,0.3986599664991494,0.0,3.0,CANCEL,,,,clear,BTCUSDT|short|H:94150.0@20|SWH:94171.4,"v10_1_strict_cancel,weak_body_ratio,weak_close_strength,body_not_aligned"
2026-01-06 16:35:00,CANCEL,SRR-1,long,bullish,lower_edge,L:92767.6@20,SWL:92612.2,92767.6,92585.48928571428,94415.4,182.11071428572177,19.6308532597288,0.681789009225863,9.048341864250117,0.05688789737867777,0.4832682654768547,0.4598438371444675,0.0,5.0,CANCEL,,,,clear,BTCUSDT|long|L:92767.6@20|SWL:92612.2,"v10_1_strict_cancel,weak_body_ratio,weak_close_strength,body_not_aligned,opposite_wick_high,weak_retest"
2026-01-07 02:05:00,WATCH,SRR-1,long,bearish,lower_edge,L:92293.8@20,SWL:92202.9,92293.8,92183.52857142857,93825.0,110.2714285714319,11.947869582944021,0.5692477876106367,13.88573649436411,0.26501469970602387,0.5863082738345334,0.14867702645944272,0.0,3.0,WATCH,,,,clear,BTCUSDT|long|L:92293.8@20|SWL:92202.9,"v10_1_watch_weak3,weak_body_ratio,weak_close_strength,body_not_aligned"
2026-01-07 19:25:00,CANCEL,SRR-1,long,bearish,lower_edge,L:90700.0@20,SWL:90634.1,90700.0,90614.5642857143,92108.1,85.43571428570431,9.419593636792095,0.43733089579519807,16.48139787643373,0.7000000000000226,0.14883720930230301,0.1511627906976744,0.0,2.0,CANCEL,,,,clear,BTCUSDT|long|L:90700.0@20|SWL:90634.1,"v10_1_strict_cancel,weak_close_strength,body_not_aligned"
2026-01-08 03:55:00,CANCEL,SRR-1,long,bearish,lower_edge,L:90700.0@20,SWL:90555.1,90700.0,90542.34928571428,91666.0,157.65071428571537,17.381556150575015,1.2364069239818642,6.127469858774554,0.05955143078110531,0.2606341840680304,0.6798143851508643,0.0,4.0,CANCEL,,,,clear,BTCUSDT|long|L:90700.0@20|SWL:90555.1,"v10_1_strict_cancel,weak_body_ratio,weak_close_strength,body_not_aligned,opposite_wick_high"
2026-01-08 14:25:00,CANCEL,SRR-1,long,bearish,lower_edge,L:89681.6@20,SWL:89673.1,89681.6,89661.1292857143,90466.0,20.4707142857078,2.282599138029183,0.17100662330682334,38.31815485538015,0.5405405405405671,0.30996621621620685,0.14949324324322602,0.0,2.0,CANCEL,,,,clear,BTCUSDT|long|L:89681.6@20|SWL:89673.1,"v10_1_strict_cancel,weak_close_strength,body_not_aligned"
2026-01-08 14:55:00,WATCH,SRR-1,long,bearish,lower_edge,L:89300.0@20,SWL:89242.0,89300.0,89214.975,90466.0,85.02499999999418,9.521276595744029,0.3146160962071952,13.713613643047102,0.2822014051522576,0.5128805620608945,0.4871194379391055,0.0,3.0,WATCH,,,,clear,BTCUSDT|long|L:89300.0@20|SWL:89242.0,"v10_1_watch_weak3,weak_body_ratio,weak_close_strength,opposite_wick_high"
2026-01-08 15:25:00,CANCEL,SRR-1,short,bearish,upper_edge,H:90466.0@20,SWH:90540.8,90466.0,90574.32214285714,89242.0,108.32214285714144,11.973795995969915,0.32313609341373345,11.299628752860333,0.3306581059389853,0.4205457463884596,0.24879614767255506,0.0,3.0,CANCEL,,,,clear,BTCUSDT|short|H:90466.0@20|SWH:90540.8,"v10_1_strict_cancel,weak_close_strength,body_not_aligned,weak_retest"
2026-01-08 15:40:00,CANCEL,SRR-1,short,bearish,upper_edge,H:90600.0@20,SWH:90648.4,90600.0,90682.22499999999,89242.0,82.22499999999127,9.075607064016696,0.2430894308942854,16.515658254790445,0.22848515349770934,0.2541519879214934,0.7458480120785066,0.0,3.0,CANCEL,,,,clear,BTCUSDT|short|H:90600.0@20|SWH:90648.4,"v10_1_strict_cancel,weak_body_ratio,weak_close_strength,opposite_wick_high"
2026-01-08 16:10:00,WATCH,SRR-1,short,bearish,upper_edge,H:90790.0@20,SWH:90868.0,90790.0,90894.30714285714,89242.0,104.30714285714203,11.48883608956295,0.39649742058104803,14.8407861398344,0.2808595702148903,0.5557221389305445,0.1634182908545653,0.0,3.0,WATCH,,,,clear,BTCUSDT|short|H:90790.0@20|SWH:90868.0,"v10_1_watch_weak3,weak_body_ratio,weak_close_strength,body_not_aligned"
2026-01-08 18:10:00,CANCEL,SRR-1,short,bearish,upper_edge,H:91400.0@20,SWH:91425.1,91400.0,91441.88,89242.0,41.88000000000466,4.582056892779503,0.249582836710396,51.5281757402044,0.0656877897990756,0.11978361669243197,0.8145285935084924,0.0,4.0,CANCEL,,,,clear,BTCUSDT|short|H:91400.0@20|SWH:91425.1,"v10_1_strict_cancel,weak_body_ratio,weak_close_strength,body_not_aligned,opposite_wick_high"
2026-01-09 14:55:00,WATCH,SRR-1,long,bearish,lower_edge,L:90030.0@20,SWL:89888.0,90030.0,89864.78071428572,91000.0,165.21928571427998,18.35158121895812,0.7115605869504757,5.870985313890402,0.24633082110275442,0.536691788972629,0.46330821102737096,0.0,4.0,WATCH,,,,clear,BTCUSDT|long|L:90030.0@20|SWL:89888.0,"v10_1_watch_weak3,weak_body_ratio,weak_close_strength,opposite_wick_high,weak_retest"
2026-01-10 02:05:00,CANCEL,SRR-1,short,bearish,upper_edge,H:90704.0@20,SWH:90709.1,90704.0,90713.79071428571,90082.6,9.790714285714785,1.0794137288008008,0.2087254454088787,63.46830086816572,0.7344537815125561,0.26554621848744386,0.0,0.0,2.0,CANCEL,,,,clear,BTCUSDT|short|H:90704.0@20|SWH:90709.1,"v10_1_strict_cancel,weak_close_strength,body_not_aligned"
2026-01-10 02:25:00,WATCH,SRR-1,short,bearish,upper_edge,H:90709.1@20,SWH:90745.3,90709.1,90749.73714285715,90278.1,40.63714285714377,4.479941136792645,0.915840309079205,10.606060606060367,0.2115143929913252,0.5719649561951451,0.21652065081352967,0.0,3.0,WATCH,,,,clear,BTCUSDT|short|H:90709.1@20|SWH:90745.3,"v10_1_watch_weak3,weak_body_ratio,weak_close_strength,body_not_aligned"
2026-01-10 04:25:00,CANCEL,SRR-1,long,bearish,lower_edge,L:90474.4@20,SWL:90472.5,90474.4,90468.93857142857,90748.6,5.461428571419674,0.6036435247340324,0.15334937825887393,50.206643996945026,0.06374501992053584,0.06374501992053584,0.9362549800794642,0.0,3.0,CANCEL,,,,clear,BTCUSDT|long|L:90474.4@20|SWL:90472.5,"v10_1_strict_cancel,weak_body_ratio,weak_close_strength,opposite_wick_high"
2026-01-10 10:20:00,WATCH,SRR-1,short,bearish,upper_edge,H:90730.0@20,SWH:90765.0,90730.0,90769.34285714285,90432.4,39.342857142852154,4.336256711435264,0.9059210526314424,7.564270152506554,0.19325842696609594,0.8000000000001308,0.006741573033773267,0.0,3.0,WATCH,,,,clear,BTCUSDT|short|H:90730.0@20|SWH:90765.0,"v10_1_watch_weak3,weak_body_ratio,body_not_aligned,weak_retest"
2026-01-10 22:25:00,CANCEL,SRR-1,long,bearish,lower_edge,L:90363.9@20,SWL:90358.5,90363.9,90354.98428571428,90708.0,8.915714285714785,0.9866455836583841,0.2535960991466965,38.594776478126995,0.00831600831618883,0.31392931392939694,0.6860706860706031,0.0,3.0,CANCEL,,,,clear,BTCUSDT|long|L:90363.9@20|SWL:90358.5,"v10_1_strict_cancel,weak_body_ratio,weak_close_strength,opposite_wick_high"
2026-01-11 04:25:00,CANCEL,SRR-1,short,bullish,upper_edge,H:90699.9@20,SWH:90714.9,90699.9,90718.03785714284,90410.6,18.137857142850407,1.9997659471344962,0.5780332346913363,15.950064978542674,0.10101010101001193,0.1313131313133095,0.8686868686866905,0.0,3.0,CANCEL,,,,clear,BTCUSDT|short|H:90699.9@20|SWH:90714.9,"v10_1_strict_cancel,weak_body_ratio,weak_close_strength,opposite_wick_high"
2026-01-11 12:40:00,CANCEL,SRR-1,short,bullish,upper_edge,H:90829.9@20,SWH:90844.6,90829.9,90848.44285714286,90555.0,18.542857142863795,2.0414926299449627,0.4825278810410914,14.825115562398066,0.8308080808081791,0.16919191919182083,0.0,0.0,2.0,CANCEL,,,,clear,BTCUSDT|short|H:90829.9@20|SWH:90844.6,"v10_1_strict_cancel,weak_close_strength,body_not_aligned"
2026-01-11 14:35:00,WATCH,SRR-1,short,bullish,upper_edge,H:90980.0@20,SWH:91019.7,90980.0,91024.30714285714,90625.3,44.307142857142026,4.869987124328646,0.9617054263565277,8.005481218765198,0.21371326803205146,0.46126447016920363,0.32502226179874494,0.0,3.0,WATCH,,,,clear,BTCUSDT|short|H:90980.0@20|SWH:91019.7,"v10_1_watch_weak3,weak_body_ratio,weak_close_strength,body_not_aligned"
2026-01-12 02:40:00,CANCEL,SRR-1,short,bullish,upper_edge,H:91920.0@20,SWH:91935.0,91920.0,91952.77,90175.3,32.770000000004075,3.565056570931688,0.18441193021949373,53.24076899602625,0.6130952380952381,0.34642857142858297,0.040476190476178925,0.0,2.0,CANCEL,,,,clear,BTCUSDT|short|H:91920.0@20|SWH:91935.0,"v10_1_strict_cancel,weak_close_strength,body_not_aligned"
2026-01-12 03:20:00,WATCH,SRR-1,short,bullish,upper_edge,H:92450.0@20,SWH:92486.3,92450.0,92505.27857142857,90175.3,55.27857142857101,5.979293826778909,0.2912683477606301,41.149760951027524,0.1515378844712018,0.5716429107276476,0.2768192048011506,0.0,3.0,WATCH,,,,clear,BTCUSDT|short|H:92450.0@20|SWH:92486.3,"v10_1_watch_weak3,weak_body_ratio,weak_close_strength,body_not_aligned"
2026-01-12 16:40:00,CANCEL,SRR-1,short,bearish,upper_edge,H:92185.3@20,SWH:92299.0,92185.3,92321.85071428571,90066.0,136.55071428570955,14.812634366402186,0.5975774436560037,15.520241040744187,0.15558242644097103,0.4897218863361433,0.3546956872228857,0.0,3.0,CANCEL,,,,clear,BTCUSDT|short|H:92185.3@20|SWH:92299.0,"v10_1_strict_cancel,weak_body_ratio,weak_close_strength,body_not_aligned"
2026-01-13 09:20:00,CANCEL,SRR-1,short,bullish,upper_edge,H:92400.0@20,SWH:92449.1,92400.0,92459.08571428571,91316.3,59.08571428571304,6.394557823129117,0.5917024320457733,18.341150870406526,0.06868537666165257,0.44313146233379713,0.5568685376662029,0.0,3.0,CANCEL,,,,clear,BTCUSDT|short|H:92400.0@20|SWH:92449.1,"v10_1_strict_cancel,weak_body_ratio,weak_close_strength,opposite_wick_high"
2026-01-13 19:55:00,CANCEL,SRR-1,short,bullish,upper_edge,H:94149.5@20,SWH:94171.6,94149.5,94190.5642857143,92060.2,41.06428571429569,4.361604226713439,0.21653483992472305,50.878761523730965,0.66726296958847,0.13536076326780003,0.19737626714373002,0.0,3.0,CANCEL,,,,clear,BTCUSDT|short|H:94149.5@20|SWH:94171.6,"v10_1_strict_cancel,weak_close_strength,body_not_aligned,weak_retest"
2026-01-13 20:20:00,CANCEL,SRR-1,short,bullish,upper_edge,H:94399.9@20,SWH:94400.0,94399.9,94418.22428571428,92148.0,18.324285714290454,1.9411340175456175,0.10054871835073564,122.89155687219055,0.5102040816326352,0.15066026410567193,0.33913565426169284,0.0,2.0,CANCEL,,,,clear,BTCUSDT|short|H:94399.9@20|SWH:94400.0,"v10_1_strict_cancel,weak_close_strength,body_not_aligned"
2026-01-13 21:25:00,CANCEL,SRR-1,short,bullish,upper_edge,H:94462.7@20,SWH:94478.3,94462.7,94494.42785714286,93009.8,31.727857142861467,3.3587709374029613,0.19672704725632614,45.79256624416836,0.4665523156088462,0.41595197255572536,0.11749571183542845,0.0,2.0,CANCEL,,,,clear,BTCUSDT|short|H:94462.7@20|SWH:94478.3,"v10_1_strict_cancel,weak_close_strength,body_not_aligned"
2026-01-14 16:40:00,CANCEL,SRR-1,short,bullish,upper_edge,H:97438.6@20,SWH:97450.0,97438.6,97480.92571428571,94643.0,42.325714285703725,4.343834402967994,0.13686252771615237,66.04968273256691,0.6680000000000061,0.020631578947374548,0.3113684210526193,0.0,3.0,CANCEL,,,,clear,BTCUSDT|short|H:97438.6@20|SWH:97450.0,"v10_1_strict_cancel,weak_close_strength,body_not_aligned,weak_retest"
2026-01-14 16:55:00,CANCEL,SRR-1,short,bullish,upper_edge,H:97496.9@20,SWH:97667.7,97496.9,97695.50785714286,94643.0,198.60785714286612,20.37068431333367,0.7142148930158851,14.36952213802436,0.07982401005654698,0.48020113136395937,0.5197988686360406,0.0,3.0,CANCEL,,,,clear,BTCUSDT|short|H:97496.9@20|SWH:97667.7,"v10_1_strict_cancel,weak_body_ratio,weak_close_strength,opposite_wick_high"
2026-01-15 15:40:00,CANCEL,SRR-1,long,bullish,lower_edge,L:95550.0@20,SWL:95521.3,95550.0,95484.845,97100.0,65.15499999999884,6.8189429617999835,0.1787271979152359,23.789425216791155,0.5681950087057466,0.222480170245698,0.20932482104855543,0.0,2.0,CANCEL,,,,active,BTCUSDT|long|L:95550.0@20|SWL:95521.3,"v10_1_strict_cancel,weak_close_strength,body_not_aligned"
2026-01-16 04:55:00,WATCH,SRR-1,long,bearish,lower_edge,L:95151.0@20,SWL:95111.1,95151.0,95101.72928571429,95825.0,49.27071428571071,5.1781604277107665,0.5257946489823503,13.679525652735883,0.46456692913392145,0.49606299212591853,0.03937007874016006,0.0,3.0,WATCH,,,,clear,BTCUSDT|long|L:95151.0@20|SWL:95111.1,"v10_1_watch_weak3,weak_close_strength,body_not_aligned,weak_retest"
2026-01-16 14:35:00,WATCH,SRR-1,short,bearish,upper_edge,H:95691.8@20,SWH:95763.0,95691.8,95775.98071428572,95210.5,84.1807142857142,8.797066654166208,0.6485060254223334,5.717461583498126,0.2601603538844528,0.5183854022670763,0.48161459773292364,0.0,3.0,WATCH,,,,clear,BTCUSDT|short|H:95691.8@20|SWH:95763.0,"v10_1_watch_weak3,weak_body_ratio,weak_close_strength,opposite_wick_high"
2026-01-16 15:50:00,WATCH,SRR-1,long,bearish,lower_edge,L:94333.1@20,SWL:94234.5,94333.1,94200.75642857143,95763.0,132.34357142857334,14.029388563354043,0.39220380601596705,10.804453775616295,0.28300751879696623,0.4836090225563997,0.23338345864663404,0.0,3.0,WATCH,,,,active,BTCUSDT|long|L:94333.1@20|SWL:94234.5,"v10_1_watch_weak3,weak_body_ratio,weak_close_strength,body_not_aligned"
2026-01-16 21:05:00,WATCH,SRR-1,short,bearish,upper_edge,H:95527.4@20,SWH:95550.0,95527.4,95563.08785714286,94454.5,35.68785714286787,3.7358765278724086,0.2726791464280639,30.063446950734352,0.23921354451120436,0.41835062807211026,0.5816493719278898,0.0,3.0,WATCH,,,,clear,BTCUSDT|short|H:95527.4@20|SWH:95550.0,"v10_1_watch_weak3,weak_body_ratio,weak_close_strength,opposite_wick_high"
2026-01-16 21:10:00,CANCEL,SRR-1,short,bearish,upper_edge,H:95527.4@20,SWH:95550.0,95527.4,95563.30071428571,94454.5,35.90071428571537,3.758158840889145,0.2699156865904138,29.88519925986245,0.35351351351348204,0.0,0.646486486486518,0.0,3.0,CANCEL,,,,clear,BTCUSDT|short|H:95527.4@20|SWH:95550.0,"v10_1_strict_cancel,weak_close_strength,body_not_aligned,opposite_wick_high"
2026-01-18 10:10:00,CANCEL,SRR-1,short,bearish,upper_edge,H:95252.4@20,SWH:95257.4,95252.4,95262.31142857143,94980.0,9.911428571431316,1.040543710334996,0.20180337405473284,27.48342461803735,0.7482614742697689,0.0013908205842254329,0.25034770514600574,0.0,2.0,CANCEL,,,,clear,BTCUSDT|short|H:95252.4@20|SWH:95257.4,"v10_1_strict_cancel,weak_close_strength,body_not_aligned"
2026-01-18 18:40:00,CANCEL,SRR-1,short,bearish,upper_edge,H:95375.9@20,SWH:95398.5,95375.9,95404.67428571428,94872.9,28.774285714287544,3.0169346464135645,0.46603424340587124,17.480885711447602,0.24368686868673065,0.2979797979796987,0.7020202020203014,0.0,3.0,CANCEL,,,,clear,BTCUSDT|short|H:95375.9@20|SWH:95398.5,"v10_1_strict_cancel,weak_body_ratio,weak_close_strength,opposite_wick_high"
2026-01-18 18:50:00,CANCEL,SRR-1,short,bearish,upper_edge,H:95398.5@20,SWH:95414.7,95398.5,95421.66357142857,94872.9,23.163571428565774,2.4280854970010823,0.3326392450507052,22.690801443158524,0.7868988391377745,0.21227197346594628,0.0008291873962792379,0.0,2.0,CANCEL,,,,clear,BTCUSDT|short|H:95398.5@20|SWH:95414.7,"v10_1_strict_cancel,weak_close_strength,body_not_aligned"
2026-01-18 23:35:00,CANCEL,SRR-1,long,bullish,lower_edge,L:94506.4@20,SWL:94472.3,94506.4,94455.05071428572,95490.0,51.34928571427008,5.43341887049661,0.2976893453144141,19.155086313628335,0.04904542462144186,0.24358130348913526,0.7073732718894229,0.0,4.0,CANCEL,,,,clear,BTCUSDT|long|L:94506.4@20|SWL:94472.3,"v10_1_strict_cancel,weak_body_ratio,weak_close_strength,body_not_aligned,opposite_wick_high"
2026-01-19 08:50:00,CANCEL,SRR-1,short,bearish,upper_edge,H:93192.2@20,SWH:93209.0,93192.2,93223.86785714286,92344.5,31.667857142863795,3.3981231415143967,0.21299543598370888,26.768467350845757,0.735104669887202,0.18599033816430244,0.0789049919484955,0.0,3.0,CANCEL,,,,clear,BTCUSDT|short|H:93192.2@20|SWH:93209.0,"v10_1_strict_cancel,weak_close_strength,body_not_aligned,weak_retest"
2026-01-22 13:55:00,CANCEL,SRR-1,long,bullish,lower_edge,L:89500.1@20,SWL:89446.0,89500.1,89432.89571428571,90309.5,67.20428571429511,7.50885034925046,0.5128420364112809,12.043874752883887,0.6309808612440301,0.36842105263162017,0.0005980861243497045,0.0,3.0,CANCEL,,,,clear,BTCUSDT|long|L:89500.1@20|SWL:89446.0,"v10_1_strict_cancel,weak_close_strength,body_not_aligned,weak_retest"
2026-01-22 14:10:00,CANCEL,SRR-1,long,bullish,lower_edge,L:89446.0@20,SWL:89355.8,89446.0,89340.70571428572,90309.5,105.29428571427707,11.771827215781261,0.6975771342039945,8.20082489892342,0.6923076923077072,0.30769230769229283,0.0,0.0,2.0,CANCEL,,,,clear,BTCUSDT|long|L:89446.0@20|SWL:89355.8,"v10_1_strict_cancel,weak_close_strength,body_not_aligned"
2026-01-22 19:55:00,CANCEL,SRR-1,short,bearish,upper_edge,H:89844.1@20,SWH:89882.1,89844.1,89900.50642857143,88465.6,56.40642857142666,6.278256287438648,0.306449609996496,24.438703795160954,0.9979929754139051,0.0015052684395529654,0.0005017561465419935,0.0,2.0,CANCEL,,,,clear,BTCUSDT|short|H:89844.1@20|SWH:89882.1,"v10_1_strict_cancel,weak_close_strength,body_not_aligned"
2026-01-23 01:55:00,CANCEL,SRR-1,short,bearish,upper_edge,H:89828.7@20,SWH:89830.9,89828.7,89839.48999999999,89095.5,10.789999999993597,1.201175125543796,0.12561117578572228,67.95180722895572,0.8788343558283047,0.12116564417169527,0.0,0.0,3.0,CANCEL,,,,clear,BTCUSDT|short|H:89828.7@20|SWH:89830.9,"v10_1_strict_cancel,weak_close_strength,body_not_aligned,weak_retest"
2026-01-23 04:25:00,CANCEL,SRR-1,short,bullish,upper_edge,H:90046.6@20,SWH:90050.0,90046.6,90056.92214285715,89252.9,10.322142857141444,1.1463112274246272,0.14911773810750337,76.89294858488468,0.2561669829222153,0.41745730550286936,0.32637571157491535,0.0,3.0,CANCEL,,,,clear,BTCUSDT|short|H:90046.6@20|SWH:90050.0,"v10_1_strict_cancel,weak_body_ratio,weak_close_strength,body_not_aligned"
2026-01-23 13:50:00,WATCH,SRR-1,short,bearish,upper_edge,H:89392.3@20,SWH:89411.2,89392.3,89419.75714285714,88823.3,27.457142857136205,3.071533326375561,0.3208681135224559,20.723204994802106,0.2037797863599302,0.5554642563680598,0.24075595727200996,0.0,3.0,WATCH,,,,clear,BTCUSDT|short|H:89392.3@20|SWH:89411.2,"v10_1_watch_weak3,weak_body_ratio,weak_close_strength,body_not_aligned"
2026-01-23 16:50:00,CANCEL,SRR-1,short,bearish,upper_edge,H:90400.0@20,SWH:90404.7,90400.0,90432.63928571428,88530.0,32.63928571427823,3.6105404551192732,0.11682219097530282,57.292920450828326,0.4973177658567646,0.04449353108233363,0.4581887030609017,0.0,4.0,CANCEL,,,,clear,BTCUSDT|short|H:90400.0@20|SWH:90404.7,"v10_1_strict_cancel,weak_close_strength,body_not_aligned,opposite_wick_high,weak_retest"
2026-01-24 03:25:00,CANCEL,SRR-1,short,bearish,upper_edge,H:89838.0@20,SWH:89844.0,89838.0,89849.785,89383.5,11.785000000003492,1.3118056946952839,0.20371650821094475,38.56597369536405,0.22058823529412813,0.2418300653595362,0.5375816993463357,0.0,4.0,CANCEL,,,,clear,BTCUSDT|short|H:89838.0@20|SWH:89844.0,"v10_1_strict_cancel,weak_body_ratio,weak_close_strength,body_not_aligned,opposite_wick_high"
2026-01-24 12:25:00,CANCEL,SRR-1,long,bearish,lower_edge,L:89504.4@20,SWL:89502.3,89504.4,89500.19285714286,89667.6,4.207142857136205,0.4700487190726048,0.19966101694881713,38.7911714771439,0.024390243903824098,0.0,0.975609756096176,0.0,4.0,CANCEL,,,,clear,BTCUSDT|long|L:89504.4@20|SWL:89502.3,"v10_1_strict_cancel,weak_body_ratio,weak_close_strength,body_not_aligned,opposite_wick_high"
2026-01-24 16:20:00,WATCH,SRR-1,long,bearish,lower_edge,L:89131.2@20,SWL:89116.9,89131.2,89110.0107142857,89641.3,21.189285714295693,2.377314084663473,0.3075686884397509,24.073487274554925,0.2795138888888354,0.5052083333333833,0.2152777777777813,0.0,3.0,WATCH,,,,clear,BTCUSDT|long|L:89131.2@20|SWL:89116.9,"v10_1_watch_weak3,weak_body_ratio,weak_close_strength,body_not_aligned"
2026-01-25 03:55:00,CANCEL,SRR-1,long,bearish,lower_edge,L:88800.1@20,SWL:88800.0,88800.1,88793.31285714285,89436.7,6.787142857152503,0.764317028601601,0.10149540696446684,93.79499052817525,0.39268292682941025,0.32926829268292684,0.2780487804876629,0.0,2.0,CANCEL,,,,clear,BTCUSDT|long|L:88800.1@20|SWL:88800.0,"v10_1_strict_cancel,weak_close_strength,body_not_aligned"
2026-01-25 12:55:00,CANCEL,SRR-1,short,bearish,upper_edge,H:88736.8@20,SWH:88760.1,88736.8,88769.41214285715,88084.0,32.61214285714959,3.67515426036882,0.35021093809931736,20.01708390826851,0.22595419847332687,0.18931297709914777,0.5847328244275254,0.0,4.0,CANCEL,,,,clear,BTCUSDT|short|H:88736.8@20|SWH:88760.1,"v10_1_strict_cancel,weak_body_ratio,weak_close_strength,body_not_aligned,opposite_wick_high"
2026-01-25 19:35:00,WATCH,SRR-1,long,bearish,lower_edge,L:86350.0@20,SWL:86235.0,86350.0,86206.73928571428,88728.7,143.26071428571595,16.590702291339426,0.5069253127764498,16.60399371774715,0.075238095238086,0.5349206349206349,0.3898412698412791,0.0,3.0,WATCH,,,,clear,BTCUSDT|long|L:86350.0@20|SWL:86235.0,"v10_1_watch_weak3,weak_body_ratio,weak_close_strength,body_not_aligned"
2026-01-26 02:25:00,CANCEL,SRR-1,short,bearish,upper_edge,H:87791.5@20,SWH:87831.8,87791.5,87852.30928571429,86021.7,60.809285714291036,6.92655732209736,0.2964963605335804,29.104107690317353,0.7892976588628763,0.21070234113712374,0.0,0.0,2.0,CANCEL,,,,clear,BTCUSDT|short|H:87791.5@20|SWH:87831.8,"v10_1_strict_cancel,weak_close_strength,body_not_aligned"
2026-01-26 02:35:00,CANCEL,SRR-1,short,bearish,upper_edge,H:87901.6@20,SWH:87922.0,87901.6,87939.865,86021.7,38.26499999999942,4.353163082355659,0.21418975650713185,49.128446360905194,0.003973509933813383,0.36357615894035883,0.6324503311258278,0.0,4.0,CANCEL,,,,clear,BTCUSDT|short|H:87901.6@20|SWH:87922.0,"v10_1_strict_cancel,weak_body_ratio,weak_close_strength,body_not_aligned,opposite_wick_high"
2026-01-26 06:50:00,CANCEL,SRR-1,short,bearish,upper_edge,H:87947.3@20,SWH:87978.0,87947.3,87989.08214285714,87028.5,41.782142857133294,4.750815870087346,0.37702223654518896,21.99025557740488,0.07085201793723278,0.15695067264573992,0.7721973094170274,0.0,5.0,CANCEL,,,,clear,BTCUSDT|short|H:87947.3@20|SWH:87978.0,"v10_1_strict_cancel,weak_body_ratio,weak_close_strength,body_not_aligned,opposite_wick_high,weak_retest"
2026-01-26 15:55:00,CANCEL,SRR-1,long,bullish,lower_edge,L:87351.6@20,SWL:87278.5,87351.6,87246.14285714286,88834.1,105.45714285715076,12.072720231472664,0.32591611479031246,14.057843402870798,0.20230414746547803,0.2714285714285446,0.5262672811059774,0.0,4.0,CANCEL,,,,clear,BTCUSDT|long|L:87351.6@20|SWL:87278.5,"v10_1_strict_cancel,weak_body_ratio,weak_close_strength,body_not_aligned,opposite_wick_high"
2026-01-27 08:40:00,CANCEL,SRR-1,long,bullish,lower_edge,L:88175.0@20,SWL:88157.2,88175.0,88150.11285714286,88983.3,24.887142857143772,2.8224715460327494,0.35115904051602864,32.47861776017343,0.5535499398314895,0.0012033694344863268,0.4452466907340242,0.0,2.0,CANCEL,,,,clear,BTCUSDT|long|L:88175.0@20|SWL:88157.2,"v10_1_strict_cancel,weak_close_strength,body_not_aligned"
2026-01-27 10:50:00,CANCEL,SRR-1,long,bullish,lower_edge,L:87779.0@20,SWL:87777.0,87779.0,87770.15571428572,88524.9,8.844285714279977,1.0075628241697874,0.12922145689826567,84.33694072045463,0.13551401869164756,0.23130841121480153,0.6331775700935509,0.0,4.0,CANCEL,,,,clear,BTCUSDT|long|L:87779.0@20|SWL:87777.0,"v10_1_strict_cancel,weak_body_ratio,weak_close_strength,body_not_aligned,opposite_wick_high"
2026-01-27 14:25:00,CANCEL,SRR-1,short,bearish,upper_edge,H:88272.8@20,SWH:88418.8,88272.8,88431.48928571428,87707.1,158.68928571428114,17.97714422951137,1.2505769772023076,3.564827943195457,0.5016339869281997,0.02369281045746991,0.4746732026143303,0.0,4.0,CANCEL,,,,clear,BTCUSDT|short|H:88272.8@20|SWH:88418.8,"v10_1_strict_cancel,weak_close_strength,body_not_aligned,opposite_wick_high,weak_retest"
2026-01-27 16:50:00,WATCH,SRR-1,short,bearish,upper_edge,H:88775.3@20,SWH:88836.3,88775.3,88859.32714285715,87530.0,84.02714285714319,9.465148848513403,0.3649047707674217,14.820211156259008,0.09138110072684702,0.5680166147456148,0.3406022845275381,0.0,3.0,WATCH,,,,clear,BTCUSDT|short|H:88775.3@20|SWH:88836.3,"v10_1_watch_weak3,weak_body_ratio,weak_close_strength,body_not_aligned"
2026-01-27 17:50:00,WATCH,SRR-1,long,bullish,lower_edge,L:87280.0@20,SWL:87265.4,87280.0,87239.61357142856,88836.3,40.386428571437136,4.627226004976757,0.15661893022357185,38.53522222810955,0.18884540117418872,0.5000000000000356,0.4999999999999644,0.0,3.0,WATCH,,,,clear,BTCUSDT|long|L:87280.0@20|SWL:87265.4,"v10_1_watch_weak3,weak_body_ratio,weak_close_strength,opposite_wick_high"
2026-01-27 21:10:00,CANCEL,SRR-1,short,bullish,upper_edge,H:89469.3@20,SWH:89499.0,89469.3,89522.14214285715,87265.4,52.84214285714552,5.906175957244051,0.22833729436094793,41.70724124413491,0.3504761904762644,0.4120634920634551,0.2374603174602805,0.0,2.0,CANCEL,,,,clear,BTCUSDT|short|H:89469.3@20|SWH:89499.0,"v10_1_strict_cancel,weak_close_strength,body_not_aligned"
2026-01-28 03:20:00,CANCEL,SRR-1,long,bullish,lower_edge,L:88966.2@20,SWL:88957.1,88966.2,88946.38785714286,89491.8,19.81214285713213,2.226929199755877,0.18495032339791315,26.529184843364696,0.6960309777347753,0.14036786060020942,0.16360116166501534,0.0,3.0,CANCEL,,,,clear,BTCUSDT|long|L:88966.2@20|SWL:88957.1,"v10_1_strict_cancel,weak_close_strength,body_not_aligned,weak_retest"
2026-01-28 03:40:00,CANCEL,SRR-1,long,bullish,lower_edge,L:88954.7@20,SWL:88932.6,88954.7,88920.95071428572,89491.8,33.74928571427881,3.7939856707154105,0.28971120240352005,15.914410887006326,0.667972575905908,0.2722820763957035,0.05974534769838857,0.0,2.0,CANCEL,,,,clear,BTCUSDT|long|L:88954.7@20|SWL:88932.6,"v10_1_strict_cancel,weak_close_strength,body_not_aligned"
2026-01-28 10:05:00,CANCEL,SRR-1,short,bullish,upper_edge,H:89554.6@20,SWH:89591.0,89554.6,89604.91428571429,88786.0,50.31428571428114,5.618280436100562,0.3616016427104367,15.27597955707135,0.16746666666671323,0.4256000000000155,0.5743999999999845,0.0,3.0,CANCEL,,,,clear,BTCUSDT|short|H:89554.6@20|SWH:89591.0,"v10_1_strict_cancel,weak_body_ratio,weak_close_strength,opposite_wick_high"
2026-01-28 10:10:00,CANCEL,SRR-1,short,bullish,upper_edge,H:89554.6@20,SWH:89591.0,89554.6,89605.04071428571,88786.0,50.440714285708964,5.632397921012316,0.359246070102211,15.23769064106549,0.097105508870291,0.32306255835671277,0.6769374416432872,0.0,3.0,CANCEL,,,,clear,BTCUSDT|short|H:89554.6@20|SWH:89591.0,"v10_1_strict_cancel,weak_body_ratio,weak_close_strength,opposite_wick_high"
2026-01-28 15:25:00,CANCEL,SRR-1,long,bullish,lower_edge,L:89050.0@20,SWL:88852.2,89050.0,88827.40285714285,90444.4,222.59714285715017,24.99687174139811,0.8976725429197192,6.2642313468274775,0.1056845476380798,0.16813450760607312,0.8318654923939269,0.0,3.0,CANCEL,,,,clear,BTCUSDT|long|L:89050.0@20|SWL:88852.2,"v10_1_strict_cancel,weak_body_ratio,weak_close_strength,opposite_wick_high"
2026-01-29 10:50:00,CANCEL,SRR-1,long,bearish,lower_edge,L:87800.0@20,SWL:87773.1,87800.0,87764.98000000001,88461.2,35.01999999998952,3.9886104783587157,0.4312807881772098,18.88063963450014,0.5932621199671225,0.2785538208709531,0.12818405916192435,0.0,3.0,CANCEL,,,,clear,BTCUSDT|long|L:87800.0@20|SWL:87773.1,"v10_1_strict_cancel,weak_close_strength,body_not_aligned,weak_retest"
2026-01-29 11:40:00,CANCEL,SRR-1,long,bearish,lower_edge,L:87731.7@20,SWL:87725.1,87731.7,87714.83214285715,88461.2,16.867857142846333,1.9226638880639875,0.16427826086945663,43.247935634158566,0.06430338004948659,0.49134377576260835,0.5086562242373917,0.0,3.0,CANCEL,,,,clear,BTCUSDT|long|L:87731.7@20|SWL:87725.1,"v10_1_strict_cancel,weak_body_ratio,weak_close_strength,opposite_wick_high"
2026-01-29 11:55:00,WATCH,SRR-1,long,bearish,lower_edge,L:87725.1@20,SWL:87711.0,87725.1,87700.37785714286,88461.2,24.722142857150175,2.818137894074806,0.23274157756714484,29.77492704630559,0.2949308755759264,0.3329493087556821,0.6670506912443178,0.0,3.0,WATCH,,,,clear,BTCUSDT|long|L:87725.1@20|SWL:87711.0,"v10_1_watch_weak3,weak_body_ratio,weak_close_strength,opposite_wick_high"
2026-01-29 15:25:00,CANCEL,SRR-1,long,bearish,lower_edge,L:85280.0@20,SWL:85166.3,85280.0,85127.77357142858,88133.2,152.2264285714191,17.850190967567904,0.39512208687911454,18.743131706997776,0.05920035343492055,0.4530594212502597,0.5469405787497402,0.0,3.0,CANCEL,,,,clear,BTCUSDT|long|L:85280.0@20|SWL:85166.3,"v10_1_strict_cancel,weak_body_ratio,weak_close_strength,opposite_wick_high"
2026-01-29 15:35:00,CANCEL,SRR-1,long,bearish,lower_edge,L:85166.3@20,SWL:85097.5,85166.3,85054.64928571429,88133.2,111.65071428571537,13.109729351364962,0.26055741694587875,26.57304988132602,0.2668735453840269,0.38537626066717384,0.34775019394879925,0.0,3.0,CANCEL,,,,clear,BTCUSDT|long|L:85166.3@20|SWL:85097.5,"v10_1_strict_cancel,weak_body_ratio,weak_close_strength,body_not_aligned"
2026-01-29 16:35:00,WATCH,SRR-1,long,bearish,lower_edge,L:84335.4@20,SWL:84222.0,84335.4,84184.56714285714,88133.2,150.8328571428574,17.884880743182272,0.4029424111742921,25.178864021670133,0.07039440838741058,0.5584123814278429,0.3711932101847466,0.0,3.0,WATCH,,,,clear,BTCUSDT|long|L:84335.4@20|SWL:84222.0,"v10_1_watch_weak3,weak_body_ratio,weak_close_strength,body_not_aligned"
2026-01-29 18:25:00,CANCEL,SRR-1,long,bearish,lower_edge,L:83939.0@20,SWL:83805.7,83939.0,83774.5,88133.2,164.5,19.597564898319018,0.527243589743588,25.49665653495439,0.5140755769718377,0.4488967791022031,0.037027643925959204,0.0,2.0,CANCEL,,,,clear,BTCUSDT|long|L:83939.0@20|SWL:83805.7,"v10_1_strict_cancel,weak_close_strength,body_not_aligned"
2026-01-29 18:40:00,CANCEL,SRR-1,long,bearish,lower_edge,L:83644.9@20,SWL:83524.3,83644.9,83494.06142857143,88132.9,150.83857142856868,18.033206020757834,0.4988283649076257,29.75366285622337,0.08886255924170207,0.09439178515010913,0.9056082148498908,0.0,3.0,CANCEL,,,,clear,BTCUSDT|long|L:83644.9@20|SWL:83524.3,"v10_1_strict_cancel,weak_body_ratio,weak_close_strength,opposite_wick_high"
2026-01-29 18:55:00,CANCEL,SRR-1,long,bearish,lower_edge,L:83524.3@20,SWL:83355.0,83524.3,83322.05071428571,88059.4,202.24928571429336,24.214424510506927,0.6138199397342418,22.423317758493752,0.5728440366972424,0.3370642201834809,0.09009174311927673,0.0,3.0,CANCEL,,,,clear,BTCUSDT|long|L:83524.3@20|SWL:83355.0,"v10_1_strict_cancel,weak_close_strength,body_not_aligned,weak_retest"
2026-01-29 23:50:00,CANCEL,SRR-1,short,bearish,upper_edge,H:84695.2@20,SWH:84699.9,84695.2,84709.29071428571,83338.3,14.090714285717695,1.6636969138413622,0.15004944093713257,96.29746033352929,0.49948927477029254,0.08273748723178499,0.4177732379979225,0.0,3.0,CANCEL,,,,clear,BTCUSDT|short|H:84695.2@20|SWH:84699.9,"v10_1_strict_cancel,weak_close_strength,body_not_aligned,weak_retest"
2026-01-30 12:05:00,CANCEL,SRR-1,short,bearish,upper_edge,H:83280.6@20,SWH:83296.9,83280.6,83313.68642857143,82108.4,33.086428571419674,3.9728854704960903,0.1971022509679892,35.428423393287225,0.5301662707838757,0.38289786223273764,0.08693586698338675,0.0,2.0,CANCEL,,,,clear,BTCUSDT|short|H:83280.6@20|SWH:83296.9,"v10_1_strict_cancel,weak_close_strength,body_not_aligned"
2026-01-30 19:20:00,CANCEL,SRR-1,short,bearish,upper_edge,H:84345.0@20,SWH:84396.8,84345.0,84442.98357142857,81832.0,97.98357142857276,11.616998213121438,0.21216109624634907,25.64715659330611,0.6175785797438693,0.24476135040746333,0.13766006984866738,0.0,3.0,CANCEL,,,,clear,BTCUSDT|short|H:84345.0@20|SWH:84396.8,"v10_1_strict_cancel,weak_close_strength,body_not_aligned,weak_retest"
2026-01-30 19:35:00,CANCEL,SRR-1,short,bearish,upper_edge,H:84487.9@20,SWH:84490.0,84487.9,84532.94928571429,81832.0,45.049285714296275,5.332039938771858,0.10488948760168113,58.95542976738366,0.5594616863498869,0.0593243614391801,0.38121395221093296,0.0,3.0,CANCEL,,,,clear,BTCUSDT|short|H:84487.9@20|SWH:84490.0,"v10_1_strict_cancel,weak_close_strength,body_not_aligned,weak_retest"
2026-01-31 02:20:00,CANCEL,SRR-1,long,bullish,lower_edge,L:83861.8@20,SWL:83844.1,83861.8,83834.52642857144,84487.7,27.273571428566356,3.252204392055305,0.28488398119818253,22.94895634183157,0.6196024674434393,0.2878684030157757,0.09252912954078504,0.0,2.0,CANCEL,,,,clear,BTCUSDT|long|L:83861.8@20|SWL:83844.1,"v10_1_strict_cancel,weak_close_strength,body_not_aligned"
2026-01-31 08:25:00,CANCEL,SRR-1,long,bullish,lower_edge,L:83116.3@20,SWL:83018.1,83116.3,83004.53357142858,84190.0,111.76642857142724,13.446992776558538,0.8238456273363949,9.606641401392022,0.41836734693877553,0.17551020408160295,0.4061224489796215,0.0,2.0,CANCEL,,,,clear,BTCUSDT|long|L:83116.3@20|SWL:83018.1,"v10_1_strict_cancel,weak_close_strength,body_not_aligned"
2026-01-31 18:25:00,WATCH,SRR-1,long,bearish,lower_edge,L:78010.1@20,SWL:77900.0,78010.1,77854.35142857143,82898.7,155.74857142857218,19.965180332876404,0.34119046128810315,31.387767830936102,0.11947490860750055,0.5908939847125358,0.28963110667996356,0.0,3.0,WATCH,,,,clear,BTCUSDT|long|L:78010.1@20|SWL:77900.0,"v10_1_watch_weak3,weak_body_ratio,weak_close_strength,body_not_aligned"
2026-03-01 09:55:00,WATCH,SRR-1,long,bearish,lower_edge,L:66225.2@20,SWL:66205.8,66225.2,66186.30785714286,67547.3,38.89214285713388,5.8727105176177465,0.19952728205499376,33.99401274588028,0.14673452078035423,0.5445292620865162,0.4554707379134838,0.0,3.0,WATCH,,,,clear,BTCUSDT|long|L:66225.2@20|SWL:66205.8,"v10_1_watch_weak3,weak_body_ratio,weak_close_strength,opposite_wick_high"
2026-03-01 17:20:00,CANCEL,SRR-1,long,bearish,lower_edge,L:65777.0@20,SWL:65681.3,65777.0,65656.37285714287,67333.0,120.62714285713446,18.33880275128608,0.4839188492176841,12.899252714978575,0.6582278481012824,0.3210808179162445,0.020691333982473078,0.0,2.0,CANCEL,,,,clear,BTCUSDT|long|L:65777.0@20|SWL:65681.3,"v10_1_strict_cancel,weak_close_strength,body_not_aligned"
2026-03-01 22:50:00,CANCEL,SRR-1,long,bearish,lower_edge,L:65030.3@20,SWL:65011.0,65030.3,64977.77,66888.0,52.53000000000611,8.077772976598004,0.1580800481492817,35.364553588421494,0.6171352074966533,0.34564926372154897,0.037215528781797735,0.0,2.0,CANCEL,,,,clear,BTCUSDT|long|L:65030.3@20|SWL:65011.0,"v10_1_strict_cancel,weak_close_strength,body_not_aligned"
2026-03-02 13:40:00,CANCEL,SRR-1,long,bearish,lower_edge,L:65693.1@20,SWL:65650.0,65693.1,65633.64714285714,66707.5,59.45285714286729,9.050091583875215,0.3635625054600111,17.062258211785444,0.5076992753623719,0.11730072463766099,0.374999999999967,0.0,3.0,CANCEL,,,,clear,BTCUSDT|long|L:65693.1@20|SWL:65650.0,"v10_1_strict_cancel,weak_close_strength,body_not_aligned,weak_retest"
2026-03-03 02:25:00,WATCH,SRR-1,long,bullish,lower_edge,L:68343.0@20,SWL:68142.1,68343.0,68120.50071428572,69500.0,222.4992857142788,32.55626555964456,1.030123350639877,5.200016693472692,0.4433470507544741,0.5566529492455259,0.0,0.0,3.0,WATCH,,,,clear,BTCUSDT|long|L:68343.0@20|SWL:68142.1,"v10_1_watch_weak3,weak_close_strength,body_not_aligned,weak_retest"
2026-03-03 06:50:00,CANCEL,SRR-1,long,bullish,lower_edge,L:67778.0@20,SWL:67759.6,67778.0,67746.14928571429,69023.5,31.850714285712456,4.699270306841815,0.23679570920289758,39.104303559016394,0.6628256513026488,0.3371743486973512,0.0,0.0,2.0,CANCEL,,,,clear,BTCUSDT|long|L:67778.0@20|SWL:67759.6,"v10_1_strict_cancel,weak_close_strength,body_not_aligned"
2026-03-04 07:35:00,CANCEL,SRR-1,short,bullish,upper_edge,H:68750.0@20,SWH:68758.0,68750.0,68775.55928571429,67350.0,25.559285714291036,3.71771428571506,0.14555993979582313,54.77461364333879,0.12125079770261872,0.22590938098273666,0.7740906190172633,0.0,3.0,CANCEL,,,,clear,BTCUSDT|short|H:68750.0@20|SWH:68758.0,"v10_1_strict_cancel,weak_body_ratio,weak_close_strength,opposite_wick_high"
2026-03-04 07:40:00,CANCEL,SRR-1,short,bullish,upper_edge,H:68750.0@20,SWH:68758.0,68750.0,68775.72357142858,67350.0,25.723571428577998,3.741610389611345,0.14513762946845984,54.42479104766333,0.2544268406336218,0.0009319664492620508,0.7446411929171162,0.0,5.0,CANCEL,,,,clear,BTCUSDT|short|H:68750.0@20|SWH:68758.0,"v10_1_strict_cancel,weak_body_ratio,weak_close_strength,body_not_aligned,opposite_wick_high,weak_retest"
2026-03-04 09:25:00,WATCH,SRR-1,short,bullish,upper_edge,H:71287.0@20,SWH:71500.0,71287.0,71533.43,67421.9,246.42999999999302,34.56871519351256,0.7371522584504685,15.684372844215863,0.18032159264933517,0.5214395099540529,0.29823889739661197,0.0,3.0,WATCH,,,,clear,BTCUSDT|short|H:71287.0@20|SWH:71500.0,"v10_1_watch_weak3,weak_body_ratio,weak_close_strength,body_not_aligned"
2026-03-04 09:35:00,CANCEL,SRR-1,short,bullish,upper_edge,H:71500.0@20,SWH:71530.0,71500.0,71564.42142857143,67421.9,64.42142857142608,9.00999000998966,0.1871550114131479,63.303470451272084,0.47790827740489766,0.1957494407158805,0.3263422818792219,0.0,2.0,CANCEL,,,,clear,BTCUSDT|short|H:71500.0@20|SWH:71530.0,"v10_1_strict_cancel,weak_close_strength,body_not_aligned"
2026-03-04 15:55:00,CANCEL,SRR-1,short,bullish,upper_edge,H:73084.7@20,SWH:73170.2,73084.7,73208.71642857142,70559.7,124.01642857142724,16.968863328634754,0.32198319826418964,20.360205733111616,0.6368515205724758,0.29670329670327217,0.066445182724252,0.0,3.0,CANCEL,,,,clear,BTCUSDT|short|H:73084.7@20|SWH:73170.2,"v10_1_strict_cancel,weak_close_strength,body_not_aligned,weak_retest"
2026-03-04 22:50:00,WATCH,SRR-1,long,bullish,lower_edge,L:72781.5@20,SWL:72680.0,72781.5,72664.08428571429,74046.5,117.41571428571478,16.132631820684484,0.7377344942105777,10.77368568334728,0.47823984526115737,0.5217601547388426,0.0,0.0,3.0,WATCH,,,,clear,BTCUSDT|long|L:72781.5@20|SWL:72680.0,"v10_1_watch_weak3,weak_close_strength,body_not_aligned,weak_retest"
2026-03-05 15:20:00,CANCEL,SRR-1,long,bullish,lower_edge,L:71558.0@20,SWL:71491.3,71558.0,71453.68000000001,73539.1,104.31999999999243,14.578383968248474,0.27729930887823906,18.990605828222293,0.30085073472547924,0.3843774168599987,0.31477184841452205,0.0,2.0,CANCEL,,,,clear,BTCUSDT|long|L:71558.0@20|SWL:71491.3,"v10_1_strict_cancel,weak_close_strength,body_not_aligned"
2026-03-05 15:35:00,WATCH,SRR-1,long,bullish,lower_edge,L:71223.3@20,SWL:71136.2,71223.3,71095.905,73539.1,127.39500000000407,17.886702806525964,0.31615585060182405,18.178107461045794,0.1329071332436083,0.5292732166891132,0.4707267833108868,0.0,3.0,WATCH,,,,clear,BTCUSDT|long|L:71223.3@20|SWL:71136.2,"v10_1_watch_weak3,weak_body_ratio,weak_close_strength,opposite_wick_high"
2026-03-06 01:25:00,CANCEL,SRR-1,long,bearish,lower_edge,L:70722.0@20,SWL:70707.0,70722.0,70694.63071428571,71530.4,27.369285714288708,3.869981860565129,0.2212681180343261,29.536759140847877,0.2473622508791389,0.26846424384534523,0.48417350527551584,0.0,4.0,CANCEL,,,,clear,BTCUSDT|long|L:70722.0@20|SWL:70707.0,"v10_1_strict_cancel,weak_body_ratio,weak_close_strength,body_not_aligned,opposite_wick_high"
2026-03-06 05:40:00,CANCEL,SRR-1,long,bearish,lower_edge,L:70212.1@20,SWL:70188.0,70212.1,70169.20357142857,71387.5,42.8964285714319,6.109549290141143,0.22821584647540943,27.400882524350415,0.031603773584891935,0.3584905660377358,0.6099056603773723,0.0,4.0,CANCEL,,,,clear,BTCUSDT|long|L:70212.1@20|SWL:70188.0,"v10_1_strict_cancel,weak_body_ratio,weak_close_strength,body_not_aligned,opposite_wick_high"
2026-03-06 05:50:00,CANCEL,SRR-1,long,bearish,lower_edge,L:70121.9@20,SWL:70100.0,70121.9,70081.8607142857,71387.5,40.03928571428696,5.709954481308545,0.22073242764324122,31.60895549014277,0.29999999999995625,0.17669172932330826,0.5233082706767355,0.0,5.0,CANCEL,,,,clear,BTCUSDT|long|L:70121.9@20|SWL:70100.0,"v10_1_strict_cancel,weak_body_ratio,weak_close_strength,body_not_aligned,opposite_wick_high,weak_retest"
2026-03-06 14:40:00,WATCH,SRR-1,long,bearish,lower_edge,L:68600.1@20,SWL:68353.1,68600.1,68318.87000000001,70768.2,281.2299999999959,40.995567061855,0.8215892491965998,7.7093482203179695,0.41757355904876725,0.5048367593712243,0.07758968158000852,0.0,3.0,WATCH,,,,clear,BTCUSDT|long|L:68600.1@20|SWL:68353.1,"v10_1_watch_weak3,weak_close_strength,body_not_aligned,weak_retest"
2026-03-07 11:20:00,WATCH,SRR-1,short,bearish,upper_edge,H:68182.1@20,SWH:68215.6,68182.1,68224.79214285714,67411.0,42.69214285713679,6.261488404894655,0.46444168156026966,18.061871538760254,0.11026033690653551,0.535987748851431,0.4640122511485691,0.0,3.0,WATCH,,,,clear,BTCUSDT|short|H:68182.1@20|SWH:68215.6,"v10_1_watch_weak3,weak_body_ratio,weak_close_strength,opposite_wick_high"
2026-03-08 09:25:00,CANCEL,SRR-1,short,bearish,upper_edge,H:67824.2@20,SWH:67888.0,67824.2,67899.78571428571,66508.0,75.58571428571304,11.144357660792615,0.6413333333333284,17.41334341334366,0.03039832285109388,0.3658280922431479,0.6341719077568521,0.0,3.0,CANCEL,,,,clear,BTCUSDT|short|H:67824.2@20|SWH:67888.0,"v10_1_strict_cancel,weak_body_ratio,weak_close_strength,opposite_wick_high"
2026-03-09 14:35:00,CANCEL,SRR-1,short,bullish,upper_edge,H:69273.9@20,SWH:69278.0,69273.9,69312.015,67301.0,38.11500000000524,5.502072209014541,0.11205350580627789,51.761773579948134,0.42543859649122806,0.2921052631579203,0.28245614035085165,0.0,2.0,CANCEL,,,,clear,BTCUSDT|short|H:69273.9@20|SWH:69278.0,"v10_1_strict_cancel,weak_close_strength,body_not_aligned"
2026-03-10 08:20:00,WATCH,SRR-1,short,bullish,upper_edge,H:70900.0@20,SWH:70933.0,70900.0,70951.97857142857,69338.5,51.9785714285681,7.331251259318491,0.2738803161460133,30.04122577985626,0.22360515021461724,0.48497854077253216,0.5150214592274678,0.0,3.0,WATCH,,,,clear,BTCUSDT|short|H:70900.0@20|SWH:70933.0,"v10_1_watch_weak3,weak_body_ratio,weak_close_strength,opposite_wick_high"
2026-03-10 08:25:00,WATCH,SRR-1,short,bullish,upper_edge,H:70900.0@20,SWH:70951.9,70900.0,70970.02571428572,69338.5,70.02571428571537,9.876687487406963,0.38633354350568416,22.29895140560576,0.1439645625692207,0.5858250276854566,0.2702104097453226,0.0,3.0,WATCH,,,,clear,BTCUSDT|short|H:70900.0@20|SWH:70951.9,"v10_1_watch_weak3,weak_body_ratio,weak_close_strength,body_not_aligned"
2026-03-10 08:35:00,CANCEL,SRR-1,short,bullish,upper_edge,H:70951.9@20,SWH:70988.0,70951.9,71004.70714285714,69338.5,52.807142857142026,7.4426678999635,0.31607524583154695,30.55268497227144,0.5689364096791949,0.43106359032080516,0.0,0.0,2.0,CANCEL,,,,clear,BTCUSDT|short|H:70951.9@20|SWH:70988.0,"v10_1_strict_cancel,weak_close_strength,body_not_aligned"
2026-03-10 08:40:00,WATCH,SRR-1,short,bullish,upper_edge,H:70951.9@20,SWH:70993.0,70951.9,71009.92357142858,69338.5,58.02357142858091,8.177874225860183,0.342856539906357,27.80594093532952,0.009727626459144153,0.5389105058366238,0.4610894941633762,0.0,3.0,WATCH,,,,clear,BTCUSDT|short|H:70951.9@20|SWH:70993.0,"v10_1_watch_weak3,weak_body_ratio,weak_close_strength,opposite_wick_high"
2026-03-10 21:40:00,CANCEL,SRR-1,long,bullish,lower_edge,L:69688.0@20,SWL:69680.6,69688.0,69667.345,71412.3,20.654999999998836,2.9639249225115996,0.15582798943794063,83.48099733721133,0.6802949061662331,0.21179624664878793,0.10790884718497895,0.0,2.0,CANCEL,,,,clear,BTCUSDT|long|L:69688.0@20|SWL:69680.6,"v10_1_strict_cancel,weak_close_strength,body_not_aligned"
2026-03-11 03:55:00,CANCEL,SRR-1,long,bearish,lower_edge,L:69462.3@20,SWL:69455.6,69462.3,69444.77071428573,70139.6,17.52928571427765,2.5235682829790616,0.16186926983700844,38.638197302491356,0.02634351949420604,0.13698630136987142,0.8366701791359226,0.0,4.0,CANCEL,,,,clear,BTCUSDT|long|L:69462.3@20|SWL:69455.6,"v10_1_strict_cancel,weak_body_ratio,weak_close_strength,body_not_aligned,opposite_wick_high"
2026-03-11 23:55:00,CANCEL,SRR-1,long,bullish,lower_edge,L:70164.4@20,SWL:70078.6,70164.4,70065.27571428572,70931.9,99.12428571427881,14.127432959489258,0.7439369572209277,7.7428048481709455,0.2345337026778213,0.17266851338870348,0.5927977839334752,0.0,5.0,CANCEL,,,,clear,BTCUSDT|long|L:70164.4@20|SWL:70078.6,"v10_1_strict_cancel,weak_body_ratio,weak_close_strength,body_not_aligned,opposite_wick_high,weak_retest"
2026-03-12 01:25:00,WATCH,SRR-1,long,bullish,lower_edge,L:69823.7@20,SWL:69823.1,69823.7,69809.65642857144,70931.9,14.043571428555879,2.0112900674922525,0.10446309972891091,78.91155078590681,0.29893617021267305,0.5297872340425841,0.17127659574474277,0.0,3.0,WATCH,,,,clear,BTCUSDT|long|L:69823.7@20|SWL:69823.1,"v10_1_watch_weak3,weak_body_ratio,weak_close_strength,body_not_aligned"
2026-03-12 01:55:00,WATCH,SRR-1,long,bullish,lower_edge,L:69749.8@20,SWL:69706.1,69749.8,69692.77785714286,70931.9,57.02214285713853,8.175241055478084,0.4280253069540236,20.73054327266492,0.26879084967316785,0.5163398692810466,0.21486928104578562,0.0,3.0,WATCH,,,,clear,BTCUSDT|long|L:69749.8@20|SWL:69706.1,"v10_1_watch_weak3,weak_body_ratio,weak_close_strength,body_not_aligned"
2026-03-12 09:55:00,CANCEL,SRR-1,short,bearish,upper_edge,H:70307.2@20,SWH:70377.7,70307.2,70394.56214285715,69150.0,87.36214285714959,12.425774722524805,0.5180963273605629,13.246012084344077,0.46233382570147274,0.38995568685391235,0.14771048744461493,0.0,2.0,CANCEL,,,,clear,BTCUSDT|short|H:70307.2@20|SWH:70377.7,"v10_1_strict_cancel,weak_close_strength,body_not_aligned"
2026-03-12 10:55:00,CANCEL,SRR-1,short,bearish,upper_edge,H:70420.0@20,SWH:70477.0,70420.0,70493.17071428572,69320.0,73.17071428571944,10.390615490729825,0.4524890675383519,15.033336912698205,0.12053802379721966,0.2074495602689636,0.6720124159338168,0.0,4.0,CANCEL,,,,clear,BTCUSDT|short|H:70420.0@20|SWH:70477.0,"v10_1_strict_cancel,weak_body_ratio,weak_close_strength,body_not_aligned,opposite_wick_high"
2026-03-12 11:20:00,CANCEL,SRR-1,short,bearish,upper_edge,H:70497.5@20,SWH:70499.9,70497.5,70513.31642857142,69354.2,15.8164285714156,2.243544603910153,0.11788851621137278,72.28559815749071,0.6786469344608338,0.22551092318535104,0.09584214235381522,0.0,2.0,CANCEL,,,,clear,BTCUSDT|short|H:70497.5@20|SWH:70499.9,"v10_1_strict_cancel,weak_close_strength,body_not_aligned"
2026-03-12 11:25:00,WATCH,SRR-1,short,bearish,upper_edge,H:70497.5@20,SWH:70600.0,70497.5,70613.65928571428,69354.2,116.1592857142823,16.477078721129445,0.8504052711394522,9.842519200851362,0.11587078651685867,0.8110955056180107,0.07303370786513065,0.0,3.0,WATCH,,,,clear,BTCUSDT|short|H:70497.5@20|SWH:70600.0,"v10_1_watch_weak3,weak_body_ratio,body_not_aligned,weak_retest"
2026-03-12 11:40:00,CANCEL,SRR-1,short,bearish,upper_edge,H:70600.0@20,SWH:70641.0,70600.0,70655.56,69354.2,55.55999999999767,7.869688385268792,0.3815934065933944,22.422606191505672,0.6626959247649633,0.2752351097178318,0.06206896551720489,0.0,3.0,CANCEL,,,,clear,BTCUSDT|short|H:70600.0@20|SWH:70641.0,"v10_1_strict_cancel,weak_close_strength,body_not_aligned,weak_retest"
2026-03-12 14:50:00,CANCEL,SRR-1,long,bullish,lower_edge,L:69333.0@20,SWL:69319.1,69333.0,69286.83357142858,70756.5,46.16642857142142,6.658651518241157,0.1430788302747003,30.834094038653763,0.29445234708392726,0.24917022285441956,0.4563774300616532,0.0,4.0,CANCEL,,,,clear,BTCUSDT|long|L:69333.0@20|SWL:69319.1,"v10_1_strict_cancel,weak_body_ratio,weak_close_strength,body_not_aligned,opposite_wick_high"
2026-03-13 10:05:00,CANCEL,SRR-1,short,bullish,upper_edge,H:72156.4@20,SWH:72239.2,72156.4,72253.83714285714,71150.0,97.43714285714668,13.503603679943385,0.6656841694319863,10.328710084156354,0.6156533892383418,0.36023759608662587,0.024109014675032316,0.0,2.0,CANCEL,,,,clear,BTCUSDT|short|H:72156.4@20|SWH:72239.2,"v10_1_strict_cancel,weak_close_strength,body_not_aligned"
2026-03-13 12:40:00,CANCEL,SRR-1,short,bullish,upper_edge,H:72547.0@20,SWH:72599.9,72547.0,72611.8407142857,71347.1,64.84071428570314,8.937752668711752,0.54302207333843,18.50534827104091,0.18069815195076225,0.06468172484601997,0.7546201232032178,0.0,4.0,CANCEL,,,,clear,BTCUSDT|short|H:72547.0@20|SWH:72599.9,"v10_1_strict_cancel,weak_body_ratio,weak_close_strength,body_not_aligned,opposite_wick_high"
2026-03-13 13:40:00,WATCH,SRR-1,short,bullish,upper_edge,H:73269.1@20,SWH:73299.0,73269.1,73325.09357142857,71537.7,55.99357142856752,7.642180868683731,0.21458761052255454,30.9214067941496,0.29175540006081774,0.3182233039245577,0.6817766960754423,0.0,3.0,WATCH,,,,clear,BTCUSDT|short|H:73269.1@20|SWH:73299.0,"v10_1_watch_weak3,weak_body_ratio,weak_close_strength,opposite_wick_high"
2026-03-13 13:50:00,WATCH,SRR-1,short,bullish,upper_edge,H:73299.0@20,SWH:73408.0,73299.0,73435.40071428572,71549.9,136.40071428571537,18.608809708961292,0.4977998488047789,12.823246631511088,0.20148883374692714,0.6138957816377026,0.18461538461537016,0.0,3.0,WATCH,,,,clear,BTCUSDT|short|H:73299.0@20|SWH:73408.0,"v10_1_watch_weak3,weak_body_ratio,body_not_aligned,weak_retest"
2026-03-13 17:50:00,CANCEL,SRR-1,long,bullish,lower_edge,L:71011.6@20,SWL:71001.8,71011.6,70979.81714285715,73870.0,31.782857142854482,4.475727506893871,0.14458019235767097,89.9352750809135,0.4715346534653699,0.20833333333333834,0.3201320132012918,0.0,2.0,CANCEL,,,,clear,BTCUSDT|long|L:71011.6@20|SWL:71001.8,"v10_1_strict_cancel,weak_close_strength,body_not_aligned"
2026-03-13 22:40:00,WATCH,SRR-1,long,bearish,lower_edge,L:70568.0@20,SWL:70510.8,70568.0,70494.63571428572,71658.4,73.36428571428405,10.39625406902336,0.4538665488289748,14.862817641904648,0.018518518518587136,0.5216049382715727,0.45987654320984017,0.0,4.0,WATCH,,,,active,BTCUSDT|long|L:70568.0@20|SWL:70510.8,"v10_1_watch_weak3,weak_body_ratio,weak_close_strength,body_not_aligned,opposite_wick_high"
2026-03-14 03:25:00,CANCEL,SRR-1,short,bearish,upper_edge,H:70982.9@20,SWH:71099.0,70982.9,71107.69428571429,70436.2,124.79428571429162,17.580894231468655,1.435359842260998,4.380809560877099,0.2638036809815622,0.0,0.7361963190184377,0.0,5.0,CANCEL,,,,clear,BTCUSDT|short|H:70982.9@20|SWH:71099.0,"v10_1_strict_cancel,weak_body_ratio,weak_close_strength,body_not_aligned,opposite_wick_high,weak_retest"
2026-03-14 04:35:00,CANCEL,SRR-1,short,bearish,upper_edge,H:71177.0@20,SWH:71179.4,71177.0,71187.13714285714,70436.2,10.137142857143772,1.4242160890658178,0.13101920236337997,73.07779030439053,0.1500503524673764,0.12688821752258556,0.723061430010038,0.0,4.0,CANCEL,,,,clear,BTCUSDT|short|H:71177.0@20|SWH:71179.4,"v10_1_strict_cancel,weak_body_ratio,weak_close_strength,body_not_aligned,opposite_wick_high"
2026-03-14 11:50:00,CANCEL,SRR-1,short,bearish,upper_edge,H:70707.0@20,SWH:70721.0,70707.0,70726.26,70350.0,19.25999999999476,2.7239170096305543,0.3661596958173938,18.53582554517638,0.5896487985210859,0.40850277264331686,0.0018484288355972275,0.0,2.0,CANCEL,,,,clear,BTCUSDT|short|H:70707.0@20|SWH:70721.0,"v10_1_strict_cancel,weak_close_strength,body_not_aligned"
2026-03-14 12:05:00,WATCH,SRR-1,short,bearish,upper_edge,H:70745.1@20,SWH:70800.0,70745.1,70805.80357142857,70350.0,60.70357142855937,8.580604370982494,1.0459692307690043,6.508678002001742,0.33333333333328674,0.5792507204610907,0.0874159462056226,0.0,3.0,WATCH,,,,clear,BTCUSDT|short|H:70745.1@20|SWH:70800.0,"v10_1_watch_weak3,weak_close_strength,body_not_aligned,weak_retest"
2026-03-14 23:35:00,CANCEL,SRR-1,short,bearish,upper_edge,H:71071.9@20,SWH:71096.6,71071.9,71105.32571428572,70552.6,33.4257142857241,4.703084381552217,0.38307138179447864,15.535943243007315,0.6249999999999668,0.3312043795620528,0.04379562043798043,0.0,2.0,CANCEL,,,,clear,BTCUSDT|short|H:71071.9@20|SWH:71096.6,"v10_1_strict_cancel,weak_close_strength,body_not_aligned"
2026-03-14 23:50:00,WATCH,SRR-1,short,bearish,upper_edge,H:71177.7@20,SWH:71194.1,71177.7,71203.82285714286,70552.6,26.12285714286554,3.6700900904167377,0.2686746987952648,23.929235480687588,0.0957120980091841,0.5130168453292268,0.48698315467077324,0.0,3.0,WATCH,,,,clear,BTCUSDT|short|H:71177.7@20|SWH:71194.1,"v10_1_watch_weak3,weak_body_ratio,weak_close_strength,opposite_wick_high"
2026-03-14 23:55:00,CANCEL,SRR-1,short,bearish,upper_edge,H:71177.7@20,SWH:71194.1,71177.7,71204.34142857144,70552.6,26.641428571441793,3.742945974854736,0.2601339098899319,23.463456485590473,0.3572679509631296,0.0008756567426079099,0.6418563922942625,0.0,4.0,CANCEL,,,,clear,BTCUSDT|short|H:71177.7@20|SWH:71194.1,"v10_1_strict_cancel,weak_close_strength,body_not_aligned,opposite_wick_high,weak_retest"
2026-03-15 22:05:00,CANCEL,SRR-1,short,bullish,upper_edge,H:72200.0@20,SWH:72280.0,72200.0,72293.51928571428,71275.0,93.51928571428289,12.95280965571785,0.6917472393934393,9.89100796627158,0.36815764779480187,0.27431967469502,0.35752267751017813,0.0,3.0,CANCEL,,,,clear,BTCUSDT|short|H:72200.0@20|SWH:72280.0,"v10_1_strict_cancel,weak_close_strength,body_not_aligned,weak_retest"
2026-03-15 22:50:00,CANCEL,SRR-1,short,bullish,upper_edge,H:72470.0@20,SWH:72509.4,72470.0,72529.25142857143,71275.0,59.25142857142782,8.175994007372406,0.2984743811168647,20.168290095477158,0.6986817325800156,0.30131826741998435,0.0,0.0,3.0,CANCEL,,,,clear,BTCUSDT|short|H:72470.0@20|SWH:72509.4,"v10_1_strict_cancel,weak_close_strength,body_not_aligned,weak_retest"
2026-03-16 23:55:00,CANCEL,SRR-1,short,bullish,upper_edge,H:74875.0@20,SWH:74880.0,74875.0,74896.54071428571,73715.0,21.540714285714785,2.8768900548533938,0.1302284406443016,53.85151042875493,0.15811301192326915,0.37325038880247147,0.6267496111975286,0.0,3.0,CANCEL,,,,clear,BTCUSDT|short|H:74875.0@20|SWH:74880.0,"v10_1_strict_cancel,weak_body_ratio,weak_close_strength,opposite_wick_high"
2026-03-17 05:50:00,CANCEL,SRR-1,long,bullish,lower_edge,L:73823.2@20,SWL:73723.4,73823.2,73705.89571428571,75998.9,117.30428571428638,15.889894466006131,0.6701460866726537,18.547489435290263,0.19813084112149532,0.4198130841121604,0.38205607476634423,0.0,4.0,CANCEL,,,,clear,BTCUSDT|long|L:73823.2@20|SWL:73723.4,"v10_1_strict_cancel,weak_body_ratio,weak_close_strength,body_not_aligned,weak_retest"
2026-03-17 13:55:00,WATCH,SRR-1,long,bearish,lower_edge,L:73512.0@20,SWL:73330.3,73512.0,73309.94285714286,74385.0,202.05714285714203,27.486280179717873,0.9925614035087781,4.320559954751149,0.5100671140939902,0.45383013191389776,0.03610275399211198,0.0,3.0,WATCH,,,,clear,BTCUSDT|long|L:73512.0@20|SWL:73330.3,"v10_1_watch_weak3,weak_close_strength,body_not_aligned,weak_retest"
2026-03-17 14:55:00,CANCEL,SRR-1,short,bearish,upper_edge,H:74260.1@20,SWH:74388.0,74260.1,74411.26928571428,73330.3,151.16928571427707,20.35673069579452,0.649651594683329,6.150720337181488,0.27996298010179715,0.07959278111983631,0.6404442387783665,0.0,5.0,CANCEL,,,,clear,BTCUSDT|short|H:74260.1@20|SWH:74388.0,"v10_1_strict_cancel,weak_body_ratio,weak_close_strength,body_not_aligned,opposite_wick_high,weak_retest"
2026-03-17 23:55:00,CANCEL,SRR-1,long,bullish,lower_edge,L:73888.0@20,SWL:73866.0,73888.0,73854.09785714286,74777.0,33.90214285714319,4.588315133329254,0.28484066494628796,26.22253123485637,0.4845901639344835,0.39475409836063663,0.12065573770487986,0.0,2.0,CANCEL,,,,clear,BTCUSDT|long|L:73888.0@20|SWL:73866.0,"v10_1_strict_cancel,weak_close_strength,body_not_aligned"
2026-03-18 00:05:00,WATCH,SRR-1,long,bullish,lower_edge,L:73829.5@20,SWL:73763.0,73829.5,73749.83642857143,74777.0,79.66357142856577,10.79020871447941,0.6051820500297985,11.893767540281848,0.032481593763534815,0.5058466868774615,0.4941533131225385,0.0,3.0,WATCH,,,,clear,BTCUSDT|long|L:73829.5@20|SWL:73763.0,"v10_1_watch_weak3,weak_body_ratio,weak_close_strength,opposite_wick_high"
2026-03-18 00:20:00,CANCEL,SRR-1,long,bullish,lower_edge,L:73763.0@20,SWL:73750.0,73763.0,73736.22,74777.0,26.779999999998836,3.630546479942361,0.19433962264149837,37.86407766990456,0.46589902568642927,0.43534100974314277,0.09875996457042792,0.0,2.0,CANCEL,,,,clear,BTCUSDT|long|L:73763.0@20|SWL:73750.0,"v10_1_strict_cancel,weak_close_strength,body_not_aligned"
2026-03-18 12:10:00,CANCEL,SRR-1,long,bearish,lower_edge,L:72731.6@20,SWL:72660.1,72731.6,72636.36571428573,74246.2,95.2342857142794,13.09393519656922,0.40125195618150494,15.903936157447262,0.616198616198659,0.33496133496129155,0.048840048840049416,0.0,3.0,CANCEL,,,,clear,BTCUSDT|long|L:72731.6@20|SWL:72660.1,"v10_1_strict_cancel,weak_close_strength,body_not_aligned,weak_retest"
2026-03-18 14:05:00,CANCEL,SRR-1,long,bearish,lower_edge,L:71938.6@20,SWL:71883.2,71938.6,71862.88357142857,74246.2,75.71642857143888,10.525146245748301,0.37268572232189084,30.476873296034526,0.3727886780314922,0.33901576069477574,0.2881955612737321,0.0,2.0,CANCEL,,,,clear,BTCUSDT|long|L:71938.6@20|SWL:71883.2,"v10_1_strict_cancel,weak_close_strength,body_not_aligned"
2026-03-18 14:40:00,CANCEL,SRR-1,long,bearish,lower_edge,L:71550.0@20,SWL:71518.5,71550.0,71494.33785714286,74246.2,55.66214285713795,7.779474892681754,0.23036923167881732,48.4386669575414,0.35874834728960253,0.0004407227853295347,0.6408109299250679,0.0,3.0,CANCEL,,,,clear,BTCUSDT|long|L:71550.0@20|SWL:71518.5,"v10_1_strict_cancel,weak_close_strength,body_not_aligned,opposite_wick_high"
2026-03-18 15:10:00,CANCEL,SRR-1,long,bearish,lower_edge,L:70975.1@20,SWL:70821.2,70975.1,70793.11571428571,74220.0,181.98428571429395,25.6405817976014,0.6479932855181145,17.830660418088634,0.1317411402157097,0.4322033898305118,0.5677966101694882,0.0,3.0,CANCEL,,,,clear,BTCUSDT|long|L:70975.1@20|SWL:70821.2,"v10_1_strict_cancel,weak_body_ratio,weak_close_strength,opposite_wick_high"
2026-03-19 04:40:00,CANCEL,SRR-1,long,bearish,lower_edge,L:70625.9@20,SWL:70619.3,70625.9,70606.58571428571,71598.3,19.31428571428114,2.7347312691634573,0.1519101123595146,50.34615384616622,0.1775818639799352,0.29219143576824674,0.5302267002518181,0.0,4.0,CANCEL,,,,clear,BTCUSDT|long|L:70625.9@20|SWL:70619.3,"v10_1_strict_cancel,weak_body_ratio,weak_close_strength,body_not_aligned,opposite_wick_high"
2026-03-19 05:35:00,WATCH,SRR-1,long,bearish,lower_edge,L:70619.3@20,SWL:70608.1,70619.3,70598.06357142857,71598.3,21.236428571428405,3.007170641939017,0.21159348089103944,46.10003027143422,0.0738688827331566,0.5364727608494692,0.4635272391505308,0.0,3.0,WATCH,,,,clear,BTCUSDT|long|L:70619.3@20|SWL:70608.1,"v10_1_watch_weak3,weak_body_ratio,weak_close_strength,opposite_wick_high"
2026-03-19 12:35:00,WATCH,SRR-1,long,bearish,lower_edge,L:69523.9@20,SWL:69512.1,69523.9,69500.3742857143,70535.0,23.525714285700815,3.383831212820457,0.2006335282649934,42.97850376490219,0.2711864406779243,0.5205811138015078,0.20823244552056788,0.0,3.0,WATCH,,,,clear,BTCUSDT|long|L:69523.9@20|SWL:69512.1,"v10_1_watch_weak3,weak_body_ratio,weak_close_strength,body_not_aligned"
2026-03-19 19:20:00,CANCEL,SRR-1,short,bearish,upper_edge,H:70517.3@20,SWH:70528.8,70517.3,70547.46214285714,68750.0,30.16214285713795,4.277268536534716,0.16162207677878418,58.593317072025165,0.583566760037343,0.07749766573298632,0.3389355742296707,0.0,3.0,CANCEL,,,,clear,BTCUSDT|short|H:70517.3@20|SWH:70528.8,"v10_1_strict_cancel,weak_close_strength,body_not_aligned,weak_retest"
2026-03-19 19:25:00,CANCEL,SRR-1,short,bearish,upper_edge,H:70517.3@20,SWH:70563.5,70517.3,70582.20642857143,68750.0,64.90642857142666,9.204326962522197,0.34697392034822644,27.228427736632703,0.10858895705519687,0.4742331288343737,0.5257668711656264,0.0,3.0,CANCEL,,,,clear,BTCUSDT|short|H:70517.3@20|SWH:70563.5,"v10_1_strict_cancel,weak_body_ratio,weak_close_strength,opposite_wick_high"
2026-03-20 14:10:00,CANCEL,SRR-1,long,bearish,lower_edge,L:69755.0@20,SWL:69645.0,69755.0,69617.85642857142,71001.0,137.14357142857625,19.6607514054299,0.5052524933554569,9.085369347034332,0.04960460100642884,0.4478792235801838,0.5025161754133874,0.0,4.0,CANCEL,,,,clear,BTCUSDT|long|L:69755.0@20|SWL:69645.0,"v10_1_strict_cancel,weak_body_ratio,weak_close_strength,body_not_aligned,opposite_wick_high"
2026-03-20 14:20:00,CANCEL,SRR-1,long,bearish,lower_edge,L:69645.0@20,SWL:69600.0,69645.0,69570.25857142857,70824.8,74.74142857143306,10.731772355723033,0.2513040972189015,15.785087635466128,0.34502923976608185,0.36179337231969944,0.29317738791421866,0.0,2.0,CANCEL,,,,clear,BTCUSDT|long|L:69645.0@20|SWL:69600.0,"v10_1_strict_cancel,weak_close_strength,body_not_aligned"
2026-03-20 20:10:00,CANCEL,SRR-1,short,bearish,upper_edge,H:70161.0@20,SWH:70177.1,70161.0,70193.7342857143,69350.0,32.73428571429395,4.665595660594055,0.1967880453452902,24.775246574140578,0.5126050420168067,0.22605042016801832,0.26134453781517497,0.0,3.0,CANCEL,,,,clear,BTCUSDT|short|H:70161.0@20|SWH:70177.1,"v10_1_strict_cancel,weak_close_strength,body_not_aligned,weak_retest"
2026-03-21 08:40:00,CANCEL,SRR-1,long,bullish,lower_edge,L:70471.0@20,SWL:70455.6,70471.0,70448.18571428572,70849.2,22.81428571428114,3.2374005923402733,0.3077071290943636,16.57733249843776,0.16778523489931246,0.2986577181205809,0.7013422818794192,0.0,3.0,CANCEL,,,,clear,BTCUSDT|long|L:70471.0@20|SWL:70455.6,"v10_1_strict_cancel,weak_body_ratio,weak_close_strength,opposite_wick_high"
2026-03-21 17:10:00,CANCEL,SRR-1,long,bullish,lower_edge,L:70214.8@20,SWL:70163.0,70214.8,70153.46642857142,71077.7,61.33357142857858,8.735134391692148,0.6433430733498928,14.068967123573096,0.6372881355932368,0.3305084745762712,0.032203389830492035,0.0,3.0,CANCEL,,,,clear,BTCUSDT|long|L:70214.8@20|SWL:70163.0,"v10_1_strict_cancel,weak_close_strength,body_not_aligned,weak_retest"
2026-03-21 22:40:00,CANCEL,SRR-1,long,bearish,lower_edge,L:70231.7@20,SWL:70226.7,70231.7,70221.44571428571,70504.7,10.25428571428347,1.4600651435581753,0.1951604132680362,26.623014767350494,0.16250000000006062,0.0,0.8374999999999394,0.0,4.0,CANCEL,,,,clear,BTCUSDT|long|L:70231.7@20|SWL:70226.7,"v10_1_strict_cancel,weak_body_ratio,weak_close_strength,body_not_aligned,opposite_wick_high"
2026-03-21 23:35:00,WATCH,SRR-1,long,bearish,lower_edge,L:70080.0@20,SWL:70070.0,70080.0,70063.91928571429,70504.7,16.080714285708382,2.2946224722757393,0.2644543639139068,26.410518367175154,0.2978723404255319,0.5219858156028782,0.47801418439712184,0.0,3.0,WATCH,,,,clear,BTCUSDT|long|L:70080.0@20|SWL:70070.0,"v10_1_watch_weak3,weak_body_ratio,weak_close_strength,opposite_wick_high"
2026-03-22 11:50:00,CANCEL,SRR-1,long,bearish,lower_edge,L:68240.1@20,SWL:68229.5,68240.1,68219.06714285714,69219.4,21.032857142869034,3.0821843963987496,0.20160208133655225,46.56048359706611,0.6166341780376723,0.263807667316487,0.11955815464584064,0.0,2.0,CANCEL,,,,clear,BTCUSDT|long|L:68240.1@20|SWL:68229.5,"v10_1_strict_cancel,weak_close_strength,body_not_aligned"
2026-03-23 06:50:00,CANCEL,SRR-1,long,bearish,lower_edge,L:67661.0@20,SWL:67653.1,67661.0,67634.2492857143,68872.4,26.750714285706636,3.953638622796978,0.14190822628922672,45.28477210222629,0.061446234544752856,0.4398651180217188,0.49868864743352836,0.0,4.0,CANCEL,,,,clear,BTCUSDT|long|L:67661.0@20|SWL:67653.1,"v10_1_strict_cancel,weak_body_ratio,weak_close_strength,body_not_aligned,opposite_wick_high"
2026-03-24 05:20:00,WATCH,SRR-1,long,bullish,lower_edge,L:70121.0@20,SWL:70118.5,70121.0,70107.16,70845.7,13.839999999996508,1.9737311219173297,0.12204585537915746,52.36271676301878,0.25193423597681375,0.3462282398452844,0.6537717601547156,0.0,3.0,WATCH,,,,clear,BTCUSDT|long|L:70121.0@20|SWL:70118.5,"v10_1_watch_weak3,weak_body_ratio,weak_close_strength,opposite_wick_high"
2026-03-24 07:20:00,CANCEL,SRR-1,short,bullish,upper_edge,H:70885.1@20,SWH:70941.6,70885.1,70952.53642857143,70075.5,67.4364285714255,9.513484296618822,0.6166220364443676,12.005380728941118,0.4114954221769674,0.33519837232963773,0.2533062054933949,0.0,3.0,CANCEL,,,,clear,BTCUSDT|short|H:70885.1@20|SWH:70941.6,"v10_1_strict_cancel,weak_close_strength,body_not_aligned,weak_retest"
2026-03-24 07:55:00,CANCEL,SRR-1,short,bullish,upper_edge,H:71000.0@20,SWH:71052.0,71000.0,71064.58785714286,70075.5,64.58785714286205,9.096881287727049,0.5130965215911407,14.313836081526842,0.3873015873015873,0.376507936507955,0.23619047619045772,0.0,3.0,CANCEL,,,,clear,BTCUSDT|short|H:71000.0@20|SWH:71052.0,"v10_1_strict_cancel,weak_close_strength,body_not_aligned,weak_retest"
2026-03-24 13:50:00,CANCEL,SRR-1,long,bullish,lower_edge,L:70192.4@20,SWL:70168.0,70192.4,70149.36714285714,71339.8,43.03285714285448,6.130700352581545,0.23095146822048918,26.66334694419732,0.3013190436933391,0.17930750206100146,0.5193734542456594,0.0,3.0,CANCEL,,,,clear,BTCUSDT|long|L:70192.4@20|SWL:70168.0,"v10_1_strict_cancel,weak_close_strength,body_not_aligned,opposite_wick_high"
2026-03-24 17:35:00,CANCEL,SRR-1,long,bearish,lower_edge,L:69074.0@20,SWL:69025.0,69074.0,69006.24857142857,71050.3,67.75142857142782,9.80852832779741,0.3613134237391421,29.16986463121531,0.28120063191151035,0.3738809899947455,0.3449183780937441,0.0,3.0,CANCEL,,,,clear,BTCUSDT|long|L:69074.0@20|SWL:69025.0,"v10_1_strict_cancel,weak_body_ratio,weak_close_strength,body_not_aligned"
2026-03-24 17:55:00,CANCEL,SRR-1,long,bearish,lower_edge,L:68888.8@20,SWL:68884.5,68888.8,68866.86071428572,71029.2,21.93928571428114,3.1847391323816265,0.12437740433283644,97.56014976397906,0.02865853658534811,0.3762195121951042,0.5951219512195477,0.0,4.0,CANCEL,,,,clear,BTCUSDT|long|L:68888.8@20|SWL:68884.5,"v10_1_strict_cancel,weak_body_ratio,weak_close_strength,body_not_aligned,opposite_wick_high"
2026-03-25 00:35:00,CANCEL,SRR-1,short,bearish,upper_edge,H:70800.0@20,SWH:70829.9,70800.0,70843.39499999999,69226.0,43.39499999998952,6.129237288134114,0.32156354205253646,36.27145984561309,0.3415173091087891,0.14927571814385,0.5092069727473609,0.0,3.0,CANCEL,,,,clear,BTCUSDT|short|H:70800.0@20|SWH:70829.9,"v10_1_strict_cancel,weak_close_strength,body_not_aligned,opposite_wick_high"
2026-03-25 11:35:00,CANCEL,SRR-1,short,bullish,upper_edge,H:71935.9@20,SWH:71949.9,71935.9,71961.50785714285,70752.5,25.60785714285157,3.5598160505188057,0.2206079625868709,46.21237901314753,0.39741935483874724,0.3574193548386721,0.24516129032258063,0.0,2.0,CANCEL,,,,clear,BTCUSDT|short|H:71935.9@20|SWH:71949.9,"v10_1_strict_cancel,weak_close_strength,body_not_aligned"
2026-03-26 18:05:00,CANCEL,SRR-1,long,bearish,lower_edge,L:68325.2@20,SWL:68323.3,68325.2,68308.13214285714,69872.2,17.067857142857974,2.498032518435069,0.11252648928656071,90.63820883029481,0.2612403100774968,0.25387596899224807,0.4848837209302551,0.0,4.0,CANCEL,,,,clear,BTCUSDT|long|L:68325.2@20|SWL:68323.3,"v10_1_strict_cancel,weak_body_ratio,weak_close_strength,body_not_aligned,opposite_wick_high"
2026-03-26 18:25:00,WATCH,SRR-1,long,bearish,lower_edge,L:68236.5@20,SWL:68158.0,68236.5,68139.9857142857,69872.2,96.51428571429278,14.14408501524738,0.535765265662206,16.947750148015306,0.009676062263369535,0.5549011358855523,0.4354228018510781,0.0,3.0,WATCH,,,,clear,BTCUSDT|long|L:68236.5@20|SWL:68158.0,"v10_1_watch_weak3,weak_body_ratio,weak_close_strength,body_not_aligned"
2026-03-27 08:35:00,CANCEL,SRR-1,long,bearish,lower_edge,L:68181.0@20,SWL:68170.8,68181.0,68158.425,68925.0,22.57499999999709,3.311039732476363,0.1824242424242189,32.95681063123349,0.058163265306092754,0.25,0.6918367346939073,0.0,4.0,CANCEL,,,,clear,BTCUSDT|long|L:68181.0@20|SWL:68170.8,"v10_1_strict_cancel,weak_body_ratio,weak_close_strength,body_not_aligned,opposite_wick_high"
2026-03-27 10:50:00,CANCEL,SRR-1,long,bearish,lower_edge,L:66720.4@20,SWL:66709.3,66720.4,66690.86714285714,68925.0,29.532857142854482,4.426360924523007,0.16021855382467892,74.64905915929681,0.4320175438596789,0.3212719298245238,0.24671052631579735,0.0,2.0,CANCEL,,,,clear,BTCUSDT|long|L:66720.4@20|SWL:66709.3,"v10_1_strict_cancel,weak_close_strength,body_not_aligned"
2026-03-27 11:10:00,CANCEL,SRR-1,long,bearish,lower_edge,L:66257.4@20,SWL:66175.4,66257.4,66151.92357142856,68925.0,105.47642857143364,15.919192206671807,0.4492865183923324,25.29095871115299,0.38579795021972924,0.030014641288371384,0.5841874084918994,0.0,3.0,CANCEL,,,,clear,BTCUSDT|long|L:66257.4@20|SWL:66175.4,"v10_1_strict_cancel,weak_close_strength,body_not_aligned,opposite_wick_high"
2026-03-27 18:25:00,CANCEL,SRR-1,long,bearish,lower_edge,L:65550.0@20,SWL:65501.0,65550.0,65482.84142857143,66693.5,67.1585714285684,10.245396098942548,0.36984501612774495,17.02686605262675,0.5925925925925926,0.20681481481482344,0.20059259259258397,0.0,2.0,CANCEL,,,,clear,BTCUSDT|long|L:65550.0@20|SWL:65501.0,"v10_1_strict_cancel,weak_close_strength,body_not_aligned"
2026-03-29 11:35:00,WATCH,SRR-1,short,bearish,upper_edge,H:66831.9@20,SWH:66832.9,66831.9,66841.92357142856,66375.5,10.023571428566356,1.4998184143449995,0.11108208659853708,45.532672985129,0.24190283400821405,0.5364372469636259,0.46356275303637406,0.0,3.0,WATCH,,,,clear,BTCUSDT|short|H:66831.9@20|SWH:66832.9,"v10_1_watch_weak3,weak_body_ratio,weak_close_strength,opposite_wick_high"
2026-03-29 11:55:00,CANCEL,SRR-1,short,bearish,upper_edge,H:66899.0@20,SWH:66986.8,66899.0,66996.74785714287,66375.5,97.74785714286554,14.611258336128424,0.9826021397286713,5.355616126038108,0.1896067415730027,0.4522471910113255,0.3581460674156718,0.0,3.0,CANCEL,,,,clear,BTCUSDT|short|H:66899.0@20|SWH:66986.8,"v10_1_strict_cancel,weak_body_ratio,weak_close_strength,body_not_aligned"
2026-03-30 18:25:00,CANCEL,SRR-1,long,bullish,lower_edge,L:66617.3@20,SWL:66565.2,66617.3,66549.52928571428,68148.4,67.77071428572526,10.173140353290401,0.43246729568355724,22.592354472534918,0.3829707426856849,0.31807951987997396,0.29894973743434117,0.0,2.0,CANCEL,,,,clear,BTCUSDT|long|L:66617.3@20|SWL:66565.2,"v10_1_strict_cancel,weak_close_strength,body_not_aligned"
2026-03-30 18:40:00,CANCEL,SRR-1,long,bullish,lower_edge,L:66548.0@20,SWL:66544.4,66548.0,66529.85071428571,68008.5,18.149285714287544,2.7272473574393734,0.12474348274339747,80.47148648115999,0.5019485580670305,0.0,0.4980514419329694,0.0,3.0,CANCEL,,,,clear,BTCUSDT|long|L:66548.0@20|SWL:66544.4,"v10_1_strict_cancel,weak_close_strength,body_not_aligned,opposite_wick_high"
2026-03-31 17:25:00,CANCEL,SRR-1,short,bearish,upper_edge,H:68532.7@20,SWH:68600.0,68532.7,68633.25357142858,66374.4,100.55357142857974,14.672349320627927,0.30238427666203954,21.464180429762063,0.2591409300674503,0.33191338303159734,0.40894568690095234,0.0,3.0,CANCEL,,,,clear,BTCUSDT|short|H:68532.7@20|SWH:68600.0,"v10_1_strict_cancel,weak_body_ratio,weak_close_strength,body_not_aligned"
2026-04-01 02:35:00,CANCEL,SRR-1,long,bullish,lower_edge,L:67556.1@20,SWL:67534.9,67556.1,67520.36714285714,68382.9,35.73285714286612,5.2893605674196875,0.24587633932966083,23.13836804860858,0.28835227272720476,0.20028409090916946,0.5113636363636258,0.0,5.0,CANCEL,,,,clear,BTCUSDT|long|L:67556.1@20|SWL:67534.9,"v10_1_strict_cancel,weak_body_ratio,weak_close_strength,body_not_aligned,opposite_wick_high,weak_retest"
2026-04-01 02:40:00,CANCEL,SRR-1,long,bullish,lower_edge,L:67556.1@20,SWL:67534.9,67556.1,67519.86785714285,68382.9,36.23214285715949,5.363267396602155,0.2410311237824834,22.81951700343918,0.13206162876008523,0.19222303741743602,0.8077769625825639,0.0,3.0,CANCEL,,,,clear,BTCUSDT|long|L:67556.1@20|SWL:67534.9,"v10_1_strict_cancel,weak_body_ratio,weak_close_strength,opposite_wick_high"
2026-04-01 05:20:00,CANCEL,SRR-1,short,bullish,upper_edge,H:68450.0@20,SWH:68508.6,68450.0,68521.30857142858,67534.9,71.3085714285844,10.417614525724527,0.5611061151080121,12.832959371742279,0.39694254085397096,0.3526620980495763,0.2503953610964527,0.0,3.0,CANCEL,,,,clear,BTCUSDT|short|H:68450.0@20|SWH:68508.6,"v10_1_strict_cancel,weak_close_strength,body_not_aligned,weak_retest"
2026-04-01 15:55:00,CANCEL,SRR-1,short,bullish,upper_edge,H:68873.1@20,SWH:68938.8,68873.1,68955.41785714286,67883.7,82.31785714285797,11.952105704964342,0.495357833655711,12.019263308603394,0.4971181556196035,0.42651296829973173,0.07636887608066475,0.0,2.0,CANCEL,,,,clear,BTCUSDT|short|H:68873.1@20|SWH:68938.8,"v10_1_strict_cancel,weak_close_strength,body_not_aligned"
2026-04-01 16:40:00,CANCEL,SRR-1,short,bullish,upper_edge,H:68938.8@20,SWH:68960.0,68938.8,68976.26928571428,67883.7,37.46928571427998,5.435152006457899,0.23030688852786452,28.15906361401213,0.5548148148148256,0.37037037037037035,0.07481481481480404,0.0,2.0,CANCEL,,,,clear,BTCUSDT|short|H:68938.8@20|SWH:68960.0,"v10_1_strict_cancel,weak_close_strength,body_not_aligned"
2026-04-02 04:20:00,WATCH,SRR-1,long,bearish,lower_edge,L:66455.9@20,SWL:66428.5,66455.9,66414.24428571429,68639.1,41.65571428570547,6.268173974877397,0.2922036276179334,52.41057649440418,0.07814407814409452,0.5219780219780127,0.4780219780219873,0.0,3.0,WATCH,,,,clear,BTCUSDT|long|L:66455.9@20|SWL:66428.5,"v10_1_watch_weak3,weak_body_ratio,weak_close_strength,opposite_wick_high"
2026-04-02 12:10:00,WATCH,SRR-1,long,bearish,lower_edge,L:66065.1@20,SWL:66001.0,66065.1,65988.745,66898.5,76.35500000001048,11.557539457294467,0.6230518155855724,10.914805841135221,0.16457528957531997,0.5545366795366592,0.2808880308880208,0.0,3.0,WATCH,,,,clear,BTCUSDT|long|L:66065.1@20|SWL:66001.0,"v10_1_watch_weak3,weak_body_ratio,weak_close_strength,body_not_aligned"
2026-04-02 14:55:00,CANCEL,SRR-1,short,bearish,upper_edge,H:67030.0@20,SWH:67080.0,67030.0,67105.10857142857,65676.1,75.10857142857276,11.205217280109318,0.29913518434229047,18.0259053560556,0.530735930735893,0.09567099567102087,0.3735930735930862,0.0,2.0,CANCEL,,,,clear,BTCUSDT|short|H:67030.0@20|SWH:67080.0,"v10_1_strict_cancel,weak_close_strength,body_not_aligned"
2026-04-02 16:40:00,CANCEL,SRR-1,short,bearish,upper_edge,H:67080.0@20,SWH:67168.1,67080.0,67183.23571428572,65676.1,103.23571428572177,15.38993951784761,0.6820670127419088,13.598975991142664,0.4406710310965354,0.3821603927987127,0.1771685761047519,0.0,3.0,CANCEL,,,,clear,BTCUSDT|short|H:67080.0@20|SWH:67168.1,"v10_1_strict_cancel,weak_close_strength,body_not_aligned,weak_retest"
2026-04-04 02:50:00,WATCH,SRR-1,long,bullish,lower_edge,L:66781.6@20,SWL:66778.9,66781.6,66775.33214285714,66946.3,6.267857142869616,0.9385604931402686,0.17567567567602527,26.27692307687032,0.021333333333410944,0.5626666666668219,0.41599999999976717,0.0,3.0,WATCH,,,,clear,BTCUSDT|long|L:66781.6@20|SWL:66778.9,"v10_1_watch_weak3,weak_body_ratio,weak_close_strength,body_not_aligned"
2026-04-04 11:05:00,WATCH,SRR-1,short,bullish,upper_edge,H:67150.3@20,SWH:67223.8,67150.3,67228.98285714287,66871.0,78.68285714286321,11.717424515283358,1.5181367144432938,3.5496931624239614,0.12735849056589607,0.8714622641510165,0.0011792452830874686,0.0,3.0,WATCH,,,,clear,BTCUSDT|short|H:67150.3@20|SWH:67223.8,"v10_1_watch_weak3,weak_body_ratio,body_not_aligned,weak_retest"
2026-04-05 01:05:00,CANCEL,SRR-1,long,bullish,lower_edge,L:67131.1@20,SWL:67123.0,67131.1,67119.55142857143,67452.7,11.548571428575087,1.7203012357275667,0.3348798674400378,27.847600197912243,0.577922077922078,0.12337662337662338,0.2987012987012987,0.0,3.0,CANCEL,,,,clear,BTCUSDT|long|L:67131.1@20|SWL:67123.0,"v10_1_strict_cancel,weak_close_strength,body_not_aligned,weak_retest"
2026-04-05 12:50:00,CANCEL,SRR-1,long,bearish,lower_edge,L:66666.0@20,SWL:66650.0,66666.0,66644.75642857143,67132.8,21.24357142856752,3.186567579960928,0.40513554011708053,21.973706331331304,0.6240601503759399,0.37593984962406013,0.0,0.0,2.0,CANCEL,,,,clear,BTCUSDT|long|L:66666.0@20|SWL:66650.0,"v10_1_strict_cancel,weak_close_strength,body_not_aligned"
2026-04-06 16:05:00,WATCH,SRR-1,short,bullish,upper_edge,H:69931.9@20,SWH:69947.8,69931.9,69962.37642857143,69088.0,30.476428571433644,4.358015236456273,0.20908021757243822,27.69025241989817,0.281934306569275,0.5136861313868606,0.4863138686131394,0.0,3.0,WATCH,,,,clear,BTCUSDT|short|H:69931.9@20|SWH:69947.8,"v10_1_watch_weak3,weak_body_ratio,weak_close_strength,opposite_wick_high"
2026-04-07 08:55:00,CANCEL,SRR-1,short,bearish,upper_edge,H:68955.6@20,SWH:68963.4,68955.6,68972.59857142856,68400.6,16.998571428557625,2.4651473453291137,0.1847957757414243,32.64980250443865,0.5663082437277226,0.338112305854114,0.09557945041816342,0.0,2.0,CANCEL,,,,clear,BTCUSDT|short|H:68955.6@20|SWH:68963.4,"v10_1_strict_cancel,weak_close_strength,body_not_aligned"
2026-04-07 11:05:00,WATCH,SRR-1,long,bearish,lower_edge,L:68151.8@20,SWL:68033.0,68151.8,68017.62142857142,69219.0,134.17857142857974,19.68819186412974,0.8725034835114276,7.953579984029297,0.2153196622437335,0.768395657418528,0.016284680337738493,0.0,3.0,WATCH,,,,clear,BTCUSDT|long|L:68151.8@20|SWL:68033.0,"v10_1_watch_weak3,weak_body_ratio,body_not_aligned,weak_retest"
2026-04-07 14:20:00,CANCEL,SRR-1,long,bearish,lower_edge,L:67780.0@20,SWL:67741.0,67780.0,67724.86,69219.0,55.13999999999942,8.135143110061879,0.3416356877323353,26.097207109176917,0.1620111731843689,0.41573556797021277,0.42225325884541837,0.0,3.0,CANCEL,,,,clear,BTCUSDT|long|L:67780.0@20|SWL:67741.0,"v10_1_strict_cancel,weak_body_ratio,weak_close_strength,body_not_aligned"
2026-04-07 23:10:00,CANCEL,SRR-1,short,bullish,upper_edge,H:71499.9@20,SWH:71700.0,71499.9,71733.99428571429,68315.3,234.09428571429453,32.74050533137733,0.6886283408976561,13.603920276322787,0.2960893854748766,0.14689451199473105,0.5570161025303924,0.0,4.0,CANCEL,,,,clear,BTCUSDT|short|H:71499.9@20|SWH:71700.0,"v10_1_strict_cancel,weak_body_ratio,weak_close_strength,body_not_aligned,opposite_wick_high"
2026-04-08 12:55:00,CANCEL,SRR-1,short,bullish,upper_edge,H:71945.0@20,SWH:71999.9,71945.0,72011.44571428571,71367.0,66.44571428571362,9.23562642097625,0.5755011135857476,8.698830409356813,0.5783308931185698,0.4202049780382199,0.0014641288432103161,0.0,2.0,CANCEL,,,,clear,BTCUSDT|short|H:71945.0@20|SWH:71999.9,"v10_1_strict_cancel,weak_close_strength,body_not_aligned"
2026-04-09 01:25:00,CANCEL,SRR-1,long,bullish,lower_edge,L:70444.4@20,SWL:70428.0,70444.4,70412.93928571428,71726.7,31.46071428571304,4.4660348140821755,0.20889257766183375,40.75876944034681,0.2847623278543055,0.3904931141714434,0.3247445579742511,0.0,3.0,CANCEL,,,,clear,BTCUSDT|long|L:70444.4@20|SWL:70428.0,"v10_1_strict_cancel,weak_body_ratio,weak_close_strength,body_not_aligned"
2026-04-09 08:55:00,CANCEL,SRR-1,short,bearish,upper_edge,H:71311.6@20,SWH:71342.0,71311.6,71351.28642857143,70666.0,39.686428571425495,5.5652135937807445,0.42735943388966574,16.267525782474724,0.06543624161087835,0.06543624161087835,0.9345637583891216,0.0,3.0,CANCEL,,,,clear,BTCUSDT|short|H:71311.6@20|SWH:71342.0,"v10_1_strict_cancel,weak_body_ratio,weak_close_strength,opposite_wick_high"
2026-04-09 09:20:00,WATCH,SRR-1,short,bearish,upper_edge,H:71342.0@20,SWH:71480.0,71342.0,71491.41928571429,70666.0,149.41928571429162,20.944084230087693,1.3084818915368803,4.52418171301258,0.23252200932155787,0.7669601242879407,0.0005178663905013866,0.0,3.0,WATCH,,,,clear,BTCUSDT|short|H:71342.0@20|SWH:71480.0,"v10_1_watch_weak3,weak_body_ratio,body_not_aligned,weak_retest"
2026-04-09 15:25:00,WATCH,SRR-1,short,bearish,upper_edge,H:71449.7@20,SWH:71630.0,71449.7,71649.91142857143,70470.2,200.21142857143423,28.0213112961194,1.0055101162290456,4.892328110283277,0.2945402298850636,0.6910919540229821,0.014367816091954323,0.0,3.0,WATCH,,,,clear,BTCUSDT|short|H:71449.7@20|SWH:71630.0,"v10_1_watch_weak3,weak_body_ratio,body_not_aligned,weak_retest"
2026-04-09 15:55:00,CANCEL,SRR-1,short,bearish,upper_edge,H:72222.0@20,SWH:72320.0,72222.0,72348.91571428571,70470.2,126.91571428571478,17.572999125711664,0.4389160614594161,13.802861291520776,0.7326674500587498,0.07285546415977903,0.19447708578147113,0.0,3.0,CANCEL,,,,clear,BTCUSDT|short|H:72222.0@20|SWH:72320.0,"v10_1_strict_cancel,weak_close_strength,body_not_aligned,weak_retest"
2026-04-09 16:05:00,CANCEL,SRR-1,short,bullish,upper_edge,H:72320.0@20,SWH:72377.4,72320.0,72407.53714285714,70470.2,87.53714285713795,12.104140328697174,0.29046264694727253,21.131601279458103,0.5972531551596053,0.40274684484039475,0.0,0.0,2.0,CANCEL,,,,clear,BTCUSDT|short|H:72320.0@20|SWH:72377.4,"v10_1_strict_cancel,weak_close_strength,body_not_aligned"
2026-04-09 17:25:00,WATCH,SRR-1,short,bullish,upper_edge,H:72500.0@20,SWH:72517.9,72500.0,72538.775,70470.2,38.77499999999418,5.348275862068163,0.18574850299398502,52.34816247582998,0.26473339569695464,0.5224508886810251,0.4775491113189749,0.0,3.0,WATCH,,,,clear,BTCUSDT|short|H:72500.0@20|SWH:72517.9,"v10_1_watch_weak3,weak_body_ratio,weak_close_strength,opposite_wick_high"
2026-04-09 23:25:00,CANCEL,SRR-1,long,bullish,lower_edge,L:71701.3@20,SWL:71539.9,71701.3,71515.85928571428,73128.0,185.44071428572352,25.862950083990597,0.7713610838756073,7.693563980786684,0.27178729689811293,0.1750369276218472,0.5531757754800398,0.0,4.0,CANCEL,,,,clear,BTCUSDT|long|L:71701.3@20|SWL:71539.9,"v10_1_strict_cancel,weak_body_ratio,weak_close_strength,body_not_aligned,opposite_wick_high"
2026-04-10 07:35:00,WATCH,SRR-1,long,bullish,lower_edge,L:71667.0@20,SWL:71666.0,71667.0,71658.20357142857,72243.6,8.796428571426077,1.2274029290225734,0.11282638570771115,65.54933008528113,0.24948875255631908,0.5194274028629999,0.480572597137,0.0,3.0,WATCH,,,,clear,BTCUSDT|long|L:71667.0@20|SWL:71666.0,"v10_1_watch_weak3,weak_body_ratio,weak_close_strength,opposite_wick_high"
2026-04-10 07:40:00,CANCEL,SRR-1,long,bullish,lower_edge,L:71667.0@20,SWL:71666.0,71667.0,71658.09857142858,72243.6,8.901428571422002,1.2420540236680764,0.11265593925141024,64.77611940303353,0.5719237435008954,0.060658578856155575,0.367417677642949,0.0,2.0,CANCEL,,,,clear,BTCUSDT|long|L:71667.0@20|SWL:71666.0,"v10_1_strict_cancel,weak_close_strength,body_not_aligned"
2026-04-10 11:20:00,CANCEL,SRR-1,short,bullish,upper_edge,H:72133.7@20,SWH:72160.9,72133.7,72169.18428571428,71382.1,35.484285714279395,4.919238263707449,0.4283324711156322,21.181206972909038,0.3197278911564241,0.4178814382896252,0.2623906705539507,0.0,2.0,CANCEL,,,,clear,BTCUSDT|short|H:72133.7@20|SWH:72160.9,"v10_1_strict_cancel,weak_close_strength,body_not_aligned"
2026-04-10 12:40:00,WATCH,SRR-1,short,bullish,upper_edge,H:72294.9@20,SWH:72467.3,72294.9,72481.77785714286,71382.1,186.8778571428702,25.849383171270755,1.290783955794657,4.884473815975654,0.2880658436213934,0.2880658436213934,0.7119341563786066,0.0,3.0,WATCH,,,,clear,BTCUSDT|short|H:72294.9@20|SWH:72467.3,"v10_1_watch_weak3,weak_body_ratio,weak_close_strength,opposite_wick_high"
2026-04-10 14:20:00,CANCEL,SRR-1,short,bullish,upper_edge,H:72735.1@20,SWH:72812.9,72735.1,72831.6407142857,71649.8,96.54071428570023,13.272919716299315,0.5151389259442114,11.241889062351378,0.24774774774774774,0.4081081081080688,0.3441441441441835,0.0,4.0,CANCEL,,,,clear,BTCUSDT|short|H:72735.1@20|SWH:72812.9,"v10_1_strict_cancel,weak_body_ratio,weak_close_strength,body_not_aligned,weak_retest"
2026-04-10 14:35:00,CANCEL,SRR-1,short,bullish,upper_edge,H:73050.0@20,SWH:73100.0,73050.0,73122.15714285715,71658.8,72.15714285714785,9.877774518432286,0.32566086395876337,19.280142546029115,0.5757225433526348,0.3895953757225097,0.03468208092485549,0.0,3.0,CANCEL,,,,clear,BTCUSDT|short|H:73050.0@20|SWH:73100.0,"v10_1_strict_cancel,weak_close_strength,body_not_aligned,weak_retest"
2026-04-11 01:25:00,CANCEL,SRR-1,long,bullish,lower_edge,L:72669.1@20,SWL:72615.0,72669.1,72608.6107142857,73450.0,60.4892857142986,8.323934893138706,0.946730016769362,12.909724272300394,0.17590361445790145,0.4554216867468477,0.36867469879525083,0.0,3.0,CANCEL,,,,clear,BTCUSDT|long|L:72669.1@20|SWL:72615.0,"v10_1_strict_cancel,weak_body_ratio,weak_close_strength,body_not_aligned"
2026-04-11 06:10:00,CANCEL,SRR-1,long,bullish,lower_edge,L:72615.0@20,SWL:72566.4,72615.0,72560.52785714285,73066.2,54.472142857150175,7.501500083612225,0.9276365405669427,8.28313292508505,0.3157894736842105,0.3394736842105646,0.34473684210522487,0.0,3.0,CANCEL,,,,clear,BTCUSDT|long|L:72615.0@20|SWL:72566.4,"v10_1_strict_cancel,weak_close_strength,body_not_aligned,weak_retest"
2026-04-11 10:10:00,CANCEL,SRR-1,short,bullish,upper_edge,H:72883.0@20,SWH:72886.0,72883.0,72892.4,72566.4,9.39999999999418,1.289738347762054,0.14687499999990666,33.680851063851264,0.38536585365825266,0.05853658536606662,0.5560975609756807,0.0,3.0,CANCEL,,,,clear,BTCUSDT|short|H:72883.0@20|SWH:72886.0,"v10_1_strict_cancel,weak_close_strength,body_not_aligned,opposite_wick_high"
2026-04-11 12:05:00,CANCEL,SRR-1,short,bullish,upper_edge,H:72886.0@20,SWH:72893.3,72886.0,72896.74857142857,72580.0,10.748571428572177,1.4747100168169713,0.31168185584091956,28.468899521529117,0.34464751958214324,0.3107049608357135,0.34464751958214324,0.0,2.0,CANCEL,,,,clear,BTCUSDT|short|H:72886.0@20|SWH:72893.3,"v10_1_strict_cancel,weak_close_strength,body_not_aligned"
2026-04-11 19:10:00,CANCEL,SRR-1,short,bullish,upper_edge,H:73700.0@20,SWH:73773.4,73700.0,73787.01714285713,72560.4,87.01714285713388,11.80693932932617,0.6390264372638939,13.09627002889556,0.6401703335699135,0.35982966643008646,0.0,0.0,2.0,CANCEL,,,,clear,BTCUSDT|short|H:73700.0@20|SWH:73773.4,"v10_1_strict_cancel,weak_close_strength,body_not_aligned"
2026-04-12 21:05:00,CANCEL,SRR-1,short,bearish,upper_edge,H:71417.9@20,SWH:71423.9,71417.9,71433.19785714285,70777.0,15.2978571428539,2.142020017790204,0.16453099792575668,41.89475650185283,0.502238805970171,0.40149253731334594,0.09626865671648306,0.0,2.0,CANCEL,,,,clear,BTCUSDT|short|H:71417.9@20|SWH:71423.9,"v10_1_strict_cancel,weak_close_strength,body_not_aligned"
2026-04-13 05:35:00,CANCEL,SRR-1,long,bearish,lower_edge,L:70735.8@20,SWL:70722.0,70735.8,70713.98285714285,71245.0,21.81714285715134,3.084314146040808,0.2721311475410873,23.339444735454386,0.6376673040152331,0.3613766730401607,0.0009560229446062639,0.0,2.0,CANCEL,,,,clear,BTCUSDT|long|L:70735.8@20|SWL:70722.0,"v10_1_strict_cancel,weak_close_strength,body_not_aligned"
2026-04-13 08:20:00,CANCEL,SRR-1,long,bearish,lower_edge,L:70627.9@20,SWL:70609.4,70627.9,70600.31571428571,71128.8,27.584285714285215,3.905579199478565,0.303648372385596,18.158889636957504,0.3193675889327603,0.25375494071150845,0.4268774703557312,0.0,2.0,CANCEL,,,,clear,BTCUSDT|long|L:70627.9@20|SWL:70609.4,"v10_1_strict_cancel,weak_close_strength,body_not_aligned"
2026-04-13 13:25:00,CANCEL,SRR-1,short,bearish,upper_edge,H:71188.0@20,SWH:71212.1,71188.0,71223.01285714286,70517.3,35.01285714286496,4.918365053501287,0.32084042413935626,19.155820310901838,0.27282266526756777,0.2738719832109656,0.4533053515214666,0.0,5.0,CANCEL,,,,clear,BTCUSDT|short|H:71188.0@20|SWH:71212.1,"v10_1_strict_cancel,weak_body_ratio,weak_close_strength,body_not_aligned,opposite_wick_high,weak_retest"
2026-04-13 14:35:00,CANCEL,SRR-1,short,bearish,upper_edge,H:71737.5@20,SWH:71766.9,71737.5,71794.42428571428,70643.5,56.92428571428172,7.935080775644778,0.20681476099028087,19.21851080382598,0.6209453197405339,0.15291936978684792,0.22613531047261812,0.0,3.0,CANCEL,,,,clear,BTCUSDT|short|H:71737.5@20|SWH:71766.9,"v10_1_strict_cancel,weak_close_strength,body_not_aligned,weak_retest"
2026-04-13 23:10:00,CANCEL,SRR-1,short,bullish,upper_edge,H:74750.0@20,SWH:74756.8,74750.0,74788.89071428572,72000.0,38.890714285720605,5.202771141902422,0.12118993033144591,70.71096662808556,0.4393747359526881,0.17237008871991302,0.38825517532739884,0.0,2.0,CANCEL,,,,clear,BTCUSDT|short|H:74750.0@20|SWH:74756.8,"v10_1_strict_cancel,weak_close_strength,body_not_aligned"
2026-04-14 11:55:00,CANCEL,SRR-1,long,bullish,lower_edge,L:74277.4@20,SWL:74267.2,74277.4,74259.33714285714,74900.0,18.062857142853318,2.431810637266964,0.22972383720925307,34.46852261943185,0.4557522123893805,0.43805309734513276,0.10619469026548672,0.0,2.0,CANCEL,,,,clear,BTCUSDT|long|L:74277.4@20|SWL:74267.2,"v10_1_strict_cancel,weak_close_strength,body_not_aligned"
2026-04-14 12:25:00,CANCEL,SRR-1,long,bullish,lower_edge,L:74254.7@20,SWL:74242.0,74254.7,74232.33214285714,74873.5,22.367857142860885,3.012315333960125,0.23136313261917427,27.66469742934246,0.802656546489525,0.19734345351047494,0.0,0.0,3.0,CANCEL,,,,clear,BTCUSDT|long|L:74254.7@20|SWL:74242.0,"v10_1_strict_cancel,weak_close_strength,body_not_aligned,weak_retest"
2026-04-14 14:25:00,WATCH,SRR-1,short,bullish,upper_edge,H:75575.0@20,SWH:75704.1,75575.0,75728.31642857143,74234.0,153.31642857143015,20.286659420632507,0.6331091643807365,8.746616474797598,0.2561036372695852,0.7438963627304148,0.0,0.0,3.0,WATCH,,,,clear,BTCUSDT|short|H:75575.0@20|SWH:75704.1,"v10_1_watch_weak3,weak_body_ratio,body_not_aligned,weak_retest"
2026-04-14 22:40:00,WATCH,SRR-1,long,bullish,lower_edge,L:73789.7@20,SWL:73766.8,73789.7,73752.07571428572,74765.0,37.62428571427881,5.098853324282226,0.2555253711069721,25.922086798045612,0.19789983844910683,0.5686591276251416,0.23344103392575163,0.0,3.0,WATCH,,,,clear,BTCUSDT|long|L:73789.7@20|SWL:73766.8,"v10_1_watch_weak3,weak_body_ratio,weak_close_strength,body_not_aligned"
2026-04-15 07:35:00,CANCEL,SRR-1,long,bearish,lower_edge,L:73550.0@20,SWL:73530.1,73550.0,73519.45928571429,74400.0,30.540714285714785,4.152374478003369,0.28701752030610717,27.831700072502294,0.6145695364238604,0.35231788079468274,0.033112582781456956,0.0,2.0,CANCEL,,,,clear,BTCUSDT|long|L:73550.0@20|SWL:73530.1,"v10_1_strict_cancel,weak_close_strength,body_not_aligned"
2026-04-15 19:05:00,CANCEL,SRR-1,short,bearish,upper_edge,H:74466.0@20,SWH:74470.0,74466.0,74480.85285714286,73540.0,14.852857142861467,1.9945823789194352,0.13685665394238472,62.34490718474669,0.35610373181522004,0.4086021505376562,0.2352941176471238,0.0,2.0,CANCEL,,,,clear,BTCUSDT|short|H:74466.0@20|SWH:74470.0,"v10_1_strict_cancel,weak_close_strength,body_not_aligned"
2026-04-17 13:25:00,CANCEL,SRR-1,short,bullish,upper_edge,H:76880.0@20,SWH:76947.2,76880.0,76975.61285714286,74951.6,95.61285714285623,12.436635944700344,0.33651264518074847,20.168835631789044,0.3148325358851814,0.18899521531100477,0.49617224880381383,0.0,3.0,CANCEL,,,,clear,BTCUSDT|short|H:76880.0@20|SWH:76947.2,"v10_1_strict_cancel,weak_close_strength,body_not_aligned,opposite_wick_high"
2026-04-17 14:25:00,CANCEL,SRR-1,short,bullish,upper_edge,H:77500.0@20,SWH:77683.9,77500.0,77718.77357142857,75030.2,218.77357142856636,28.228847926266624,0.627333428916688,11.289297806277476,0.47686303661031404,0.3425013937929592,0.18063556959672675,0.0,3.0,CANCEL,,,,clear,BTCUSDT|short|H:77500.0@20|SWH:77683.9,"v10_1_strict_cancel,weak_close_strength,body_not_aligned,weak_retest"
2026-04-18 04:35:00,WATCH,SRR-1,long,bullish,lower_edge,L:76888.0@20,SWL:76824.1,76888.0,76815.87642857143,77380.0,72.12357142857218,9.380341721539406,0.8770346564752957,6.821625583076593,0.4437919463088089,0.5562080536911911,0.0,0.0,3.0,WATCH,,,,clear,BTCUSDT|long|L:76888.0@20|SWL:76824.1,"v10_1_watch_weak3,weak_close_strength,body_not_aligned,weak_retest"
2026-04-18 10:50:00,WATCH,SRR-1,long,bullish,lower_edge,L:76166.0@20,SWL:76132.6,76166.0,76121.61,77177.0,44.38999999999942,5.828059764199173,0.40391264786168946,22.77539986483472,0.08054226475284122,0.5374800637958318,0.4625199362041682,0.0,3.0,WATCH,,,,clear,BTCUSDT|long|L:76166.0@20|SWL:76132.6,"v10_1_watch_weak3,weak_body_ratio,weak_close_strength,opposite_wick_high"
2026-04-18 23:05:00,CANCEL,SRR-1,short,bearish,upper_edge,H:75836.9@20,SWH:75843.2,75836.9,75850.59714285714,75395.9,13.697142857141444,1.8061316927698052,0.18516801853996187,32.19649561952773,0.5282352941175785,0.3858823529412107,0.08588235294121072,0.0,2.0,CANCEL,,,,clear,BTCUSDT|short|H:75836.9@20|SWH:75843.2,"v10_1_strict_cancel,weak_close_strength,body_not_aligned"
2026-04-19 11:25:00,CANCEL,SRR-1,short,bearish,upper_edge,H:75445.9@20,SWH:75513.6,75445.9,75522.30071428572,74824.3,76.40071428572992,10.126556152916185,0.8780970363683003,8.136049588165871,0.1701902748414887,0.40380549682885086,0.5961945031711492,0.0,3.0,CANCEL,,,,clear,BTCUSDT|short|H:75445.9@20|SWH:75513.6,"v10_1_strict_cancel,weak_body_ratio,weak_close_strength,opposite_wick_high"
2026-04-19 20:50:00,WATCH,SRR-1,long,bearish,lower_edge,L:74413.0@20,SWL:74375.0,74413.0,74361.4,75840.0,51.60000000000582,6.93427223737866,0.37941176470593097,27.655038759686803,0.07666480134301798,0.5668718522663937,0.3564633463905883,0.0,3.0,WATCH,,,,clear,BTCUSDT|long|L:74413.0@20|SWL:74375.0,"v10_1_watch_weak3,weak_body_ratio,weak_close_strength,body_not_aligned"
2026-04-20 05:40:00,CANCEL,SRR-1,long,bearish,lower_edge,L:74088.0@20,SWL:74066.5,74088.0,74057.92428571428,74697.6,30.075714285718277,4.059458250420889,0.35070797934370207,20.268845295204837,0.24303797468369168,0.09367088607587569,0.6632911392404327,0.0,4.0,CANCEL,,,,clear,BTCUSDT|long|L:74088.0@20|SWL:74066.5,"v10_1_strict_cancel,weak_body_ratio,weak_close_strength,body_not_aligned,opposite_wick_high"
2026-04-20 19:05:00,CANCEL,SRR-1,short,bullish,upper_edge,H:76439.0@20,SWH:76442.8,76439.0,76461.14142857143,74639.5,22.14142857142724,2.8966141068600115,0.12071812446451272,81.27298535389869,0.04153354632589345,0.326411075612364,0.673588924387636,0.0,3.0,CANCEL,,,,clear,BTCUSDT|short|H:76439.0@20|SWH:76442.8,"v10_1_strict_cancel,weak_body_ratio,weak_close_strength,opposite_wick_high"
2026-04-20 19:10:00,CANCEL,SRR-1,short,bullish,upper_edge,H:76439.0@20,SWH:76449.8,76439.0,76468.04285714286,74639.5,29.042857142863795,3.7994815660675565,0.15920125293660292,61.96015740283873,0.20855614973262865,0.3139801375095728,0.47746371275779853,0.0,4.0,CANCEL,,,,clear,BTCUSDT|short|H:76439.0@20|SWH:76449.8,"v10_1_strict_cancel,weak_body_ratio,weak_close_strength,body_not_aligned,opposite_wick_high"
2026-04-20 23:20:00,WATCH,SRR-1,long,bullish,lower_edge,L:75670.5@20,SWL:75625.9,75670.5,75615.89571428571,76531.0,54.60428571428929,7.216059853481778,0.5458089390261651,15.758836302748621,0.39957492029759295,0.4845908607864293,0.11583421891597774,0.0,3.0,WATCH,,,,clear,BTCUSDT|long|L:75670.5@20|SWL:75625.9,"v10_1_watch_weak3,weak_close_strength,body_not_aligned,weak_retest"
2026-04-22 03:05:00,CANCEL,SRR-1,short,bullish,upper_edge,H:77613.0@20,SWH:77642.9,77613.0,77668.24857142857,75250.0,55.24857142857218,7.11846873958901,0.21795536519387204,42.77033666028799,0.030141843971645273,0.3621453900709231,0.6378546099290769,0.0,3.0,CANCEL,,,,clear,BTCUSDT|short|H:77613.0@20|SWH:77642.9,"v10_1_strict_cancel,weak_body_ratio,weak_close_strength,opposite_wick_high"
2026-04-22 03:10:00,WATCH,SRR-1,short,bullish,upper_edge,H:77613.0@20,SWH:77699.0,77613.0,77725.47714285714,75250.0,112.47714285714028,14.492049380534224,0.42480846012732515,21.008712881347805,0.04189133139772304,0.5300705101617579,0.42803815844051907,0.0,3.0,WATCH,,,,clear,BTCUSDT|short|H:77613.0@20|SWH:77699.0,"v10_1_watch_weak3,weak_body_ratio,weak_close_strength,body_not_aligned"
2026-04-22 11:35:00,CANCEL,SRR-1,short,bullish,upper_edge,H:78280.0@20,SWH:78298.9,78280.0,78308.17,77774.3,28.169999999998254,3.5986203372506713,0.30388349514561497,17.95172168974187,0.014905149051571738,0.27100271002714305,0.728997289972857,0.0,4.0,CANCEL,,,,clear,BTCUSDT|short|H:78280.0@20|SWH:78298.9,"v10_1_strict_cancel,weak_body_ratio,weak_close_strength,opposite_wick_high,weak_retest"
2026-04-22 12:10:00,CANCEL,SRR-1,short,bullish,upper_edge,H:78365.8@20,SWH:78381.1,78365.8,78392.49,77774.3,26.69000000000233,3.405822437849461,0.23432835820897693,22.161858373920886,0.11947318908747395,0.0009407337722603932,0.8795860771402657,0.0,4.0,CANCEL,,,,clear,BTCUSDT|short|H:78365.8@20|SWH:78381.1,"v10_1_strict_cancel,weak_body_ratio,weak_close_strength,body_not_aligned,opposite_wick_high"
2026-04-22 13:40:00,CANCEL,SRR-1,short,bullish,upper_edge,H:78490.8@20,SWH:78654.0,78490.8,78668.645,77895.3,177.84500000000116,22.65806948075458,1.214373506316155,3.3484213781663588,0.0009049773755524417,0.2542986425339235,0.7447963800905241,0.0,4.0,CANCEL,,,,clear,BTCUSDT|short|H:78490.8@20|SWH:78654.0,"v10_1_strict_cancel,weak_body_ratio,weak_close_strength,body_not_aligned,opposite_wick_high"
2026-04-22 13:50:00,WATCH,SRR-1,short,bullish,upper_edge,H:78654.0@20,SWH:78734.0,78654.0,78750.69785714286,77895.3,96.69785714286263,12.2940800395228,0.5791033922231553,7.846089069782427,0.13106796116506886,0.5003734129947668,0.36855862584016436,0.0,3.0,WATCH,,,,clear,BTCUSDT|short|H:78654.0@20|SWH:78734.0,"v10_1_watch_weak3,weak_body_ratio,weak_close_strength,body_not_aligned"
2026-04-22 14:10:00,WATCH,SRR-1,short,bullish,upper_edge,H:78799.0@20,SWH:78859.8,78799.0,78878.505,77908.6,79.50500000000466,10.089595045622998,0.42504677893614107,11.199295641782806,0.2683417085426843,0.30804020100503976,0.6919597989949603,0.0,3.0,WATCH,,,,clear,BTCUSDT|short|H:78799.0@20|SWH:78859.8,"v10_1_watch_weak3,weak_body_ratio,weak_close_strength,opposite_wick_high"
2026-04-22 14:25:00,CANCEL,SRR-1,short,bullish,upper_edge,H:79052.9@20,SWH:79142.8,79052.9,79165.17357142858,77908.6,112.27357142858091,14.202334313931674,0.5018133639817806,10.192069116888266,0.6576704545454478,0.2594696969697054,0.08285984848484677,0.0,3.0,CANCEL,,,,clear,BTCUSDT|short|H:79052.9@20|SWH:79142.8,"v10_1_strict_cancel,weak_close_strength,body_not_aligned,weak_retest"
2026-04-22 20:20:00,CANCEL,SRR-1,long,bullish,lower_edge,L:78586.7@20,SWL:78576.9,78586.7,78565.95357142856,79444.0,20.74642857143772,2.6399414368382588,0.18952691680269368,41.32277500428559,0.5967048710601679,0.2858166189112254,0.1174785100286067,0.0,2.0,CANCEL,,,,clear,BTCUSDT|long|L:78586.7@20|SWL:78576.9,"v10_1_strict_cancel,weak_close_strength,body_not_aligned"
2026-04-23 22:55:00,WATCH,SRR-1,short,bearish,upper_edge,H:78272.0@20,SWH:78299.0,78272.0,78310.15714285715,76900.1,38.157142857147846,4.874941595608627,0.34199743918057934,35.95394983151892,0.28832116788324946,0.28832116788324946,0.7116788321167505,0.0,3.0,WATCH,,,,clear,BTCUSDT|short|H:78272.0@20|SWH:78299.0,"v10_1_watch_weak3,weak_body_ratio,weak_close_strength,opposite_wick_high"
2026-04-24 00:10:00,CANCEL,SRR-1,short,bullish,upper_edge,H:78299.0@20,SWH:78309.9,78299.0,78317.82285714285,77543.4,18.82285714284808,2.4039715887620634,0.23757663180659377,40.14268366729347,0.814112690889921,0.15271195365982565,0.03317535545025331,0.0,2.0,CANCEL,,,,clear,BTCUSDT|short|H:78299.0@20|SWH:78309.9,"v10_1_strict_cancel,weak_close_strength,body_not_aligned"
2026-04-24 00:35:00,CANCEL,SRR-1,short,bullish,upper_edge,H:78432.0@20,SWH:78432.7,78432.0,78441.67642857143,77557.5,9.676428571430733,1.2337347729792345,0.10779820163924064,90.37425260203192,0.43789209535753393,0.4115432873275296,0.15056461731493648,0.0,2.0,CANCEL,,,,clear,BTCUSDT|short|H:78432.0@20|SWH:78432.7,"v10_1_strict_cancel,weak_close_strength,body_not_aligned"
2026-04-24 04:40:00,WATCH,SRR-1,long,bullish,lower_edge,L:77500.0@20,SWL:77413.0,77500.0,77402.13071428571,78546.0,97.86928571428871,12.628294930875962,0.9004205822435555,10.687724880853875,0.11085450346420324,0.5224018475750847,0.36674364896071215,0.0,3.0,WATCH,,,,clear,BTCUSDT|long|L:77500.0@20|SWL:77413.0,"v10_1_watch_weak3,weak_body_ratio,weak_close_strength,body_not_aligned"
2026-04-24 05:20:00,WATCH,SRR-1,long,bearish,lower_edge,L:77413.0@20,SWL:77401.5,77413.0,77390.88714285714,78546.0,22.112857142856228,2.856478516897192,0.208359133126928,51.237160023259435,0.27622149837139237,0.48794788273611844,0.23583061889248919,0.0,3.0,WATCH,,,,clear,BTCUSDT|long|L:77413.0@20|SWL:77401.5,"v10_1_watch_weak3,weak_body_ratio,weak_close_strength,body_not_aligned"
2026-04-24 11:25:00,CANCEL,SRR-1,short,bearish,upper_edge,H:78278.7@20,SWH:78290.0,78278.7,78303.36571428571,77355.8,24.665714285714785,3.151012253105223,0.18454467721248513,37.4163095100187,0.6391111111111241,0.3164444444444315,0.044444444444444446,0.0,2.0,CANCEL,,,,clear,BTCUSDT|short|H:78278.7@20|SWH:78290.0,"v10_1_strict_cancel,weak_close_strength,body_not_aligned"
2026-04-24 13:05:00,CANCEL,SRR-1,short,bullish,upper_edge,H:78346.1@20,SWH:78378.0,78346.1,78390.50214285715,77355.8,44.40214285714319,5.667434991294166,0.3551562589270431,22.302977655518454,0.5983017635532485,0.3487916394512877,0.05290659699546383,0.0,2.0,CANCEL,,,,clear,BTCUSDT|short|H:78346.1@20|SWH:78378.0,"v10_1_strict_cancel,weak_close_strength,body_not_aligned"
2026-04-24 13:10:00,WATCH,SRR-1,short,bullish,upper_edge,H:78346.1@20,SWH:78383.0,78346.1,78395.38357142857,77355.8,49.28357142856112,6.290494540067868,0.39797542827470545,20.093917126835866,0.2079589216944583,0.5430038510912204,0.24903722721432128,0.0,4.0,WATCH,,,,clear,BTCUSDT|short|H:78346.1@20|SWH:78383.0,"v10_1_watch_weak3,weak_body_ratio,weak_close_strength,body_not_aligned,weak_retest"
2026-04-25 02:40:00,CANCEL,SRR-1,short,bearish,upper_edge,H:77606.7@20,SWH:77608.2,77606.7,77612.9857142857,77206.8,6.285714285710128,0.8099447967392156,0.1313432835820084,63.620454545495704,0.0060606060600769,0.0666666666661375,0.9333333333338625,0.0,3.0,CANCEL,,,,clear,BTCUSDT|short|H:77606.7@20|SWH:77608.2,"v10_1_strict_cancel,weak_body_ratio,weak_close_strength,opposite_wick_high"
2026-04-25 09:50:00,CANCEL,SRR-1,short,bearish,upper_edge,H:77722.0@20,SWH:77726.6,77722.0,77730.81214285715,77400.0,8.812142857146682,1.1338028945661052,0.20920807190105845,36.54048796302215,0.5349264705882565,0.23897058823525577,0.2261029411764878,0.0,2.0,CANCEL,,,,clear,BTCUSDT|short|H:77722.0@20|SWH:77726.6,"v10_1_strict_cancel,weak_close_strength,body_not_aligned"
2026-04-25 09:55:00,CANCEL,SRR-1,short,bearish,upper_edge,H:77722.0@20,SWH:77726.6,77722.0,77730.85357142858,77400.0,8.853571428582654,1.1391332478040521,0.20814441645702295,36.36950383214428,0.23648648648644,0.0,0.76351351351356,0.0,5.0,CANCEL,,,,clear,BTCUSDT|short|H:77722.0@20|SWH:77726.6,"v10_1_strict_cancel,weak_body_ratio,weak_close_strength,body_not_aligned,opposite_wick_high,weak_retest"
2026-04-25 10:05:00,CANCEL,SRR-1,short,bearish,upper_edge,H:77736.8@20,SWH:77760.8,77736.8,77765.95357142857,77400.0,29.153571428571013,3.75029219476117,0.5656964656964576,11.552615460002714,0.551528878822146,0.4473386183465311,0.001132502831322961,0.0,2.0,CANCEL,,,,clear,BTCUSDT|short|H:77736.8@20|SWH:77760.8,"v10_1_strict_cancel,weak_close_strength,body_not_aligned"
2026-04-25 22:10:00,CANCEL,SRR-1,short,bearish,upper_edge,H:77500.0@20,SWH:77515.0,77500.0,77519.71785714285,77153.0,19.717857142852154,2.544239631335762,0.41794095382272806,17.598261184572465,0.16630669546428953,0.42764578833696903,0.40604751619874146,0.0,3.0,CANCEL,,,,clear,BTCUSDT|short|H:77500.0@20|SWH:77515.0,"v10_1_strict_cancel,weak_body_ratio,weak_close_strength,body_not_aligned"
2026-04-26 05:10:00,CANCEL,SRR-1,short,bullish,upper_edge,H:77777.0@20,SWH:77789.7,77777.0,77797.16142857143,77280.0,20.161428571431316,2.5922095955656963,0.27020869232245537,24.651030964355748,0.5648788927336319,0.34083044982696503,0.09429065743940314,0.0,2.0,CANCEL,,,,clear,BTCUSDT|short|H:77777.0@20|SWH:77789.7,"v10_1_strict_cancel,weak_close_strength,body_not_aligned"
2026-04-26 05:20:00,CANCEL,SRR-1,short,bullish,upper_edge,H:78119.6@20,SWH:78145.8,78119.6,78156.38500000001,77280.0,36.78500000000349,4.708805472634715,0.3475200755786834,22.824520864480796,0.06306306306306306,0.27507507507509255,0.6618618618618444,0.0,4.0,CANCEL,,,,clear,BTCUSDT|short|H:78119.6@20|SWH:78145.8,"v10_1_strict_cancel,weak_body_ratio,weak_close_strength,body_not_aligned,opposite_wick_high"
2026-04-27 06:40:00,CANCEL,SRR-1,long,bullish,lower_edge,L:77503.6@20,SWL:77408.6,77503.6,77394.95571428572,79346.4,108.64428571428289,14.017966354373588,0.7962621715003592,16.961775650550624,0.3187250996015813,0.22177954847272835,0.45949535192569035,0.0,3.0,CANCEL,,,,clear,BTCUSDT|long|L:77503.6@20|SWL:77408.6,"v10_1_strict_cancel,weak_close_strength,body_not_aligned,opposite_wick_high"
2026-04-27 19:40:00,CANCEL,SRR-1,long,bearish,lower_edge,L:76509.7@20,SWL:76400.0,76509.7,76390.30928571429,78232.0,119.39071428570605,15.604650689481995,1.2320114984888852,14.425745002902657,0.08135593220331584,0.4652542372880863,0.5347457627119138,0.0,3.0,CANCEL,,,,clear,BTCUSDT|long|L:76509.7@20|SWL:76400.0,"v10_1_strict_cancel,weak_body_ratio,weak_close_strength,opposite_wick_high"
2026-04-27 23:05:00,CANCEL,SRR-1,short,bearish,upper_edge,H:77037.0@20,SWH:77049.9,77037.0,77056.83928571428,76400.0,19.83928571427532,2.575293133724745,0.28589809572811403,32.10801080109693,0.011182108626153152,0.3961661341851728,0.6038338658148272,0.0,3.0,CANCEL,,,,clear,BTCUSDT|short|H:77037.0@20|SWH:77049.9,"v10_1_strict_cancel,weak_body_ratio,weak_close_strength,opposite_wick_high"
2026-04-28 11:20:00,CANCEL,SRR-1,long,bearish,lower_edge,L:76324.1@20,SWL:76269.3,76324.1,76262.10785714287,76956.0,61.9921428571397,8.122223892209629,0.8619425960869732,10.193227252301984,0.45828698553952946,0.36373748609562356,0.17797552836484695,0.0,2.0,CANCEL,,,,clear,BTCUSDT|long|L:76324.1@20|SWL:76269.3,"v10_1_strict_cancel,weak_close_strength,body_not_aligned"
2026-04-28 11:35:00,CANCEL,SRR-1,long,bearish,lower_edge,L:76227.0@20,SWL:76221.6,76227.0,76213.2992857143,76956.0,13.700714285703725,1.7973571419187067,0.16505464245749799,53.20890464526285,0.599318955732215,0.38138479001128944,0.019296254256495553,0.0,2.0,CANCEL,,,,clear,BTCUSDT|long|L:76227.0@20|SWL:76221.6,"v10_1_strict_cancel,weak_close_strength,body_not_aligned"
2026-04-28 19:55:00,CANCEL,SRR-1,short,bearish,upper_edge,H:76306.9@20,SWH:76330.0,76306.9,76336.93714285715,75660.0,30.037142857152503,3.9363599959050237,0.43299011532139886,21.53666888613386,0.47730220492866576,0.42931258106359693,0.0933852140077373,0.0,2.0,CANCEL,,,,clear,BTCUSDT|short|H:76306.9@20|SWH:76330.0,"v10_1_strict_cancel,weak_close_strength,body_not_aligned"
2026-04-28 21:05:00,WATCH,SRR-1,short,bearish,upper_edge,H:76432.5@20,SWH:76448.0,76432.5,76454.07857142857,75840.3,21.578571428573923,2.8232193672291137,0.354994124559383,27.44389275074148,0.42857142857142855,0.5714285714285714,0.0,0.0,3.0,WATCH,,,,clear,BTCUSDT|short|H:76432.5@20|SWH:76448.0,"v10_1_watch_weak3,weak_close_strength,body_not_aligned,weak_retest"
2026-04-29 16:25:00,CANCEL,SRR-1,long,bearish,lower_edge,L:75675.2@20,SWL:75653.0,75675.2,75634.77,77654.7,40.429999999993015,5.342569296148938,0.22177729018098477,48.96116744992189,0.6899151743638583,0.23986804901034345,0.07021677662579823,0.0,2.0,CANCEL,,,,clear,BTCUSDT|long|L:75675.2@20|SWL:75653.0,"v10_1_strict_cancel,weak_close_strength,body_not_aligned"
2026-04-30 01:10:00,CANCEL,SRR-1,short,bearish,upper_edge,H:76300.0@20,SWH:76315.0,76300.0,76327.63357142857,75448.0,27.63357142856694,3.621700056168668,0.21873127155534627,30.832062449923587,0.36750483558996266,0.0,0.6324951644100374,0.0,3.0,CANCEL,,,,clear,BTCUSDT|short|H:76300.0@20|SWH:76315.0,"v10_1_strict_cancel,weak_close_strength,body_not_aligned,opposite_wick_high"
2026-04-30 08:05:00,CANCEL,SRR-1,short,bearish,upper_edge,H:76148.0@20,SWH:76163.9,76148.0,76172.61499999999,75273.5,24.614999999990687,3.2325208803895946,0.28244406196202937,35.52711761122612,0.0015723270441167147,0.26572327044016614,0.7327044025157171,0.0,4.0,CANCEL,,,,clear,BTCUSDT|short|H:76148.0@20|SWH:76163.9,"v10_1_strict_cancel,weak_body_ratio,weak_close_strength,body_not_aligned,opposite_wick_high"
2026-04-30 20:50:00,CANCEL,SRR-1,short,bullish,upper_edge,H:76525.4@20,SWH:76536.2,76525.4,76543.84785714286,76060.4,18.44785714286263,2.410684183664853,0.24121602689836327,25.206179579502315,0.5692729766804295,0.29080932784634816,0.13991769547322228,0.0,2.0,CANCEL,,,,clear,BTCUSDT|short|H:76525.4@20|SWH:76536.2,"v10_1_strict_cancel,weak_close_strength,body_not_aligned"
