timestamp,decision,setup_family,direction,h1_context,m15_zone,edge_id,sweep_id,entry,SL,TP1,R_abs,R_abs_bps,R_abs_ATR,TP1_R,body_ratio,acceptance_close_strength,opposite_wick_ratio,entry_edge_dist_band,acceptance_weakness_count,v10_1_result,v11_result,v11_1_result,duplicate_state,cooldown_state,setup_id,reason_tags
2025-05-01 05:50:00,CANCEL,SRR-1,short,unclear,upper_edge,H:95118.2@20,SWH:95140.0,95118.2,95148.90285714286,94239.2,30.702857142867288,3.2278635574335186,0.34486521181012436,28.62925739809216,0.3882082695252284,0.9150076569678,0.08499234303220005,0.0,0.0,PASS,CANCEL,,,clear,BTCUSDT|short|H:95118.2@20|SWH:95140.0,"v10_1_pass,v11_quality_fail,r_abs_bps_low,r_abs_atr_low"
2025-05-01 05:55:00,CANCEL,SRR-1,short,unclear,upper_edge,H:95118.2@20,SWH:95140.0,95118.2,95149.13785714285,94239.2,30.937857142853318,3.2525696599445024,0.3385679668568322,28.41179322605574,0.336772983114556,0.6369606003752321,0.026266416510211894,0.0,1.0,PASS,CANCEL,,,clear,BTCUSDT|short|H:95118.2@20|SWH:95140.0,"v10_1_pass,body_not_aligned,v11_quality_fail,r_abs_bps_low,r_abs_atr_low"
2025-05-01 06:05:00,CANCEL,SRR-1,short,unclear,upper_edge,H:95140.0@20,SWH:95146.2,95140.0,95156.17357142858,94343.4,16.173571428575087,1.6999759752548966,0.16216429134143862,49.2531908315928,0.5623700623701399,1.0,0.0,0.0,0.0,PASS,CANCEL,,,clear,BTCUSDT|short|H:95140.0@20|SWH:95146.2,"v10_1_pass,v11_quality_fail,r_abs_bps_low,r_abs_atr_low"
2025-05-01 06:10:00,CANCEL,SRR-1,short,unclear,upper_edge,H:95140.0@20,SWH:95146.2,95140.0,95156.16,94343.4,16.160000000003492,1.698549505991538,0.1622489959839698,49.294554455435254,0.34598540145981155,0.47153284671537093,0.528467153284629,0.0,2.0,PASS,CANCEL,,,clear,BTCUSDT|short|H:95140.0@20|SWH:95146.2,"v10_1_pass,weak_close_strength,opposite_wick_high,v11_quality_fail,r_abs_bps_low,r_abs_atr_low,close_strength_low"
2025-05-01 09:05:00,CANCEL,SRR-1,short,unclear,upper_edge,H:95174.9@20,SWH:95180.9,95174.9,95187.59285714285,94660.2,12.692857142857974,1.333634933460185,0.1896478121665012,40.55036578502806,0.4934426229509151,0.7868852459016393,0.21311475409836064,0.0,0.0,PASS,CANCEL,,,clear,BTCUSDT|short|H:95174.9@20|SWH:95180.9,"v10_1_pass,v11_quality_fail,r_abs_bps_low,r_abs_atr_low"
2025-05-01 09:10:00,CANCEL,SRR-1,short,unclear,upper_edge,H:95174.9@20,SWH:95180.9,95174.9,95187.48642857143,94660.2,12.586428571434226,1.3224525133658378,0.19109641036772676,40.893252369313444,0.9358974358974,1.0,0.0,0.0,0.0,PASS,CANCEL,,,clear,BTCUSDT|short|H:95174.9@20|SWH:95180.9,"v10_1_pass,v11_quality_fail,r_abs_bps_low,r_abs_atr_low"
2025-05-01 20:10:00,CANCEL,SRR-1,long,unclear,lower_edge,L:96344.4@20,SWL:96244.0,96344.4,96226.22642857143,97388.0,118.17357142856054,12.265743668398011,0.6648836555077182,8.831077773010298,0.754134165366651,0.7550702028081123,0.24492979719188768,0.0,0.0,PASS,CANCEL,,,clear,BTCUSDT|long|L:96344.4@20|SWL:96244.0,"v10_1_pass,v11_quality_fail,r_abs_bps_low,r_abs_atr_low"
2025-05-02 00:35:00,CANCEL,SRR-1,short,unclear,upper_edge,H:96834.4@20,SWH:96999.9,96834.4,97013.4807142857,96122.4,179.08071428570838,18.493501718987094,1.3186398779781698,3.9758608448705606,0.07290294246818635,0.9038208168642555,0.023276240667558096,0.0,2.0,PASS,CANCEL,,,clear,BTCUSDT|short|H:96834.4@20|SWH:96999.9,"v10_1_pass,weak_body_ratio,body_not_aligned,v11_quality_fail,r_abs_bps_low,body_ratio_low"
2025-05-02 00:40:00,CANCEL,SRR-1,short,unclear,upper_edge,H:96834.4@20,SWH:96999.9,96834.4,97013.68428571428,96122.4,179.2842857142823,18.514524354390826,1.3006425536324644,3.9713463852302366,0.975903614457931,0.9991394148021405,0.0008605851978594781,0.0,0.0,PASS,CANCEL,,,clear,BTCUSDT|short|H:96834.4@20|SWH:96999.9,"v10_1_pass,v11_quality_fail,r_abs_bps_low"
2025-05-02 03:50:00,CANCEL,SRR-1,short,unclear,upper_edge,H:97173.8@20,SWH:97193.7,97173.8,97202.95714285714,96122.4,29.157142857133294,3.0005148360086045,0.31496913580236585,36.0597746202963,0.5153913808266735,0.9991204925241353,0.000879507475864761,0.0,0.0,PASS,CANCEL,,,clear,BTCUSDT|short|H:97173.8@20|SWH:97193.7,"v10_1_pass,v11_quality_fail,r_abs_bps_low,r_abs_atr_low"
2025-05-02 04:10:00,CANCEL,SRR-1,short,unclear,upper_edge,H:97193.7@20,SWH:97262.0,97193.7,97272.99428571429,96122.4,79.29428571429162,8.158377108217058,0.7212318087318638,13.510431304722845,0.284981684981749,0.8505494505494932,0.14945054945050681,0.0,1.0,PASS,CANCEL,,,clear,BTCUSDT|short|H:97193.7@20|SWH:97262.0,"v10_1_pass,weak_body_ratio,v11_quality_fail,r_abs_bps_low,body_ratio_low"
2025-05-02 06:10:00,CANCEL,SRR-1,long,unclear,lower_edge,L:96569.9@20,SWL:96540.9,96569.9,96531.805,97262.0,38.095000000001164,3.944810960765328,0.41885651456845124,18.167738548365524,0.9257861635220858,0.9660377358490932,0.033962264150906786,0.0,0.0,PASS,CANCEL,,,clear,BTCUSDT|long|L:96569.9@20|SWL:96540.9,"v10_1_pass,v11_quality_fail,r_abs_bps_low,r_abs_atr_low"
2025-05-02 06:50:00,CANCEL,SRR-1,long,unclear,lower_edge,L:96540.9@20,SWL:96436.4,96540.9,96424.51142857142,97262.0,116.3885714285716,12.055882162748805,0.978995433789942,6.195625490966263,0.22837552742609193,0.9994725738396317,0.0005274261603682368,0.0,1.0,PASS,CANCEL,,,clear,BTCUSDT|long|L:96540.9@20|SWL:96436.4,"v10_1_pass,weak_body_ratio,v11_quality_fail,r_abs_bps_low,body_ratio_low"
2025-05-02 10:55:00,CANCEL,SRR-1,short,unclear,upper_edge,H:96850.0@20,SWH:96885.1,96850.0,96893.86214285715,96283.1,43.86214285714959,4.5288738107537005,0.5005869405723332,12.924585145013923,0.7350332594235593,0.7350332594235593,0.2649667405764407,0.0,0.0,PASS,CANCEL,,,clear,BTCUSDT|short|H:96850.0@20|SWH:96885.1,"v10_1_pass,v11_quality_fail,r_abs_bps_low,r_abs_atr_low"
2025-05-02 13:05:00,CANCEL,SRR-1,short,unclear,upper_edge,H:97134.2@20,SWH:97221.8,97134.2,97236.45857142858,96300.0,102.25857142858149,10.527555838065428,0.6976025728487051,8.157751358599915,0.32581100141041003,0.9435825105782805,0.05641748942171958,0.0,0.0,PASS,CANCEL,,,clear,BTCUSDT|short|H:97134.2@20|SWH:97221.8,"v10_1_pass,v11_quality_fail,r_abs_bps_low,r_abs_atr_low"
2025-05-02 13:10:00,CANCEL,SRR-1,short,unclear,upper_edge,H:97134.2@20,SWH:97221.8,97134.2,97237.69928571429,96300.0,103.49928571429336,10.65528780947322,0.6509681477155679,8.059959005927643,0.8677272727272463,0.9681818181818181,0.031818181818181815,0.0,0.0,PASS,CANCEL,,,clear,BTCUSDT|short|H:97134.2@20|SWH:97221.8,"v10_1_pass,v11_quality_fail,r_abs_bps_low,r_abs_atr_low"
2025-05-02 19:55:00,CANCEL,SRR-1,long,unclear,lower_edge,L:96755.0@20,SWL:96700.0,96755.0,96686.98214285714,97865.4,68.01785714285506,7.0299061694853044,0.5224965706447029,16.3251247046473,0.7119760479042438,0.7419161676647229,0.25808383233527704,0.0,0.0,PASS,CANCEL,,,clear,BTCUSDT|long|L:96755.0@20|SWL:96700.0,"v10_1_pass,v11_quality_fail,r_abs_bps_low,r_abs_atr_low"
2025-05-03 01:55:00,CANCEL,SRR-1,long,unclear,lower_edge,L:96404.1@20,SWL:96385.8,96404.1,96379.5,97049.2,24.60000000000582,2.551758690761681,0.39047619047628285,26.2235772357658,0.3854748603351206,0.9231843575418901,0.07681564245810993,0.0,0.0,PASS,CANCEL,,,clear,BTCUSDT|long|L:96404.1@20|SWL:96385.8,"v10_1_pass,v11_quality_fail,r_abs_bps_low,r_abs_atr_low"
2025-05-03 14:10:00,CANCEL,SRR-1,short,bearish,upper_edge,H:96361.5@20,SWH:96417.1,96361.5,96423.18071428571,95804.8,61.6807142857142,6.400970749284123,1.0143662633619122,9.025511563002988,0.006465517241441831,0.9924568965517557,0.0010775862068024323,0.0,2.0,PASS,CANCEL,,,clear,BTCUSDT|short|H:96361.5@20|SWH:96417.1,"v10_1_pass,weak_body_ratio,body_not_aligned,v11_quality_fail,r_abs_bps_low,body_ratio_low"
2025-05-03 17:25:00,CANCEL,SRR-1,long,bearish,lower_edge,L:95887.8@20,SWL:95812.7,95887.8,95802.34928571428,96456.0,85.45071428571828,8.91153142378053,0.8255537920088517,6.6494470496774145,0.6267942583732072,0.8342757720747961,0.1657242279252039,0.0,0.0,PASS,CANCEL,,,clear,BTCUSDT|long|L:95887.8@20|SWL:95812.7,"v10_1_pass,v11_quality_fail,r_abs_bps_low"
2025-05-03 21:35:00,CANCEL,SRR-1,short,bearish,upper_edge,H:96365.7@20,SWH:96399.9,96365.7,96404.57642857142,95812.7,38.87642857142782,4.034259967128119,0.8313273254925981,14.224557664394784,0.37294332723966755,1.0,0.0,0.0,0.0,PASS,CANCEL,,,clear,BTCUSDT|short|H:96365.7@20|SWH:96399.9,"v10_1_pass,v11_quality_fail,r_abs_bps_low"
2025-05-03 21:40:00,CANCEL,SRR-1,short,bearish,upper_edge,H:96365.7@20,SWH:96399.9,96365.7,96405.07428571428,95812.7,39.37428571427881,4.085923281237911,0.7609607951406941,14.044699223571143,0.9820971867007181,0.9820971867007181,0.017902813299281915,0.0,0.0,PASS,CANCEL,,,clear,BTCUSDT|short|H:96365.7@20|SWH:96399.9,"v10_1_pass,v11_quality_fail,r_abs_bps_low"
2025-05-04 08:40:00,CANCEL,SRR-1,long,bearish,lower_edge,L:95548.0@20,SWL:95350.6,95548.0,95340.88071428573,96109.6,207.11928571427416,21.676988080783914,2.1310134489599797,2.7114809616268474,0.6642512077294842,0.8228663446054709,0.1771336553945291,0.0,0.0,PASS,CANCEL,,,clear,BTCUSDT|long|L:95548.0@20|SWL:95350.6,"v10_1_pass,v11_quality_fail,r_abs_bps_low"
2025-05-04 10:25:00,CANCEL,SRR-1,long,bearish,lower_edge,L:95350.6@20,SWL:95227.2,95350.6,95217.61571428571,96109.6,132.98428571429395,13.946874557086579,1.387524221195507,5.707441265884982,0.7802419354838949,0.967069892473158,0.03293010752684196,0.0,0.0,PASS,CANCEL,,,clear,BTCUSDT|long|L:95350.6@20|SWL:95227.2,"v10_1_pass,v11_quality_fail,r_abs_bps_low"
2025-05-04 13:50:00,CANCEL,SRR-1,long,bearish,lower_edge,L:95200.0@20,SWL:95172.4,95200.0,95162.81142857143,95645.6,37.188571428574505,3.9063625450183306,0.38784266984508736,11.982175783650057,0.46952595936781644,0.8555304740406087,0.1444695259593913,0.0,0.0,PASS,CANCEL,,,clear,BTCUSDT|long|L:95200.0@20|SWL:95172.4,"v10_1_pass,v11_quality_fail,r_abs_bps_low,r_abs_atr_low"
2025-05-04 13:55:00,CANCEL,SRR-1,long,bearish,lower_edge,L:95200.0@20,SWL:95172.4,95200.0,95162.43999999999,95645.6,37.560000000012224,3.9453781512617883,0.3771084337350641,11.863684771029307,0.853203568531992,0.853203568531992,0.14679643146800805,0.0,0.0,PASS,CANCEL,,,clear,BTCUSDT|long|L:95200.0@20|SWL:95172.4,"v10_1_pass,v11_quality_fail,r_abs_bps_low,r_abs_atr_low"
2025-05-04 14:40:00,CANCEL,SRR-1,short,bearish,upper_edge,H:95563.3@20,SWH:95567.0,95563.3,95575.49142857143,95172.4,12.191428571430151,1.275743781496678,0.14357335127861853,32.063510663226,0.644699140401164,0.999044890162452,0.0009551098375479621,0.0,0.0,PASS,CANCEL,,,clear,BTCUSDT|short|H:95563.3@20|SWH:95567.0,"v10_1_pass,v11_quality_fail,r_abs_bps_low,r_abs_atr_low"
2025-05-04 20:35:00,CANCEL,SRR-1,short,bearish,upper_edge,H:95680.0@20,SWH:95685.0,95680.0,95690.70785714286,95200.1,10.707857142857392,1.119132226469209,0.18759854836691237,44.81755720098567,0.5589622641508556,0.6179245283017969,0.38207547169820305,0.0,0.0,PASS,CANCEL,,,clear,BTCUSDT|short|H:95680.0@20|SWH:95685.0,"v10_1_pass,v11_quality_fail,r_abs_bps_low,r_abs_atr_low"
2025-05-04 21:10:00,CANCEL,SRR-1,short,bearish,upper_edge,H:95685.0@20,SWH:95700.0,95685.0,95704.92428571428,95200.1,19.924285714281723,2.082278906232087,0.4046127067014019,24.337133433717927,0.8822143698468706,1.0,0.0,0.0,0.0,PASS,CANCEL,,,clear,BTCUSDT|short|H:95685.0@20|SWH:95700.0,"v10_1_pass,v11_quality_fail,r_abs_bps_low,r_abs_atr_low"
2025-05-04 23:35:00,CANCEL,SRR-1,long,bearish,lower_edge,L:94350.0@20,SWL:94200.0,94350.0,94181.235,95700.0,168.76499999999942,17.88712241653412,0.8993605115907174,7.999288952093175,0.09487870619949229,0.9735849056604088,0.02641509433959126,0.0,1.0,PASS,CANCEL,,,clear,BTCUSDT|long|L:94350.0@20|SWL:94200.0,"v10_1_pass,weak_body_ratio,v11_quality_fail,r_abs_bps_low,body_ratio_low"
2025-05-05 06:05:00,CANCEL,SRR-1,short,bearish,upper_edge,H:94737.0@20,SWH:94752.5,94737.0,94762.13285714286,93445.1,25.132857142860303,2.652908276899237,0.2609076078896922,51.40283067128302,0.4677551020408401,0.9142857142857143,0.08571428571428572,0.0,0.0,PASS,CANCEL,,,clear,BTCUSDT|short|H:94737.0@20|SWH:94752.5,"v10_1_pass,v11_quality_fail,r_abs_bps_low,r_abs_atr_low"
2025-05-05 06:10:00,CANCEL,SRR-1,short,bearish,upper_edge,H:94737.0@20,SWH:94752.5,94737.0,94761.94714285714,93445.1,24.947142857141444,2.633305134967483,0.2640707696960342,51.78548932027986,1.0,1.0,0.0,0.0,0.0,PASS,CANCEL,,,clear,BTCUSDT|short|H:94737.0@20|SWH:94752.5,"v10_1_pass,v11_quality_fail,r_abs_bps_low,r_abs_atr_low"
2025-05-05 07:05:00,CANCEL,SRR-1,short,bearish,upper_edge,H:94752.5@20,SWH:94778.5,94752.5,94786.995,93445.1,34.49499999999534,3.6405371889918836,0.4060623896409095,37.90114509349676,0.6116504854368854,0.9882108183079257,0.011789181692074368,0.0,0.0,PASS,CANCEL,,,clear,BTCUSDT|short|H:94752.5@20|SWH:94778.5,"v10_1_pass,v11_quality_fail,r_abs_bps_low,r_abs_atr_low"
2025-05-05 07:10:00,CANCEL,SRR-1,short,bearish,upper_edge,H:94752.5@20,SWH:94778.5,94752.5,94786.265,93445.1,33.76499999999942,3.563494366903187,0.4348358016741692,38.7205686361622,0.9986754966888574,0.9986754966888574,0.0013245033111426339,0.0,0.0,PASS,CANCEL,,,clear,BTCUSDT|short|H:94752.5@20|SWH:94778.5,"v10_1_pass,v11_quality_fail,r_abs_bps_low,r_abs_atr_low"
2025-05-05 13:55:00,CANCEL,SRR-1,long,bearish,lower_edge,L:93662.6@20,SWL:93600.0,93662.6,93582.70785714286,94602.0,79.89214285714843,8.529780601557977,0.46201412697759814,11.758352779192483,0.1858936043036777,0.7483562462641656,0.06575014943215665,0.0,2.0,PASS,CANCEL,,,clear,BTCUSDT|long|L:93662.6@20|SWL:93600.0,"v10_1_pass,weak_body_ratio,body_not_aligned,v11_quality_fail,r_abs_bps_low,r_abs_atr_low,body_ratio_low"
2025-05-05 18:20:00,CANCEL,SRR-1,short,bearish,upper_edge,H:94650.0@20,SWH:94665.9,94650.0,94678.56499999999,93559.6,28.564999999987776,3.0179609086093793,0.22554283458339872,38.17258883250344,0.08156606851551304,0.8254486133768496,0.17455138662315042,0.0,1.0,PASS,CANCEL,,,clear,BTCUSDT|short|H:94650.0@20|SWH:94665.9,"v10_1_pass,weak_body_ratio,v11_quality_fail,r_abs_bps_low,r_abs_atr_low,body_ratio_low"
2025-05-05 18:25:00,CANCEL,SRR-1,short,bearish,upper_edge,H:94650.0@20,SWH:94665.9,94650.0,94677.87214285714,93559.6,27.872142857144354,2.94475888612196,0.23280830499374716,39.12149868019553,0.8805970149252921,1.0,0.0,0.0,0.0,PASS,CANCEL,,,clear,BTCUSDT|short|H:94650.0@20|SWH:94665.9,"v10_1_pass,v11_quality_fail,r_abs_bps_low,r_abs_atr_low"
2025-05-05 22:25:00,CANCEL,SRR-1,short,bearish,upper_edge,H:94871.8@20,SWH:94950.0,94871.8,94962.52285714286,93814.2,90.72285714285681,9.562679019777933,0.7244581336983607,11.657481182880465,0.7718253968254034,0.7728174603175246,0.22718253968247537,0.0,0.0,PASS,CANCEL,,,clear,BTCUSDT|short|H:94871.8@20|SWH:94950.0,"v10_1_pass,v11_quality_fail,r_abs_bps_low"
2025-05-06 02:35:00,CANCEL,SRR-1,long,bearish,lower_edge,L:94005.4@20,SWL:93961.0,94005.4,93947.875,95165.1,57.52499999999418,6.1193293151238315,0.4382857142856699,20.159930465017453,0.238864628820948,0.7331877729257388,0.2668122270742612,0.0,1.0,PASS,CANCEL,,,clear,BTCUSDT|long|L:94005.4@20|SWL:93961.0,"v10_1_pass,weak_body_ratio,v11_quality_fail,r_abs_bps_low,r_abs_atr_low,body_ratio_low"
2025-05-06 07:05:00,CANCEL,SRR-1,short,bearish,upper_edge,H:94572.2@20,SWH:94600.0,94572.2,94606.40642857143,93961.0,34.20642857142957,3.6169644537643797,0.5339391236481317,17.867986385181794,0.4908155767817785,0.508449669360721,0.0007347538575004886,0.0,2.0,PASS,CANCEL,,,clear,BTCUSDT|short|H:94572.2@20|SWH:94600.0,"v10_1_pass,weak_close_strength,body_not_aligned,v11_quality_fail,r_abs_bps_low,r_abs_atr_low,close_strength_low"
2025-05-06 07:10:00,CANCEL,SRR-1,short,bearish,upper_edge,H:94572.2@20,SWH:94600.0,94572.2,94606.25,93961.0,34.05000000000291,3.600423803189829,0.5448000000000375,17.95007342143744,0.47238095238073063,0.6095238095238096,0.3904761904761905,0.0,0.0,PASS,CANCEL,,,clear,BTCUSDT|short|H:94572.2@20|SWH:94600.0,"v10_1_pass,v11_quality_fail,r_abs_bps_low,r_abs_atr_low"
2025-05-06 11:40:00,CANCEL,SRR-1,long,bearish,lower_edge,L:93812.0@20,SWL:93789.0,93812.0,93778.43071428571,94600.0,33.5692857142858,3.57835732254784,0.31761167804284796,23.4738387556652,0.3425054308472188,0.46560463432295585,0.5343953656770442,0.0,2.0,PASS,CANCEL,,,clear,BTCUSDT|long|L:93812.0@20|SWL:93789.0,"v10_1_pass,weak_close_strength,opposite_wick_high,v11_quality_fail,r_abs_bps_low,r_abs_atr_low,close_strength_low"
2025-05-06 16:20:00,CANCEL,SRR-1,short,bearish,upper_edge,H:94768.6@20,SWH:94768.7,94768.6,94786.57428571428,93327.0,17.97428571427008,1.8966499150847518,0.10055946291551379,80.20346526791303,0.6202298850575114,0.6450574712643812,0.3549425287356188,0.0,0.0,PASS,CANCEL,,,clear,BTCUSDT|short|H:94768.6@20|SWH:94768.7,"v10_1_pass,v11_quality_fail,r_abs_bps_low,r_abs_atr_low"
2025-05-06 16:25:00,CANCEL,SRR-1,short,bearish,upper_edge,H:94768.6@20,SWH:94768.7,94768.6,94786.77142857143,93327.0,18.171428571426077,1.9174524654185117,0.10055335968378065,79.33333333334454,0.7877423822714602,0.9456371191135841,0.05436288088641597,0.0,0.0,PASS,CANCEL,,,clear,BTCUSDT|short|H:94768.6@20|SWH:94768.7,"v10_1_pass,v11_quality_fail,r_abs_bps_low,r_abs_atr_low"
2025-05-06 17:40:00,CANCEL,SRR-1,short,bearish,upper_edge,H:94768.7@20,SWH:94800.0,94768.7,94814.90142857142,93327.0,46.20142857142491,4.8751780462774015,0.3100469753618714,31.204662811912986,0.5274131274131499,0.9660231660232109,0.03397683397678903,0.0,0.0,PASS,CANCEL,,,clear,BTCUSDT|short|H:94768.7@20|SWH:94800.0,"v10_1_pass,v11_quality_fail,r_abs_bps_low,r_abs_atr_low"
2025-05-06 18:40:00,CANCEL,SRR-1,short,bearish,upper_edge,H:94881.0@20,SWH:94917.4,94881.0,94929.55142857142,93327.0,48.55142857141618,5.117086515890028,0.3995532565247013,32.00729712235266,0.3105263157894737,0.5884210526315177,0.10105263157900864,0.0,2.0,PASS,CANCEL,,,clear,BTCUSDT|short|H:94881.0@20|SWH:94917.4,"v10_1_pass,weak_close_strength,body_not_aligned,v11_quality_fail,r_abs_bps_low,r_abs_atr_low,close_strength_low"
2025-05-06 19:05:00,CANCEL,SRR-1,short,bullish,upper_edge,H:95050.0@20,SWH:95079.9,95050.0,95092.31642857142,93561.3,42.3164285714156,4.452017735025313,0.340809986768577,35.180190064659705,0.5215398716773486,1.0,0.0,0.0,0.0,PASS,CANCEL,,,clear,BTCUSDT|short|H:95050.0@20|SWH:95079.9,"v10_1_pass,v11_quality_fail,r_abs_bps_low,r_abs_atr_low"
2025-05-06 19:10:00,CANCEL,SRR-1,short,bullish,upper_edge,H:95050.0@20,SWH:95079.9,95050.0,95092.64285714286,93561.3,42.642857142855064,4.486360562109949,0.3346412556053621,34.91088777219594,0.48327645051196527,1.0,0.0,0.0,0.0,PASS,CANCEL,,,clear,BTCUSDT|short|H:95050.0@20|SWH:95079.9,"v10_1_pass,v11_quality_fail,r_abs_bps_low,r_abs_atr_low"
2025-05-06 19:40:00,CANCEL,SRR-1,short,bullish,upper_edge,H:95099.1@20,SWH:95119.9,95099.1,95131.21285714285,94025.6,32.112857142841676,3.3767782389992838,0.28386159868656824,33.42897815740744,0.7580487804877765,0.859512195122008,0.140487804877992,0.0,0.0,PASS,CANCEL,,,clear,BTCUSDT|short|H:95099.1@20|SWH:95119.9,"v10_1_pass,v11_quality_fail,r_abs_bps_low,r_abs_atr_low"
2025-05-06 22:40:00,CANCEL,SRR-1,short,bullish,upper_edge,H:95634.3@20,SWH:95888.0,95634.3,95908.03285714285,94400.0,273.73285714285157,28.622874548446696,1.3664194537545153,4.5091408202993515,0.07750000000005457,0.7756250000000364,0.22437499999996363,0.0,2.0,PASS,CANCEL,,,clear,BTCUSDT|short|H:95634.3@20|SWH:95888.0,"v10_1_pass,weak_body_ratio,weak_retest,v11_quality_fail,body_ratio_low"
2025-05-06 23:10:00,CANCEL,SRR-1,short,bullish,upper_edge,H:96248.9@20,SWH:96388.0,96248.9,96416.29285714286,94400.0,167.39285714286962,17.391664439060563,0.5916435243625745,11.045274162576483,0.5038191261839513,0.8087381607088582,0.1912618392911418,0.0,0.0,PASS,CANCEL,,,clear,BTCUSDT|short|H:96248.9@20|SWH:96388.0,"v10_1_pass,v11_quality_fail,r_abs_bps_low,r_abs_atr_low"
2025-05-06 23:55:00,CANCEL,SRR-1,short,bullish,upper_edge,H:96842.8@20,SWH:96879.5,96842.8,96900.05428571429,94400.0,57.25428571428347,5.912084916409219,0.2785515707533941,42.66580168671264,0.42783171521039365,0.6556634304207308,0.34433656957926917,0.0,0.0,PASS,CANCEL,,,clear,BTCUSDT|short|H:96842.8@20|SWH:96879.5,"v10_1_pass,v11_quality_fail,r_abs_bps_low,r_abs_atr_low"
2025-05-07 00:05:00,CANCEL,SRR-1,short,bullish,upper_edge,H:96879.5@20,SWH:96934.9,96879.5,96955.3557142857,94400.0,75.85571428570256,7.8299035694551025,0.3708289685033294,32.68705625341849,0.28062157221205414,0.9021937842779008,0.09780621572209926,0.0,1.0,PASS,CANCEL,,,clear,BTCUSDT|short|H:96879.5@20|SWH:96934.9,"v10_1_pass,weak_body_ratio,v11_quality_fail,r_abs_bps_low,r_abs_atr_low,body_ratio_low"
2025-05-07 00:10:00,CANCEL,SRR-1,short,bullish,upper_edge,H:96879.5@20,SWH:97050.0,96879.5,97071.41285714286,94400.0,191.91285714285914,19.809439266600172,0.8962505837614335,12.919926454715176,0.36,0.64,0.0,0.0,1.0,PASS,CANCEL,,,clear,BTCUSDT|short|H:96879.5@20|SWH:97050.0,"v10_1_pass,body_not_aligned,v11_quality_fail,r_abs_bps_low"
2025-05-07 08:05:00,CANCEL,SRR-1,short,bullish,upper_edge,H:96963.0@20,SWH:96965.3,96963.0,96973.37571428572,96153.2,10.375714285721187,1.0700694373855169,0.12848045285697493,78.04763871673207,0.7308347529812311,0.9463373083475091,0.05366269165249098,0.0,0.0,PASS,CANCEL,,,clear,BTCUSDT|short|H:96963.0@20|SWH:96965.3,"v10_1_pass,v11_quality_fail,r_abs_bps_low,r_abs_atr_low"
2025-05-07 08:50:00,CANCEL,SRR-1,short,bullish,upper_edge,H:97021.4@20,SWH:97033.6,97021.4,97041.35857142857,96268.0,19.95857142857858,2.057130842121283,0.2572454428282944,37.74819268483337,0.1474452554743251,1.0,0.0,0.0,1.0,PASS,CANCEL,,,clear,BTCUSDT|short|H:97021.4@20|SWH:97033.6,"v10_1_pass,weak_body_ratio,v11_quality_fail,r_abs_bps_low,r_abs_atr_low,body_ratio_low"
2025-05-07 10:50:00,CANCEL,SRR-1,short,bullish,upper_edge,H:97033.6@20,SWH:97038.6,97033.6,97045.18428571429,96268.0,11.584285714285215,1.1938427219319097,0.1759383814276362,66.08953015168666,0.08391608391586332,0.6503496503497215,0.34965034965027847,0.0,1.0,PASS,CANCEL,,,clear,BTCUSDT|short|H:97033.6@20|SWH:97038.6,"v10_1_pass,weak_body_ratio,v11_quality_fail,r_abs_bps_low,r_abs_atr_low,body_ratio_low"
2025-05-07 13:35:00,CANCEL,SRR-1,long,bullish,lower_edge,L:96670.1@20,SWL:96655.2,96670.1,96645.60785714285,97150.0,24.49214285715425,2.533579964968925,0.25533546801709806,19.594038904595624,0.6213159698423616,0.70253598355037,0.29746401644963005,0.0,0.0,PASS,CANCEL,,,clear,BTCUSDT|long|L:96670.1@20|SWL:96655.2,"v10_1_pass,v11_quality_fail,r_abs_bps_low,r_abs_atr_low"
2025-05-07 13:40:00,CANCEL,SRR-1,long,bullish,lower_edge,L:96670.1@20,SWL:96655.2,96670.1,96645.35785714285,97150.0,24.74214285715425,2.5594411154177195,0.2513897960665948,19.39605646813368,0.38680465717981605,0.9698145752479509,0.030185424752049054,0.0,0.0,PASS,CANCEL,,,clear,BTCUSDT|long|L:96670.1@20|SWL:96655.2,"v10_1_pass,v11_quality_fail,r_abs_bps_low,r_abs_atr_low"
2025-05-07 14:35:00,CANCEL,SRR-1,short,bullish,upper_edge,H:97421.7@20,SWH:97446.8,97421.7,97466.38,96655.2,44.68000000000757,4.5862472118642525,0.2281920326864548,17.155326768126013,0.6100141043723429,0.8758815232721758,0.12411847672782411,0.0,0.0,PASS,CANCEL,,,clear,BTCUSDT|short|H:97421.7@20|SWH:97446.8,"v10_1_pass,v11_quality_fail,r_abs_bps_low,r_abs_atr_low"
2025-05-07 16:35:00,CANCEL,SRR-1,long,bullish,lower_edge,L:96474.2@20,SWL:96458.6,96474.2,96443.88714285714,97446.8,30.312857142853318,3.1420687751599203,0.20602971162246278,32.085395164715116,0.5789473684211071,0.8293029871976958,0.17069701280230423,0.0,0.0,PASS,CANCEL,,,clear,BTCUSDT|long|L:96474.2@20|SWL:96458.6,"v10_1_pass,v11_quality_fail,r_abs_bps_low,r_abs_atr_low"
2025-05-07 16:40:00,CANCEL,SRR-1,long,bullish,lower_edge,L:96474.2@20,SWL:96458.6,96474.2,96444.07785714287,97446.8,30.122142857129802,3.1223003515063925,0.20742216319896664,32.288539517692215,0.5194672131148423,1.0,0.0,0.0,0.0,PASS,CANCEL,,,clear,BTCUSDT|long|L:96474.2@20|SWL:96458.6,"v10_1_pass,v11_quality_fail,r_abs_bps_low,r_abs_atr_low"
2025-05-07 18:05:00,CANCEL,SRR-1,long,bullish,lower_edge,L:96146.7@20,SWL:96100.0,96146.7,96082.815,97446.8,63.88499999999476,6.644533821753089,0.3717486179807609,20.35063003835192,0.5349361382419346,0.8681442524417772,0.13185574755822288,0.0,0.0,PASS,CANCEL,,,clear,BTCUSDT|long|L:96146.7@20|SWL:96100.0,"v10_1_pass,v11_quality_fail,r_abs_bps_low,r_abs_atr_low"
2025-05-07 19:40:00,CANCEL,SRR-1,long,bullish,lower_edge,L:95837.9@20,SWL:95718.5,95837.9,95689.39642857143,97446.8,148.50357142856228,15.49528646063429,0.5102589274757288,10.834082874390472,0.8522114347356887,0.9525350593311349,0.04746494066886503,0.0,0.0,PASS,CANCEL,,,clear,BTCUSDT|long|L:95837.9@20|SWL:95718.5,"v10_1_pass,v11_quality_fail,r_abs_bps_low,r_abs_atr_low"
2025-05-07 21:40:00,CANCEL,SRR-1,short,bullish,upper_edge,H:97112.8@20,SWH:97200.0,97112.8,97214.13928571428,95718.5,101.33928571427532,10.435214072117715,0.7167213942914248,13.75873127753448,0.9164556962025501,1.0,0.0,0.0,0.0,PASS,CANCEL,,,clear,BTCUSDT|short|H:97112.8@20|SWH:97200.0,"v10_1_pass,v11_quality_fail,r_abs_bps_low"
2025-05-07 21:55:00,CANCEL,SRR-1,short,bullish,upper_edge,H:97200.0@20,SWH:97293.4,97200.0,97309.72714285714,95718.5,109.72714285714028,11.288800705467107,0.6720535479919465,13.501672981031186,0.7133399536577498,0.7136709698775158,0.2863290301224843,0.0,0.0,PASS,CANCEL,,,clear,BTCUSDT|short|H:97200.0@20|SWH:97293.4,"v10_1_pass,v11_quality_fail,r_abs_bps_low,r_abs_atr_low"
2025-05-08 02:40:00,CANCEL,SRR-1,short,bullish,upper_edge,H:98599.9@20,SWH:98815.2,98599.9,98834.35357142857,96831.5,234.45357142857392,23.77827679628214,1.2240723475666868,7.542644751473687,0.004437273094013096,0.9124647035094893,0.08753529649051069,0.0,2.0,PASS,CANCEL,,,clear,BTCUSDT|short|H:98599.9@20|SWH:98815.2,"v10_1_pass,weak_body_ratio,weak_retest,v11_quality_fail,body_ratio_low"
2025-05-08 03:50:00,CANCEL,SRR-1,short,bullish,upper_edge,H:99103.2@20,SWH:99199.9,99103.2,99217.48928571428,96831.5,114.28928571428696,11.532350692438486,0.6497664974619437,19.8767538514419,0.3578921688216618,0.6582093193461629,0.34179068065383705,0.0,0.0,PASS,CANCEL,,,clear,BTCUSDT|short|H:99103.2@20|SWH:99199.9,"v10_1_pass,v11_quality_fail,r_abs_bps_low,r_abs_atr_low"
2025-05-08 04:10:00,CANCEL,SRR-1,short,bullish,upper_edge,H:99199.9@20,SWH:99355.0,99199.9,99374.20571428571,96831.5,174.3057142857142,17.57115826585654,0.9075721511455057,13.587621092661472,0.14315033350441028,0.9892252437147699,0.010774756285230024,0.0,1.0,PASS,CANCEL,,,clear,BTCUSDT|short|H:99199.9@20|SWH:99355.0,"v10_1_pass,weak_body_ratio,v11_quality_fail,r_abs_bps_low,body_ratio_low"
2025-05-08 04:25:00,CANCEL,SRR-1,short,bullish,upper_edge,H:99355.0@20,SWH:99374.3,99355.0,99392.76785714286,96831.5,37.767857142855064,3.8013041258975457,0.20450589827885393,66.81607565012187,0.763458401305159,0.7642740619902427,0.23572593800975725,0.0,0.0,PASS,CANCEL,,,clear,BTCUSDT|short|H:99355.0@20|SWH:99374.3,"v10_1_pass,v11_quality_fail,r_abs_bps_low,r_abs_atr_low"
2025-05-08 08:25:00,CANCEL,SRR-1,short,bullish,upper_edge,H:99599.0@20,SWH:99695.9,99599.0,99709.99142857142,98633.0,110.99142857141851,11.143829613893566,0.7876520681264482,8.703374777975922,0.3498424133273962,0.8937415578568564,0.10625844214314362,0.0,0.0,PASS,CANCEL,,,clear,BTCUSDT|short|H:99599.0@20|SWH:99695.9,"v10_1_pass,v11_quality_fail,r_abs_bps_low"
2025-05-08 10:35:00,CANCEL,SRR-1,short,bullish,upper_edge,H:99800.0@20,SWH:99863.3,99800.0,99872.46,98680.1,72.4600000000064,7.260521042084809,0.7910480349345713,15.45542368203002,0.41761006289304514,1.0,0.0,0.0,0.0,PASS,CANCEL,,,clear,BTCUSDT|short|H:99800.0@20|SWH:99863.3,"v10_1_pass,v11_quality_fail,r_abs_bps_low"
2025-05-08 10:40:00,CANCEL,SRR-1,short,bullish,upper_edge,H:99800.0@20,SWH:99863.3,99800.0,99872.07214285714,98680.1,72.07214285714144,7.221657600915976,0.8216024753684353,15.538597238877935,0.0654867256636653,0.8530973451326919,0.08141592920364285,0.0,2.0,PASS,CANCEL,,,clear,BTCUSDT|short|H:99800.0@20|SWH:99863.3,"v10_1_pass,weak_body_ratio,body_not_aligned,v11_quality_fail,r_abs_bps_low,body_ratio_low"
2025-05-08 13:20:00,CANCEL,SRR-1,long,bullish,lower_edge,L:99201.0@20,SWL:99192.8,99201.0,99181.18000000001,99863.3,19.819999999992433,1.9979637302035698,0.17056798623057293,33.41574167508858,0.7145359019263866,0.8896672504377746,0.11033274956222541,0.0,0.0,PASS,CANCEL,,,clear,BTCUSDT|long|L:99201.0@20|SWL:99192.8,"v10_1_pass,v11_quality_fail,r_abs_bps_low,r_abs_atr_low"
2025-05-08 13:25:00,CANCEL,SRR-1,long,bullish,lower_edge,L:99201.0@20,SWL:99192.8,99201.0,99181.25571428571,99863.3,19.744285714288708,1.9903313186650042,0.17103081301821704,33.543882497643565,0.35697674418618186,0.4139534883721607,0.5860465116278393,0.0,2.0,PASS,CANCEL,,,clear,BTCUSDT|long|L:99201.0@20|SWL:99192.8,"v10_1_pass,weak_close_strength,opposite_wick_high,v11_quality_fail,r_abs_bps_low,r_abs_atr_low,close_strength_low"
2025-05-08 13:55:00,CANCEL,SRR-1,long,bullish,lower_edge,L:99156.5@20,SWL:99050.1,99156.5,99034.73714285715,99863.3,121.76285714285041,12.279866387261592,0.7925795053003137,5.804725813642788,0.6172893136402826,0.6390095569070076,0.3609904430929925,0.0,0.0,PASS,CANCEL,,,clear,BTCUSDT|long|L:99156.5@20|SWL:99050.1,"v10_1_pass,v11_quality_fail,r_abs_bps_low"
2025-05-08 20:10:00,CANCEL,SRR-1,short,bullish,upper_edge,H:101686.7@20,SWH:101813.0,101686.7,101832.06285714285,99264.7,145.36285714285623,14.295169097124425,0.7625449640287714,16.66175285492473,0.4278992526986011,0.5721007473013989,0.0,0.0,2.0,PASS,CANCEL,,,clear,BTCUSDT|short|H:101686.7@20|SWH:101813.0,"v10_1_pass,weak_close_strength,body_not_aligned,v11_quality_fail,r_abs_bps_low,close_strength_low"
2025-05-09 09:35:00,CANCEL,SRR-1,long,bullish,lower_edge,L:102390.0@20,SWL:102376.5,102390.0,102338.58,104373.0,51.419999999998254,5.021974802226609,0.13560126582278048,38.56476079346689,0.5971624018241672,1.0,0.0,0.0,0.0,PASS,CANCEL,,,clear,BTCUSDT|long|L:102390.0@20|SWL:102376.5,"v10_1_pass,v11_quality_fail,r_abs_bps_low,r_abs_atr_low"
2025-05-09 09:40:00,CANCEL,SRR-1,long,bullish,lower_edge,L:102390.0@20,SWL:102376.5,102390.0,102340.06785714286,104373.0,49.932142857142026,4.876662062422309,0.1370551906675801,39.71389743223011,0.02769763416043412,0.9134448932486958,0.05885747259087002,0.0,2.0,PASS,CANCEL,,,clear,BTCUSDT|long|L:102390.0@20|SWL:102376.5,"v10_1_pass,weak_body_ratio,body_not_aligned,v11_quality_fail,r_abs_bps_low,r_abs_atr_low,body_ratio_low"
2025-05-09 23:10:00,CANCEL,SRR-1,long,bullish,lower_edge,L:102711.1@20,SWL:102700.0,102711.1,102692.28142857143,103366.0,18.818571428579162,1.8321847812533563,0.2438089950028817,34.80072876336503,0.17129186602865243,0.8277511961722488,0.0009569377990987633,0.0,2.0,PASS,CANCEL,,,clear,BTCUSDT|long|L:102711.1@20|SWL:102700.0,"v10_1_pass,weak_body_ratio,body_not_aligned,v11_quality_fail,r_abs_bps_low,r_abs_atr_low,body_ratio_low"
2025-05-10 02:50:00,CANCEL,SRR-1,short,bullish,upper_edge,H:103194.3@20,SWH:103232.0,103194.3,103239.95642857143,102700.0,45.65642857142666,4.4243169023314906,0.5738306849806925,10.826514807804143,0.40116959064330887,0.5988304093566911,0.0,0.0,2.0,PASS,CANCEL,,,clear,BTCUSDT|short|H:103194.3@20|SWH:103232.0,"v10_1_pass,weak_close_strength,body_not_aligned,v11_quality_fail,r_abs_bps_low,r_abs_atr_low,close_strength_low"
2025-05-10 02:55:00,CANCEL,SRR-1,short,bullish,upper_edge,H:103194.3@20,SWH:103232.0,103194.3,103240.35857142857,102700.0,46.05857142856985,4.46328638583428,0.5510340112801261,10.731987221240468,0.7561619718309928,0.7561619718309928,0.2438380281690072,0.0,0.0,PASS,CANCEL,,,clear,BTCUSDT|short|H:103194.3@20|SWH:103232.0,"v10_1_pass,v11_quality_fail,r_abs_bps_low,r_abs_atr_low"
2025-05-10 06:40:00,CANCEL,SRR-1,short,bullish,upper_edge,H:103685.2@20,SWH:103840.0,103685.2,103850.42142857143,102861.7,165.221428571429,15.934909569681015,1.5854009595613474,4.984220310405936,0.026003391746701077,0.9039005087620092,0.09609949123799072,0.0,2.0,PASS,CANCEL,,,clear,BTCUSDT|short|H:103685.2@20|SWH:103840.0,"v10_1_pass,weak_body_ratio,weak_retest,v11_quality_fail,r_abs_bps_low,body_ratio_low"
2025-05-10 07:05:00,CANCEL,SRR-1,short,bullish,upper_edge,H:103919.9@20,SWH:103958.8,103919.9,103972.68714285715,102903.6,52.7871428571525,5.079599081326339,0.38011521448417657,19.252794241018155,0.252427184465916,0.6325616131440744,0.36743838685592556,0.0,1.0,PASS,CANCEL,,,clear,BTCUSDT|short|H:103919.9@20|SWH:103958.8,"v10_1_pass,weak_body_ratio,v11_quality_fail,r_abs_bps_low,r_abs_atr_low,body_ratio_low"
2025-05-10 07:10:00,CANCEL,SRR-1,short,bullish,upper_edge,H:103919.9@20,SWH:104085.0,103919.9,104099.83571428571,102903.6,179.93571428571886,17.31484675078776,1.212855079441533,5.648128299789399,0.1342364532019553,0.9995894909687775,0.00041050903122257133,0.0,1.0,PASS,CANCEL,,,clear,BTCUSDT|short|H:103919.9@20|SWH:104085.0,"v10_1_pass,weak_body_ratio,v11_quality_fail,r_abs_bps_low,body_ratio_low"
2025-05-11 09:40:00,CANCEL,SRR-1,short,bullish,upper_edge,H:104280.0@20,SWH:104288.0,104280.0,104300.83142857143,103283.3,20.83142857142957,1.9976437065045616,0.16234691605434048,47.84597448909371,0.04304635761582703,0.7075055187638157,0.24944812362035726,0.0,2.0,PASS,CANCEL,,,clear,BTCUSDT|short|H:104280.0@20|SWH:104288.0,"v10_1_pass,weak_body_ratio,body_not_aligned,v11_quality_fail,r_abs_bps_low,r_abs_atr_low,body_ratio_low"
2025-05-11 10:40:00,CANCEL,SRR-1,short,bullish,upper_edge,H:104463.9@20,SWH:104488.0,104463.9,104497.85,103283.3,33.95000000001164,3.2499265296443696,0.3446700507615431,34.77466863032655,0.6727561556791184,0.6735504368545853,0.3264495631454148,0.0,0.0,PASS,CANCEL,,,clear,BTCUSDT|short|H:104463.9@20|SWH:104488.0,"v10_1_pass,v11_quality_fail,r_abs_bps_low,r_abs_atr_low"
2025-05-11 11:10:00,CANCEL,SRR-1,short,bullish,upper_edge,H:104637.6@20,SWH:104750.0,104637.6,104761.11642857143,103283.3,123.51642857142724,11.804210778097666,1.1111161087193742,10.964533347212484,0.7930313588849363,0.9163763066202091,0.08362369337979095,0.0,0.0,PASS,CANCEL,,,clear,BTCUSDT|short|H:104637.6@20|SWH:104750.0,"v10_1_pass,v11_quality_fail,r_abs_bps_low"
2025-05-11 14:25:00,CANCEL,SRR-1,long,bullish,lower_edge,L:103853.9@20,SWL:103726.6,103853.9,103707.41714285714,104873.5,146.48285714285157,14.104704507279127,0.7636133452487115,6.960541457801315,0.5694444444444844,0.9278846153846143,0.07211538461538573,0.0,0.0,PASS,CANCEL,,,clear,BTCUSDT|long|L:103853.9@20|SWL:103726.6,"v10_1_pass,v11_quality_fail,r_abs_bps_low"
2025-05-12 06:50:00,CANCEL,SRR-1,short,bearish,upper_edge,H:104324.3@20,SWH:104375.0,104324.3,104386.42571428571,103664.8,62.125714285706636,5.955056902917789,0.5437359339834269,10.615572111848254,0.003984063745058417,0.9960159362549416,0.0,0.0,2.0,PASS,CANCEL,,,clear,BTCUSDT|short|H:104324.3@20|SWH:104375.0,"v10_1_pass,weak_body_ratio,body_not_aligned,v11_quality_fail,r_abs_bps_low,r_abs_atr_low,body_ratio_low"
2025-05-12 06:55:00,CANCEL,SRR-1,short,bearish,upper_edge,H:104324.3@20,SWH:104375.0,104324.3,104386.105,103664.8,61.804999999993015,5.924314852818855,0.5565511031066468,10.670657713778409,0.3651354534747011,0.6289752650176424,0.3710247349823576,0.0,0.0,PASS,CANCEL,,,clear,BTCUSDT|short|H:104324.3@20|SWH:104375.0,"v10_1_pass,v11_quality_fail,r_abs_bps_low,r_abs_atr_low"
2025-05-12 14:35:00,CANCEL,SRR-1,long,bullish,lower_edge,L:102588.0@20,SWL:102510.0,102588.0,102465.37571428572,104620.1,122.62428571427881,11.953082788852383,0.274792713768912,16.571758099654975,0.3593258426966325,0.8053932584269695,0.19460674157303043,0.0,0.0,PASS,CANCEL,,,clear,BTCUSDT|long|L:102588.0@20|SWL:102510.0,"v10_1_pass,v11_quality_fail,r_abs_bps_low,r_abs_atr_low"
2025-05-12 14:40:00,CANCEL,SRR-1,long,bullish,lower_edge,L:102588.0@20,SWL:102510.0,102588.0,102463.89,104620.1,124.11000000000058,12.097906187858287,0.26916070266753506,16.3733784545967,0.3866213151927438,0.9192743764172203,0.08072562358277964,0.0,0.0,PASS,CANCEL,,,clear,BTCUSDT|long|L:102588.0@20|SWL:102510.0,"v10_1_pass,v11_quality_fail,r_abs_bps_low,r_abs_atr_low"
2025-05-12 15:10:00,CANCEL,SRR-1,long,bearish,lower_edge,L:102510.0@20,SWL:102355.5,102510.0,102311.16,104620.1,198.8399999999965,19.397131987122865,0.4484438430311138,10.612049889358493,0.6725388601036043,0.6844559585492153,0.31554404145078474,0.0,0.0,PASS,CANCEL,,,clear,BTCUSDT|long|L:102510.0@20|SWL:102355.5,"v10_1_pass,v11_quality_fail,r_abs_bps_low,r_abs_atr_low"
2025-05-12 15:55:00,CANCEL,SRR-1,long,bearish,lower_edge,L:102355.5@20,SWL:102345.0,102355.5,102312.27071428571,104620.1,43.22928571428929,4.223445316987293,0.13208136007508509,52.38578344706376,0.961008270972846,0.961008270972846,0.038991729027154025,0.0,0.0,PASS,CANCEL,,,clear,BTCUSDT|long|L:102355.5@20|SWL:102345.0,"v10_1_pass,v11_quality_fail,r_abs_bps_low,r_abs_atr_low"
2025-05-12 22:55:00,CANCEL,SRR-1,short,bearish,upper_edge,H:102859.1@20,SWH:102888.0,102859.1,102900.03285714285,100678.0,40.93285714284866,3.9795076121459996,0.3401757093671431,53.28482183367607,0.5312084993359688,0.5312084993359688,0.46879150066403114,0.0,2.0,PASS,CANCEL,,,clear,BTCUSDT|short|H:102859.1@20|SWH:102888.0,"v10_1_pass,weak_close_strength,opposite_wick_high,v11_quality_fail,r_abs_bps_low,r_abs_atr_low,close_strength_low"
2025-05-13 03:35:00,CANCEL,SRR-1,long,bearish,lower_edge,L:101455.4@20,SWL:101400.0,101455.4,101379.67571428571,103080.9,75.72428571428463,7.463800420114123,0.37258030505376644,21.46603278812263,0.0170357751277681,0.7568143100510856,0.24318568994891446,0.0,1.0,PASS,CANCEL,,,clear,BTCUSDT|long|L:101455.4@20|SWL:101400.0,"v10_1_pass,weak_body_ratio,v11_quality_fail,r_abs_bps_low,r_abs_atr_low,body_ratio_low"
2025-05-13 03:40:00,CANCEL,SRR-1,long,bearish,lower_edge,L:101455.4@20,SWL:101400.0,101455.4,101380.34857142858,103080.9,75.05142857141618,7.39747993417957,0.3819133469031089,21.65848180295774,0.4737183646982747,0.9234263465282996,0.07657365347170036,0.0,0.0,PASS,CANCEL,,,clear,BTCUSDT|long|L:101455.4@20|SWL:101400.0,"v10_1_pass,v11_quality_fail,r_abs_bps_low,r_abs_atr_low"
2025-05-13 07:25:00,CANCEL,SRR-1,short,bearish,upper_edge,H:102727.8@20,SWH:102900.0,102727.8,102911.95857142858,101400.0,184.15857142857567,17.92684856762976,1.5399713295902635,7.210090682718935,0.8398936170212457,0.9228723404255319,0.07712765957446809,0.0,0.0,PASS,CANCEL,,,clear,BTCUSDT|short|H:102727.8@20|SWH:102900.0,"v10_1_pass,v11_quality_fail,r_abs_bps_low"
2025-05-13 08:20:00,CANCEL,SRR-1,short,bearish,upper_edge,H:102900.0@20,SWH:102922.0,102900.0,102934.29285714286,101400.0,34.292857142863795,3.3326391781208744,0.2789657176060924,43.740887315134195,0.47004219409280246,0.9350210970464381,0.06497890295356194,0.0,0.0,PASS,CANCEL,,,clear,BTCUSDT|short|H:102900.0@20|SWH:102922.0,"v10_1_pass,v11_quality_fail,r_abs_bps_low,r_abs_atr_low"
2025-05-13 08:25:00,CANCEL,SRR-1,short,bearish,upper_edge,H:102900.0@20,SWH:102922.0,102900.0,102935.91285714286,101400.0,35.91285714285914,3.490073580452783,0.2581271177739089,41.76777119216921,0.8312655086848464,0.834455866713945,0.16554413328605505,0.0,0.0,PASS,CANCEL,,,clear,BTCUSDT|short|H:102900.0@20|SWH:102922.0,"v10_1_pass,v11_quality_fail,r_abs_bps_low,r_abs_atr_low"
2025-05-13 10:05:00,CANCEL,SRR-1,short,bearish,upper_edge,H:103468.0@20,SWH:103485.5,103468.0,103497.84,102222.0,29.839999999996508,2.8839834538211337,0.24181523500807664,41.756032171586654,0.3847517730496864,0.8486997635934296,0.1513002364065704,0.0,0.0,PASS,CANCEL,,,clear,BTCUSDT|short|H:103468.0@20|SWH:103485.5,"v10_1_pass,v11_quality_fail,r_abs_bps_low,r_abs_atr_low"
2025-05-13 10:35:00,CANCEL,SRR-1,short,bearish,upper_edge,H:103485.5@20,SWH:103492.5,103485.5,103503.95428571428,102222.0,18.45428571428056,1.7832726047881642,0.1611124968819728,68.46648087941222,0.4896392939370797,0.8756715272448448,0.12432847275515524,0.0,0.0,PASS,CANCEL,,,clear,BTCUSDT|short|H:103485.5@20|SWH:103492.5,"v10_1_pass,v11_quality_fail,r_abs_bps_low,r_abs_atr_low"
2025-05-13 14:20:00,CANCEL,SRR-1,long,bullish,lower_edge,L:102939.9@20,SWL:102762.9,102939.9,102738.82142857142,103930.1,201.07857142857392,19.533589155281277,0.835093444081878,4.924443181414511,0.35187395559800827,1.0,0.0,0.0,0.0,PASS,CANCEL,,,clear,BTCUSDT|long|L:102939.9@20|SWL:102762.9,"v10_1_pass,v11_quality_fail,r_abs_bps_low"
2025-05-13 14:25:00,CANCEL,SRR-1,long,bullish,lower_edge,L:102939.9@20,SWL:102762.9,102939.9,102738.43928571428,103930.1,201.46071428571304,19.570712064584583,0.8236092860271451,4.915102200003634,0.6270270270270556,0.8073710073710216,0.19262899262897834,0.0,0.0,PASS,CANCEL,,,clear,BTCUSDT|long|L:102939.9@20|SWL:102762.9,"v10_1_pass,v11_quality_fail,r_abs_bps_low"
2025-05-13 16:20:00,CANCEL,SRR-1,short,bullish,upper_edge,H:104299.0@20,SWH:104365.0,104299.0,104387.73214285714,102762.9,88.73214285714494,8.50747781447041,0.3903377847604176,17.311652243911915,0.5696040868454927,0.9033631332482007,0.09663686675179929,0.0,0.0,PASS,CANCEL,,,clear,BTCUSDT|short|H:104299.0@20|SWH:104365.0,"v10_1_pass,v11_quality_fail,r_abs_bps_low,r_abs_atr_low"
2025-05-13 16:25:00,CANCEL,SRR-1,short,bullish,upper_edge,H:104299.0@20,SWH:104365.0,104299.0,104386.42071428572,102762.9,87.42071428571944,8.381740408414217,0.4081129747574339,17.571350366453533,0.8581661891116982,0.8586437440305417,0.1413562559694584,0.0,0.0,PASS,CANCEL,,,clear,BTCUSDT|short|H:104299.0@20|SWH:104365.0,"v10_1_pass,v11_quality_fail,r_abs_bps_low,r_abs_atr_low"
2025-05-13 19:40:00,CANCEL,SRR-1,short,bullish,upper_edge,H:104620.0@20,SWH:104749.9,104620.0,104765.65285714285,102858.0,145.65285714284983,13.92208537018255,0.9246123152262188,12.097256686643016,0.2056866303690405,0.8076225045372619,0.19237749546273805,0.0,2.0,PASS,CANCEL,,,clear,BTCUSDT|short|H:104620.0@20|SWH:104749.9,"v10_1_pass,weak_body_ratio,weak_retest,v11_quality_fail,r_abs_bps_low,body_ratio_low"
2025-05-13 19:55:00,CANCEL,SRR-1,short,bullish,upper_edge,H:104853.2@20,SWH:104949.2,104853.2,104968.90142857142,102858.0,115.70142857142491,11.034611110717165,0.5872743093321583,17.244385178600613,0.574003067484661,0.6340107361963241,0.36598926380367597,0.0,0.0,PASS,CANCEL,,,clear,BTCUSDT|short|H:104853.2@20|SWH:104949.2,"v10_1_pass,v11_quality_fail,r_abs_bps_low,r_abs_atr_low"
2025-05-14 00:35:00,CANCEL,SRR-1,long,bullish,lower_edge,L:103766.0@20,SWL:103703.7,103766.0,103691.30285714286,104949.2,74.69714285714144,7.198614464963615,0.6025351463470813,15.839963280294018,0.15054887611083362,1.0,0.0,0.0,1.0,PASS,CANCEL,,,clear,BTCUSDT|long|L:103766.0@20|SWL:103703.7,"v10_1_pass,weak_body_ratio,v11_quality_fail,r_abs_bps_low,r_abs_atr_low,body_ratio_low"
2025-05-14 03:40:00,CANCEL,SRR-1,long,bullish,lower_edge,L:103445.9@20,SWL:103409.0,103445.9,103399.6,104300.0,46.29999999998836,4.4757694601708105,0.49255319148923243,18.447084233266104,1.0,1.0,0.0,0.0,0.0,PASS,CANCEL,,,clear,BTCUSDT|long|L:103445.9@20|SWL:103409.0,"v10_1_pass,v11_quality_fail,r_abs_bps_low,r_abs_atr_low"
2025-05-14 12:20:00,CANCEL,SRR-1,short,bearish,upper_edge,H:104109.6@20,SWH:104148.4,104109.6,104159.70357142856,102815.0,50.10357142855355,4.812579380629025,0.4432543443916188,25.83847743959876,0.31975403535737174,0.6802459646426283,0.0,0.0,1.0,PASS,CANCEL,,,clear,BTCUSDT|short|H:104109.6@20|SWH:104148.4,"v10_1_pass,body_not_aligned,v11_quality_fail,r_abs_bps_low,r_abs_atr_low"
2025-05-14 19:25:00,CANCEL,SRR-1,short,bearish,upper_edge,H:103571.4@20,SWH:103675.0,103571.4,103691.81428571428,102536.0,120.41428571428696,11.626210103782219,0.7161427357689114,8.598647526396826,0.5693160813308227,0.7332101047442875,0.26678989525571245,0.0,1.0,PASS,CANCEL,,,clear,BTCUSDT|short|H:103571.4@20|SWH:103675.0,"v10_1_pass,weak_retest,v11_quality_fail,r_abs_bps_low"
2025-05-15 00:50:00,CANCEL,SRR-1,short,bearish,upper_edge,H:103788.0@20,SWH:103820.0,103788.0,103828.90928571428,103199.3,40.909285714282305,3.941620005615515,0.45917581977066535,14.39037591884596,0.5628140703517588,0.8844221105527639,0.11557788944723618,0.0,0.0,PASS,CANCEL,,,clear,BTCUSDT|short|H:103788.0@20|SWH:103820.0,"v10_1_pass,v11_quality_fail,r_abs_bps_low,r_abs_atr_low"
2025-05-15 00:55:00,CANCEL,SRR-1,short,bearish,upper_edge,H:103788.0@20,SWH:103820.0,103788.0,103828.895,103199.3,40.895000000004075,3.940243573438555,0.4597526700393873,14.395402860983944,0.20031055900609362,0.7981366459627602,0.0015527950311460747,0.0,2.0,PASS,CANCEL,,,clear,BTCUSDT|short|H:103788.0@20|SWH:103820.0,"v10_1_pass,weak_body_ratio,body_not_aligned,v11_quality_fail,r_abs_bps_low,r_abs_atr_low,body_ratio_low"
2025-05-15 02:25:00,CANCEL,SRR-1,long,bearish,lower_edge,L:102910.1@20,SWL:102901.4,102910.1,102886.16357142857,103820.0,23.936428571440047,2.3259552338827816,0.15709999531206106,38.01318969888637,0.5576571079927021,0.5576571079927021,0.442342892007298,0.0,1.0,PASS,CANCEL,,,clear,BTCUSDT|long|L:102910.1@20|SWL:102901.4,"v10_1_pass,weak_close_strength,v11_quality_fail,r_abs_bps_low,r_abs_atr_low,close_strength_low"
2025-05-15 02:40:00,CANCEL,SRR-1,long,bearish,lower_edge,L:102897.7@20,SWL:102853.9,102897.7,102838.51428571428,103820.0,59.18571428571886,5.751898661070059,0.38467966573818607,15.583152305091772,0.37116564417182124,1.0,0.0,0.0,0.0,PASS,CANCEL,,,clear,BTCUSDT|long|L:102897.7@20|SWL:102853.9,"v10_1_pass,v11_quality_fail,r_abs_bps_low,r_abs_atr_low"
2025-05-15 03:25:00,CANCEL,SRR-1,long,bearish,lower_edge,L:102805.3@20,SWL:102725.1,102805.3,102711.40571428572,103820.0,93.89428571428289,9.13321450492172,0.6856457333611164,10.806834433862084,0.5490109890110274,0.9692307692307692,0.03076923076923077,0.0,0.0,PASS,CANCEL,,,clear,BTCUSDT|long|L:102805.3@20|SWL:102725.1,"v10_1_pass,v11_quality_fail,r_abs_bps_low,r_abs_atr_low"
2025-05-15 03:50:00,CANCEL,SRR-1,long,bearish,lower_edge,L:102725.1@20,SWL:102723.2,102725.1,102710.96357142857,103820.0,14.136428571437136,1.3761416218078284,0.11552740645619979,77.45237734318948,0.1862955032120675,1.0,0.0,0.0,1.0,PASS,CANCEL,,,clear,BTCUSDT|long|L:102725.1@20|SWL:102723.2,"v10_1_pass,weak_body_ratio,v11_quality_fail,r_abs_bps_low,r_abs_atr_low,body_ratio_low"
2025-05-15 07:20:00,CANCEL,SRR-1,long,bearish,lower_edge,L:102034.7@20,SWL:102032.0,102034.7,102017.64357142858,103107.8,17.056428571420838,1.671630197513281,0.11880690581615624,62.914694920251655,0.887867647058972,0.9375000000001004,0.06249999999989969,0.0,0.0,PASS,CANCEL,,,clear,BTCUSDT|long|L:102034.7@20|SWL:102032.0,"v10_1_pass,v11_quality_fail,r_abs_bps_low,r_abs_atr_low"
2025-05-15 07:40:00,CANCEL,SRR-1,long,bearish,lower_edge,L:101810.2@20,SWL:101724.0,101810.2,101708.27,103104.1,101.92999999999302,10.011766993876156,0.6479974570883227,12.694005690180491,0.5456790123456791,0.5590123456789979,0.440987654321002,0.0,1.0,PASS,CANCEL,,,clear,BTCUSDT|long|L:101810.2@20|SWL:101724.0,"v10_1_pass,weak_close_strength,v11_quality_fail,r_abs_bps_low,r_abs_atr_low,close_strength_low"
2025-05-15 07:55:00,CANCEL,SRR-1,long,bearish,lower_edge,L:101724.0@20,SWL:101677.0,101724.0,101662.96928571428,103104.1,61.03071428572002,5.99963767505407,0.4349793819681746,22.61320412438499,0.34225941422589273,0.9581589958158996,0.04184100418410042,0.0,0.0,PASS,CANCEL,,,clear,BTCUSDT|long|L:101724.0@20|SWL:101677.0,"v10_1_pass,v11_quality_fail,r_abs_bps_low,r_abs_atr_low"
2025-05-15 09:55:00,CANCEL,SRR-1,long,bearish,lower_edge,L:101570.0@20,SWL:101433.0,101570.0,101417.42428571428,102888.0,152.57571428571828,15.021730263435884,0.9795744290562526,8.638334129190902,0.7546055739253764,0.7680680207841322,0.23193197921586783,0.0,0.0,PASS,CANCEL,,,clear,BTCUSDT|long|L:101570.0@20|SWL:101433.0,"v10_1_pass,v11_quality_fail,r_abs_bps_low"
2025-05-15 12:05:00,CANCEL,SRR-1,short,bearish,upper_edge,H:102402.9@20,SWH:102406.1,102402.9,102420.62571428572,101433.0,17.72571428572701,1.7309777638843244,0.12202989771841927,54.717117988354985,0.3463114754097955,0.8299180327868357,0.17008196721316424,0.0,0.0,PASS,CANCEL,,,clear,BTCUSDT|short|H:102402.9@20|SWH:102406.1,"v10_1_pass,v11_quality_fail,r_abs_bps_low,r_abs_atr_low"
2025-05-15 12:10:00,CANCEL,SRR-1,short,bearish,upper_edge,H:102402.9@20,SWH:102406.1,102402.9,102420.32428571429,101433.0,17.424285714296275,1.7015422135795253,0.1224967359647217,55.66368779204595,0.20219244823393562,0.8246041412911762,0.1753958587088238,0.0,1.0,PASS,CANCEL,,,clear,BTCUSDT|short|H:102402.9@20|SWH:102406.1,"v10_1_pass,weak_body_ratio,v11_quality_fail,r_abs_bps_low,r_abs_atr_low,body_ratio_low"
2025-05-15 14:50:00,CANCEL,SRR-1,long,bearish,lower_edge,L:101433.0@20,SWL:101270.8,101433.0,101237.40071428572,102799.9,195.59928571428463,19.283594659951362,0.5856391282961508,6.988266828318839,0.08508256367196734,0.8866498740554165,0.028267562272616117,0.0,2.0,PASS,CANCEL,,,clear,BTCUSDT|long|L:101433.0@20|SWL:101270.8,"v10_1_pass,weak_body_ratio,body_not_aligned,v11_quality_fail,r_abs_bps_low,r_abs_atr_low,body_ratio_low"
2025-05-15 14:55:00,CANCEL,SRR-1,long,bearish,lower_edge,L:101433.0@20,SWL:101270.8,101433.0,101237.695,102799.9,195.30499999999302,19.254581842200565,0.5899561999697706,6.998796753795566,0.07824933687001466,0.9084880636604892,0.09151193633951085,0.0,1.0,PASS,CANCEL,,,clear,BTCUSDT|long|L:101433.0@20|SWL:101270.8,"v10_1_pass,weak_body_ratio,v11_quality_fail,r_abs_bps_low,r_abs_atr_low,body_ratio_low"
2025-05-15 16:05:00,CANCEL,SRR-1,short,bearish,upper_edge,H:103242.0@20,SWH:103350.0,103242.0,103373.44,101270.8,131.44000000000233,12.731252784719622,0.5607508532423322,14.996956786366114,0.2841068917017836,0.9348335677449201,0.0651664322550799,0.0,1.0,PASS,CANCEL,,,clear,BTCUSDT|short|H:103242.0@20|SWH:103350.0,"v10_1_pass,weak_body_ratio,v11_quality_fail,r_abs_bps_low,r_abs_atr_low,body_ratio_low"
2025-05-15 17:05:00,CANCEL,SRR-1,short,bearish,upper_edge,H:103800.0@20,SWH:103856.0,103800.0,103874.86714285714,101270.8,74.8671428571397,7.212634186622322,0.39681229650941097,33.782509970043556,0.5118626956082343,0.8001009591115363,0.1998990408884637,0.0,0.0,PASS,CANCEL,,,clear,BTCUSDT|short|H:103800.0@20|SWH:103856.0,"v10_1_pass,v11_quality_fail,r_abs_bps_low,r_abs_atr_low"
2025-05-16 00:25:00,CANCEL,SRR-1,short,bullish,upper_edge,H:103939.8@20,SWH:103949.2,103939.8,103965.73357142857,102500.0,25.93357142856985,2.495056891447727,0.15685401995937964,55.51877048503393,0.5499664654594554,0.8792756539235341,0.12072434607646582,0.0,0.0,PASS,CANCEL,,,clear,BTCUSDT|short|H:103939.8@20|SWH:103949.2,"v10_1_pass,v11_quality_fail,r_abs_bps_low,r_abs_atr_low"
2025-05-16 00:40:00,CANCEL,SRR-1,short,bullish,upper_edge,H:103949.2@20,SWH:103999.9,103949.2,104015.30428571429,102662.0,66.10428571428929,6.359287586079478,0.42912918482799195,19.47226244245995,0.09732498577123565,0.577689243027898,0.42231075697210196,0.0,2.0,PASS,CANCEL,,,clear,BTCUSDT|short|H:103949.2@20|SWH:103999.9,"v10_1_pass,weak_body_ratio,weak_close_strength,v11_quality_fail,r_abs_bps_low,r_abs_atr_low,close_strength_low,body_ratio_low"
2025-05-16 02:40:00,CANCEL,SRR-1,short,bullish,upper_edge,H:104311.0@20,SWH:104440.1,104311.0,104458.5,102782.7,147.5,14.140407051988763,0.8016304347826178,10.36135593220341,0.3011600928073976,0.9503480278422409,0.049651972157759114,0.0,0.0,PASS,CANCEL,,,clear,BTCUSDT|short|H:104311.0@20|SWH:104440.1,"v10_1_pass,v11_quality_fail,r_abs_bps_low"
2025-05-16 20:50:00,CANCEL,SRR-1,long,bullish,lower_edge,L:103505.1@20,SWL:103468.7,103505.1,103456.72785714285,104524.2,48.372142857158906,4.673406707221084,0.4040391384763537,21.067910987721895,0.36629001883248397,0.4585687382297403,0.1751412429377757,0.0,2.0,PASS,CANCEL,,,clear,BTCUSDT|long|L:103505.1@20|SWL:103468.7,"v10_1_pass,weak_close_strength,body_not_aligned,v11_quality_fail,r_abs_bps_low,r_abs_atr_low,close_strength_low"
2025-05-16 20:55:00,CANCEL,SRR-1,long,bullish,lower_edge,L:103505.1@20,SWL:103468.7,103505.1,103456.60571428572,104524.2,48.49428571428871,4.685207367974013,0.40096858020318416,21.01484711011459,0.44521739130444904,0.8782608695652174,0.12173913043478261,0.0,0.0,PASS,CANCEL,,,clear,BTCUSDT|long|L:103505.1@20|SWL:103468.7,"v10_1_pass,v11_quality_fail,r_abs_bps_low,r_abs_atr_low"
2025-05-16 21:35:00,CANCEL,SRR-1,long,bullish,lower_edge,L:103468.7@20,SWL:103451.4,103468.7,103440.18857142856,104357.0,28.511428571437136,2.7555607223669707,0.2543068297656208,31.155927447630788,0.6093596059113157,1.0,0.0,0.0,0.0,PASS,CANCEL,,,clear,BTCUSDT|long|L:103468.7@20|SWL:103451.4,"v10_1_pass,v11_quality_fail,r_abs_bps_low,r_abs_atr_low"
2025-05-16 22:10:00,CANCEL,SRR-1,long,bullish,lower_edge,L:103451.4@20,SWL:103377.3,103451.4,103366.98142857144,104357.0,84.41857142855588,8.160215466253321,0.8181226637129929,10.72749733471174,0.21715817694373704,0.7819481680071899,0.0008936550490730479,0.0,2.0,PASS,CANCEL,,,clear,BTCUSDT|long|L:103451.4@20|SWL:103377.3,"v10_1_pass,weak_body_ratio,body_not_aligned,v11_quality_fail,r_abs_bps_low,body_ratio_low"
2025-05-16 22:25:00,CANCEL,SRR-1,long,bullish,lower_edge,L:103377.3@20,SWL:103365.2,103377.3,103354.3907142857,104357.0,22.909285714296857,2.216084741456476,0.21194079164749577,42.764318897494114,0.7004864489227397,0.8353022932591369,0.16469770674086312,0.0,0.0,PASS,CANCEL,,,clear,BTCUSDT|long|L:103377.3@20|SWL:103365.2,"v10_1_pass,v11_quality_fail,r_abs_bps_low,r_abs_atr_low"
2025-05-17 00:10:00,CANCEL,SRR-1,long,bearish,lower_edge,L:103361.6@20,SWL:103357.6,103361.6,103349.41857142857,104000.0,12.18142857143539,1.1785255425066359,0.14889121704216546,52.40764629995846,0.30441286462227357,0.7075542258787834,0.2924457741212167,0.0,0.0,PASS,CANCEL,,,clear,BTCUSDT|long|L:103361.6@20|SWL:103357.6,"v10_1_pass,v11_quality_fail,r_abs_bps_low,r_abs_atr_low"
2025-05-17 05:10:00,CANCEL,SRR-1,short,bearish,upper_edge,H:103625.3@20,SWH:103658.0,103625.3,103666.32285714286,102541.6,41.02285714285972,3.9587684805602223,0.4928939237899457,26.416980080789465,0.8089244851258787,0.8089244851258787,0.1910755148741213,0.0,0.0,PASS,CANCEL,,,clear,BTCUSDT|short|H:103625.3@20|SWH:103658.0,"v10_1_pass,v11_quality_fail,r_abs_bps_low,r_abs_atr_low"
2025-05-17 09:55:00,CANCEL,SRR-1,long,bearish,lower_edge,L:102783.0@20,SWL:102770.1,102783.0,102755.92857142858,103658.0,27.071428571420256,2.6338430062773273,0.19102822580639572,32.32189973615768,0.4365482233504291,0.9987309644671157,0.00126903553288431,0.0,0.0,PASS,CANCEL,,,clear,BTCUSDT|long|L:102783.0@20|SWL:102770.1,"v10_1_pass,v11_quality_fail,r_abs_bps_low,r_abs_atr_low"
2025-05-17 14:50:00,CANCEL,SRR-1,short,bearish,upper_edge,H:103056.9@20,SWH:103117.6,103056.9,103127.55857142857,102591.0,70.65857142857567,6.856267889736221,0.7095251757280823,6.593679868987209,0.30962705984385247,0.6903729401561476,0.0,0.0,1.0,PASS,CANCEL,,,clear,BTCUSDT|short|H:103056.9@20|SWH:103117.6,"v10_1_pass,body_not_aligned,v11_quality_fail,r_abs_bps_low"
2025-05-17 17:25:00,CANCEL,SRR-1,short,bearish,upper_edge,H:103132.3@20,SWH:103157.8,103132.3,103169.57142857143,102591.0,37.2714285714319,3.6139433108184242,0.31662621359226406,14.523188961286632,0.33940972222228133,0.4661458333333198,0.19444444444439882,0.0,2.0,PASS,CANCEL,,,clear,BTCUSDT|short|H:103132.3@20|SWH:103157.8,"v10_1_pass,weak_close_strength,body_not_aligned,v11_quality_fail,r_abs_bps_low,r_abs_atr_low,close_strength_low"
2025-05-17 21:10:00,CANCEL,SRR-1,short,bearish,upper_edge,H:103397.9@20,SWH:103458.6,103397.9,103467.77214285715,102706.6,69.8721428571589,6.757597867767036,0.7617864652287535,9.893785587959247,0.07492354740059234,0.9097859327216585,0.09021406727834144,0.0,1.0,PASS,CANCEL,,,clear,BTCUSDT|short|H:103397.9@20|SWH:103458.6,"v10_1_pass,weak_body_ratio,v11_quality_fail,r_abs_bps_low,body_ratio_low"
2025-05-17 22:35:00,CANCEL,SRR-1,long,bearish,lower_edge,L:102868.7@20,SWL:102851.5,102868.7,102840.23071428572,103458.6,28.469285714279977,2.7675362587725885,0.2526272421879471,20.72057605941688,0.6127783155855429,0.9380445304936249,0.06195546950637513,0.0,0.0,PASS,CANCEL,,,clear,BTCUSDT|long|L:102868.7@20|SWL:102851.5,"v10_1_pass,v11_quality_fail,r_abs_bps_low,r_abs_atr_low"
2025-05-17 22:40:00,CANCEL,SRR-1,long,bearish,lower_edge,L:102868.7@20,SWL:102851.5,102868.7,102840.17214285715,103458.6,28.527857142849825,2.7732300634546587,0.25183807301841393,20.678034001858435,0.49486887115176936,0.6989737742303871,0.30102622576961297,0.0,0.0,PASS,CANCEL,,,clear,BTCUSDT|long|L:102868.7@20|SWL:102851.5,"v10_1_pass,v11_quality_fail,r_abs_bps_low,r_abs_atr_low"
2025-05-18 04:50:00,CANCEL,SRR-1,short,bullish,upper_edge,H:103389.1@20,SWH:103399.0,103389.1,103401.95214285715,103052.2,12.85214285714028,1.243084895519961,0.4353496249696653,26.213527482915957,0.4691780821917279,0.530821917808272,0.0,0.0,2.0,PASS,CANCEL,,,clear,BTCUSDT|short|H:103389.1@20|SWH:103399.0,"v10_1_pass,weak_close_strength,body_not_aligned,v11_quality_fail,r_abs_bps_low,r_abs_atr_low,close_strength_low"
2025-05-18 04:55:00,CANCEL,SRR-1,short,bullish,upper_edge,H:103389.1@20,SWH:103399.0,103389.1,103402.52,103052.2,13.419999999998254,1.2980091711793849,0.38124999999994813,25.104321907604515,0.9979057591623341,0.9989528795812432,0.0010471204187567419,0.0,0.0,PASS,CANCEL,,,clear,BTCUSDT|short|H:103389.1@20|SWH:103399.0,"v10_1_pass,v11_quality_fail,r_abs_bps_low,r_abs_atr_low"
2025-05-18 05:25:00,CANCEL,SRR-1,short,bullish,upper_edge,H:103399.0@20,SWH:103441.5,103399.0,103445.61857142857,103052.2,46.61857142856752,4.508609505756103,1.1319112036073042,7.439095394233518,0.26136363636346993,0.7175324675323524,0.2824675324676475,0.0,2.0,PASS,CANCEL,,,clear,BTCUSDT|short|H:103399.0@20|SWH:103441.5,"v10_1_pass,weak_body_ratio,weak_retest,v11_quality_fail,r_abs_bps_low,body_ratio_low"
2025-05-18 06:05:00,CANCEL,SRR-1,short,bullish,upper_edge,H:103636.3@20,SWH:103636.4,103636.3,103641.94214285714,103088.1,5.6421428571338765,0.5444176275237418,0.10180435623131184,97.16166603382929,0.09090909090909091,0.5922077922076788,0.40779220779232117,0.0,2.0,PASS,CANCEL,,,clear,BTCUSDT|short|H:103636.3@20|SWH:103636.4,"v10_1_pass,weak_body_ratio,weak_close_strength,v11_quality_fail,r_abs_bps_low,r_abs_atr_low,close_strength_low,body_ratio_low"
2025-05-18 06:10:00,CANCEL,SRR-1,short,bullish,upper_edge,H:103636.3@20,SWH:103636.4,103636.3,103641.99428571427,103088.1,5.6942857142712455,0.5494489589334283,0.10178753830413398,96.27195183165405,0.6980392156861033,0.9980392156861604,0.001960784313839623,0.0,0.0,PASS,CANCEL,,,clear,BTCUSDT|short|H:103636.3@20|SWH:103636.4,"v10_1_pass,v11_quality_fail,r_abs_bps_low,r_abs_atr_low"
2025-05-18 08:05:00,CANCEL,SRR-1,short,bullish,upper_edge,H:103949.6@20,SWH:104000.0,103949.6,104008.14928571429,103089.0,58.54928571428172,5.632468591921635,0.7184591112279326,14.698727567740125,0.06448598130835681,0.9355140186916432,0.0,0.0,2.0,PASS,CANCEL,,,clear,BTCUSDT|short|H:103949.6@20|SWH:104000.0,"v10_1_pass,weak_body_ratio,body_not_aligned,v11_quality_fail,r_abs_bps_low,body_ratio_low"
2025-05-18 14:05:00,CANCEL,SRR-1,short,bullish,upper_edge,H:104780.5@20,SWH:104826.0,104780.5,104839.82142857143,103660.7,59.32142857143481,5.661495084623075,0.42919896640831384,18.876821192051043,0.41105662059746073,0.9366919304503036,0.06330806954969641,0.0,0.0,PASS,CANCEL,,,clear,BTCUSDT|short|H:104780.5@20|SWH:104826.0,"v10_1_pass,v11_quality_fail,r_abs_bps_low,r_abs_atr_low"
2025-05-18 15:55:00,CANCEL,SRR-1,short,bullish,upper_edge,H:105522.0@20,SWH:105665.3,105522.0,105686.12357142857,103660.7,164.12357142857218,15.553493245822878,0.7881624532638178,11.340845094941495,0.16652397260271065,0.7739726027397192,0.05950342465757014,0.0,2.0,PASS,CANCEL,,,clear,BTCUSDT|short|H:105522.0@20|SWH:105665.3,"v10_1_pass,weak_body_ratio,body_not_aligned,v11_quality_fail,r_abs_bps_low,body_ratio_low"
2025-05-18 23:05:00,CANCEL,SRR-1,short,bullish,upper_edge,H:105945.8@20,SWH:105953.8,105945.8,105985.01571428572,103217.2,39.215714285717695,3.7014883351409584,0.12562811770629323,69.5792503005296,0.31814651825008494,0.45922857882476675,0.5407714211752332,0.0,2.0,PASS,CANCEL,,,clear,BTCUSDT|short|H:105945.8@20|SWH:105953.8,"v10_1_pass,weak_close_strength,opposite_wick_high,v11_quality_fail,r_abs_bps_low,r_abs_atr_low,close_strength_low"
2025-05-18 23:10:00,CANCEL,SRR-1,short,bullish,upper_edge,H:105945.8@20,SWH:105953.8,105945.8,105985.53142857143,103217.2,39.73142857142375,3.7501655158981055,0.12521159733475773,68.67611103121803,0.6586538461538167,0.7944711538461642,0.20552884615383585,0.0,0.0,PASS,CANCEL,,,clear,BTCUSDT|short|H:105945.8@20|SWH:105953.8,"v10_1_pass,v11_quality_fail,r_abs_bps_low,r_abs_atr_low"
2025-05-19 03:50:00,CANCEL,SRR-1,long,bullish,lower_edge,L:103769.5@20,SWL:103711.0,103769.5,103692.43642857143,107114.3,77.0635714285745,7.426418304855908,0.4151333256377873,43.403127288229726,0.3917775090689552,0.8409915356711651,0.15900846432883484,0.0,0.0,PASS,CANCEL,,,clear,BTCUSDT|long|L:103769.5@20|SWL:103711.0,"v10_1_pass,v11_quality_fail,r_abs_bps_low,r_abs_atr_low"
2025-05-19 05:10:00,CANCEL,SRR-1,long,bearish,lower_edge,L:102740.2@20,SWL:102579.0,102740.2,102547.57285714286,107114.3,192.62714285713446,18.74895540958013,0.6129324060184262,22.70759943339937,0.6306145251396909,0.7443575418994544,0.25564245810054564,0.0,0.0,PASS,CANCEL,,,clear,BTCUSDT|long|L:102740.2@20|SWL:102579.0,"v10_1_pass,v11_quality_fail,r_abs_bps_low,r_abs_atr_low"
2025-05-19 05:35:00,CANCEL,SRR-1,long,bearish,lower_edge,L:102579.0@20,SWL:102501.0,102579.0,102473.55785714286,106141.7,105.44214285713679,10.279115886988253,0.38423436320568105,33.78819799619482,0.6329485065054252,0.9690306028953742,0.030969397104625745,0.0,0.0,PASS,CANCEL,,,clear,BTCUSDT|long|L:102579.0@20|SWL:102501.0,"v10_1_pass,v11_quality_fail,r_abs_bps_low,r_abs_atr_low"
2025-05-19 05:40:00,CANCEL,SRR-1,long,bearish,lower_edge,L:102579.0@20,SWL:102501.0,102579.0,102473.425,106141.7,105.57499999999709,10.29206757718413,0.3828649138712467,33.745678427658966,0.06950819672125422,0.7318032786885628,0.19868852459018302,0.0,2.0,PASS,CANCEL,,,clear,BTCUSDT|long|L:102579.0@20|SWL:102501.0,"v10_1_pass,weak_body_ratio,body_not_aligned,v11_quality_fail,r_abs_bps_low,r_abs_atr_low,body_ratio_low"
2025-05-19 12:25:00,CANCEL,SRR-1,long,bearish,lower_edge,L:102523.2@20,SWL:102385.7,102523.2,102373.00357142856,103359.5,150.1964285714348,14.649994203403212,1.1829817158931673,5.568041849958176,0.8698532891623303,0.9010884997633986,0.09891150023660147,0.0,0.0,PASS,CANCEL,,,clear,BTCUSDT|long|L:102523.2@20|SWL:102385.7,"v10_1_pass,v11_quality_fail,r_abs_bps_low"
2025-05-19 14:05:00,CANCEL,SRR-1,short,bearish,upper_edge,H:103482.3@20,SWH:103522.0,103482.3,103544.26357142857,102088.9,61.963571428568684,5.987842503362283,0.2783182007764006,22.487406194885228,0.07606490872210879,0.8779580797836191,0.0459770114942721,0.0,2.0,PASS,CANCEL,,,clear,BTCUSDT|short|H:103482.3@20|SWH:103522.0,"v10_1_pass,weak_body_ratio,body_not_aligned,v11_quality_fail,r_abs_bps_low,r_abs_atr_low,body_ratio_low"
2025-05-19 14:25:00,CANCEL,SRR-1,short,bearish,upper_edge,H:103545.0@20,SWH:103700.0,103545.0,103726.42142857143,102088.9,181.42142857142608,17.521022605768128,0.6866450391997769,8.026064018268578,0.7028779894609274,0.9367653019862527,0.06323469801374727,0.0,0.0,PASS,CANCEL,,,clear,BTCUSDT|short|H:103545.0@20|SWH:103700.0,"v10_1_pass,v11_quality_fail,r_abs_bps_low,r_abs_atr_low"
2025-05-19 15:20:00,CANCEL,SRR-1,short,bearish,upper_edge,H:104550.0@20,SWH:104554.9,104550.0,104577.78285714285,102088.9,27.782857142854482,2.6573751451797687,0.12141340991383673,88.58340189223412,0.6317991631799149,0.7940492794049061,0.20595072059509395,0.0,0.0,PASS,CANCEL,,,clear,BTCUSDT|short|H:104550.0@20|SWH:104554.9,"v10_1_pass,v11_quality_fail,r_abs_bps_low,r_abs_atr_low"
2025-05-19 15:25:00,CANCEL,SRR-1,short,bearish,upper_edge,H:104550.0@20,SWH:104634.5,104550.0,104657.72785714286,102088.9,107.72785714286147,10.303955728633332,0.4637873243334902,22.845530072470112,0.27416173570019725,0.7140039447731755,0.011834319526627219,0.0,2.0,PASS,CANCEL,,,clear,BTCUSDT|short|H:104550.0@20|SWH:104634.5,"v10_1_pass,weak_body_ratio,body_not_aligned,v11_quality_fail,r_abs_bps_low,r_abs_atr_low,body_ratio_low"
2025-05-19 15:50:00,CANCEL,SRR-1,short,bearish,upper_edge,H:104900.0@20,SWH:104920.2,104900.0,104941.17428571428,102088.9,41.17428571428172,3.9250987334872947,0.19630840484945788,68.27319408785633,0.1935724962630315,0.9424514200298096,0.05754857997019039,0.0,1.0,PASS,CANCEL,,,clear,BTCUSDT|short|H:104900.0@20|SWH:104920.2,"v10_1_pass,weak_body_ratio,v11_quality_fail,r_abs_bps_low,r_abs_atr_low,body_ratio_low"
2025-05-19 15:55:00,CANCEL,SRR-1,short,bearish,upper_edge,H:104900.0@20,SWH:104920.2,104900.0,104941.28785714286,102088.9,41.28785714285914,3.93592537110192,0.19578972326661592,68.08539349168413,0.4053228621291881,0.8145724258289679,0.18542757417103203,0.0,0.0,PASS,CANCEL,,,clear,BTCUSDT|short|H:104900.0@20|SWH:104920.2,"v10_1_pass,v11_quality_fail,r_abs_bps_low,r_abs_atr_low"
2025-05-19 16:25:00,CANCEL,SRR-1,short,bearish,upper_edge,H:104920.2@20,SWH:105040.0,104920.2,105061.14785714286,102088.9,140.94785714286263,13.433815141685075,0.6664876549464953,20.08757037810259,0.47954711468225536,0.5204528853177447,0.0,0.0,2.0,PASS,CANCEL,,,clear,BTCUSDT|short|H:104920.2@20|SWH:105040.0,"v10_1_pass,weak_close_strength,body_not_aligned,v11_quality_fail,r_abs_bps_low,r_abs_atr_low,close_strength_low"
2025-05-19 16:35:00,CANCEL,SRR-1,short,bearish,upper_edge,H:105062.3@20,SWH:105070.0,105062.3,105091.91928571429,102088.9,29.619285714288708,2.8192116215130176,0.13512888193699035,100.38729592204865,0.9193308550185981,0.9628252788104089,0.03717472118959108,0.0,0.0,PASS,CANCEL,,,clear,BTCUSDT|short|H:105062.3@20|SWH:105070.0,"v10_1_pass,v11_quality_fail,r_abs_bps_low,r_abs_atr_low"
2025-05-20 07:10:00,CANCEL,SRR-1,long,bullish,lower_edge,L:105345.4@20,SWL:105177.0,105345.4,105161.07714285715,106800.0,184.32285714284808,17.497001021672336,1.1575991387044124,7.891587742005907,0.3908629441624284,0.8218735579141714,0.17812644208582862,0.0,0.0,PASS,CANCEL,,,clear,BTCUSDT|long|L:105345.4@20|SWL:105177.0,"v10_1_pass,v11_quality_fail,r_abs_bps_low"
2025-05-20 08:35:00,CANCEL,SRR-1,long,bullish,lower_edge,L:104845.0@20,SWL:104808.6,104845.0,104791.86357142858,106371.3,53.136428571422584,5.068093716574237,0.31748965046302713,28.72417362315663,0.7054758107389859,0.9654439128123322,0.03455608718766774,0.0,0.0,PASS,CANCEL,,,clear,BTCUSDT|long|L:104845.0@20|SWL:104808.6,"v10_1_pass,v11_quality_fail,r_abs_bps_low,r_abs_atr_low"
2025-05-20 13:20:00,CANCEL,SRR-1,long,bullish,lower_edge,L:104531.1@20,SWL:104531.0,104531.1,104520.32357142857,105371.7,10.776428571436554,1.0309303710987976,0.10093664280465113,78.00357924034705,0.4884057971014071,0.5463768115941607,0.45362318840583926,0.0,2.0,PASS,CANCEL,,,clear,BTCUSDT|long|L:104531.1@20|SWL:104531.0,"v10_1_pass,weak_close_strength,opposite_wick_high,v11_quality_fail,r_abs_bps_low,r_abs_atr_low,close_strength_low"
2025-05-20 13:25:00,CANCEL,SRR-1,long,bullish,lower_edge,L:104531.1@20,SWL:104531.0,104531.1,104519.62,105371.7,11.480000000010477,1.0982377493406725,0.10087873462223729,73.22299651561185,0.46747114375653387,0.46747114375653387,0.5325288562434661,0.0,2.0,PASS,CANCEL,,,clear,BTCUSDT|long|L:104531.1@20|SWL:104531.0,"v10_1_pass,weak_close_strength,opposite_wick_high,v11_quality_fail,r_abs_bps_low,r_abs_atr_low,close_strength_low"
2025-05-20 13:50:00,CANCEL,SRR-1,long,bullish,lower_edge,L:104150.0@20,SWL:104115.2,104150.0,104099.55571428571,105371.7,50.4442857142858,4.843426376791723,0.3224454387727179,24.21879867463387,0.2766497461928934,0.6492385786802474,0.35076142131975263,0.0,1.0,PASS,CANCEL,,,clear,BTCUSDT|long|L:104150.0@20|SWL:104115.2,"v10_1_pass,weak_body_ratio,v11_quality_fail,r_abs_bps_low,r_abs_atr_low,body_ratio_low"
2025-05-20 13:55:00,CANCEL,SRR-1,long,bullish,lower_edge,L:104150.0@20,SWL:104115.2,104150.0,104097.16357142857,105371.7,52.836428571434226,5.07310884027213,0.29294285374840046,23.122304686969393,0.6377635631367038,0.8497986259180396,0.1502013740819604,0.0,0.0,PASS,CANCEL,,,clear,BTCUSDT|long|L:104150.0@20|SWL:104115.2,"v10_1_pass,v11_quality_fail,r_abs_bps_low,r_abs_atr_low"
2025-05-20 16:10:00,CANCEL,SRR-1,short,bearish,upper_edge,H:105357.6@20,SWH:105439.0,105357.6,105458.89857142857,104115.2,101.29857142856054,9.614737942830942,0.5090745925765834,12.264733672736883,0.9007263922517778,0.9010722933240911,0.09892770667590883,0.0,0.0,PASS,CANCEL,,,clear,BTCUSDT|short|H:105357.6@20|SWH:105439.0,"v10_1_pass,v11_quality_fail,r_abs_bps_low,r_abs_atr_low"
2025-05-20 18:10:00,CANCEL,SRR-1,short,bullish,upper_edge,H:106295.3@20,SWH:106329.9,106295.3,106349.88714285714,104115.2,54.58714285714086,5.1354239422759855,0.27311128582659455,39.937975975506,0.4879189399845012,0.5113016367887546,0.0007794232267441772,0.0,2.0,PASS,CANCEL,,,clear,BTCUSDT|short|H:106295.3@20|SWH:106329.9,"v10_1_pass,weak_close_strength,body_not_aligned,v11_quality_fail,r_abs_bps_low,r_abs_atr_low,close_strength_low"
2025-05-21 06:40:00,CANCEL,SRR-1,short,bullish,upper_edge,H:107936.7@20,SWH:107950.0,107936.7,107969.04214285714,106146.9,32.34214285714552,2.996399079937178,0.16984508046064678,55.33956138606855,0.6353077816492605,0.8753387533875465,0.12466124661245345,0.0,0.0,PASS,CANCEL,,,clear,BTCUSDT|short|H:107936.7@20|SWH:107950.0,"v10_1_pass,v11_quality_fail,r_abs_bps_low,r_abs_atr_low"
2025-05-21 09:05:00,CANCEL,SRR-1,long,bullish,lower_edge,L:106302.6@20,SWL:106260.0,106302.6,106244.79571428572,107950.0,57.80428571428638,5.437711374348922,0.3801841586019065,28.499616933988648,0.5754923413566739,0.9242888402625693,0.07571115973743069,0.0,0.0,PASS,CANCEL,,,clear,BTCUSDT|long|L:106302.6@20|SWL:106260.0,"v10_1_pass,v11_quality_fail,r_abs_bps_low,r_abs_atr_low"
2025-05-21 09:10:00,CANCEL,SRR-1,long,bullish,lower_edge,L:106302.6@20,SWL:106236.0,106302.6,106220.93571428572,107950.0,81.66428571428696,7.682247255879626,0.5421052631579067,20.17283302720158,0.22574013157892614,0.7413651315789682,0.03289473684210566,0.0,2.0,PASS,CANCEL,,,clear,BTCUSDT|long|L:106302.6@20|SWL:106236.0,"v10_1_pass,weak_body_ratio,body_not_aligned,v11_quality_fail,r_abs_bps_low,r_abs_atr_low,body_ratio_low"
2025-05-21 09:25:00,CANCEL,SRR-1,long,bullish,lower_edge,L:106236.0@20,SWL:106155.0,106236.0,106140.37142857142,107950.0,95.62857142857683,9.001522217381757,0.6537109375000416,17.923513594262506,1.0,1.0,0.0,0.0,0.0,PASS,CANCEL,,,clear,BTCUSDT|long|L:106236.0@20|SWL:106155.0,"v10_1_pass,v11_quality_fail,r_abs_bps_low,r_abs_atr_low"
2025-05-21 09:40:00,CANCEL,SRR-1,long,bullish,lower_edge,L:106155.0@20,SWL:106142.4,106155.0,106128.93357142857,107950.0,26.06642857143015,2.4555064360067966,0.19356601071448806,68.86252157947682,0.6217948717948718,0.6692307692307319,0.33076923076926806,0.0,0.0,PASS,CANCEL,,,clear,BTCUSDT|long|L:106155.0@20|SWL:106142.4,"v10_1_pass,v11_quality_fail,r_abs_bps_low,r_abs_atr_low"
2025-05-21 09:55:00,CANCEL,SRR-1,long,bullish,lower_edge,L:106100.0@20,SWL:106037.9,106100.0,106024.1857142857,107950.0,75.81428571429569,7.14555002019752,0.5528125000000769,24.401733559446573,0.8833333333332795,0.8953703703703434,0.10462962962965658,0.0,0.0,PASS,CANCEL,,,clear,BTCUSDT|long|L:106100.0@20|SWL:106037.9,"v10_1_pass,v11_quality_fail,r_abs_bps_low,r_abs_atr_low"
2025-05-21 14:25:00,CANCEL,SRR-1,short,bullish,upper_edge,H:107629.9@20,SWH:107699.4,107629.9,107726.55357142857,106037.9,96.65357142857101,8.980178503238507,0.35595159805340254,16.471196837010012,0.37130392632094106,0.8240426563257857,0.17595734367421428,0.0,0.0,PASS,CANCEL,,,clear,BTCUSDT|short|H:107629.9@20|SWH:107699.4,"v10_1_pass,v11_quality_fail,r_abs_bps_low,r_abs_atr_low"
2025-05-21 16:55:00,CANCEL,SRR-1,short,bullish,upper_edge,H:109660.0@20,SWH:109804.2,109660.0,109836.49071428571,106277.8,176.49071428571187,16.094356582683922,0.5465680093790696,19.16361443540154,0.5185493955815412,0.597332221759093,0.4026677782409071,0.0,1.0,PASS,CANCEL,,,clear,BTCUSDT|short|H:109660.0@20|SWH:109804.2,"v10_1_pass,weak_close_strength,v11_quality_fail,r_abs_bps_low,r_abs_atr_low,close_strength_low"
2025-05-21 22:40:00,CANCEL,SRR-1,short,bullish,upper_edge,H:108800.0@20,SWH:108884.6,108800.0,108901.955,106085.3,101.95500000000175,9.370863970588395,0.5874675885911843,26.626452846843712,0.7571912013535633,0.949238578680208,0.05076142131979196,0.0,0.0,PASS,CANCEL,,,clear,BTCUSDT|short|H:108800.0@20|SWH:108884.6,"v10_1_pass,v11_quality_fail,r_abs_bps_low,r_abs_atr_low"
2025-05-21 22:50:00,CANCEL,SRR-1,short,bullish,upper_edge,H:108943.7@20,SWH:108998.9,108943.7,109017.88785714285,106085.3,74.18785714285332,6.809742751793203,0.3907121092427264,38.529216371568296,0.3487725798981239,0.8749421028253788,0.12505789717462126,0.0,0.0,PASS,CANCEL,,,clear,BTCUSDT|short|H:108943.7@20|SWH:108998.9,"v10_1_pass,v11_quality_fail,r_abs_bps_low,r_abs_atr_low"
2025-05-22 03:40:00,CANCEL,SRR-1,short,bullish,upper_edge,H:110977.2@20,SWH:110992.8,110977.2,111020.05214285715,108585.2,42.85214285715483,3.8613465520084156,0.1572432049904771,55.819845648643415,0.3185812931575585,0.7671060891400008,0.23289391085999916,0.0,0.0,PASS,CANCEL,,,clear,BTCUSDT|short|H:110977.2@20|SWH:110992.8,"v10_1_pass,v11_quality_fail,r_abs_bps_low,r_abs_atr_low"
2025-05-22 08:55:00,CANCEL,SRR-1,long,bullish,lower_edge,L:110396.0@20,SWL:110350.0,110396.0,110330.54785714285,111866.4,65.4521428571461,5.928850941804603,0.3364778026659032,22.465269062454464,0.3957361758826907,0.8960692871418706,0.10393071285812935,0.0,0.0,PASS,CANCEL,,,clear,BTCUSDT|long|L:110396.0@20|SWL:110350.0,"v10_1_pass,v11_quality_fail,r_abs_bps_low,r_abs_atr_low"
2025-05-22 09:05:00,CANCEL,SRR-1,long,bullish,lower_edge,L:110350.0@20,SWL:110250.0,110350.0,110230.95142857142,111776.3,119.04857142857509,10.788271085507484,0.6249737513124597,11.980824153406429,0.10433386837881545,0.771000535045534,0.228999464954466,0.0,1.0,PASS,CANCEL,,,clear,BTCUSDT|long|L:110350.0@20|SWL:110250.0,"v10_1_pass,weak_body_ratio,v11_quality_fail,r_abs_bps_low,r_abs_atr_low,body_ratio_low"
2025-05-22 09:10:00,CANCEL,SRR-1,long,bullish,lower_edge,L:110350.0@20,SWL:110238.5,110350.0,110218.69857142857,111776.3,131.30142857143073,11.898634215807043,0.6630906860976993,10.862791178422448,0.24599329109205845,0.8255683935892568,0.1744316064107432,0.0,1.0,PASS,CANCEL,,,clear,BTCUSDT|long|L:110350.0@20|SWL:110238.5,"v10_1_pass,weak_body_ratio,v11_quality_fail,r_abs_bps_low,r_abs_atr_low,body_ratio_low"
2025-05-22 13:05:00,CANCEL,SRR-1,short,bullish,upper_edge,H:111578.3@20,SWH:111582.5,111578.3,111605.62357142857,110238.5,27.323571428569267,2.4488248547046574,0.11816328421832117,49.034585522708085,0.9626236716746159,1.0,0.0,0.0,0.0,PASS,CANCEL,,,clear,BTCUSDT|short|H:111578.3@20|SWH:111582.5,"v10_1_pass,v11_quality_fail,r_abs_bps_low,r_abs_atr_low"
2025-05-22 16:20:00,CANCEL,SRR-1,short,bullish,upper_edge,H:111582.5@20,SWH:111747.5,111582.5,111767.37428571428,110457.6,184.8742857142788,16.568394301461144,0.9302185163886963,6.0846753005905585,0.11753731343283583,0.8824626865671642,0.0,0.0,2.0,PASS,CANCEL,,,clear,BTCUSDT|short|H:111582.5@20|SWH:111747.5,"v10_1_pass,weak_body_ratio,body_not_aligned,v11_quality_fail,r_abs_bps_low,body_ratio_low"
2025-05-22 16:25:00,CANCEL,SRR-1,short,bullish,upper_edge,H:111582.5@20,SWH:111747.5,111582.5,111767.95928571429,110457.6,185.45928571428522,16.6208218774705,0.9064797681807086,6.065482219817196,0.6086330935251519,0.6997601918464949,0.30023980815350515,0.0,0.0,PASS,CANCEL,,,clear,BTCUSDT|short|H:111582.5@20|SWH:111747.5,"v10_1_pass,v11_quality_fail,r_abs_bps_low"
2025-05-22 17:40:00,CANCEL,SRR-1,short,bullish,upper_edge,H:111954.1@20,SWH:111959.5,111954.1,111980.46428571429,110492.8,26.36428571428405,2.354919177974192,0.12575809199317775,55.42725548632168,0.4912414318355348,0.6435643564357006,0.35643564356429935,0.0,0.0,PASS,CANCEL,,,clear,BTCUSDT|short|H:111954.1@20|SWH:111959.5,"v10_1_pass,v11_quality_fail,r_abs_bps_low,r_abs_atr_low"
2025-05-22 20:40:00,CANCEL,SRR-1,long,bullish,lower_edge,L:110860.5@20,SWL:110777.4,110860.5,110755.33642857142,111959.5,105.16357142858033,9.4861173662919,0.4766389329535176,10.45038681237983,0.38938518129264393,0.569101418812408,0.43089858118759194,0.0,1.0,PASS,CANCEL,,,clear,BTCUSDT|long|L:110860.5@20|SWL:110777.4,"v10_1_pass,weak_close_strength,v11_quality_fail,r_abs_bps_low,r_abs_atr_low,close_strength_low"
2025-05-22 21:35:00,CANCEL,SRR-1,long,bullish,lower_edge,L:110715.0@20,SWL:110704.1,110715.0,110688.42142857144,111959.5,26.57857142855937,2.400629673355857,0.16952164009104262,46.82343456062323,0.548858981860773,0.9133996489174756,0.08660035108252437,0.0,0.0,PASS,CANCEL,,,clear,BTCUSDT|long|L:110715.0@20|SWL:110704.1,"v10_1_pass,v11_quality_fail,r_abs_bps_low,r_abs_atr_low"
2025-05-22 21:40:00,CANCEL,SRR-1,long,bullish,lower_edge,L:110715.0@20,SWL:110704.1,110715.0,110688.35142857143,111959.5,26.648571428566356,2.4069522132110697,0.1692126269956179,46.70043958401232,0.4656357388316134,0.5214776632302416,0.47852233676975836,0.0,2.0,PASS,CANCEL,,,clear,BTCUSDT|long|L:110715.0@20|SWL:110704.1,"v10_1_pass,weak_close_strength,opposite_wick_high,v11_quality_fail,r_abs_bps_low,r_abs_atr_low,close_strength_low"
2025-05-23 04:35:00,CANCEL,SRR-1,long,bullish,lower_edge,L:110658.1@20,SWL:110555.0,110658.1,110542.19071428571,111770.4,115.90928571429686,10.474541467303059,0.9048848491608652,9.596297597257918,0.07865628840643664,0.7738631708315841,0.14748054076197928,0.0,2.0,PASS,CANCEL,,,clear,BTCUSDT|long|L:110658.1@20|SWL:110555.0,"v10_1_pass,weak_body_ratio,body_not_aligned,v11_quality_fail,r_abs_bps_low,body_ratio_low"
2025-05-23 06:20:00,CANCEL,SRR-1,long,bullish,lower_edge,L:110417.3@20,SWL:110400.0,110417.3,110388.79428571429,111567.3,28.505714285711292,2.581634787819598,0.25438551759303757,40.342788413354945,0.5513557929335039,0.9622021364010569,0.03779786359894313,0.0,0.0,PASS,CANCEL,,,clear,BTCUSDT|long|L:110417.3@20|SWL:110400.0,"v10_1_pass,v11_quality_fail,r_abs_bps_low,r_abs_atr_low"
2025-05-23 12:20:00,CANCEL,SRR-1,long,bearish,lower_edge,L:107900.4@20,SWL:107250.0,107900.4,107197.54142857142,111348.0,702.8585714285728,65.13957051397148,1.339835516461973,4.9051119814797115,0.013401872590422158,0.7936478795667435,0.20635212043325643,0.0,1.0,PASS,CANCEL,,,clear,BTCUSDT|long|L:107900.4@20|SWL:107250.0,"v10_1_pass,weak_body_ratio,v11_quality_fail,body_ratio_low"
2025-05-23 23:50:00,CANCEL,SRR-1,long,bearish,lower_edge,L:106880.0@20,SWL:106721.9,106880.0,106696.13071428571,109120.0,183.8692857142887,17.20333885799857,0.7135210799124218,12.182567584891242,0.20212765957445053,0.9835800185013744,0.016419981498625526,0.0,1.0,PASS,CANCEL,,,clear,BTCUSDT|long|L:106880.0@20|SWL:106721.9,"v10_1_pass,weak_body_ratio,v11_quality_fail,r_abs_bps_low,body_ratio_low"
2025-05-24 04:05:00,CANCEL,SRR-1,short,bearish,upper_edge,H:108330.6@20,SWH:108348.8,108330.6,108362.39857142858,106721.9,31.798571428575087,2.935326807806389,0.233837587981961,50.590323015404046,0.5034482758621024,0.9873563218391809,0.012643678160819183,0.0,0.0,PASS,CANCEL,,,clear,BTCUSDT|short|H:108330.6@20|SWH:108348.8,"v10_1_pass,v11_quality_fail,r_abs_bps_low,r_abs_atr_low"
2025-05-24 04:55:00,CANCEL,SRR-1,short,bearish,upper_edge,H:108500.0@20,SWH:108520.0,108500.0,108529.86642857143,106721.9,29.86642857143306,2.752666227781849,0.302707594295274,59.53507282423251,0.2660818713452221,0.94444444444461,0.05555555555539009,0.0,1.0,PASS,CANCEL,,,clear,BTCUSDT|short|H:108500.0@20|SWH:108520.0,"v10_1_pass,weak_body_ratio,v11_quality_fail,r_abs_bps_low,r_abs_atr_low,body_ratio_low"
2025-05-24 11:10:00,CANCEL,SRR-1,short,bearish,upper_edge,H:109222.0@20,SWH:109376.8,109222.0,109395.6242857143,107520.0,173.62428571429336,15.896457280977582,0.9223419594748852,9.802776109332529,0.23367697594499828,0.6750668193967049,0.09125620465829681,0.0,2.0,PASS,CANCEL,,,clear,BTCUSDT|short|H:109222.0@20|SWH:109376.8,"v10_1_pass,weak_body_ratio,body_not_aligned,v11_quality_fail,r_abs_bps_low,body_ratio_low"
2025-05-24 23:50:00,CANCEL,SRR-1,long,bearish,lower_edge,L:107628.0@20,SWL:107394.7,107628.0,107365.15785714285,109084.8,262.8421428571455,24.421353444934915,0.8897192872168191,5.542490196451383,0.16367776828921016,0.9994306860233502,0.0005693139766498376,0.0,1.0,PASS,CANCEL,,,clear,BTCUSDT|long|L:107628.0@20|SWL:107394.7,"v10_1_pass,weak_body_ratio,v11_quality_fail,body_ratio_low"
2025-05-24 23:55:00,CANCEL,SRR-1,long,bearish,lower_edge,L:107628.0@20,SWL:107394.7,107628.0,107366.97499999999,109084.8,261.02500000000873,24.252517932137433,0.9414788097385381,5.581074609711538,0.09219858156024838,0.6954526491447606,0.21234876929499102,0.0,2.0,PASS,CANCEL,,,clear,BTCUSDT|long|L:107628.0@20|SWL:107394.7,"v10_1_pass,weak_body_ratio,body_not_aligned,v11_quality_fail,body_ratio_low"
2025-05-25 00:50:00,CANCEL,SRR-1,long,bearish,lower_edge,L:107251.8@20,SWL:107234.0,107251.8,107210.56428571428,109084.8,41.23571428572177,3.844757317427005,0.17595245352030014,44.451758184644625,0.07661290322578194,0.6788594470046057,0.3211405529953944,0.0,1.0,PASS,CANCEL,,,clear,BTCUSDT|long|L:107251.8@20|SWL:107234.0,"v10_1_pass,weak_body_ratio,v11_quality_fail,r_abs_bps_low,r_abs_atr_low,body_ratio_low"
2025-05-25 01:05:00,CANCEL,SRR-1,long,bearish,lower_edge,L:107234.0@20,SWL:107185.1,107234.0,107161.58285714286,109084.8,72.41714285714261,6.753188620879815,0.30793342242740807,25.55748441568702,0.23106253177430117,0.7580071174377262,0.24199288256227378,0.0,1.0,PASS,CANCEL,,,clear,BTCUSDT|long|L:107234.0@20|SWL:107185.1,"v10_1_pass,weak_body_ratio,v11_quality_fail,r_abs_bps_low,r_abs_atr_low,body_ratio_low"
2025-05-25 01:10:00,CANCEL,SRR-1,long,bearish,lower_edge,L:107234.0@20,SWL:107185.1,107234.0,107161.155,109084.8,72.84500000000116,6.793088013130272,0.3042179995823822,25.407371816871073,0.33551483420591255,0.627399650959881,0.037085514834206405,0.0,1.0,PASS,CANCEL,,,clear,BTCUSDT|long|L:107234.0@20|SWL:107185.1,"v10_1_pass,body_not_aligned,v11_quality_fail,r_abs_bps_low,r_abs_atr_low"
2025-05-25 01:20:00,CANCEL,SRR-1,long,bearish,lower_edge,L:107185.1@20,SWL:107142.0,107185.1,107116.425,109084.8,68.67500000000291,6.407140544721505,0.2685239491691229,27.66217692027545,0.6104267487901374,0.9872415310162718,0.012758468983728193,0.0,0.0,PASS,CANCEL,,,clear,BTCUSDT|long|L:107185.1@20|SWL:107142.0,"v10_1_pass,v11_quality_fail,r_abs_bps_low,r_abs_atr_low"
2025-05-25 01:25:00,CANCEL,SRR-1,long,bearish,lower_edge,L:107185.1@20,SWL:107142.0,107185.1,107115.96714285715,109084.8,69.1328571428603,6.449857036366089,0.2655600065850986,27.478974231809087,0.6778947368421205,1.0,0.0,0.0,0.0,PASS,CANCEL,,,clear,BTCUSDT|long|L:107185.1@20|SWL:107142.0,"v10_1_pass,v11_quality_fail,r_abs_bps_low,r_abs_atr_low"
2025-05-25 05:10:00,CANCEL,SRR-1,short,bearish,upper_edge,H:108234.4@20,SWH:108250.1,108234.4,108258.80071428572,107142.0,24.40071428572992,2.2544324434495797,0.2804449552583673,44.76918123002875,0.334545454545481,0.9600000000000529,0.039999999999947085,0.0,0.0,PASS,CANCEL,,,clear,BTCUSDT|short|H:108234.4@20|SWH:108250.1,"v10_1_pass,v11_quality_fail,r_abs_bps_low,r_abs_atr_low"
2025-05-25 07:35:00,CANCEL,SRR-1,long,bearish,lower_edge,L:107400.0@20,SWL:107387.8,107400.0,107373.63,108250.1,26.369999999995343,2.455307262569399,0.18609738884964794,32.237390974598256,0.24711623779946107,0.7227151730257249,0.27728482697427514,0.0,1.0,PASS,CANCEL,,,clear,BTCUSDT|long|L:107400.0@20|SWL:107387.8,"v10_1_pass,weak_body_ratio,v11_quality_fail,r_abs_bps_low,r_abs_atr_low,body_ratio_low"
2025-05-25 08:40:00,CANCEL,SRR-1,long,bearish,lower_edge,L:107298.7@20,SWL:107202.3,107298.7,107186.89285714286,108250.1,111.80714285714203,10.42017683878202,0.7256838201205373,8.509295342745942,0.7886550777676976,0.7895699908508748,0.21043000914912524,0.0,0.0,PASS,CANCEL,,,clear,BTCUSDT|long|L:107298.7@20|SWL:107202.3,"v10_1_pass,v11_quality_fail,r_abs_bps_low"
2025-05-25 09:25:00,CANCEL,SRR-1,long,bearish,lower_edge,L:106879.4@20,SWL:106850.6,106879.4,106829.82,108250.1,49.579999999987194,4.638873346967442,0.23859480269483996,27.646228317877483,0.7958665699782786,0.8535170413343152,0.14648295866568486,0.0,0.0,PASS,CANCEL,,,clear,BTCUSDT|long|L:106879.4@20|SWL:106850.6,"v10_1_pass,v11_quality_fail,r_abs_bps_low,r_abs_atr_low"
2025-05-25 15:35:00,CANCEL,SRR-1,long,bearish,lower_edge,L:106628.2@20,SWL:106497.0,106628.2,106475.26071428572,107698.4,152.93928571428114,14.343230563235725,0.7035156891736277,6.997548046610657,0.47103634343754985,0.9014442152039276,0.09855578479607244,0.0,0.0,PASS,CANCEL,,,clear,BTCUSDT|long|L:106628.2@20|SWL:106497.0,"v10_1_pass,v11_quality_fail,r_abs_bps_low"
2025-05-25 23:05:00,CANCEL,SRR-1,short,bullish,upper_edge,H:109169.0@20,SWH:109285.1,109169.0,109319.72,107118.8,150.72000000000116,13.806117121160876,0.43535528596187356,13.602707006369302,0.18483296756889012,0.5810777859058754,0.41892221409412456,0.0,2.0,PASS,CANCEL,,,clear,BTCUSDT|short|H:109169.0@20|SWH:109285.1,"v10_1_pass,weak_body_ratio,weak_close_strength,v11_quality_fail,r_abs_bps_low,r_abs_atr_low,close_strength_low,body_ratio_low"
2025-05-26 00:50:00,CANCEL,SRR-1,short,bullish,upper_edge,H:109285.1@20,SWH:109336.2,109285.1,109354.00857142857,107118.8,68.90857142856112,6.305394919212327,0.3869404781003757,31.437308234518387,0.07861771058314078,0.7663066954643377,0.15507559395252152,0.0,2.0,PASS,CANCEL,,,clear,BTCUSDT|short|H:109285.1@20|SWH:109336.2,"v10_1_pass,weak_body_ratio,body_not_aligned,v11_quality_fail,r_abs_bps_low,r_abs_atr_low,body_ratio_low"
2025-05-26 00:55:00,CANCEL,SRR-1,short,bullish,upper_edge,H:109285.1@20,SWH:109405.5,109285.1,109423.56857142856,107118.8,138.4685714285588,12.670398016615145,0.7663504111321275,15.644705348301217,0.21402337228716467,0.6093489148580968,0.1766277128547385,0.0,2.0,PASS,CANCEL,,,clear,BTCUSDT|short|H:109285.1@20|SWH:109405.5,"v10_1_pass,weak_body_ratio,body_not_aligned,v11_quality_fail,r_abs_bps_low,body_ratio_low"
2025-05-26 01:05:00,CANCEL,SRR-1,short,bullish,upper_edge,H:109571.1@20,SWH:109788.5,109571.1,109809.29714285715,107118.8,238.19714285714144,21.739048239649087,1.14533589778816,10.295253631445815,0.08113730929263055,0.9188626907073695,0.0,0.0,2.0,PASS,CANCEL,,,clear,BTCUSDT|short|H:109571.1@20|SWH:109788.5,"v10_1_pass,weak_body_ratio,body_not_aligned,v11_quality_fail,r_abs_bps_low,body_ratio_low"
2025-05-26 01:10:00,CANCEL,SRR-1,short,bullish,upper_edge,H:109571.1@20,SWH:109788.5,109571.1,109809.24071428571,107118.8,238.14071428570605,21.73389828939438,1.1481799083927018,10.297693140610512,0.694029850746211,0.6944444444444109,0.30555555555558905,0.0,0.0,PASS,CANCEL,,,clear,BTCUSDT|short|H:109571.1@20|SWH:109788.5,"v10_1_pass,v11_quality_fail,r_abs_bps_low"
2025-05-26 01:50:00,CANCEL,SRR-1,short,bullish,upper_edge,H:109788.5@20,SWH:109856.0,109788.5,109877.89428571428,107118.8,89.39428571428289,8.142408878369126,0.408299621558124,29.864324980824232,0.26291666666669095,0.7370833333333091,0.0,0.0,2.0,PASS,CANCEL,,,clear,BTCUSDT|short|H:109788.5@20|SWH:109856.0,"v10_1_pass,weak_body_ratio,body_not_aligned,v11_quality_fail,r_abs_bps_low,r_abs_atr_low,body_ratio_low"
2025-05-26 01:55:00,CANCEL,SRR-1,short,bullish,upper_edge,H:109788.5@20,SWH:109856.0,109788.5,109878.95571428571,107118.8,90.45571428570838,8.239088272971065,0.39404443338101813,29.51388998563022,0.6155769917828028,0.8574490889603608,0.14255091103963918,0.0,0.0,PASS,CANCEL,,,clear,BTCUSDT|short|H:109788.5@20|SWH:109856.0,"v10_1_pass,v11_quality_fail,r_abs_bps_low,r_abs_atr_low"
2025-05-26 17:55:00,CANCEL,SRR-1,long,bullish,lower_edge,L:109042.3@20,SWL:108850.0,109042.3,108831.36928571429,110400.0,210.9307142857142,19.3439348111434,1.1321665452593754,6.43671076826174,0.8194444444444444,0.8201388888888282,0.17986111111117176,0.0,0.0,PASS,CANCEL,,,clear,BTCUSDT|long|L:109042.3@20|SWL:108850.0,"v10_1_pass,v11_quality_fail,r_abs_bps_low"
2025-05-27 07:55:00,CANCEL,SRR-1,short,bearish,upper_edge,H:109458.0@20,SWH:109600.0,109458.0,109615.80214285714,107855.0,157.80214285713737,14.416684285948708,0.9986123039370561,10.158290445087555,0.4544924154025486,0.9871645274212534,0.012835472578746582,0.0,0.0,PASS,CANCEL,,,clear,BTCUSDT|short|H:109458.0@20|SWH:109600.0,"v10_1_pass,v11_quality_fail,r_abs_bps_low"
2025-05-27 09:10:00,CANCEL,SRR-1,short,bullish,upper_edge,H:109729.5@20,SWH:109741.8,109729.5,109754.51142857144,108483.0,25.011428571437136,2.279371415292801,0.1967633175995305,49.837217272087116,0.8711604095563853,0.8993174061434416,0.10068259385655846,0.0,0.0,PASS,CANCEL,,,clear,BTCUSDT|short|H:109729.5@20|SWH:109741.8,"v10_1_pass,v11_quality_fail,r_abs_bps_low,r_abs_atr_low"
2025-05-27 13:25:00,CANCEL,SRR-1,short,bullish,upper_edge,H:110554.3@20,SWH:110700.0,110554.3,110722.36857142857,109366.9,168.0685714285646,15.202354990132866,0.7513603269893595,7.064973480212497,0.5742346938775659,0.7834183673469536,0.21658163265304636,0.0,0.0,PASS,CANCEL,,,clear,BTCUSDT|short|H:110554.3@20|SWH:110700.0,"v10_1_pass,v11_quality_fail,r_abs_bps_low"
2025-05-27 22:25:00,CANCEL,SRR-1,long,bullish,lower_edge,L:108679.5@20,SWL:108533.5,108679.5,108513.20142857142,110383.8,166.2985714285751,15.301742410351086,0.8192624392990614,10.2484343994019,0.42110221384829466,0.9510127178520557,0.048987282147944365,0.0,0.0,PASS,CANCEL,,,clear,BTCUSDT|long|L:108679.5@20|SWL:108533.5,"v10_1_pass,v11_quality_fail,r_abs_bps_low"
2025-05-28 08:55:00,CANCEL,SRR-1,short,bearish,upper_edge,H:109060.0@20,SWH:109076.2,109060.0,109089.83857142857,108534.5,29.838571428568684,2.7359775745982655,0.21878076882788128,17.611432948725707,0.4339118825100471,0.7463284379172033,0.25367156208279673,0.0,0.0,PASS,CANCEL,,,clear,BTCUSDT|short|H:109060.0@20|SWH:109076.2,"v10_1_pass,v11_quality_fail,r_abs_bps_low,r_abs_atr_low"
2025-05-28 09:40:00,CANCEL,SRR-1,long,bearish,lower_edge,L:108520.5@20,SWL:108450.0,108520.5,108432.95714285714,109076.2,87.5428571428638,8.066941927365225,0.5136630343671775,6.347748041774941,0.5299873737373505,0.881944444444418,0.11805555555558203,0.0,0.0,PASS,CANCEL,,,clear,BTCUSDT|long|L:108520.5@20|SWL:108450.0,"v10_1_pass,v11_quality_fail,r_abs_bps_low,r_abs_atr_low"
2025-05-28 14:50:00,CANCEL,SRR-1,long,bearish,lower_edge,L:107512.7@20,SWL:107441.8,107512.7,107413.98642857143,109012.0,98.71357142856868,9.181573100533118,0.3549115282878281,15.188387759680333,0.35901205527788577,0.7153778300500122,0.2846221699499878,0.0,0.0,PASS,CANCEL,,,active,BTCUSDT|long|L:107512.7@20|SWL:107441.8,"v10_1_pass,v11_quality_fail,r_abs_bps_low,r_abs_atr_low"
2025-05-28 15:20:00,CANCEL,SRR-1,long,bearish,lower_edge,L:107100.2@20,SWL:107100.1,107100.2,107076.50785714286,109012.0,23.692142857136787,2.212147396282807,0.10042386993245803,80.6934185534894,0.6552246340232641,0.6562342251388477,0.3437657748611523,0.0,0.0,PASS,CANCEL,,,clear,BTCUSDT|long|L:107100.2@20|SWL:107100.1,"v10_1_pass,v11_quality_fail,r_abs_bps_low,r_abs_atr_low"
2025-05-28 15:25:00,CANCEL,SRR-1,long,bearish,lower_edge,L:107100.2@20,SWL:107100.1,107100.2,107076.90214285714,109012.0,23.2978571428539,2.1753327391409076,0.1004310742987206,82.05904896220918,0.7326994189117536,0.73375594294766,0.26624405705233994,0.0,0.0,PASS,CANCEL,,,clear,BTCUSDT|long|L:107100.2@20|SWL:107100.1,"v10_1_pass,v11_quality_fail,r_abs_bps_low,r_abs_atr_low"
2025-05-28 20:05:00,CANCEL,SRR-1,long,bearish,lower_edge,L:106881.5@20,SWL:106723.9,106881.5,106706.19142857142,107793.0,175.3085714285844,16.40214362902695,0.989964504679003,5.199403500765611,0.00903774587983539,0.9133439659755321,0.08665603402446787,0.0,2.0,PASS,CANCEL,,,clear,BTCUSDT|long|L:106881.5@20|SWL:106723.9,"v10_1_pass,weak_body_ratio,weak_retest,v11_quality_fail,r_abs_bps_low,body_ratio_low"
2025-05-28 23:35:00,CANCEL,SRR-1,short,bearish,upper_edge,H:107977.8@20,SWH:107986.3,107977.8,108000.645,106723.9,22.845000000001164,2.115712674272041,0.15925409550366884,54.887283869553286,0.10958904109590732,0.6418786692759744,0.3581213307240257,0.0,1.0,PASS,CANCEL,,,clear,BTCUSDT|short|H:107977.8@20|SWH:107986.3,"v10_1_pass,weak_body_ratio,v11_quality_fail,r_abs_bps_low,r_abs_atr_low,body_ratio_low"
2025-05-29 10:50:00,CANCEL,SRR-1,short,bullish,upper_edge,H:108599.9@20,SWH:108614.6,108599.9,108625.74714285714,107569.8,25.847142857150175,2.380033762199613,0.23187235678591206,39.853534516099586,0.5360059391239113,0.46325167037864395,0.0007423904974447819,0.0,2.0,PASS,CANCEL,,,clear,BTCUSDT|short|H:108599.9@20|SWH:108614.6,"v10_1_pass,weak_close_strength,body_not_aligned,v11_quality_fail,r_abs_bps_low,r_abs_atr_low,close_strength_low"
2025-05-29 11:10:00,CANCEL,SRR-1,short,bullish,upper_edge,H:108827.1@20,SWH:108860.0,108827.1,108872.62214285714,107589.5,45.52214285713853,4.182978583196514,0.360653047365705,27.186769390095442,0.3816137566137447,0.9477513227513602,0.052248677248639755,0.0,0.0,PASS,CANCEL,,,clear,BTCUSDT|short|H:108827.1@20|SWH:108860.0,"v10_1_pass,v11_quality_fail,r_abs_bps_low,r_abs_atr_low"
2025-05-29 13:55:00,CANCEL,SRR-1,long,bullish,lower_edge,L:107508.6@20,SWL:107376.3,107508.6,107353.25428571428,108860.0,155.34571428572235,14.449608150950002,0.6740763699479658,8.699306615658594,0.8173381143218881,0.916684243830414,0.08331575616958602,0.0,0.0,PASS,CANCEL,,,clear,BTCUSDT|long|L:107508.6@20|SWL:107376.3,"v10_1_pass,v11_quality_fail,r_abs_bps_low,r_abs_atr_low"
2025-05-29 19:20:00,CANCEL,SRR-1,long,bearish,lower_edge,L:105600.0@20,SWL:105580.0,105600.0,105556.01214285714,107788.0,43.98785714285623,4.165516774891689,0.18337551737485752,49.74099995128629,0.29513444302180974,0.5864276568502402,0.41357234314975977,0.0,2.0,PASS,CANCEL,,,clear,BTCUSDT|long|L:105600.0@20|SWL:105580.0,"v10_1_pass,weak_body_ratio,weak_close_strength,v11_quality_fail,r_abs_bps_low,r_abs_atr_low,close_strength_low,body_ratio_low"
2025-05-29 19:25:00,CANCEL,SRR-1,long,bearish,lower_edge,L:105600.0@20,SWL:105580.0,105600.0,105554.84714285714,107788.0,45.15285714286438,4.2758387445894295,0.17951382972684077,48.45762014742793,0.516172057352397,0.6442147382460536,0.3557852617539464,0.0,0.0,PASS,CANCEL,,,clear,BTCUSDT|long|L:105600.0@20|SWL:105580.0,"v10_1_pass,v11_quality_fail,r_abs_bps_low,r_abs_atr_low"
2025-05-29 23:55:00,CANCEL,SRR-1,long,bearish,lower_edge,L:105580.0@20,SWL:105054.2,105580.0,105034.12428571428,106415.0,545.8757142857212,51.702568127081,2.7190848929054585,1.529652223295184,0.8955625280142678,0.9273868220528408,0.0726131779471592,0.0,0.0,PASS,CANCEL,,,clear,BTCUSDT|long|L:105580.0@20|SWL:105054.2,"v10_1_pass,v11_hard_fail_tp1_r,tp1_r=1.53"
2025-05-30 12:50:00,CANCEL,SRR-1,short,bearish,upper_edge,H:105940.1@20,SWH:105949.1,105940.1,105971.40000000001,104568.0,31.30000000000291,2.954499759770182,0.14035874439463059,43.83706070287151,0.010370370370327254,0.6059259259259475,0.39407407407405254,0.0,1.0,PASS,CANCEL,,,clear,BTCUSDT|short|H:105940.1@20|SWH:105949.1,"v10_1_pass,weak_body_ratio,v11_quality_fail,r_abs_bps_low,r_abs_atr_low,body_ratio_low"
2025-05-30 12:55:00,CANCEL,SRR-1,short,bearish,upper_edge,H:105940.1@20,SWH:105949.1,105940.1,105971.91,104568.0,31.80999999999767,3.002640171190859,0.13945637878122508,43.134234517450686,0.8711276332093949,1.0,0.0,0.0,0.0,PASS,CANCEL,,,clear,BTCUSDT|short|H:105940.1@20|SWH:105949.1,"v10_1_pass,v11_quality_fail,r_abs_bps_low,r_abs_atr_low"
2025-05-30 23:05:00,CANCEL,SRR-1,long,bearish,lower_edge,L:103900.1@20,SWL:103698.6,103900.1,103679.33571428573,104957.5,220.76428571427823,21.24774525859727,1.1459770114942327,4.789724010742039,0.38838960408062984,0.9261598251153536,0.07384017488464646,0.0,0.0,PASS,CANCEL,,,clear,BTCUSDT|long|L:103900.1@20|SWL:103698.6,"v10_1_pass,v11_quality_fail,r_abs_bps_low"
2025-05-30 23:10:00,CANCEL,SRR-1,long,bearish,lower_edge,L:103900.1@20,SWL:103698.6,103900.1,103678.48142857144,104957.5,221.61857142856752,21.329967096140187,1.101562167151875,4.771260789129386,0.5816733067728532,0.992031872509911,0.007968127490089006,0.0,0.0,PASS,CANCEL,,,clear,BTCUSDT|long|L:103900.1@20|SWL:103698.6,"v10_1_pass,v11_quality_fail,r_abs_bps_low"
2025-05-31 02:10:00,CANCEL,SRR-1,long,bearish,lower_edge,L:103231.6@20,SWL:103231.0,103231.6,103202.09857142858,104849.9,29.501428571427823,2.857790499365293,0.10207602194651556,54.85497070359889,0.9499041883383444,0.9737202299479722,0.02627977005202777,0.0,0.0,PASS,CANCEL,,,clear,BTCUSDT|long|L:103231.6@20|SWL:103231.0,"v10_1_pass,v11_quality_fail,r_abs_bps_low,r_abs_atr_low"
2025-05-31 02:55:00,CANCEL,SRR-1,long,bearish,lower_edge,L:103231.0@20,SWL:103061.6,103231.0,103039.05500000001,104750.0,191.94499999999243,18.593736377637768,0.8513861166555552,7.913725285889499,0.29872061886342394,0.6173757810175703,0.08390360011900572,0.0,2.0,PASS,CANCEL,,,clear,BTCUSDT|long|L:103231.0@20|SWL:103061.6,"v10_1_pass,weak_body_ratio,body_not_aligned,v11_quality_fail,r_abs_bps_low,body_ratio_low"
2025-05-31 03:10:00,CANCEL,SRR-1,long,bearish,lower_edge,L:103061.6@20,SWL:103032.1,103061.6,103011.1442857143,104750.0,50.45571428570838,4.8956851325526065,0.24077305883152353,33.46300857895564,0.21323900960080006,0.6478019201617021,0.13895907023749776,0.0,2.0,PASS,CANCEL,,,clear,BTCUSDT|long|L:103061.6@20|SWL:103032.1,"v10_1_pass,weak_body_ratio,body_not_aligned,v11_quality_fail,r_abs_bps_low,r_abs_atr_low,body_ratio_low"
2025-05-31 10:50:00,CANCEL,SRR-1,long,bearish,lower_edge,L:103264.8@20,SWL:103249.9,103264.8,103239.34785714286,103863.0,25.4521428571461,2.464745281755845,0.24120354701147242,23.50293267476466,0.5729166666666088,0.9904513888888393,0.009548611111160673,0.0,0.0,PASS,CANCEL,,,clear,BTCUSDT|long|L:103264.8@20|SWL:103249.9,"v10_1_pass,v11_quality_fail,r_abs_bps_low,r_abs_atr_low"
2025-05-31 12:50:00,CANCEL,SRR-1,short,bearish,upper_edge,H:103912.4@20,SWH:103932.8,103912.4,103941.88071428571,103249.9,29.480714285717113,2.8370737549818035,0.3246519310941897,22.472318464853803,0.4954044117646391,0.5045955882353609,0.0,0.0,2.0,PASS,CANCEL,,,clear,BTCUSDT|short|H:103912.4@20|SWH:103932.8,"v10_1_pass,weak_close_strength,body_not_aligned,v11_quality_fail,r_abs_bps_low,r_abs_atr_low,close_strength_low"
2025-05-31 14:20:00,CANCEL,SRR-1,short,bearish,upper_edge,H:104375.0@20,SWH:104417.0,104375.0,104427.97785714286,103249.9,52.97785714286147,5.075722840034632,0.4825883271521051,21.23717456079871,0.44685466377441513,0.9146782357194312,0.08532176428056878,0.0,0.0,PASS,CANCEL,,,clear,BTCUSDT|short|H:104375.0@20|SWH:104417.0,"v10_1_pass,v11_quality_fail,r_abs_bps_low,r_abs_atr_low"
2025-05-31 15:05:00,CANCEL,SRR-1,short,bearish,upper_edge,H:104537.9@20,SWH:104599.9,104537.9,104612.12357142857,103249.9,74.223571428578,7.100159026398846,0.6072167358149354,17.352977971955774,0.1954090641553751,0.705709240729831,0.294290759270169,0.0,1.0,PASS,CANCEL,,,clear,BTCUSDT|short|H:104537.9@20|SWH:104599.9,"v10_1_pass,weak_body_ratio,v11_quality_fail,r_abs_bps_low,r_abs_atr_low,body_ratio_low"
2025-05-31 15:40:00,CANCEL,SRR-1,short,bearish,upper_edge,H:104730.1@20,SWH:104800.0,104730.1,104811.71714285715,103249.9,81.6171428571397,7.793093184971626,0.6965618141916237,18.135895820206684,0.9223803363518739,0.9228115567054996,0.07718844329450034,0.0,0.0,PASS,CANCEL,,,clear,BTCUSDT|short|H:104730.1@20|SWH:104800.0,"v10_1_pass,v11_quality_fail,r_abs_bps_low,r_abs_atr_low"
2025-05-31 22:05:00,CANCEL,SRR-1,short,bullish,upper_edge,H:104833.9@20,SWH:104859.3,104833.9,104868.39857142858,104215.0,34.49857142858673,3.2907839380760167,0.37916470403534197,17.939873286670412,0.46480331262931135,0.8985507246376572,0.10144927536234286,0.0,0.0,PASS,CANCEL,,,clear,BTCUSDT|short|H:104833.9@20|SWH:104859.3,"v10_1_pass,v11_quality_fail,r_abs_bps_low,r_abs_atr_low"
2025-06-01 00:20:00,CANCEL,SRR-1,long,bullish,lower_edge,L:104400.0@20,SWL:104350.0,104400.0,104342.25928571429,104859.3,57.740714285711874,5.530719759167804,0.7459352219248578,7.954525774088981,0.03632478632472188,0.7905982905982414,0.17307692307703668,0.0,2.0,PASS,CANCEL,,,clear,BTCUSDT|long|L:104400.0@20|SWL:104350.0,"v10_1_pass,weak_body_ratio,body_not_aligned,v11_quality_fail,r_abs_bps_low,body_ratio_low"
2025-06-01 00:35:00,CANCEL,SRR-1,long,bullish,lower_edge,L:104314.8@20,SWL:104277.3,104314.8,104269.47857142857,104859.3,45.32142857143481,4.344678662225763,0.5794520547945925,12.014184397161467,0.1960447119518688,0.5580395528804175,0.4419604471195825,0.0,2.0,PASS,CANCEL,,,clear,BTCUSDT|long|L:104314.8@20|SWL:104277.3,"v10_1_pass,weak_body_ratio,weak_close_strength,v11_quality_fail,r_abs_bps_low,r_abs_atr_low,close_strength_low,body_ratio_low"
2025-06-01 00:40:00,CANCEL,SRR-1,long,bullish,lower_edge,L:104314.8@20,SWL:104277.3,104314.8,104269.25714285714,104859.3,45.542857142863795,4.365905618652751,0.5662522202487432,11.955771643661993,0.9971751412427735,0.9985875706213868,0.0014124293786132295,0.0,0.0,PASS,CANCEL,,,clear,BTCUSDT|long|L:104314.8@20|SWL:104277.3,"v10_1_pass,v11_quality_fail,r_abs_bps_low,r_abs_atr_low"
2025-06-01 04:50:00,CANCEL,SRR-1,short,bullish,upper_edge,H:104688.0@20,SWH:104700.0,104688.0,104709.10142857143,103860.9,21.101428571433644,2.0156492216332,0.23184743368393898,39.196398348105404,0.2261806130903361,0.6628003314001817,0.3371996685998183,0.0,1.0,PASS,CANCEL,,,clear,BTCUSDT|short|H:104688.0@20|SWH:104700.0,"v10_1_pass,weak_body_ratio,v11_quality_fail,r_abs_bps_low,r_abs_atr_low,body_ratio_low"
2025-06-01 04:55:00,CANCEL,SRR-1,short,bullish,upper_edge,H:104688.0@20,SWH:104700.0,104688.0,104708.93928571428,103860.9,20.93928571428114,2.0001610226846576,0.234238913303984,39.49991471943582,0.18305597579432306,0.5960665658094594,0.4039334341905407,0.0,2.0,PASS,CANCEL,,,clear,BTCUSDT|short|H:104688.0@20|SWH:104700.0,"v10_1_pass,weak_body_ratio,weak_close_strength,v11_quality_fail,r_abs_bps_low,r_abs_atr_low,close_strength_low,body_ratio_low"
2025-06-01 09:50:00,CANCEL,SRR-1,long,bullish,lower_edge,L:103792.1@20,SWL:103704.1,103792.1,103691.93071428571,104700.0,100.16928571429162,9.650954717583671,0.8231320068087603,9.063656524311822,0.25727466288148687,0.7789212207239499,0.22107877927605016,0.0,1.0,PASS,CANCEL,,,clear,BTCUSDT|long|L:103792.1@20|SWL:103704.1,"v10_1_pass,weak_body_ratio,v11_quality_fail,r_abs_bps_low,body_ratio_low"
2025-06-01 14:50:00,CANCEL,SRR-1,short,bearish,upper_edge,H:104699.3@20,SWH:104731.2,104699.3,104743.83142857143,103704.1,44.53142857142666,4.253268987608003,0.35254467315085686,22.348261260106117,0.34381898454748294,0.9448123620309042,0.05518763796909581,0.0,0.0,PASS,CANCEL,,,clear,BTCUSDT|short|H:104699.3@20|SWH:104731.2,"v10_1_pass,v11_quality_fail,r_abs_bps_low,r_abs_atr_low"
2025-06-01 15:35:00,CANCEL,SRR-1,short,bearish,upper_edge,H:104756.7@20,SWH:104760.0,104756.7,104771.09785714286,103708.6,14.39785714285972,1.3744091922387514,0.1297354701680108,72.79555489406782,0.4238805970149833,0.746268656716418,0.2537313432835821,0.0,0.0,PASS,CANCEL,,,clear,BTCUSDT|short|H:104756.7@20|SWH:104760.0,"v10_1_pass,v11_quality_fail,r_abs_bps_low,r_abs_atr_low"
2025-06-01 15:40:00,CANCEL,SRR-1,short,bearish,upper_edge,H:104756.7@20,SWH:104760.0,104756.7,104771.705,103708.6,15.005000000004657,1.4323666171237408,0.1281930798804353,69.85004998331662,0.2929292929293534,0.7878787878788165,0.21212121212118348,0.0,1.0,PASS,CANCEL,,,clear,BTCUSDT|short|H:104756.7@20|SWH:104760.0,"v10_1_pass,weak_body_ratio,v11_quality_fail,r_abs_bps_low,r_abs_atr_low,body_ratio_low"
2025-06-01 21:35:00,CANCEL,SRR-1,short,bullish,upper_edge,H:105260.0@20,SWH:105450.0,105260.0,105461.43857142857,104280.1,201.4385714285745,19.137238402866664,1.7610465842388403,4.864510272539558,0.39782172542273053,0.6021782745772695,0.0,0.0,1.0,PASS,CANCEL,,,clear,BTCUSDT|short|H:105260.0@20|SWH:105450.0,"v10_1_pass,body_not_aligned,v11_quality_fail,r_abs_bps_low"
2025-06-01 23:25:00,CANCEL,SRR-1,short,bullish,upper_edge,H:105760.0@20,SWH:105823.6,105760.0,105837.29285714286,104280.1,77.2928571428638,7.3083261292420385,0.5644757433490227,19.146659273632878,0.5498233215547909,0.9922261484099557,0.0077738515900443025,0.0,0.0,PASS,CANCEL,,,clear,BTCUSDT|short|H:105760.0@20|SWH:105823.6,"v10_1_pass,v11_quality_fail,r_abs_bps_low,r_abs_atr_low"
2025-06-02 07:50:00,CANCEL,SRR-1,short,bullish,upper_edge,H:105388.8@20,SWH:105398.5,105388.8,105410.47571428571,104520.0,21.675714285709546,2.056737934743497,0.180997256352101,40.08172411521354,0.68712121212119,0.8106060606060606,0.1893939393939394,0.0,0.0,PASS,CANCEL,,,clear,BTCUSDT|short|H:105388.8@20|SWH:105398.5,"v10_1_pass,v11_quality_fail,r_abs_bps_low,r_abs_atr_low"
2025-06-02 07:55:00,CANCEL,SRR-1,short,bullish,upper_edge,H:105388.8@20,SWH:105398.5,105388.8,105409.28857142857,104520.0,20.488571428562864,1.9440938153354874,0.18990995762703633,42.404127736735205,0.1906873614191732,0.6407982261638681,0.16851441241695875,0.0,2.0,PASS,CANCEL,,,clear,BTCUSDT|short|H:105388.8@20|SWH:105398.5,"v10_1_pass,weak_body_ratio,body_not_aligned,v11_quality_fail,r_abs_bps_low,r_abs_atr_low,body_ratio_low"
2025-06-02 10:10:00,CANCEL,SRR-1,long,bullish,lower_edge,L:104420.0@20,SWL:104355.2,104420.0,104335.86499999999,105900.0,84.13500000000931,8.057364489562278,0.4351435221102097,17.59077672787587,0.5216730038022703,0.7920152091254864,0.20798479087451366,0.0,0.0,PASS,CANCEL,,,clear,BTCUSDT|long|L:104420.0@20|SWL:104355.2,"v10_1_pass,v11_quality_fail,r_abs_bps_low,r_abs_atr_low"
2025-06-02 10:40:00,CANCEL,SRR-1,long,bullish,lower_edge,L:104253.0@20,SWL:104188.8,104253.0,104171.52071428571,105900.0,81.47928571428929,7.815533914063796,0.4715431358770043,20.21372653873376,0.3740694789082134,0.9640198511166066,0.0359801488833934,0.0,0.0,PASS,CANCEL,,,clear,BTCUSDT|long|L:104253.0@20|SWL:104188.8,"v10_1_pass,v11_quality_fail,r_abs_bps_low,r_abs_atr_low"
2025-06-02 11:10:00,CANCEL,SRR-1,long,bearish,lower_edge,L:104188.8@20,SWL:104150.2,104188.8,104135.28214285713,105900.0,53.517857142869616,5.13662285609102,0.3587502992579242,31.974374374366867,0.35133495145626914,0.49696601941751994,0.15169902912621092,0.0,2.0,PASS,CANCEL,,,clear,BTCUSDT|long|L:104188.8@20|SWL:104150.2,"v10_1_pass,weak_close_strength,body_not_aligned,v11_quality_fail,r_abs_bps_low,r_abs_atr_low,close_strength_low"
2025-06-02 11:50:00,CANCEL,SRR-1,long,bearish,lower_edge,L:103922.8@20,SWL:103867.8,103922.8,103853.65214285714,105900.0,69.14785714285972,6.653771563397033,0.48875145150705834,28.59380003512032,0.3670562454346199,0.7461650840029246,0.25383491599707547,0.0,0.0,PASS,CANCEL,,,clear,BTCUSDT|long|L:103922.8@20|SWL:103867.8,"v10_1_pass,v11_quality_fail,r_abs_bps_low,r_abs_atr_low"
2025-06-02 11:55:00,CANCEL,SRR-1,long,bearish,lower_edge,L:103922.8@20,SWL:103867.8,103922.8,103853.66214285715,105900.0,69.13785714285041,6.652809310646981,0.4890264234829976,28.59793580114539,0.17377567140599517,0.7843601895734467,0.04186413902055819,0.0,2.0,PASS,CANCEL,,,clear,BTCUSDT|long|L:103922.8@20|SWL:103867.8,"v10_1_pass,weak_body_ratio,body_not_aligned,v11_quality_fail,r_abs_bps_low,r_abs_atr_low,body_ratio_low"
2025-06-02 12:20:00,CANCEL,SRR-1,long,bearish,lower_edge,L:103832.5@20,SWL:103805.0,103832.5,103790.665,105900.0,41.8350000000064,4.029085305661176,0.29183815835372323,49.42034181904347,0.5442231075697443,0.4557768924302557,0.0,0.0,2.0,PASS,CANCEL,,,clear,BTCUSDT|long|L:103832.5@20|SWL:103805.0,"v10_1_pass,weak_close_strength,body_not_aligned,v11_quality_fail,r_abs_bps_low,r_abs_atr_low,close_strength_low"
2025-06-02 14:05:00,CANCEL,SRR-1,long,bearish,lower_edge,L:103642.0@20,SWL:103600.6,103642.0,103575.01285714286,105296.5,66.98714285713504,6.463320165293514,0.26180001116629203,24.69876948668476,0.3992045216663141,0.7418882143604696,0.25811178563953036,0.0,0.0,PASS,CANCEL,,,clear,BTCUSDT|long|L:103642.0@20|SWL:103600.6,"v10_1_pass,v11_quality_fail,r_abs_bps_low,r_abs_atr_low"
2025-06-02 14:10:00,CANCEL,SRR-1,long,bearish,lower_edge,L:103642.0@20,SWL:103600.6,103642.0,103573.52928571429,105296.5,68.4707142857078,6.606464009350244,0.2529327950605321,24.16361530998883,0.2863143157157989,0.8288414420721222,0.17115855792787776,0.0,1.0,PASS,CANCEL,,,clear,BTCUSDT|long|L:103642.0@20|SWL:103600.6,"v10_1_pass,weak_body_ratio,v11_quality_fail,r_abs_bps_low,r_abs_atr_low,body_ratio_low"
2025-06-02 20:20:00,CANCEL,SRR-1,short,bearish,upper_edge,H:104894.0@20,SWH:104962.7,104894.0,104978.89642857143,103982.9,84.8964285714319,8.093544775814813,0.5241675854465409,10.731900214546785,0.42372152986681155,0.877524709926943,0.12247529007305696,0.0,0.0,PASS,CANCEL,,,clear,BTCUSDT|short|H:104894.0@20|SWH:104962.7,"v10_1_pass,v11_quality_fail,r_abs_bps_low,r_abs_atr_low"
2025-06-02 22:10:00,CANCEL,SRR-1,short,bearish,upper_edge,H:105068.0@20,SWH:105191.3,105068.0,105205.49785714287,103984.2,137.49785714286554,13.086558908789122,0.9684409116064397,7.882304659292931,0.338782412626876,0.6854565952649933,0.3145434047350067,0.0,0.0,PASS,CANCEL,,,clear,BTCUSDT|short|H:105068.0@20|SWH:105191.3,"v10_1_pass,v11_quality_fail,r_abs_bps_low"
2025-06-03 02:05:00,CANCEL,SRR-1,short,bullish,upper_edge,H:106460.0@20,SWH:106470.8,106460.0,106483.26857142858,104523.5,23.26857142857625,2.1856632940612672,0.18661778185155356,83.22384577601419,0.7408424908424572,0.9981684981685248,0.0018315018314752284,0.0,0.0,PASS,CANCEL,,,clear,BTCUSDT|short|H:106460.0@20|SWH:106470.8,"v10_1_pass,v11_quality_fail,r_abs_bps_low,r_abs_atr_low"
2025-06-03 02:10:00,CANCEL,SRR-1,short,bullish,upper_edge,H:106460.0@20,SWH:106470.8,106460.0,106483.34357142857,104523.5,23.34357142857334,2.192708193553761,0.18609988041685047,82.956457880719,0.8389154704944336,0.9481658692184984,0.051834130781501606,0.0,0.0,PASS,CANCEL,,,clear,BTCUSDT|short|H:106460.0@20|SWH:106470.8,"v10_1_pass,v11_quality_fail,r_abs_bps_low,r_abs_atr_low"
2025-06-03 04:20:00,CANCEL,SRR-1,long,bullish,lower_edge,L:105255.0@20,SWL:105251.6,105255.0,105240.07642857144,106470.8,14.923571428560535,1.4178491690238502,0.1295047418334177,81.46843440392699,0.32542372881375664,0.6745762711862434,0.0,0.0,1.0,PASS,CANCEL,,,clear,BTCUSDT|long|L:105255.0@20|SWL:105251.6,"v10_1_pass,body_not_aligned,v11_quality_fail,r_abs_bps_low,r_abs_atr_low"
2025-06-03 04:25:00,CANCEL,SRR-1,long,bullish,lower_edge,L:105255.0@20,SWL:105251.6,105255.0,105241.08142857143,106470.8,13.91857142857043,1.3223667691387992,0.13232378106749357,87.35091860823802,0.7014388489207899,0.7014388489207899,0.2985611510792101,0.0,0.0,PASS,CANCEL,,,clear,BTCUSDT|long|L:105255.0@20|SWL:105251.6,"v10_1_pass,v11_quality_fail,r_abs_bps_low,r_abs_atr_low"
2025-06-03 04:55:00,CANCEL,SRR-1,long,bullish,lower_edge,L:105127.4@20,SWL:105062.5,105127.4,105054.655,106470.8,72.74499999999534,6.919699336233498,0.9272785213511173,18.467248608153064,0.4012282497440968,0.8874104401228217,0.11258955987717838,0.0,0.0,PASS,CANCEL,,,clear,BTCUSDT|long|L:105127.4@20|SWL:105062.5,"v10_1_pass,v11_quality_fail,r_abs_bps_low"
2025-06-03 08:40:00,CANCEL,SRR-1,long,bullish,lower_edge,L:104870.0@20,SWL:104846.1,104870.0,104838.24214285715,105558.1,31.75785714284575,3.0283071557972487,0.40415416780277985,21.66707901307559,0.7687420584498378,0.8017789072426125,0.19822109275738753,0.0,0.0,PASS,CANCEL,,,clear,BTCUSDT|long|L:104870.0@20|SWL:104846.1,"v10_1_pass,v11_quality_fail,r_abs_bps_low,r_abs_atr_low"
2025-06-03 12:20:00,CANCEL,SRR-1,short,bullish,upper_edge,H:105358.0@20,SWH:105408.7,105358.0,105415.64785714286,104822.4,57.64785714285972,5.471616502103279,0.8297213940578417,9.290891744210224,0.12143514259427271,0.8840846366144788,0.11591536338552123,0.0,1.0,PASS,CANCEL,,,clear,BTCUSDT|short|H:105358.0@20|SWH:105408.7,"v10_1_pass,weak_body_ratio,v11_quality_fail,r_abs_bps_low,body_ratio_low"
2025-06-03 13:35:00,CANCEL,SRR-1,short,bullish,upper_edge,H:105417.1@20,SWH:105417.8,105417.1,105426.37071428572,104822.4,9.27071428571071,0.8794317322057532,0.1081673472788974,64.14823946377513,0.6841405002660704,0.7716870675891372,0.2283129324108628,0.0,0.0,PASS,CANCEL,,,clear,BTCUSDT|short|H:105417.1@20|SWH:105417.8,"v10_1_pass,v11_quality_fail,r_abs_bps_low,r_abs_atr_low"
2025-06-03 14:50:00,CANCEL,SRR-1,short,bullish,upper_edge,H:106300.0@20,SWH:106356.5,106300.0,106381.78714285714,104969.4,81.78714285713795,7.693992742910438,0.3234337043104718,16.269060802432445,0.6450326323422491,0.8498912255257132,0.15010877447428678,0.0,0.0,PASS,CANCEL,,,clear,BTCUSDT|short|H:106300.0@20|SWH:106356.5,"v10_1_pass,v11_quality_fail,r_abs_bps_low,r_abs_atr_low"
2025-06-03 15:25:00,CANCEL,SRR-1,short,bullish,upper_edge,H:106666.0@20,SWH:106775.0,106666.0,106801.34857142858,104969.4,135.348571428578,12.689007877728423,0.5136846671004386,12.535041796841451,0.22986923606332268,0.6397109428767738,0.13041982105990355,0.0,2.0,PASS,CANCEL,,,clear,BTCUSDT|short|H:106666.0@20|SWH:106775.0,"v10_1_pass,weak_body_ratio,body_not_aligned,v11_quality_fail,r_abs_bps_low,r_abs_atr_low,body_ratio_low"
2025-06-04 00:35:00,CANCEL,SRR-1,long,bullish,lower_edge,L:105200.4@20,SWL:105200.0,105200.4,105188.63285714286,106385.0,11.767142857133877,1.1185454482239494,0.10351891416355277,100.67014689821985,0.28928571428574895,0.722619047619013,0.27738095238098703,0.0,1.0,PASS,CANCEL,,,clear,BTCUSDT|long|L:105200.4@20|SWL:105200.0,"v10_1_pass,weak_body_ratio,v11_quality_fail,r_abs_bps_low,r_abs_atr_low,body_ratio_low"
2025-06-04 06:35:00,CANCEL,SRR-1,long,bearish,lower_edge,L:105202.8@20,SWL:105200.0,105202.8,105193.47214285715,105800.0,9.327857142852736,0.8866548364542328,0.1428930955246124,64.02327896472862,0.5383333333333818,0.46166666666661815,0.0,0.0,2.0,PASS,CANCEL,,,clear,BTCUSDT|long|L:105202.8@20|SWL:105200.0,"v10_1_pass,weak_close_strength,body_not_aligned,v11_quality_fail,r_abs_bps_low,r_abs_atr_low,close_strength_low"
2025-06-04 06:40:00,CANCEL,SRR-1,long,bearish,lower_edge,L:105202.8@20,SWL:105200.0,105202.8,105194.00928571429,105800.0,8.790714285714785,0.8355969884560853,0.14673900083464148,67.93532136182242,1.0,1.0,0.0,0.0,0.0,PASS,CANCEL,,,clear,BTCUSDT|long|L:105202.8@20|SWL:105200.0,"v10_1_pass,v11_quality_fail,r_abs_bps_low,r_abs_atr_low"
2025-06-04 12:35:00,CANCEL,SRR-1,long,bearish,lower_edge,L:104864.8@20,SWL:104718.2,104864.8,104704.97857142857,105967.2,159.8214285714348,15.240712667304454,1.208806050783398,6.89769832402204,0.00656814449920272,0.7811986863710935,0.21223316912970383,0.0,2.0,PASS,CANCEL,,,clear,BTCUSDT|long|L:104864.8@20|SWL:104718.2,"v10_1_pass,weak_body_ratio,body_not_aligned,v11_quality_fail,r_abs_bps_low,body_ratio_low"
2025-06-04 12:40:00,CANCEL,SRR-1,long,bearish,lower_edge,L:104864.8@20,SWL:104718.2,104864.8,104704.68071428571,105967.2,160.1192857142887,15.269116587671812,1.1843768161885193,6.8848670856993355,0.02312543798169649,0.7687456201822193,0.2081289418360842,0.0,2.0,PASS,CANCEL,,,clear,BTCUSDT|long|L:104864.8@20|SWL:104718.2,"v10_1_pass,weak_body_ratio,body_not_aligned,v11_quality_fail,r_abs_bps_low,body_ratio_low"
2025-06-05 01:20:00,CANCEL,SRR-1,short,bearish,upper_edge,H:105048.0@20,SWH:105132.1,105048.0,105142.29857142858,104350.0,94.29857142857509,8.976712686445728,0.924625297660752,7.40202093653867,0.15905383360521266,1.0,0.0,0.0,1.0,PASS,CANCEL,,,clear,BTCUSDT|short|H:105048.0@20|SWH:105132.1,"v10_1_pass,weak_body_ratio,v11_quality_fail,r_abs_bps_low,body_ratio_low"
2025-06-05 01:25:00,CANCEL,SRR-1,short,bearish,upper_edge,H:105048.0@20,SWH:105132.1,105048.0,105142.99071428573,104350.0,94.99071428572643,9.042600933451986,0.8722174854070618,7.348086655085648,0.84029850746273,1.0,0.0,0.0,0.0,PASS,CANCEL,,,clear,BTCUSDT|short|H:105048.0@20|SWH:105132.1,"v10_1_pass,v11_quality_fail,r_abs_bps_low"
2025-06-05 06:25:00,CANCEL,SRR-1,long,bearish,lower_edge,L:104487.7@20,SWL:104461.6,104487.7,104452.07357142858,105225.6,35.62642857141327,3.409628939235266,0.3739746569691777,20.71215189366754,0.6795058139535315,0.8321220930233086,0.1678779069766914,0.0,0.0,PASS,CANCEL,,,clear,BTCUSDT|long|L:104487.7@20|SWL:104461.6,"v10_1_pass,v11_quality_fail,r_abs_bps_low,r_abs_atr_low"
2025-06-05 06:55:00,CANCEL,SRR-1,long,bearish,lower_edge,L:104333.0@20,SWL:104321.2,104333.0,104310.94357142856,105225.6,22.05642857143539,2.114041441484036,0.21504979455401002,40.468927102549365,0.3477157360407071,0.874365482233581,0.12563451776641896,0.0,0.0,PASS,CANCEL,,,clear,BTCUSDT|long|L:104333.0@20|SWL:104321.2,"v10_1_pass,v11_quality_fail,r_abs_bps_low,r_abs_atr_low"
2025-06-05 14:05:00,CANCEL,SRR-1,long,bearish,lower_edge,L:104252.6@20,SWL:104200.1,104252.6,104176.12357142857,105878.3,76.47642857143364,7.335685495751054,0.31896505496472033,21.257530331473237,0.18060091443502102,0.71815806662311,0.10124101894186903,0.0,2.0,PASS,CANCEL,,,clear,BTCUSDT|long|L:104252.6@20|SWL:104200.1,"v10_1_pass,weak_body_ratio,body_not_aligned,v11_quality_fail,r_abs_bps_low,r_abs_atr_low,body_ratio_low"
2025-06-05 16:50:00,CANCEL,SRR-1,long,bearish,lower_edge,L:103631.5@20,SWL:103612.0,103631.5,103592.11,105878.3,39.38999999999942,3.8009678524386326,0.19803921568627325,57.03985783193796,0.15672676837719643,0.7676837725381368,0.23231622746186323,0.0,1.0,PASS,CANCEL,,,clear,BTCUSDT|long|L:103631.5@20|SWL:103612.0,"v10_1_pass,weak_body_ratio,v11_quality_fail,r_abs_bps_low,r_abs_atr_low,body_ratio_low"
2025-06-05 17:05:00,CANCEL,SRR-1,long,bearish,lower_edge,L:103179.9@20,SWL:103080.1,103179.9,103054.97142857143,105878.3,124.92857142856519,12.10783994058583,0.49715747583852593,21.59954259577016,0.45359776252224626,0.7808288838037131,0.2191711161962869,0.0,0.0,PASS,CANCEL,,,clear,BTCUSDT|long|L:103179.9@20|SWL:103080.1,"v10_1_pass,v11_quality_fail,r_abs_bps_low,r_abs_atr_low"
2025-06-05 18:10:00,CANCEL,SRR-1,long,bearish,lower_edge,L:103080.1@20,SWL:103052.4,103080.1,103034.58071428571,105878.3,45.51928571429744,4.415914004186787,0.25544955305253736,61.47284510488469,0.43459915611806793,0.5647980711272255,0.0006027727547065431,0.0,2.0,PASS,CANCEL,,,clear,BTCUSDT|long|L:103080.1@20|SWL:103052.4,"v10_1_pass,weak_close_strength,body_not_aligned,v11_quality_fail,r_abs_bps_low,r_abs_atr_low,close_strength_low"
2025-06-05 18:20:00,CANCEL,SRR-1,long,bearish,lower_edge,L:102550.0@20,SWL:102514.6,102550.0,102493.27857142857,105806.5,56.72142857142899,5.531099811938468,0.2660301507537708,57.412164714771016,0.5505453020134362,0.8840184563758605,0.1159815436241395,0.0,0.0,PASS,CANCEL,,,clear,BTCUSDT|long|L:102550.0@20|SWL:102514.6,"v10_1_pass,v11_quality_fail,r_abs_bps_low,r_abs_atr_low"
2025-06-05 18:25:00,CANCEL,SRR-1,long,bearish,lower_edge,L:102550.0@20,SWL:102514.6,102550.0,102492.56357142857,105806.5,57.436428571425495,5.60082189872506,0.26064309098569227,56.69746676450043,0.7372950819671893,0.869262295081991,0.13073770491800893,0.0,0.0,PASS,CANCEL,,,clear,BTCUSDT|long|L:102550.0@20|SWL:102514.6,"v10_1_pass,v11_quality_fail,r_abs_bps_low,r_abs_atr_low"
2025-06-06 04:25:00,CANCEL,SRR-1,short,bearish,upper_edge,H:102465.0@20,SWH:102556.2,102465.0,102566.64571428571,101003.4,101.64571428571071,9.92004238381015,0.9730853391684694,14.379356869800429,0.6186968838526747,0.7036827195467257,0.29631728045327427,0.0,0.0,PASS,CANCEL,,,clear,BTCUSDT|short|H:102465.0@20|SWH:102556.2,"v10_1_pass,v11_quality_fail,r_abs_bps_low"
2025-06-06 04:50:00,CANCEL,SRR-1,short,bearish,upper_edge,H:102700.0@20,SWH:102746.0,102700.0,102755.90857142858,101003.4,55.90857142857567,5.443872583113502,0.564244521337991,30.345973017168692,0.09605263157898566,0.7881578947367656,0.11578947368424881,0.0,2.0,PASS,CANCEL,,,clear,BTCUSDT|short|H:102700.0@20|SWH:102746.0,"v10_1_pass,weak_body_ratio,body_not_aligned,v11_quality_fail,r_abs_bps_low,r_abs_atr_low,body_ratio_low"
2025-06-06 05:20:00,CANCEL,SRR-1,short,bearish,upper_edge,H:102851.9@20,SWH:102873.3,102851.9,102883.69928571429,101003.4,31.799285714296275,3.0917548158367785,0.3057833642421493,58.1302365282046,0.7795172863665867,0.9719504240052,0.028049575994799927,0.0,0.0,PASS,CANCEL,,,clear,BTCUSDT|short|H:102851.9@20|SWH:102873.3,"v10_1_pass,v11_quality_fail,r_abs_bps_low,r_abs_atr_low"
2025-06-06 05:25:00,CANCEL,SRR-1,short,bearish,upper_edge,H:102851.9@20,SWH:102873.3,102851.9,102883.52928571429,101003.4,31.62928571429802,3.0752261955586646,0.30920326792833636,58.44267292967623,0.7296260786192631,0.7305848513901723,0.2694151486098278,0.0,0.0,PASS,CANCEL,,,clear,BTCUSDT|short|H:102851.9@20|SWH:102873.3,"v10_1_pass,v11_quality_fail,r_abs_bps_low,r_abs_atr_low"
2025-06-06 07:10:00,CANCEL,SRR-1,short,bearish,upper_edge,H:103193.0@20,SWH:103193.7,103193.0,103205.3907142857,101480.0,12.390714285706053,1.2007320540837123,0.10598765809243298,138.24868853413233,0.16910229645108152,0.7453027139875037,0.08559498956141476,0.0,2.0,PASS,CANCEL,,,clear,BTCUSDT|short|H:103193.0@20|SWH:103193.7,"v10_1_pass,weak_body_ratio,body_not_aligned,v11_quality_fail,r_abs_bps_low,r_abs_atr_low,body_ratio_low"
2025-06-06 08:25:00,CANCEL,SRR-1,short,bearish,upper_edge,H:103424.5@20,SWH:103444.9,103424.5,103455.78928571429,102080.1,31.28928571428696,3.025326273202864,0.28734011151198535,42.96678461362668,0.6947094535992129,0.6955767562879017,0.3044232437120983,0.0,0.0,PASS,CANCEL,,,clear,BTCUSDT|short|H:103424.5@20|SWH:103444.9,"v10_1_pass,v11_quality_fail,r_abs_bps_low,r_abs_atr_low"
2025-06-06 08:35:00,CANCEL,SRR-1,short,bearish,upper_edge,H:103444.9@20,SWH:103445.6,103444.9,103456.24571428572,102239.5,11.345714285722352,1.0967881728072,0.10657541599578203,106.24276000999699,0.015488867376488129,0.9845111326235119,0.0,0.0,2.0,PASS,CANCEL,,,clear,BTCUSDT|short|H:103444.9@20|SWH:103445.6,"v10_1_pass,weak_body_ratio,body_not_aligned,v11_quality_fail,r_abs_bps_low,r_abs_atr_low,body_ratio_low"
2025-06-06 08:40:00,CANCEL,SRR-1,short,bearish,upper_edge,H:103444.9@20,SWH:103445.6,103444.9,103455.20357142857,102239.5,10.303571428579744,0.9960444090119227,0.10728895500194718,116.98856152503501,0.3312401883829236,0.5729984301413135,0.42700156985868654,0.0,1.0,PASS,CANCEL,,,clear,BTCUSDT|short|H:103444.9@20|SWH:103445.6,"v10_1_pass,weak_close_strength,v11_quality_fail,r_abs_bps_low,r_abs_atr_low,close_strength_low"
2025-06-06 08:55:00,CANCEL,SRR-1,short,bearish,upper_edge,H:103476.0@20,SWH:103544.1,103476.0,103553.225,102321.1,77.22500000000582,7.463083227029052,0.8463013698630775,14.955001618645609,0.5590361445782431,0.7144578313253362,0.28554216867466375,0.0,0.0,PASS,CANCEL,,,clear,BTCUSDT|short|H:103476.0@20|SWH:103544.1,"v10_1_pass,v11_quality_fail,r_abs_bps_low"
2025-06-06 10:10:00,CANCEL,SRR-1,short,bullish,upper_edge,H:103720.0@20,SWH:103744.4,103720.0,103753.50142857143,102620.0,33.50142857142782,3.2299873285217724,0.3680897818238905,32.83442070700683,0.31216931216931215,0.6867724867724252,0.0010582010582626535,0.0,1.0,PASS,CANCEL,,,clear,BTCUSDT|short|H:103720.0@20|SWH:103744.4,"v10_1_pass,body_not_aligned,v11_quality_fail,r_abs_bps_low,r_abs_atr_low"
2025-06-06 10:25:00,CANCEL,SRR-1,short,bullish,upper_edge,H:103744.4@20,SWH:103749.0,103744.4,103758.205,102620.0,13.805000000007567,1.3306742339834794,0.1499728408474481,81.44875045268945,0.9023746701845852,0.9353562005275918,0.06464379947240823,0.0,0.0,PASS,CANCEL,,,clear,BTCUSDT|short|H:103744.4@20|SWH:103749.0,"v10_1_pass,v11_quality_fail,r_abs_bps_low,r_abs_atr_low"
2025-06-06 11:55:00,CANCEL,SRR-1,short,bullish,upper_edge,H:103877.8@20,SWH:103953.9,103877.8,103963.5757142857,102953.6,85.77571428570081,8.257367241672505,0.8865052413995321,10.774611528406302,0.23671875000002274,0.7101562499999545,0.05312500000002274,0.0,2.0,PASS,CANCEL,,,clear,BTCUSDT|short|H:103877.8@20|SWH:103953.9,"v10_1_pass,weak_body_ratio,body_not_aligned,v11_quality_fail,r_abs_bps_low,body_ratio_low"
2025-06-06 12:10:00,CANCEL,SRR-1,short,bullish,upper_edge,H:103953.9@20,SWH:103979.1,103953.9,103988.83642857143,102997.3,34.93642857144005,3.360761700276762,0.3588218032427213,27.381161701857412,0.47380952380955843,0.47380952380955843,0.5261904761904416,0.0,2.0,PASS,CANCEL,,,clear,BTCUSDT|short|H:103953.9@20|SWH:103979.1,"v10_1_pass,weak_close_strength,opposite_wick_high,v11_quality_fail,r_abs_bps_low,r_abs_atr_low,close_strength_low"
2025-06-06 14:55:00,CANCEL,SRR-1,short,bullish,upper_edge,H:104749.6@20,SWH:104863.1,104749.6,104885.2392857143,103471.4,135.63928571429278,12.948907271654763,0.6126633327956383,9.423523526158789,0.7211597779148056,0.9808760024675773,0.019123997532422637,0.0,0.0,PASS,CANCEL,,,clear,BTCUSDT|short|H:104749.6@20|SWH:104863.1,"v10_1_pass,v11_quality_fail,r_abs_bps_low,r_abs_atr_low"
2025-06-06 15:05:00,CANCEL,SRR-1,short,bullish,upper_edge,H:104863.1@20,SWH:104951.5,104863.1,104971.9,103471.4,108.79999999998836,10.37543234941446,0.5333333333332708,12.791360294119123,0.008054772452678117,0.9472412404349349,0.052758759565065115,0.0,1.0,PASS,CANCEL,,,clear,BTCUSDT|short|H:104863.1@20|SWH:104951.5,"v10_1_pass,weak_body_ratio,v11_quality_fail,r_abs_bps_low,r_abs_atr_low,body_ratio_low"
2025-06-06 15:10:00,CANCEL,SRR-1,short,bullish,upper_edge,H:104863.1@20,SWH:104951.5,104863.1,104972.32928571428,103471.4,109.22928571427474,10.416370078156637,0.5244024553341229,12.741088535912086,0.32607142857143895,0.9107142857142857,0.08928571428571429,0.0,0.0,PASS,CANCEL,,,clear,BTCUSDT|short|H:104863.1@20|SWH:104951.5,"v10_1_pass,v11_quality_fail,r_abs_bps_low,r_abs_atr_low"
2025-06-06 15:20:00,CANCEL,SRR-1,short,bullish,upper_edge,H:105161.5@20,SWH:105283.0,105161.5,105307.82714285715,103471.4,146.3271428571461,13.914516515753968,0.5893837389953469,11.550146931044702,0.4514652014651918,0.8365384615384427,0.16346153846155737,0.0,0.0,PASS,CANCEL,,,clear,BTCUSDT|short|H:105161.5@20|SWH:105283.0,"v10_1_pass,v11_quality_fail,r_abs_bps_low,r_abs_atr_low"
2025-06-07 00:25:00,CANCEL,SRR-1,long,bullish,lower_edge,L:104010.0@20,SWL:103800.1,104010.0,103791.30714285714,104574.9,218.69285714285797,21.026137596659744,2.4871649065800843,2.5830747623868726,0.7777139574957163,0.9408385985065907,0.05916140149340934,0.0,0.0,PASS,CANCEL,,,clear,BTCUSDT|long|L:104010.0@20|SWL:103800.1,"v10_1_pass,v11_quality_fail,r_abs_bps_low"
2025-06-07 03:10:00,CANCEL,SRR-1,short,bullish,upper_edge,H:104580.0@20,SWH:104689.2,104580.0,104697.70357142857,103800.1,117.70357142857392,11.254883479496455,1.3841663166736788,6.6259671693416795,0.1774562071591957,0.7608530083776996,0.23914699162230035,0.0,1.0,PASS,CANCEL,,,clear,BTCUSDT|short|H:104580.0@20|SWH:104689.2,"v10_1_pass,weak_body_ratio,v11_quality_fail,r_abs_bps_low,body_ratio_low"
2025-06-07 03:50:00,CANCEL,SRR-1,short,bullish,upper_edge,H:104835.2@20,SWH:104856.0,104835.2,104867.85785714285,103800.1,32.65785714285448,3.115161428876416,0.2754111198120337,31.695282255421052,0.5329218106996344,0.4670781893003656,0.0,0.0,2.0,PASS,CANCEL,,,clear,BTCUSDT|short|H:104835.2@20|SWH:104856.0,"v10_1_pass,weak_close_strength,body_not_aligned,v11_quality_fail,r_abs_bps_low,r_abs_atr_low,close_strength_low"
2025-06-07 03:55:00,CANCEL,SRR-1,short,bullish,upper_edge,H:104835.2@20,SWH:104856.0,104835.2,104867.67785714286,103800.1,32.47785714286147,3.0979916233155915,0.2781148694110087,31.870945039472936,0.5702005730658309,0.8137535816618601,0.18624641833813996,0.0,0.0,PASS,CANCEL,,,clear,BTCUSDT|short|H:104835.2@20|SWH:104856.0,"v10_1_pass,v11_quality_fail,r_abs_bps_low,r_abs_atr_low"
2025-06-07 05:55:00,CANCEL,SRR-1,short,bullish,upper_edge,H:104875.7@20,SWH:104954.3,104875.7,104959.85,104224.4,84.15000000000873,8.023784346613061,1.5162162162163453,7.73975044563203,0.9694072657745473,0.9694072657745473,0.030592734225452767,0.0,1.0,PASS,CANCEL,,,clear,BTCUSDT|short|H:104875.7@20|SWH:104954.3,"v10_1_pass,weak_retest,v11_quality_fail,r_abs_bps_low"
2025-06-07 12:35:00,CANCEL,SRR-1,short,bullish,upper_edge,H:105241.3@20,SWH:105285.1,105241.3,105291.93642857144,104632.0,50.636428571437136,4.811459813916888,0.7406854038241839,12.032839147421532,0.4907024793388282,0.9462809917355689,0.05371900826443113,0.0,0.0,PASS,CANCEL,,,clear,BTCUSDT|short|H:105241.3@20|SWH:105285.1,"v10_1_pass,v11_quality_fail,r_abs_bps_low"
2025-06-07 18:35:00,CANCEL,SRR-1,short,bullish,upper_edge,H:105758.8@20,SWH:105850.0,105758.8,105860.99142857143,105222.6,102.19142857143015,9.662687981655441,0.9297374577593231,5.247015405261724,0.2539737387698738,0.6907394609536911,0.3092605390463089,0.0,1.0,PASS,CANCEL,,,clear,BTCUSDT|short|H:105758.8@20|SWH:105850.0,"v10_1_pass,weak_body_ratio,v11_quality_fail,r_abs_bps_low,body_ratio_low"
2025-06-07 18:40:00,CANCEL,SRR-1,short,bullish,upper_edge,H:105758.8@20,SWH:105850.0,105758.8,105861.07071428571,105222.6,102.27071428571071,9.670184824876106,0.9237950835537575,5.242947638969556,0.4095449500554028,0.5271920088789892,0.47280799112101074,0.0,2.0,PASS,CANCEL,,,clear,BTCUSDT|short|H:105758.8@20|SWH:105850.0,"v10_1_pass,weak_close_strength,opposite_wick_high,v11_quality_fail,r_abs_bps_low,close_strength_low"
2025-06-07 20:25:00,CANCEL,SRR-1,short,bullish,upper_edge,H:105850.0@20,SWH:105878.3,105850.0,105885.375,105222.6,35.375,3.34199338686821,0.4999999999999927,17.73568904593623,0.5432098765432891,0.5432098765432891,0.4567901234567109,0.0,2.0,PASS,CANCEL,,,clear,BTCUSDT|short|H:105850.0@20|SWH:105878.3,"v10_1_pass,weak_close_strength,opposite_wick_high,v11_quality_fail,r_abs_bps_low,r_abs_atr_low,close_strength_low"
2025-06-08 01:10:00,CANCEL,SRR-1,long,bullish,lower_edge,L:105389.2@20,SWL:105347.0,105389.2,105339.75428571428,105878.3,49.44571428571362,4.691724985644983,0.6824132492113414,9.891656073038503,0.7836601307189162,0.9993464052287201,0.0006535947712798742,0.0,0.0,PASS,CANCEL,,,clear,BTCUSDT|long|L:105389.2@20|SWL:105347.0,"v10_1_pass,v11_quality_fail,r_abs_bps_low,r_abs_atr_low"
2025-06-08 10:20:00,CANCEL,SRR-1,long,bullish,lower_edge,L:104960.1@20,SWL:104927.4,104960.1,104917.12928571428,105617.2,42.97071428572235,4.094004701379129,0.4183809722512672,15.29181003673291,0.7031611410947487,0.9591364687740753,0.04086353122592471,0.0,0.0,PASS,CANCEL,,,clear,BTCUSDT|long|L:104960.1@20|SWL:104927.4,"v10_1_pass,v11_quality_fail,r_abs_bps_low,r_abs_atr_low"
2025-06-08 17:10:00,CANCEL,SRR-1,short,bullish,upper_edge,H:106200.0@20,SWH:106278.4,106200.0,106289.13285714285,105450.0,89.13285714284575,8.392924401397904,0.8304671902035456,8.414405462152278,0.3791469194313058,0.9984202211690593,0.0015797788309407851,0.0,0.0,PASS,CANCEL,,,active,BTCUSDT|short|H:106200.0@20|SWH:106278.4,"v10_1_pass,v11_quality_fail,r_abs_bps_low"
2025-06-08 23:20:00,CANCEL,SRR-1,long,bullish,lower_edge,L:105549.0@20,SWL:105515.4,105549.0,105501.19785714285,106482.6,47.80214285715192,4.52890532900851,0.3365840164965654,19.53050520747367,0.16943291839556718,0.8222683264177313,0.1777316735822687,0.0,1.0,PASS,CANCEL,,,clear,BTCUSDT|long|L:105549.0@20|SWL:105515.4,"v10_1_pass,weak_body_ratio,v11_quality_fail,r_abs_bps_low,r_abs_atr_low,body_ratio_low"
2025-06-09 01:10:00,CANCEL,SRR-1,long,bullish,lower_edge,L:105511.0@20,SWL:105500.0,105511.0,105484.42071428572,106482.6,26.57928571428056,2.5191009197411223,0.17060657466412787,36.55478218806998,0.1290598290598788,0.633333333333383,0.3666666666666169,0.0,1.0,PASS,CANCEL,,,clear,BTCUSDT|long|L:105511.0@20|SWL:105500.0,"v10_1_pass,weak_body_ratio,v11_quality_fail,r_abs_bps_low,r_abs_atr_low,body_ratio_low"
2025-06-09 03:25:00,CANCEL,SRR-1,long,bullish,lower_edge,L:105350.0@20,SWL:105253.2,105350.0,105245.94571428571,106063.9,104.05428571428638,9.877008610753334,1.4343836155967131,6.8608418682554815,0.18274456521735538,0.8172554347826446,0.0,0.0,2.0,PASS,CANCEL,,,clear,BTCUSDT|long|L:105350.0@20|SWL:105253.2,"v10_1_pass,weak_body_ratio,body_not_aligned,v11_quality_fail,r_abs_bps_low,body_ratio_low"
2025-06-09 09:35:00,CANCEL,SRR-1,short,bearish,upper_edge,H:106131.5@20,SWH:106150.0,106131.5,106160.18428571429,105265.0,28.684285714291036,2.7027117975616135,0.28165240566704564,30.20817769808693,0.3435804701627306,0.5497287522602636,0.1066907775770058,0.0,2.0,PASS,CANCEL,,,clear,BTCUSDT|short|H:106131.5@20|SWH:106150.0,"v10_1_pass,weak_close_strength,body_not_aligned,v11_quality_fail,r_abs_bps_low,r_abs_atr_low,close_strength_low"
2025-06-09 10:25:00,CANCEL,SRR-1,short,bullish,upper_edge,H:107280.0@20,SWH:107443.1,107280.0,107465.785,105265.0,185.7850000000035,17.317766592095776,0.8189772977738687,10.845870226336691,0.4220095693780461,0.6990430622009848,0.3009569377990152,0.0,0.0,PASS,CANCEL,,,clear,BTCUSDT|short|H:107280.0@20|SWH:107443.1,"v10_1_pass,v11_quality_fail,r_abs_bps_low"
2025-06-09 11:20:00,CANCEL,SRR-1,short,bullish,upper_edge,H:107443.1@20,SWH:107486.0,107443.1,107506.54071428571,105346.3,63.440714285708964,5.904587105706086,0.3088534965399488,33.0513302633533,0.20776255707762556,0.6534246575342731,0.34657534246572685,0.0,1.0,PASS,CANCEL,,,clear,BTCUSDT|short|H:107443.1@20|SWH:107486.0,"v10_1_pass,weak_body_ratio,v11_quality_fail,r_abs_bps_low,r_abs_atr_low,body_ratio_low"
2025-06-09 12:50:00,CANCEL,SRR-1,short,bullish,upper_edge,H:107885.1@20,SWH:107912.8,107885.1,107926.45714285715,105429.2,41.357142857144936,3.83344343724434,0.3028242677824397,59.38272884282969,0.7898666666666201,1.0,0.0,0.0,0.0,PASS,CANCEL,,,clear,BTCUSDT|short|H:107885.1@20|SWH:107912.8,"v10_1_pass,v11_quality_fail,r_abs_bps_low,r_abs_atr_low"
2025-06-09 14:50:00,CANCEL,SRR-1,short,bullish,upper_edge,H:107912.8@20,SWH:107985.0,107912.8,108007.81571428571,106511.4,95.01571428570605,8.804860432284775,0.416448563020437,14.749139240127063,0.28348824494262115,0.8244942591580192,0.1755057408419808,0.0,1.0,PASS,CANCEL,,,clear,BTCUSDT|short|H:107912.8@20|SWH:107985.0,"v10_1_pass,weak_body_ratio,v11_quality_fail,r_abs_bps_low,r_abs_atr_low,body_ratio_low"
2025-06-09 14:55:00,CANCEL,SRR-1,short,bullish,upper_edge,H:107912.8@20,SWH:107985.0,107912.8,108007.71785714285,106511.4,94.91785714284924,8.795792264017729,0.41781166483253873,14.764345110435155,0.976464937560066,0.976464937560066,0.023535062439933946,0.0,0.0,PASS,CANCEL,,,clear,BTCUSDT|short|H:107912.8@20|SWH:107985.0,"v10_1_pass,v11_quality_fail,r_abs_bps_low,r_abs_atr_low"
2025-06-09 16:55:00,CANCEL,SRR-1,short,bullish,upper_edge,H:107985.0@20,SWH:108100.0,107985.0,108116.22571428571,106800.3,131.22571428571246,12.15221690843288,0.8087515407642109,9.02795619325491,0.16220514179696957,0.7651736019082822,0.23482639809171782,0.0,1.0,PASS,CANCEL,,,clear,BTCUSDT|short|H:107985.0@20|SWH:108100.0,"v10_1_pass,weak_body_ratio,v11_quality_fail,r_abs_bps_low,body_ratio_low"
2025-06-09 17:20:00,CANCEL,SRR-1,short,bullish,upper_edge,H:108251.0@20,SWH:108252.8,108251.0,108272.45928571429,106800.3,21.459285714285215,1.982363739298964,0.10915597863604777,67.60243650767377,0.6304514154552106,0.8936495791890245,0.10635042081097543,0.0,0.0,PASS,CANCEL,,,clear,BTCUSDT|short|H:108251.0@20|SWH:108252.8,"v10_1_pass,v11_quality_fail,r_abs_bps_low,r_abs_atr_low"
2025-06-09 17:55:00,CANCEL,SRR-1,short,bullish,upper_edge,H:108301.0@20,SWH:108366.0,108301.0,108385.97071428571,106800.3,84.9707142857078,7.845792216665386,0.42547659072209726,17.661379130626152,0.3935574229691593,0.48319327731091455,0.5168067226890855,0.0,2.0,PASS,CANCEL,,,clear,BTCUSDT|short|H:108301.0@20|SWH:108366.0,"v10_1_pass,weak_close_strength,opposite_wick_high,v11_quality_fail,r_abs_bps_low,r_abs_atr_low,close_strength_low"
2025-06-09 19:05:00,CANCEL,SRR-1,short,bullish,upper_edge,H:108496.9@20,SWH:108567.2,108496.9,108579.7507142857,106970.9,82.85071428571246,7.636228711208566,0.6601274827841217,18.418670414084257,0.21923620933522825,0.6336633663366323,0.14710042432813944,0.0,2.0,PASS,CANCEL,,,clear,BTCUSDT|short|H:108496.9@20|SWH:108567.2,"v10_1_pass,weak_body_ratio,body_not_aligned,v11_quality_fail,r_abs_bps_low,r_abs_atr_low,body_ratio_low"
2025-06-09 19:10:00,CANCEL,SRR-1,short,bullish,upper_edge,H:108496.9@20,SWH:108567.2,108496.9,108579.77857142857,106970.9,82.87857142857683,7.638796263172205,0.6588869960250288,18.412479531154535,0.028907922912171705,0.7901498929335762,0.18094218415425214,0.0,2.0,PASS,CANCEL,,,clear,BTCUSDT|short|H:108496.9@20|SWH:108567.2,"v10_1_pass,weak_body_ratio,body_not_aligned,v11_quality_fail,r_abs_bps_low,r_abs_atr_low,body_ratio_low"
2025-06-09 19:25:00,CANCEL,SRR-1,short,bullish,upper_edge,H:108567.2@20,SWH:108791.8,108567.2,108804.66642857144,107288.9,237.46642857143888,21.872759781171375,1.8456281574419249,5.383076705579214,0.027785128340830266,0.7446414395342742,0.2275734321248955,0.0,2.0,PASS,CANCEL,,,clear,BTCUSDT|short|H:108567.2@20|SWH:108791.8,"v10_1_pass,weak_body_ratio,body_not_aligned,v11_quality_fail,r_abs_bps_low,body_ratio_low"
2025-06-09 21:35:00,CANCEL,SRR-1,short,bullish,upper_edge,H:110610.0@20,SWH:110653.6,110610.0,110680.3142857143,107600.0,70.31428571429569,6.3569555839703185,0.26320855614976896,42.80780170661725,0.649465760077696,0.8011170471102456,0.19888295288975444,0.0,0.0,PASS,CANCEL,,,clear,BTCUSDT|short|H:110610.0@20|SWH:110653.6,"v10_1_pass,v11_quality_fail,r_abs_bps_low,r_abs_atr_low"
2025-06-09 21:40:00,CANCEL,SRR-1,short,bullish,upper_edge,H:110610.0@20,SWH:110653.6,110610.0,110681.92714285715,107600.0,71.92714285715192,6.502770351428616,0.25391598164307894,41.8479016465021,0.16689053055740968,0.8327736736064392,0.00033579583615117456,0.0,2.0,PASS,CANCEL,,,clear,BTCUSDT|short|H:110610.0@20|SWH:110653.6,"v10_1_pass,weak_body_ratio,body_not_aligned,v11_quality_fail,r_abs_bps_low,r_abs_atr_low,body_ratio_low"
2025-06-10 04:20:00,CANCEL,SRR-1,long,bullish,lower_edge,L:109340.0@20,SWL:109321.3,109340.0,109311.655,110280.0,28.345000000001164,2.5923724163161848,0.29388284085019606,33.16281531134103,0.10000000000022388,0.7807692307690629,0.11923076923071327,0.0,2.0,PASS,CANCEL,,,clear,BTCUSDT|long|L:109340.0@20|SWL:109321.3,"v10_1_pass,weak_body_ratio,body_not_aligned,v11_quality_fail,r_abs_bps_low,r_abs_atr_low,body_ratio_low"
2025-06-10 04:25:00,CANCEL,SRR-1,long,bullish,lower_edge,L:109340.0@20,SWL:109321.3,109340.0,109311.94571428571,110280.0,28.05428571428638,2.5657843162873952,0.2999083689676361,33.50646705367066,0.1976047904193704,0.7934131736528329,0.20658682634716713,0.0,1.0,PASS,CANCEL,,,clear,BTCUSDT|long|L:109340.0@20|SWL:109321.3,"v10_1_pass,weak_body_ratio,v11_quality_fail,r_abs_bps_low,r_abs_atr_low,body_ratio_low"
2025-06-10 06:10:00,CANCEL,SRR-1,long,bullish,lower_edge,L:109160.0@20,SWL:109100.0,109160.0,109086.19785714286,109916.7,73.80214285713737,6.760914516044098,0.534715106349909,10.253089825112266,0.3168077388150579,0.6819830713422423,0.31801692865775766,0.0,0.0,PASS,CANCEL,,,clear,BTCUSDT|long|L:109160.0@20|SWL:109100.0,"v10_1_pass,v11_quality_fail,r_abs_bps_low,r_abs_atr_low"
2025-06-10 07:50:00,CANCEL,SRR-1,long,bullish,lower_edge,L:109100.0@20,SWL:109041.1,109100.0,109030.70214285715,109715.0,69.2978571428539,6.3517742569068645,0.6664628700968375,8.874733294165356,0.1497197758207567,0.8086469175340649,0.1913530824659351,0.0,1.0,PASS,CANCEL,,,clear,BTCUSDT|long|L:109100.0@20|SWL:109041.1,"v10_1_pass,weak_body_ratio,v11_quality_fail,r_abs_bps_low,r_abs_atr_low,body_ratio_low"
2025-06-10 07:55:00,CANCEL,SRR-1,long,bullish,lower_edge,L:109100.0@20,SWL:109041.1,109100.0,109030.62000000001,109715.0,69.3799999999901,6.359303391383145,0.6620229007632723,8.86422600173087,0.5423465423464642,0.8034188034187764,0.19658119658122364,0.0,0.0,PASS,CANCEL,,,clear,BTCUSDT|long|L:109100.0@20|SWL:109041.1,"v10_1_pass,v11_quality_fail,r_abs_bps_low,r_abs_atr_low"
2025-06-10 13:25:00,CANCEL,SRR-1,short,bullish,upper_edge,H:109800.0@20,SWH:109852.9,109800.0,109864.43857142856,109010.2,64.43857142855995,5.868722352327865,0.5584623003589367,12.256634225288769,0.9179518815546633,0.9864281307834842,0.013571869216515781,0.0,0.0,PASS,CANCEL,,,clear,BTCUSDT|short|H:109800.0@20|SWH:109852.9,"v10_1_pass,v11_quality_fail,r_abs_bps_low,r_abs_atr_low"
2025-06-10 13:50:00,CANCEL,SRR-1,long,bullish,lower_edge,L:108888.2@20,SWL:108797.8,108888.2,108779.24428571429,109852.9,108.95571428570838,10.00620033077123,0.5871814612363984,8.854056038495779,0.07447698744765004,0.7786610878660722,0.22133891213392776,0.0,1.0,PASS,CANCEL,,,clear,BTCUSDT|long|L:108888.2@20|SWL:108797.8,"v10_1_pass,weak_body_ratio,v11_quality_fail,r_abs_bps_low,r_abs_atr_low,body_ratio_low"
2025-06-10 13:55:00,CANCEL,SRR-1,long,bullish,lower_edge,L:108888.2@20,SWL:108797.8,108888.2,108778.695,109852.9,109.5049999999901,10.056645256326224,0.573174561633026,8.809643395279524,0.5067497403946151,0.7975077881619999,0.20249221183800012,0.0,0.0,PASS,CANCEL,,,clear,BTCUSDT|long|L:108888.2@20|SWL:108797.8,"v10_1_pass,v11_quality_fail,r_abs_bps_low,r_abs_atr_low"
2025-06-10 14:50:00,CANCEL,SRR-1,long,bullish,lower_edge,L:108504.2@20,SWL:108427.8,108504.2,108399.95857142858,109852.9,104.24142857141851,9.607133048436697,0.3744112063214755,12.9382340445955,0.32133213321336485,0.9734473447344993,0.026552655265500703,0.0,0.0,PASS,CANCEL,,,clear,BTCUSDT|long|L:108504.2@20|SWL:108427.8,"v10_1_pass,v11_quality_fail,r_abs_bps_low,r_abs_atr_low"
2025-06-10 14:55:00,CANCEL,SRR-1,long,bullish,lower_edge,L:108504.2@20,SWL:108427.8,108504.2,108402.23285714287,109852.9,101.96714285713097,9.397529575549239,0.3988210314577371,13.22680975664581,0.06217858812530749,0.6531089294062687,0.28471248246842373,0.0,2.0,PASS,CANCEL,,,clear,BTCUSDT|long|L:108504.2@20|SWL:108427.8,"v10_1_pass,weak_body_ratio,body_not_aligned,v11_quality_fail,r_abs_bps_low,r_abs_atr_low,body_ratio_low"
2025-06-11 05:25:00,CANCEL,SRR-1,long,bullish,lower_edge,L:109400.1@20,SWL:109375.3,109400.1,109368.295,110099.8,31.805000000007567,2.9072185491610667,0.45403283369034414,21.999685584022345,0.7429378531074726,0.9625706214690065,0.03742937853099354,0.0,0.0,PASS,CANCEL,,,clear,BTCUSDT|long|L:109400.1@20|SWL:109375.3,"v10_1_pass,v11_quality_fail,r_abs_bps_low,r_abs_atr_low"
2025-06-11 06:35:00,CANCEL,SRR-1,long,bullish,lower_edge,L:109366.0@20,SWL:109335.4,109366.0,109327.27571428572,109827.4,38.72428571428463,3.5407974794986226,0.47664849657111014,11.915003504629983,0.1768082663604265,0.6337543053961877,0.18943742824338572,0.0,2.0,PASS,CANCEL,,,clear,BTCUSDT|long|L:109366.0@20|SWL:109335.4,"v10_1_pass,weak_body_ratio,body_not_aligned,v11_quality_fail,r_abs_bps_low,r_abs_atr_low,body_ratio_low"
2025-06-11 06:40:00,CANCEL,SRR-1,long,bullish,lower_edge,L:109366.0@20,SWL:109335.4,109366.0,109327.50714285714,109827.4,38.492857142860885,3.5196365545837724,0.48769230769234867,11.986639450731658,0.09224011713034615,0.862371888726299,0.137628111273701,0.0,1.0,PASS,CANCEL,,,clear,BTCUSDT|long|L:109366.0@20|SWL:109335.4,"v10_1_pass,weak_body_ratio,v11_quality_fail,r_abs_bps_low,r_abs_atr_low,body_ratio_low"
2025-06-11 06:55:00,CANCEL,SRR-1,long,bullish,lower_edge,L:109335.4@20,SWL:109322.0,109335.4,109313.60857142857,109827.4,21.79142857142142,1.9930807928101442,0.25968675519228407,22.57768454176695,0.9828680203044953,0.9835025380710297,0.016497461928970336,0.0,0.0,PASS,CANCEL,,,clear,BTCUSDT|long|L:109335.4@20|SWL:109322.0,"v10_1_pass,v11_quality_fail,r_abs_bps_low,r_abs_atr_low"
2025-06-11 10:05:00,CANCEL,SRR-1,long,bullish,lower_edge,L:109175.0@20,SWL:109133.8,109175.0,109125.39428571428,109715.4,49.60571428571711,4.543688049985539,0.5901427600272173,10.893906232000184,0.11729957805902261,0.6033755274261603,0.27932489451481707,0.0,2.0,PASS,CANCEL,,,clear,BTCUSDT|long|L:109175.0@20|SWL:109133.8,"v10_1_pass,weak_body_ratio,body_not_aligned,v11_quality_fail,r_abs_bps_low,r_abs_atr_low,body_ratio_low"
2025-06-11 10:10:00,CANCEL,SRR-1,long,bullish,lower_edge,L:109175.0@20,SWL:109133.8,109175.0,109124.6892857143,109715.4,50.31071428570431,4.608263273249765,0.552214817718426,10.741250798610661,0.4941588785046303,0.7225467289719579,0.2774532710280421,0.0,0.0,PASS,CANCEL,,,clear,BTCUSDT|long|L:109175.0@20|SWL:109133.8,"v10_1_pass,v11_quality_fail,r_abs_bps_low,r_abs_atr_low"
2025-06-11 12:05:00,CANCEL,SRR-1,long,bearish,lower_edge,L:109133.8@20,SWL:109100.0,109133.8,109093.21357142857,109715.4,40.586428571434226,3.7189604477654243,0.5980528365436105,14.329913236301268,0.44815668202764863,0.8325652841782172,0.16743471582178282,0.0,0.0,PASS,CANCEL,,,clear,BTCUSDT|long|L:109133.8@20|SWL:109100.0,"v10_1_pass,v11_quality_fail,r_abs_bps_low,r_abs_atr_low"
2025-06-11 12:10:00,CANCEL,SRR-1,long,bearish,lower_edge,L:109133.8@20,SWL:109100.0,109133.8,109091.91785714286,109715.4,41.882142857139115,3.837687577738438,0.5182059213433099,13.886586509764825,0.14388813712227852,0.8046910239061639,0.05142083897155764,0.0,2.0,PASS,CANCEL,,,clear,BTCUSDT|long|L:109133.8@20|SWL:109100.0,"v10_1_pass,weak_body_ratio,body_not_aligned,v11_quality_fail,r_abs_bps_low,r_abs_atr_low,body_ratio_low"
2025-06-11 14:40:00,CANCEL,SRR-1,short,bullish,upper_edge,H:110325.7@20,SWH:110350.0,110325.7,110379.54214285714,108950.1,53.84214285714552,4.880290164226968,0.18225537367925618,25.54876026479381,0.9363230440691078,1.0,0.0,0.0,0.0,PASS,CANCEL,,,clear,BTCUSDT|short|H:110325.7@20|SWH:110350.0,"v10_1_pass,v11_quality_fail,r_abs_bps_low,r_abs_atr_low"
2025-06-11 18:10:00,CANCEL,SRR-1,long,bearish,lower_edge,L:108903.2@20,SWL:108703.7,108903.2,108685.52071428571,110350.0,217.67928571428638,19.98832777313122,1.1974028525401694,6.646475319195008,0.7304207119741477,0.89514563106798,0.10485436893201999,0.0,0.0,PASS,CANCEL,,,clear,BTCUSDT|long|L:108903.2@20|SWL:108703.7,"v10_1_pass,v11_quality_fail,r_abs_bps_low"
2025-06-11 18:35:00,CANCEL,SRR-1,long,bearish,lower_edge,L:108388.0@20,SWL:108331.7,108388.0,108307.99428571429,110350.0,80.00571428571129,7.381418080019126,0.3374954802940693,24.523248339405246,0.42890995260663506,0.8011848341232365,0.19881516587676346,0.0,0.0,PASS,CANCEL,,,clear,BTCUSDT|long|L:108388.0@20|SWL:108331.7,"v10_1_pass,v11_quality_fail,r_abs_bps_low,r_abs_atr_low"
2025-06-11 18:40:00,CANCEL,SRR-1,long,bearish,lower_edge,L:108388.0@20,SWL:108331.7,108388.0,108307.24285714286,110350.0,80.75714285713912,7.450745733581127,0.3301985981308258,24.295064567487415,0.16813294232652862,0.7116324535679457,0.28836754643205437,0.0,1.0,PASS,CANCEL,,,clear,BTCUSDT|long|L:108388.0@20|SWL:108331.7,"v10_1_pass,weak_body_ratio,v11_quality_fail,r_abs_bps_low,r_abs_atr_low,body_ratio_low"
2025-06-12 10:20:00,CANCEL,SRR-1,long,bearish,lower_edge,L:107300.0@20,SWL:107259.3,107300.0,107250.52642857144,107951.0,49.473571428563446,4.610770869390815,0.5638931857037193,13.158540634973175,0.18396564065853704,0.7594846098782639,0.240515390121736,0.0,1.0,PASS,CANCEL,,,clear,BTCUSDT|long|L:107300.0@20|SWL:107259.3,"v10_1_pass,weak_body_ratio,v11_quality_fail,r_abs_bps_low,r_abs_atr_low,body_ratio_low"
2025-06-12 13:35:00,CANCEL,SRR-1,long,bearish,lower_edge,L:106688.0@20,SWL:106539.1,106688.0,106523.53857142858,107798.0,164.46142857141967,15.415175893391917,1.0568530248783023,6.74930291948648,0.0028948214859896948,0.8121582502412503,0.18494692827275996,0.0,2.0,PASS,CANCEL,,,clear,BTCUSDT|long|L:106688.0@20|SWL:106539.1,"v10_1_pass,weak_body_ratio,body_not_aligned,v11_quality_fail,r_abs_bps_low,body_ratio_low"
2025-06-12 13:40:00,CANCEL,SRR-1,long,bearish,lower_edge,L:106688.0@20,SWL:106539.1,106688.0,106521.57285714286,107798.0,166.42714285713737,15.599424757905048,0.949539489770935,6.669585146653839,0.7369380315917617,0.9334750911300292,0.06652490886997076,0.0,0.0,PASS,CANCEL,,,clear,BTCUSDT|long|L:106688.0@20|SWL:106539.1,"v10_1_pass,v11_quality_fail,r_abs_bps_low"
2025-06-12 15:10:00,CANCEL,SRR-1,short,bearish,upper_edge,H:107673.9@20,SWH:107769.1,107673.9,107785.81857142858,106539.1,111.91857142858498,10.394215443908413,0.6694266427412568,10.139514698184849,0.10478834142949799,0.9750173490631112,0.024982650936888794,0.0,1.0,PASS,CANCEL,,,clear,BTCUSDT|short|H:107673.9@20|SWH:107769.1,"v10_1_pass,weak_body_ratio,v11_quality_fail,r_abs_bps_low,r_abs_atr_low,body_ratio_low"
2025-06-12 20:20:00,CANCEL,SRR-1,long,bearish,lower_edge,L:106336.7@20,SWL:106300.0,106336.7,106270.88142857143,108398.4,65.81857142856461,6.189638330751717,0.22603640288473395,31.323985848547903,0.6355748373102091,0.8805133767172965,0.11948662328270357,0.0,0.0,PASS,CANCEL,,,clear,BTCUSDT|long|L:106336.7@20|SWL:106300.0,"v10_1_pass,v11_quality_fail,r_abs_bps_low,r_abs_atr_low"
2025-06-12 22:25:00,CANCEL,SRR-1,long,bearish,lower_edge,L:105704.0@20,SWL:105700.0,105704.0,105677.83357142858,108398.4,26.16642857142142,2.475443556669702,0.11804530660906172,102.97163759454652,0.7835789473684456,0.8635789473684455,0.13642105263155443,0.0,0.0,PASS,CANCEL,,,clear,BTCUSDT|long|L:105704.0@20|SWL:105700.0,"v10_1_pass,v11_quality_fail,r_abs_bps_low,r_abs_atr_low"
2025-06-13 07:35:00,CANCEL,SRR-1,short,bearish,upper_edge,H:104775.1@20,SWH:104777.3,104775.1,104798.56928571429,103016.6,23.469285714279977,2.2399678658650743,0.11034355374950976,74.92771707704908,0.6435152374202634,1.0,0.0,0.0,0.0,PASS,CANCEL,,,clear,BTCUSDT|short|H:104775.1@20|SWH:104777.3,"v10_1_pass,v11_quality_fail,r_abs_bps_low,r_abs_atr_low"
2025-06-13 07:40:00,CANCEL,SRR-1,short,bearish,upper_edge,H:104775.1@20,SWH:104777.3,104775.1,104798.53357142858,103016.6,23.43357142856985,2.2365592042927993,0.11036095132370351,75.04191178712367,0.38787436084739285,0.7034331628926735,0.29656683710732645,0.0,0.0,PASS,CANCEL,,,clear,BTCUSDT|short|H:104775.1@20|SWH:104777.3,"v10_1_pass,v11_quality_fail,r_abs_bps_low,r_abs_atr_low"
2025-06-13 14:20:00,CANCEL,SRR-1,long,bearish,lower_edge,L:104341.3@20,SWL:104257.2,104341.3,104232.29071428571,105254.8,109.00928571428813,10.44737661063147,0.4376250967797548,8.380020050716332,0.3749501396090989,0.6250498603909012,0.0,0.0,1.0,PASS,CANCEL,,,clear,BTCUSDT|long|L:104341.3@20|SWL:104257.2,"v10_1_pass,body_not_aligned,v11_quality_fail,r_abs_bps_low,r_abs_atr_low"
2025-06-13 14:35:00,CANCEL,SRR-1,long,bearish,lower_edge,L:104100.0@20,SWL:104069.5,104100.0,104041.33714285714,105254.8,58.66285714285914,5.635240839851983,0.20829867099523797,19.685369179816252,0.7598696124592484,0.9076421586381765,0.09235784136182348,0.0,0.0,PASS,CANCEL,,,clear,BTCUSDT|long|L:104100.0@20|SWL:104069.5,"v10_1_pass,v11_quality_fail,r_abs_bps_low,r_abs_atr_low"
2025-06-13 14:40:00,CANCEL,SRR-1,long,bearish,lower_edge,L:104100.0@20,SWL:104069.5,104100.0,104040.15642857143,105254.8,59.84357142857334,5.748662000823567,0.20394099462039034,19.29697664148139,0.6035856573705031,0.8981217985201949,0.10187820147980507,0.0,0.0,PASS,CANCEL,,,clear,BTCUSDT|long|L:104100.0@20|SWL:104069.5,"v10_1_pass,v11_quality_fail,r_abs_bps_low,r_abs_atr_low"
2025-06-13 21:50:00,CANCEL,SRR-1,short,bearish,upper_edge,H:105739.4@20,SWH:105748.7,105739.4,105763.98285714285,104607.0,24.582857142857392,2.3248530957105293,0.16085249579360966,46.06462110646141,0.11795961742825416,0.7635494155154054,0.11849096705634035,0.0,2.0,PASS,CANCEL,,,clear,BTCUSDT|short|H:105739.4@20|SWH:105748.7,"v10_1_pass,weak_body_ratio,body_not_aligned,v11_quality_fail,r_abs_bps_low,r_abs_atr_low,body_ratio_low"
2025-06-13 21:55:00,CANCEL,SRR-1,short,bearish,upper_edge,H:105739.4@20,SWH:105748.7,105739.4,105763.12,104607.0,23.720000000001164,2.243250860133608,0.16449375866852614,47.740303541312755,0.4492992580379117,0.45012366034628615,0.5498763396537139,0.0,2.0,PASS,CANCEL,,,clear,BTCUSDT|short|H:105739.4@20|SWH:105748.7,"v10_1_pass,weak_close_strength,opposite_wick_high,v11_quality_fail,r_abs_bps_low,r_abs_atr_low,close_strength_low"
2025-06-13 22:10:00,CANCEL,SRR-1,short,bearish,upper_edge,H:105748.7@20,SWH:105780.0,105748.7,105794.09071428572,104607.0,45.390714285720605,4.292318892404409,0.3221321032088502,25.152721607625434,0.4623352165725722,0.5282485875706907,0.47175141242930924,0.0,2.0,PASS,CANCEL,,,clear,BTCUSDT|short|H:105748.7@20|SWH:105780.0,"v10_1_pass,weak_close_strength,opposite_wick_high,v11_quality_fail,r_abs_bps_low,r_abs_atr_low,close_strength_low"
2025-06-13 23:55:00,CANCEL,SRR-1,short,bullish,upper_edge,H:105985.8@20,SWH:106141.1,105985.8,106150.40285714286,104746.9,164.60285714286147,15.530651949870782,1.7693796068796022,7.526600822759398,0.5574074074073805,0.5574074074073805,0.4425925925926195,0.0,1.0,PASS,CANCEL,,,clear,BTCUSDT|short|H:105985.8@20|SWH:106141.1,"v10_1_pass,weak_close_strength,v11_quality_fail,r_abs_bps_low,close_strength_low"
2025-06-14 03:05:00,CANCEL,SRR-1,long,bullish,lower_edge,L:105263.0@20,SWL:105228.9,105263.0,105220.21071428571,106173.6,42.78928571428696,4.064988240339622,0.49243732018086106,21.281028294799615,0.39819376026271625,0.493431855500857,0.10837438423642672,0.0,2.0,PASS,CANCEL,,,clear,BTCUSDT|long|L:105263.0@20|SWL:105228.9,"v10_1_pass,weak_close_strength,body_not_aligned,v11_quality_fail,r_abs_bps_low,r_abs_atr_low,close_strength_low"
2025-06-14 03:55:00,CANCEL,SRR-1,long,bullish,lower_edge,L:105187.7@20,SWL:105150.1,105187.7,105142.51571428572,106173.6,45.184285714276484,4.295586433991473,0.5957619137312843,21.819532707330207,0.9713193116637517,0.9847036328874085,0.015296367112591521,0.0,0.0,PASS,CANCEL,,,clear,BTCUSDT|long|L:105187.7@20|SWL:105150.1,"v10_1_pass,v11_quality_fail,r_abs_bps_low,r_abs_atr_low"
2025-06-14 07:25:00,CANCEL,SRR-1,long,bearish,lower_edge,L:104883.0@20,SWL:104738.7,104883.0,104731.50499999999,105570.2,151.4950000000099,14.444190192882534,2.1055594162614546,4.53612330439917,0.34243176178658863,0.9181141439206121,0.08188585607938789,0.0,1.0,PASS,CANCEL,,,clear,BTCUSDT|long|L:104883.0@20|SWL:104738.7,"v10_1_pass,weak_retest,v11_quality_fail,r_abs_bps_low"
2025-06-14 21:25:00,CANCEL,SRR-1,short,bearish,upper_edge,H:105011.0@20,SWH:105180.2,105011.0,105195.24857142857,104225.4,184.24857142857218,17.545644878019655,1.224359217771039,4.263805108006279,0.39256308100930387,0.897742363877822,0.10225763612217796,0.0,0.0,PASS,CANCEL,,,clear,BTCUSDT|short|H:105011.0@20|SWH:105180.2,"v10_1_pass,v11_quality_fail,r_abs_bps_low"
2025-06-14 22:10:00,CANCEL,SRR-1,short,bearish,upper_edge,H:105415.1@20,SWH:105437.8,105415.1,105452.25142857143,104225.4,37.151428571422,3.5242985655206893,0.2570778964016947,32.02299469353824,0.6181491464510432,0.6190476190476814,0.3809523809523187,0.0,0.0,PASS,CANCEL,,,clear,BTCUSDT|short|H:105415.1@20|SWH:105437.8,"v10_1_pass,v11_quality_fail,r_abs_bps_low,r_abs_atr_low"
2025-06-15 00:25:00,CANCEL,SRR-1,short,bullish,upper_edge,H:105438.0@20,SWH:105446.2,105438.0,105451.96214285714,104225.4,13.962142857140861,1.3242040684706522,0.242308169083884,86.84913285927512,1.0,1.0,0.0,0.0,0.0,PASS,CANCEL,,,clear,BTCUSDT|short|H:105438.0@20|SWH:105446.2,"v10_1_pass,v11_quality_fail,r_abs_bps_low,r_abs_atr_low"
2025-06-15 06:05:00,CANCEL,SRR-1,short,bullish,upper_edge,H:106067.6@20,SWH:106099.4,106067.6,106107.23357142856,105347.9,39.633571428552386,3.7366331875664565,0.5059451080512054,18.158848018463793,0.6507155635062866,0.9561717352414879,0.043828264758512044,0.0,0.0,PASS,CANCEL,,,clear,BTCUSDT|short|H:106067.6@20|SWH:106099.4,"v10_1_pass,v11_quality_fail,r_abs_bps_low,r_abs_atr_low"
2025-06-15 06:10:00,CANCEL,SRR-1,short,bullish,upper_edge,H:106067.6@20,SWH:106099.4,106067.6,106107.90785714285,105347.9,40.30785714284866,3.8002045056971836,0.4737721433967754,17.855079654803713,0.8078740157480774,0.8929133858267259,0.10708661417327418,0.0,0.0,PASS,CANCEL,,,clear,BTCUSDT|short|H:106067.6@20|SWH:106099.4,"v10_1_pass,v11_quality_fail,r_abs_bps_low,r_abs_atr_low"
2025-06-15 08:50:00,CANCEL,SRR-1,long,bullish,lower_edge,L:105137.0@20,SWL:105089.4,105137.0,105082.34999999999,106099.4,54.65000000000873,5.1979797787656805,0.7751773049646743,17.61024702652956,0.3187134502923512,0.6803118908381964,0.0009746588694523888,0.0,1.0,PASS,CANCEL,,,clear,BTCUSDT|long|L:105137.0@20|SWL:105089.4,"v10_1_pass,body_not_aligned,v11_quality_fail,r_abs_bps_low"
2025-06-15 09:25:00,CANCEL,SRR-1,long,bullish,lower_edge,L:104862.5@20,SWL:104856.4,104862.5,104848.10357142857,106099.4,14.396428571431898,1.3728862626231395,0.17352561343095058,85.91714214833003,0.4490161001789833,0.784436493738903,0.21556350626109697,0.0,0.0,PASS,CANCEL,,,clear,BTCUSDT|long|L:104862.5@20|SWL:104856.4,"v10_1_pass,v11_quality_fail,r_abs_bps_low,r_abs_atr_low"
2025-06-15 09:35:00,CANCEL,SRR-1,long,bullish,lower_edge,L:104856.4@20,SWL:104813.0,104856.4,104804.63214285714,106099.4,51.767857142855064,4.937024077009611,0.6186513017498607,24.01103828906616,0.05658056580572763,0.9225092250922179,0.020910209102054475,0.0,2.0,PASS,CANCEL,,,clear,BTCUSDT|long|L:104856.4@20|SWL:104813.0,"v10_1_pass,weak_body_ratio,body_not_aligned,v11_quality_fail,r_abs_bps_low,r_abs_atr_low,body_ratio_low"
2025-06-15 09:40:00,CANCEL,SRR-1,long,bullish,lower_edge,L:104856.4@20,SWL:104812.2,104856.4,104802.88928571428,106099.4,53.51071428571595,5.103237788605746,0.5747219025700153,23.228992858572326,0.3467824310520591,0.7339121552604441,0.2660878447395559,0.0,0.0,PASS,CANCEL,,,clear,BTCUSDT|long|L:104856.4@20|SWL:104812.2,"v10_1_pass,v11_quality_fail,r_abs_bps_low,r_abs_atr_low"
2025-06-15 13:50:00,CANCEL,SRR-1,short,bearish,upper_edge,H:105561.9@20,SWH:105619.7,105561.9,105634.33499999999,104812.2,72.43499999999767,6.861850724550967,0.4949436282883283,10.349968937668546,0.033166458072608346,1.0,0.0,0.0,1.0,PASS,CANCEL,,,clear,BTCUSDT|short|H:105561.9@20|SWH:105619.7,"v10_1_pass,weak_body_ratio,v11_quality_fail,r_abs_bps_low,r_abs_atr_low,body_ratio_low"
2025-06-15 20:55:00,CANCEL,SRR-1,long,bullish,lower_edge,L:104637.3@20,SWL:104548.3,104637.3,104533.48857142858,105744.0,103.8114285714255,9.92107294162077,0.7008873456789847,10.660675950900272,0.5246723207401477,0.7251349267540305,0.2748650732459696,0.0,0.0,PASS,CANCEL,,,clear,BTCUSDT|long|L:104637.3@20|SWL:104548.3,"v10_1_pass,v11_quality_fail,r_abs_bps_low"
2025-06-16 00:10:00,CANCEL,SRR-1,short,bearish,upper_edge,H:105571.4@20,SWH:105572.3,105571.4,105583.92642857143,104399.9,12.526428571436554,1.1865361803894383,0.10774098421091852,93.52226720641814,0.4703247480402982,0.7211646136618883,0.2788353863381116,0.0,0.0,PASS,CANCEL,,,clear,BTCUSDT|short|H:105571.4@20|SWH:105572.3,"v10_1_pass,v11_quality_fail,r_abs_bps_low,r_abs_atr_low"
2025-06-16 02:25:00,CANCEL,SRR-1,short,bullish,upper_edge,H:105922.2@20,SWH:105927.0,105922.2,105946.24714285714,104468.1,24.047142857147264,2.2702646713481465,0.12493876642175633,60.46872215290247,0.8864994026284889,0.8980485862206604,0.10195141377933954,0.0,0.0,PASS,CANCEL,,,clear,BTCUSDT|short|H:105922.2@20|SWH:105927.0,"v10_1_pass,v11_quality_fail,r_abs_bps_low,r_abs_atr_low"
2025-06-16 05:10:00,CANCEL,SRR-1,short,bullish,upper_edge,H:106391.6@20,SWH:106428.6,106391.6,106441.72714285715,104920.0,50.12714285714901,4.711569602971382,0.3818587441506641,29.35734845677784,0.6528871391076365,0.7670603674540594,0.23293963254594066,0.0,0.0,PASS,CANCEL,,,clear,BTCUSDT|short|H:106391.6@20|SWH:106428.6,"v10_1_pass,v11_quality_fail,r_abs_bps_low,r_abs_atr_low"
2025-06-16 05:35:00,CANCEL,SRR-1,short,bullish,upper_edge,H:106658.0@20,SWH:106777.0,106658.0,106789.98285714285,104920.0,131.98285714285157,12.374398277002342,1.0165933098591249,13.168376845478324,0.38445108927807675,0.9521571977786785,0.0478428022213215,0.0,0.0,PASS,CANCEL,,,clear,BTCUSDT|short|H:106658.0@20|SWH:106777.0,"v10_1_pass,v11_quality_fail,r_abs_bps_low"
2025-06-16 13:10:00,CANCEL,SRR-1,long,bullish,lower_edge,L:106540.0@20,SWL:106521.0,106540.0,106511.37928571428,107199.9,28.62071428571653,2.686382042961942,0.297490533818416,23.0567271456717,0.38092105263154064,0.5203947368421435,0.09868421052631579,0.0,2.0,PASS,CANCEL,,,clear,BTCUSDT|long|L:106540.0@20|SWL:106521.0,"v10_1_pass,weak_close_strength,body_not_aligned,v11_quality_fail,r_abs_bps_low,r_abs_atr_low,close_strength_low"
2025-06-16 13:40:00,CANCEL,SRR-1,long,bullish,lower_edge,L:106521.0@20,SWL:106446.6,106521.0,106436.67214285715,107199.9,84.32785714285274,7.916547642516756,0.8494064321173865,8.050720402510962,0.16700302724516528,0.6483350151362356,0.1846619576185992,0.0,2.0,PASS,CANCEL,,,clear,BTCUSDT|long|L:106521.0@20|SWL:106446.6,"v10_1_pass,weak_body_ratio,body_not_aligned,v11_quality_fail,r_abs_bps_low,body_ratio_low"
2025-06-16 17:25:00,CANCEL,SRR-1,short,bullish,upper_edge,H:107867.2@20,SWH:107900.0,107867.2,107914.47357142858,106446.6,47.27357142858091,4.382571479428493,0.3266199476879715,30.05061722798285,0.06427818756577074,0.7312961011590984,0.2687038988409016,0.0,1.0,PASS,CANCEL,,,clear,BTCUSDT|short|H:107867.2@20|SWH:107900.0,"v10_1_pass,weak_body_ratio,v11_quality_fail,r_abs_bps_low,r_abs_atr_low,body_ratio_low"
2025-06-16 17:40:00,CANCEL,SRR-1,short,bullish,upper_edge,H:107927.0@20,SWH:107977.3,107927.0,107993.76857142858,106446.6,66.76857142857625,6.186456718761408,0.40543025676616284,22.17210834866535,0.5424285044537999,0.8579465541490741,0.1420534458509259,0.0,0.0,PASS,CANCEL,,,clear,BTCUSDT|short|H:107927.0@20|SWH:107977.3,"v10_1_pass,v11_quality_fail,r_abs_bps_low,r_abs_atr_low"
2025-06-16 19:20:00,CANCEL,SRR-1,short,bullish,upper_edge,H:108739.9@20,SWH:108882.0,108739.9,108899.50142857143,106772.5,159.60142857143364,14.677356570259276,0.9119337196963921,12.326957331208565,0.12556846892372733,0.902223345123808,0.09777665487619203,0.0,1.0,PASS,CANCEL,,,clear,BTCUSDT|short|H:108739.9@20|SWH:108882.0,"v10_1_pass,weak_body_ratio,v11_quality_fail,r_abs_bps_low,body_ratio_low"
2025-06-16 22:55:00,CANCEL,SRR-1,long,bullish,lower_edge,L:107384.0@20,SWL:107337.2,107384.0,107313.12071428572,108900.0,70.87928571428347,6.600544374793588,0.2943579247129906,21.388477391138526,0.8293650793650709,0.8524305555555545,0.1475694444444455,0.0,0.0,PASS,CANCEL,,,clear,BTCUSDT|long|L:107384.0@20|SWL:107337.2,"v10_1_pass,v11_quality_fail,r_abs_bps_low,r_abs_atr_low"
2025-06-17 00:20:00,CANCEL,SRR-1,long,bullish,lower_edge,L:106100.5@20,SWL:106068.0,106100.5,106036.25571428571,108900.0,64.24428571428871,6.05504080699796,0.20238063093471031,43.57585999866377,0.7238542890716835,0.966705836271054,0.03329416372894596,0.0,0.0,PASS,CANCEL,,,clear,BTCUSDT|long|L:106100.5@20|SWL:106068.0,"v10_1_pass,v11_quality_fail,r_abs_bps_low,r_abs_atr_low"
2025-06-17 07:35:00,CANCEL,SRR-1,long,bullish,lower_edge,L:106423.2@20,SWL:106413.4,106423.2,106401.60857142857,107727.4,21.59142857142433,2.0288272267160106,0.1831112188029667,60.40359931190798,0.5258236865538211,0.5779162956366855,0.42208370436331455,0.0,1.0,PASS,CANCEL,,,clear,BTCUSDT|long|L:106423.2@20|SWL:106413.4,"v10_1_pass,weak_close_strength,v11_quality_fail,r_abs_bps_low,r_abs_atr_low,close_strength_low"
2025-06-17 07:40:00,CANCEL,SRR-1,long,bullish,lower_edge,L:106423.2@20,SWL:106413.4,106423.2,106400.98357142857,107727.4,22.21642857142433,2.0875550229108253,0.1789276879709702,58.70430505097079,0.35074626865671055,0.6363636363635825,0.3636363636364175,0.0,0.0,PASS,CANCEL,,,clear,BTCUSDT|long|L:106423.2@20|SWL:106413.4,"v10_1_pass,v11_quality_fail,r_abs_bps_low,r_abs_atr_low"
2025-06-17 09:25:00,CANCEL,SRR-1,long,bearish,lower_edge,L:106317.6@20,SWL:106315.0,106317.6,106301.305,107628.3,16.295000000012806,1.5326719188556555,0.11898503103331712,80.43571647738368,0.1095603628750647,0.7096999302162946,0.2903000697837054,0.0,1.0,PASS,CANCEL,,,clear,BTCUSDT|long|L:106317.6@20|SWL:106315.0,"v10_1_pass,weak_body_ratio,v11_quality_fail,r_abs_bps_low,r_abs_atr_low,body_ratio_low"
2025-06-17 10:25:00,CANCEL,SRR-1,long,bearish,lower_edge,L:105985.0@20,SWL:105958.8,105985.0,105945.88428571429,107278.1,39.115714285711874,3.6906839916697525,0.30285366662977453,33.05832511595851,0.4638625592417154,0.8975118483412168,0.10248815165878325,0.0,0.0,PASS,CANCEL,,,clear,BTCUSDT|long|L:105985.0@20|SWL:105958.8,"v10_1_pass,v11_quality_fail,r_abs_bps_low,r_abs_atr_low"
2025-06-17 11:55:00,CANCEL,SRR-1,long,bearish,lower_edge,L:105466.3@20,SWL:105461.4,105466.3,105450.125,106885.1,16.17500000000291,1.5336652561057806,0.14345898004437038,87.71561051003077,0.07188703465988695,0.6803594351732228,0.2477535301668902,0.0,2.0,PASS,CANCEL,,,clear,BTCUSDT|long|L:105466.3@20|SWL:105461.4,"v10_1_pass,weak_body_ratio,body_not_aligned,v11_quality_fail,r_abs_bps_low,r_abs_atr_low,body_ratio_low"
2025-06-17 13:55:00,CANCEL,SRR-1,long,bearish,lower_edge,L:105200.0@20,SWL:105140.7,105200.0,105121.02714285714,106629.3,78.97285714285681,7.50692558392175,0.4014305424442657,18.098623396827232,0.12423240434578778,0.6282475200755873,0.24752007557862493,0.0,2.0,PASS,CANCEL,,,clear,BTCUSDT|long|L:105200.0@20|SWL:105140.7,"v10_1_pass,weak_body_ratio,body_not_aligned,v11_quality_fail,r_abs_bps_low,r_abs_atr_low,body_ratio_low"
2025-06-17 15:35:00,CANCEL,SRR-1,long,bearish,lower_edge,L:104205.0@20,SWL:104089.0,104205.0,104063.12,106058.1,141.88000000000466,13.615469507221789,0.5482225656878038,13.061037496475507,0.14929693961954255,0.8192721257237529,0.18072787427624717,0.0,1.0,PASS,CANCEL,,,clear,BTCUSDT|long|L:104205.0@20|SWL:104089.0,"v10_1_pass,weak_body_ratio,v11_quality_fail,r_abs_bps_low,r_abs_atr_low,body_ratio_low"
2025-06-17 15:40:00,CANCEL,SRR-1,long,bearish,lower_edge,L:104205.0@20,SWL:104068.0,104205.0,104039.79285714286,106058.1,165.2071428571362,15.854051423361279,0.5856925804000733,11.216827359592342,0.2941422594142077,0.75251046025104,0.24748953974896007,0.0,1.0,PASS,CANCEL,,,clear,BTCUSDT|long|L:104205.0@20|SWL:104068.0,"v10_1_pass,weak_body_ratio,v11_quality_fail,r_abs_bps_low,r_abs_atr_low,body_ratio_low"
2025-06-17 17:10:00,CANCEL,SRR-1,long,bearish,lower_edge,L:103443.9@20,SWL:103300.0,103443.9,103275.18857142857,105816.5,168.71142857141967,16.309461318784354,0.6799746660524705,14.063066266999371,0.5652307692307603,0.9996923076922898,0.00030769230771021775,0.0,0.0,PASS,CANCEL,,,clear,BTCUSDT|long|L:103443.9@20|SWL:103300.0,"v10_1_pass,v11_quality_fail,r_abs_bps_low,r_abs_atr_low"
2025-06-18 01:25:00,CANCEL,SRR-1,short,bearish,upper_edge,H:105010.0@20,SWH:105135.0,105010.0,105148.87285714285,104143.4,138.872857142851,13.224726896757545,1.0010400576665135,6.240240302023752,0.3560606060606061,1.0,0.0,0.0,1.0,PASS,CANCEL,,,clear,BTCUSDT|short|H:105010.0@20|SWH:105135.0,"v10_1_pass,weak_retest,v11_quality_fail,r_abs_bps_low"
2025-06-18 03:40:00,CANCEL,SRR-1,short,bearish,upper_edge,H:105135.0@20,SWH:105166.6,105135.0,105176.56928571429,104143.4,41.5692857142858,3.953896011250849,0.4169735616536304,23.854150557588973,0.3012552301255553,0.6987447698744447,0.0,0.0,1.0,PASS,CANCEL,,,clear,BTCUSDT|short|H:105135.0@20|SWH:105166.6,"v10_1_pass,body_not_aligned,v11_quality_fail,r_abs_bps_low,r_abs_atr_low"
2025-06-18 03:55:00,CANCEL,SRR-1,short,bearish,upper_edge,H:105166.6@20,SWH:105192.2,105166.6,105201.08,104143.4,34.479999999995925,3.2786074666287512,0.3882882882882206,29.67517401392496,0.08682170542622122,0.7038759689921578,0.2961240310078422,0.0,1.0,PASS,CANCEL,,,clear,BTCUSDT|short|H:105166.6@20|SWH:105192.2,"v10_1_pass,weak_body_ratio,v11_quality_fail,r_abs_bps_low,r_abs_atr_low,body_ratio_low"
2025-06-18 04:20:00,CANCEL,SRR-1,short,bearish,upper_edge,H:105200.0@20,SWH:105249.8,105200.0,105258.30642857144,104312.2,58.30642857143539,5.5424361759919565,0.6854395835083295,15.22645138369769,0.19583333333341418,0.8875000000001213,0.11249999999987874,0.0,1.0,PASS,CANCEL,,,clear,BTCUSDT|short|H:105200.0@20|SWH:105249.8,"v10_1_pass,weak_body_ratio,v11_quality_fail,r_abs_bps_low,r_abs_atr_low,body_ratio_low"
2025-06-18 04:25:00,CANCEL,SRR-1,short,bearish,upper_edge,H:105200.0@20,SWH:105249.8,105200.0,105258.15714285715,104312.2,58.157142857147846,5.528245518740289,0.6958974358974783,15.265536723162581,0.3559322033898305,1.0,0.0,0.0,0.0,PASS,CANCEL,,,clear,BTCUSDT|short|H:105200.0@20|SWH:105249.8,"v10_1_pass,v11_quality_fail,r_abs_bps_low,r_abs_atr_low"
2025-06-18 05:10:00,CANCEL,SRR-1,short,bearish,upper_edge,H:105468.6@20,SWH:105489.0,105468.6,105497.86642857143,104312.2,29.26642857142724,2.774894951808144,0.3300813663095023,39.51284992556283,0.040329972502235974,0.6461961503207722,0.31347387717699193,0.0,2.0,PASS,CANCEL,,,clear,BTCUSDT|short|H:105468.6@20|SWH:105489.0,"v10_1_pass,weak_body_ratio,body_not_aligned,v11_quality_fail,r_abs_bps_low,r_abs_atr_low,body_ratio_low"
2025-06-18 09:50:00,CANCEL,SRR-1,long,bearish,lower_edge,L:104593.1@20,SWL:104514.8,104593.1,104503.64,105500.0,89.4600000000064,8.55314547518014,0.8016129032258817,10.137491616364064,0.22943143812710975,1.0,0.0,0.0,1.0,PASS,CANCEL,,,clear,BTCUSDT|long|L:104593.1@20|SWL:104514.8,"v10_1_pass,weak_body_ratio,v11_quality_fail,r_abs_bps_low,body_ratio_low"
2025-06-18 10:10:00,CANCEL,SRR-1,long,bearish,lower_edge,L:104514.8@20,SWL:104464.9,104514.8,104453.52285714285,105500.0,61.27714285715774,5.863011062276131,0.5385986941236908,16.077773115117044,0.11506622516551196,0.6225165562914721,0.2624172185430159,0.0,2.0,PASS,CANCEL,,,clear,BTCUSDT|long|L:104514.8@20|SWL:104464.9,"v10_1_pass,weak_body_ratio,body_not_aligned,v11_quality_fail,r_abs_bps_low,r_abs_atr_low,body_ratio_low"
2025-06-18 13:35:00,CANCEL,SRR-1,long,bearish,lower_edge,L:103855.0@20,SWL:103750.0,103855.0,103734.68571428572,105087.3,120.31428571428114,11.584833249653954,0.7856343283581844,10.242341486583173,0.18821548821546863,0.5622895622895623,0.4377104377104377,0.0,2.0,PASS,CANCEL,,,clear,BTCUSDT|long|L:103855.0@20|SWL:103750.0,"v10_1_pass,weak_body_ratio,weak_close_strength,v11_quality_fail,r_abs_bps_low,close_strength_low,body_ratio_low"
2025-06-18 13:40:00,CANCEL,SRR-1,long,bearish,lower_edge,L:103855.0@20,SWL:103750.0,103855.0,103732.76285714285,105087.3,122.23714285714959,11.769981498931163,0.7091496767777624,10.08122385059433,0.3072573044297737,0.3072573044297737,0.6927426955702263,0.0,2.0,PASS,CANCEL,,,clear,BTCUSDT|long|L:103855.0@20|SWL:103750.0,"v10_1_pass,weak_close_strength,opposite_wick_high,v11_quality_fail,r_abs_bps_low,close_strength_low"
2025-06-18 19:05:00,CANCEL,SRR-1,long,bearish,lower_edge,L:103513.5@20,SWL:103426.1,103513.5,103390.89,105300.0,122.61000000000058,11.844831833529017,0.3482249360977016,14.57058967457786,0.6994118928337996,1.0,0.0,0.0,0.0,PASS,CANCEL,,,clear,BTCUSDT|long|L:103513.5@20|SWL:103426.1,"v10_1_pass,v11_quality_fail,r_abs_bps_low,r_abs_atr_low"
2025-06-19 00:40:00,CANCEL,SRR-1,short,bearish,upper_edge,H:105098.0@20,SWH:105143.9,105098.0,105156.75285714286,103601.5,58.752857142855646,5.59029259765701,0.4571190396798869,25.47110170934001,0.9982164090368435,0.9988109393579245,0.0011890606420754642,0.0,0.0,PASS,CANCEL,,,clear,BTCUSDT|short|H:105098.0@20|SWH:105143.9,"v10_1_pass,v11_quality_fail,r_abs_bps_low,r_abs_atr_low"
2025-06-19 00:55:00,CANCEL,SRR-1,short,bearish,upper_edge,H:105143.9@20,SWH:105185.7,105143.9,105200.96714285715,103601.5,57.06714285715134,5.4275276889245445,0.3737905866941734,27.02781185069806,0.8111607142857012,0.8745535714285454,0.12544642857145455,0.0,0.0,PASS,CANCEL,,,clear,BTCUSDT|short|H:105143.9@20|SWH:105185.7,"v10_1_pass,v11_quality_fail,r_abs_bps_low,r_abs_atr_low"
2025-06-19 10:35:00,CANCEL,SRR-1,short,bullish,upper_edge,H:105024.4@20,SWH:105032.1,105024.4,105039.59214285715,104560.6,15.192142857151339,1.446534601211846,0.20277433501774905,30.528938831144913,0.5495638382235144,0.8604282315622125,0.13957176843778754,0.0,0.0,PASS,CANCEL,,,clear,BTCUSDT|short|H:105024.4@20|SWH:105032.1,"v10_1_pass,v11_quality_fail,r_abs_bps_low,r_abs_atr_low"
2025-06-19 13:25:00,CANCEL,SRR-1,long,bullish,lower_edge,L:104585.8@20,SWL:104528.1,104585.8,104520.39714285715,105032.1,65.40285714284983,6.253512153930058,0.8490727002966569,6.8238609060337465,0.7175815433571101,0.8711217183770076,0.12887828162299236,0.0,0.0,PASS,CANCEL,,,clear,BTCUSDT|long|L:104585.8@20|SWL:104528.1,"v10_1_pass,v11_quality_fail,r_abs_bps_low"
2025-06-19 23:25:00,CANCEL,SRR-1,short,bearish,upper_edge,H:104735.7@20,SWH:104869.4,104735.7,104882.57785714285,104060.4,146.87785714285565,14.023666919957154,1.1145807360832487,4.59769779554447,0.29011345218804374,0.7111021069692394,0.28889789303076063,0.0,1.0,PASS,CANCEL,,,clear,BTCUSDT|short|H:104735.7@20|SWH:104869.4,"v10_1_pass,weak_body_ratio,v11_quality_fail,r_abs_bps_low,body_ratio_low"
2025-06-20 16:55:00,CANCEL,SRR-1,long,bullish,lower_edge,L:103730.0@20,SWL:103580.0,103730.0,103558.88857142857,106111.9,171.1114285714284,16.495847736568823,0.8105156313438872,13.92016897927831,0.6816239316239316,0.9500000000000124,0.04999999999998756,0.0,0.0,PASS,CANCEL,,,clear,BTCUSDT|long|L:103730.0@20|SWL:103580.0,"v10_1_pass,v11_quality_fail,r_abs_bps_low"
2025-06-20 23:10:00,CANCEL,SRR-1,long,bearish,lower_edge,L:102923.9@20,SWL:102903.6,102923.9,102886.46714285715,103796.8,37.43285714284866,3.6369450771733933,0.21848578337358457,23.31908560089091,0.568767908309472,0.8223495702005503,0.17765042979944964,0.0,0.0,PASS,CANCEL,,,clear,BTCUSDT|long|L:102923.9@20|SWL:102903.6,"v10_1_pass,v11_quality_fail,r_abs_bps_low,r_abs_atr_low"
2025-06-21 03:35:00,CANCEL,SRR-1,short,bearish,upper_edge,H:103616.3@20,SWH:103641.0,103616.3,103646.825,102903.6,30.52499999999418,2.945965065341474,0.5240343347638392,23.348075348079703,0.20382165605105382,0.7346072186836846,0.2653927813163154,0.0,1.0,PASS,CANCEL,,,clear,BTCUSDT|short|H:103616.3@20|SWH:103641.0,"v10_1_pass,weak_body_ratio,v11_quality_fail,r_abs_bps_low,r_abs_atr_low,body_ratio_low"
2025-06-21 03:40:00,CANCEL,SRR-1,short,bearish,upper_edge,H:103616.3@20,SWH:103641.0,103616.3,103646.85785714285,102903.6,30.55785714284866,2.9491361053085914,0.5216558956223181,23.322970477554822,0.5296229802512358,0.6140035906643536,0.38599640933564644,0.0,0.0,PASS,CANCEL,,,clear,BTCUSDT|short|H:103616.3@20|SWH:103641.0,"v10_1_pass,v11_quality_fail,r_abs_bps_low,r_abs_atr_low"
2025-06-21 10:10:00,CANCEL,SRR-1,short,bearish,upper_edge,H:103899.9@20,SWH:103927.6,103899.9,103934.91642857144,103268.6,35.01642857144179,3.3702081110224165,0.4786000195257022,18.02868041530812,0.4660194174755694,0.4909847434120093,0.042995839112421226,0.0,2.0,PASS,CANCEL,,,clear,BTCUSDT|short|H:103899.9@20|SWH:103927.6,"v10_1_pass,weak_close_strength,body_not_aligned,v11_quality_fail,r_abs_bps_low,r_abs_atr_low,close_strength_low"
2025-06-21 10:40:00,CANCEL,SRR-1,short,bearish,upper_edge,H:103927.6@20,SWH:103940.6,103927.6,103947.61142857143,103268.6,20.011428571422584,1.9255162797392205,0.28541157294205244,32.93118218162036,0.9529569892471218,0.9623655913978147,0.03763440860218524,0.0,0.0,PASS,CANCEL,,,clear,BTCUSDT|short|H:103927.6@20|SWH:103940.6,"v10_1_pass,v11_quality_fail,r_abs_bps_low,r_abs_atr_low"
2025-06-21 14:05:00,CANCEL,SRR-1,long,bearish,lower_edge,L:103481.4@20,SWL:103433.1,103481.4,103425.23071428572,103940.6,56.169285714277066,5.427959586387222,0.7137787056366258,8.175286442770137,0.3174238067855028,0.8660149511213129,0.13398504887868712,0.0,0.0,PASS,CANCEL,,,clear,BTCUSDT|long|L:103481.4@20|SWL:103433.1,"v10_1_pass,v11_quality_fail,r_abs_bps_low"
2025-06-21 14:10:00,CANCEL,SRR-1,long,bearish,lower_edge,L:103481.4@20,SWL:103433.1,103481.4,103424.96571428572,103940.6,56.434285714276484,5.453568053222752,0.6937829293992436,8.136897529365653,0.29775280898876405,0.702247191011236,0.0,0.0,2.0,PASS,CANCEL,,,clear,BTCUSDT|long|L:103481.4@20|SWL:103433.1,"v10_1_pass,weak_body_ratio,body_not_aligned,v11_quality_fail,r_abs_bps_low,r_abs_atr_low,body_ratio_low"
2025-06-21 14:20:00,CANCEL,SRR-1,long,bearish,lower_edge,L:103433.1@20,SWL:103381.6,103433.1,103372.79714285715,103940.6,60.30285714285856,5.830131470763088,0.6850373255436578,8.415853311854251,0.1817528735632431,0.7241379310344143,0.09410919540234264,0.0,2.0,PASS,CANCEL,,,clear,BTCUSDT|long|L:103433.1@20|SWL:103381.6,"v10_1_pass,weak_body_ratio,body_not_aligned,v11_quality_fail,r_abs_bps_low,r_abs_atr_low,body_ratio_low"
2025-06-21 15:40:00,CANCEL,SRR-1,long,bearish,lower_edge,L:103333.7@20,SWL:103222.7,103333.7,103210.91071428571,103940.6,122.78928571428696,11.882791936637028,1.0415328688276386,4.9426136528896985,0.22561307901904185,0.7743869209809582,0.0,0.0,2.0,PASS,CANCEL,,,clear,BTCUSDT|long|L:103333.7@20|SWL:103222.7,"v10_1_pass,weak_body_ratio,body_not_aligned,v11_quality_fail,r_abs_bps_low,body_ratio_low"
2025-06-21 19:10:00,CANCEL,SRR-1,long,bearish,lower_edge,L:102600.5@20,SWL:102502.3,102600.5,102487.58428571429,103729.3,112.91571428571478,11.005376609832776,0.7673138530239773,9.996837084551037,0.5461501673839977,0.6527977044476145,0.34720229555238546,0.0,0.0,PASS,CANCEL,,,clear,BTCUSDT|long|L:102600.5@20|SWL:102502.3,"v10_1_pass,v11_quality_fail,r_abs_bps_low"
2025-06-21 23:50:00,CANCEL,SRR-1,long,bearish,lower_edge,L:100800.0@20,SWL:100789.9,100800.0,100763.57357142857,103100.6,36.42642857143073,3.6137329931974933,0.1383644897848519,63.15744063375918,0.5520833333333248,0.954233156028366,0.04576684397163399,0.0,0.0,PASS,CANCEL,,,clear,BTCUSDT|long|L:100800.0@20|SWL:100789.9,"v10_1_pass,v11_quality_fail,r_abs_bps_low,r_abs_atr_low"
2025-06-21 23:55:00,CANCEL,SRR-1,long,bearish,lower_edge,L:100800.0@20,SWL:100789.9,100800.0,100761.7,103100.6,38.30000000000291,3.7996031746034635,0.13581560283688873,60.06788511748906,0.05830775975450492,0.6225339763261568,0.3191582639193382,0.0,2.0,PASS,CANCEL,,,clear,BTCUSDT|long|L:100800.0@20|SWL:100789.9,"v10_1_pass,weak_body_ratio,body_not_aligned,v11_quality_fail,r_abs_bps_low,r_abs_atr_low,body_ratio_low"
2025-06-22 16:05:00,CANCEL,SRR-1,long,bearish,lower_edge,L:98786.9@20,SWL:98777.3,98786.9,98749.47285714286,102789.7,37.42714285713737,3.7886746984810102,0.13449869089787023,106.94912019544307,0.5121231979030288,0.7493446920052401,0.25065530799475993,0.0,0.0,PASS,CANCEL,,,clear,BTCUSDT|long|L:98786.9@20|SWL:98777.3,"v10_1_pass,v11_quality_fail,r_abs_bps_low,r_abs_atr_low"
2025-06-22 16:10:00,CANCEL,SRR-1,long,bearish,lower_edge,L:98786.9@20,SWL:98777.3,98786.9,98749.17928571429,102789.7,37.7207142857078,3.8183923461215814,0.1341385353958465,106.1167604007076,0.5347051597051233,0.6486486486486281,0.3513513513513719,0.0,0.0,PASS,CANCEL,,,clear,BTCUSDT|long|L:98786.9@20|SWL:98777.3,"v10_1_pass,v11_quality_fail,r_abs_bps_low,r_abs_atr_low"
2025-06-22 20:25:00,CANCEL,SRR-1,long,bearish,lower_edge,L:98219.3@20,SWL:98115.4,98219.3,98089.59857142856,100348.7,129.70142857143946,13.205289446314467,0.5026908809036491,16.417706600873114,0.31223417563173333,0.4158118588941664,0.5841881411058336,0.0,2.0,PASS,CANCEL,,,clear,BTCUSDT|long|L:98219.3@20|SWL:98115.4,"v10_1_pass,weak_close_strength,opposite_wick_high,v11_quality_fail,r_abs_bps_low,r_abs_atr_low,close_strength_low"
2025-06-22 22:20:00,CANCEL,SRR-1,short,bearish,upper_edge,H:100499.9@20,SWH:100650.0,100499.9,100678.33928571429,98115.4,178.4392857142957,17.7551704742289,0.6296534341525288,13.363088685626616,0.050010686044045786,0.7067749519128045,0.24321436204314975,0.0,2.0,PASS,CANCEL,,,clear,BTCUSDT|short|H:100499.9@20|SWH:100650.0,"v10_1_pass,weak_body_ratio,body_not_aligned,v11_quality_fail,r_abs_bps_low,r_abs_atr_low,body_ratio_low"
2025-06-22 22:25:00,CANCEL,SRR-1,short,bearish,upper_edge,H:100499.9@20,SWH:100650.0,100499.9,100679.71,98115.4,179.81000000001222,17.891560091105784,0.6052170986200374,13.261220176852444,0.49228360545736616,0.6282710802952147,0.3717289197047852,0.0,0.0,PASS,CANCEL,,,clear,BTCUSDT|short|H:100499.9@20|SWH:100650.0,"v10_1_pass,v11_quality_fail,r_abs_bps_low,r_abs_atr_low"
2025-06-22 22:50:00,CANCEL,SRR-1,short,bearish,upper_edge,H:100883.4@20,SWH:100885.0,100883.4,100918.99714285714,98115.4,35.597142857150175,3.5285431356546444,0.10470627783849587,77.75904968294412,0.8394844756883735,0.9431751611013635,0.05682483889863653,0.0,0.0,PASS,CANCEL,,,clear,BTCUSDT|short|H:100883.4@20|SWH:100885.0,"v10_1_pass,v11_quality_fail,r_abs_bps_low,r_abs_atr_low"
2025-06-22 23:05:00,CANCEL,SRR-1,short,bearish,upper_edge,H:100915.3@20,SWH:100988.1,100915.3,101022.40071428572,98115.4,107.10071428571246,10.612931268669117,0.3122404781241483,26.14268278856403,0.6710642040457342,0.9912049252418649,0.008795074758135107,0.0,0.0,PASS,CANCEL,,,clear,BTCUSDT|short|H:100915.3@20|SWH:100988.1,"v10_1_pass,v11_quality_fail,r_abs_bps_low,r_abs_atr_low"
2025-06-22 23:10:00,CANCEL,SRR-1,short,bearish,upper_edge,H:100915.3@20,SWH:100988.1,100915.3,101022.30642857144,98115.4,107.00642857143248,10.603588214218506,0.31282549228425055,26.165717680512312,0.5679691799670062,0.8844248761695176,0.1155751238304824,0.0,0.0,PASS,CANCEL,,,clear,BTCUSDT|short|H:100915.3@20|SWH:100988.1,"v10_1_pass,v11_quality_fail,r_abs_bps_low,r_abs_atr_low"
2025-06-23 06:20:00,CANCEL,SRR-1,short,bullish,upper_edge,H:101933.3@20,SWH:102043.3,101933.3,102056.65714285715,100502.1,123.35714285714494,12.101751131096995,0.9235294117647214,11.602084539663938,0.4074529074529123,0.9557739557740029,0.04422604422599708,0.0,0.0,PASS,CANCEL,,,clear,BTCUSDT|short|H:101933.3@20|SWH:102043.3,"v10_1_pass,v11_quality_fail,r_abs_bps_low"
2025-06-23 11:50:00,CANCEL,SRR-1,long,bullish,lower_edge,L:101084.9@20,SWL:101071.1,101084.9,101058.68571428572,102155.1,26.21428571427532,2.59329392562839,0.2111622554659692,40.82506811990764,0.34047919293821766,1.0,0.0,0.0,0.0,PASS,CANCEL,,,clear,BTCUSDT|long|L:101084.9@20|SWL:101071.1,"v10_1_pass,v11_quality_fail,r_abs_bps_low,r_abs_atr_low"
2025-06-23 12:25:00,CANCEL,SRR-1,long,bullish,lower_edge,L:101071.1@20,SWL:101068.9,101071.1,101058.33642857142,102028.9,12.763571428586147,1.2628309604413275,0.12082628981013491,75.04169231621454,0.7273584905659554,1.0,0.0,0.0,0.0,PASS,CANCEL,,,clear,BTCUSDT|long|L:101071.1@20|SWL:101068.9,"v10_1_pass,v11_quality_fail,r_abs_bps_low,r_abs_atr_low"
2025-06-23 14:10:00,CANCEL,SRR-1,short,bullish,upper_edge,H:102450.0@20,SWH:102596.5,102450.0,102630.685,100749.8,180.68499999999767,17.636408003904116,0.5285505338598739,9.409746243462484,0.5977370269216149,0.8985563792430756,0.10144362075692433,0.0,0.0,PASS,CANCEL,,,clear,BTCUSDT|short|H:102450.0@20|SWH:102596.5,"v10_1_pass,v11_quality_fail,r_abs_bps_low,r_abs_atr_low"
2025-06-23 16:20:00,CANCEL,SRR-1,long,bullish,lower_edge,L:100749.8@20,SWL:100616.6,100749.8,100594.67714285715,102596.5,155.122857142851,15.39684020641738,0.7075850384464732,11.90475751938601,0.4942160964804187,0.5057839035195814,0.0,0.0,2.0,PASS,CANCEL,,,clear,BTCUSDT|long|L:100749.8@20|SWL:100616.6,"v10_1_pass,weak_close_strength,body_not_aligned,v11_quality_fail,r_abs_bps_low,close_strength_low"
2025-06-23 17:40:00,CANCEL,SRR-1,short,bullish,upper_edge,H:102596.5@20,SWH:102668.8,102596.5,102717.88428571429,99547.6,121.38428571428813,11.831230667156104,0.2472976512704143,25.117748826041893,0.461889548151552,0.5321770880876281,0.005933363760819914,0.0,2.0,PASS,CANCEL,,,active,BTCUSDT|short|H:102596.5@20|SWH:102668.8,"v10_1_pass,weak_close_strength,body_not_aligned,v11_quality_fail,r_abs_bps_low,r_abs_atr_low,close_strength_low"
2025-06-23 18:25:00,CANCEL,SRR-1,short,bullish,upper_edge,H:102975.0@20,SWH:103143.8,102975.0,103181.0142857143,99547.6,206.01428571429278,20.006242846738797,0.5535892514395553,16.636710352956893,0.755354752342687,0.9026104417670497,0.09738955823295026,0.0,0.0,PASS,CANCEL,,,clear,BTCUSDT|short|H:102975.0@20|SWH:103143.8,"v10_1_pass,v11_quality_fail,r_abs_bps_low,r_abs_atr_low"
2025-06-23 18:40:00,CANCEL,SRR-1,short,bullish,upper_edge,H:103143.8@20,SWH:103273.7,103143.8,103309.48857142856,99547.6,165.68857142855995,16.063842075680746,0.4629650327318847,21.7045748478227,0.2005804579167973,0.6978394066430192,0.10158013544018345,0.0,2.0,PASS,CANCEL,,,clear,BTCUSDT|short|H:103143.8@20|SWH:103273.7,"v10_1_pass,weak_body_ratio,body_not_aligned,v11_quality_fail,r_abs_bps_low,r_abs_atr_low,body_ratio_low"
2025-06-23 20:40:00,CANCEL,SRR-1,short,bullish,upper_edge,H:103778.5@20,SWH:103807.0,103778.5,103831.81285714285,99547.6,53.31285714285332,5.137177463815079,0.21485980770336488,79.35984351135369,0.49152542372887187,0.49197145405889536,0.5080285459411046,0.0,2.0,PASS,CANCEL,,,clear,BTCUSDT|short|H:103778.5@20|SWH:103807.0,"v10_1_pass,weak_close_strength,opposite_wick_high,v11_quality_fail,r_abs_bps_low,r_abs_atr_low,close_strength_low"
2025-06-23 22:35:00,CANCEL,SRR-1,short,bullish,upper_edge,H:106000.0@20,SWH:106050.0,106000.0,106088.26214285714,101943.7,88.26214285714377,8.32661725067394,0.23067746933746777,45.957415814901594,0.7872915011914079,0.9343923749007103,0.06560762509928977,0.0,0.0,PASS,CANCEL,,,clear,BTCUSDT|short|H:106000.0@20|SWH:106050.0,"v10_1_pass,v11_quality_fail,r_abs_bps_low,r_abs_atr_low"
2025-06-23 22:40:00,CANCEL,SRR-1,short,bullish,upper_edge,H:106000.0@20,SWH:106050.0,106000.0,106086.95785714286,101943.7,86.95785714285739,8.203571428571452,0.2352892290446652,46.64673363944758,0.5863986313087663,0.7117194183062109,0.2882805816937891,0.0,0.0,PASS,CANCEL,,,clear,BTCUSDT|short|H:106000.0@20|SWH:106050.0,"v10_1_pass,v11_quality_fail,r_abs_bps_low,r_abs_atr_low"
2025-06-24 04:20:00,CANCEL,SRR-1,long,bullish,lower_edge,L:104658.0@20,SWL:104651.4,104658.0,104640.04071428571,105581.6,17.959285714285215,1.7159974119785604,0.15810224485945434,51.42743507139339,0.01201201201198183,0.6306306306305756,0.3693693693694245,0.0,1.0,PASS,CANCEL,,,clear,BTCUSDT|long|L:104658.0@20|SWL:104651.4,"v10_1_pass,weak_body_ratio,v11_quality_fail,r_abs_bps_low,r_abs_atr_low,body_ratio_low"
2025-06-24 04:25:00,CANCEL,SRR-1,long,bullish,lower_edge,L:104658.0@20,SWL:104651.4,104658.0,104640.04,105581.6,17.960000000006403,1.7160656614885057,0.15809859154935127,51.42538975499313,0.8250551876379824,0.9155629139072673,0.08443708609273265,0.0,0.0,PASS,CANCEL,,,clear,BTCUSDT|long|L:104658.0@20|SWL:104651.4,"v10_1_pass,v11_quality_fail,r_abs_bps_low,r_abs_atr_low"
2025-06-24 06:05:00,CANCEL,SRR-1,short,bullish,upper_edge,H:105440.6@20,SWH:105444.0,105440.6,105459.22214285714,104651.4,18.622142857129802,1.766126412134396,0.12233588287730202,42.379655556012075,0.36271013754455445,0.8736627610799667,0.12633723892003332,0.0,0.0,PASS,CANCEL,,,clear,BTCUSDT|short|H:105440.6@20|SWH:105444.0,"v10_1_pass,v11_quality_fail,r_abs_bps_low,r_abs_atr_low"
2025-06-24 06:55:00,CANCEL,SRR-1,short,bullish,upper_edge,H:105749.8@20,SWH:105775.9,105749.8,105790.37142857142,104651.4,40.571428571420256,3.8365489647659152,0.28035538005917254,27.07323943662548,0.6821493624771602,0.7969034608378659,0.20309653916213405,0.0,0.0,PASS,CANCEL,,,clear,BTCUSDT|short|H:105749.8@20|SWH:105775.9,"v10_1_pass,v11_quality_fail,r_abs_bps_low,r_abs_atr_low"
2025-06-24 08:20:00,CANCEL,SRR-1,long,bullish,lower_edge,L:104644.4@20,SWL:104570.8,104644.4,104546.42214285715,105775.9,97.97785714284691,9.362933625004962,0.4019133288405376,11.548527728569614,0.32964601769911506,0.6331858407079259,0.03716814159295899,0.0,1.0,PASS,CANCEL,,,clear,BTCUSDT|long|L:104644.4@20|SWL:104570.8,"v10_1_pass,body_not_aligned,v11_quality_fail,r_abs_bps_low,r_abs_atr_low"
2025-06-24 08:25:00,CANCEL,SRR-1,long,bullish,lower_edge,L:104644.4@20,SWL:104570.8,104644.4,104546.26214285714,105775.9,98.13785714285041,9.37822350196001,0.3999446918755032,11.529699475228787,0.40103626943002163,0.4735751295336486,0.5264248704663514,0.0,2.0,PASS,CANCEL,,,clear,BTCUSDT|long|L:104644.4@20|SWL:104570.8,"v10_1_pass,weak_close_strength,opposite_wick_high,v11_quality_fail,r_abs_bps_low,r_abs_atr_low,close_strength_low"
2025-06-24 14:50:00,CANCEL,SRR-1,short,bullish,upper_edge,H:105577.4@20,SWH:105621.3,105577.4,105646.62928571428,104750.0,69.22928571428929,6.557206913059925,0.27331716533658396,11.951589438820607,0.6483597493549829,0.9107998525617514,0.08920014743824854,0.0,0.0,PASS,CANCEL,,,clear,BTCUSDT|short|H:105577.4@20|SWH:105621.3,"v10_1_pass,v11_quality_fail,r_abs_bps_low,r_abs_atr_low"
2025-06-24 17:05:00,CANCEL,SRR-1,short,bullish,upper_edge,H:106222.0@20,SWH:106239.0,106222.0,106259.06428571428,104750.0,37.06428571428114,3.489322900555548,0.18472766108933286,39.71478126807197,0.25262715426652915,0.5846994535519513,0.41530054644804865,0.0,2.0,PASS,CANCEL,,,clear,BTCUSDT|short|H:106222.0@20|SWH:106239.0,"v10_1_pass,weak_body_ratio,weak_close_strength,v11_quality_fail,r_abs_bps_low,r_abs_atr_low,close_strength_low,body_ratio_low"
2025-06-24 17:10:00,CANCEL,SRR-1,short,bullish,upper_edge,H:106222.0@20,SWH:106239.0,106222.0,106259.235,104750.0,37.23500000000058,3.505394362749768,0.1840128490239707,39.53269773062917,0.7347052280310853,0.7864293659621351,0.21357063403786491,0.0,0.0,PASS,CANCEL,,,clear,BTCUSDT|short|H:106222.0@20|SWH:106239.0,"v10_1_pass,v11_quality_fail,r_abs_bps_low,r_abs_atr_low"
2025-06-25 00:05:00,CANCEL,SRR-1,short,bullish,upper_edge,H:106073.9@20,SWH:106090.0,106073.9,106099.4,105214.0,25.5,2.4039843920134927,0.2712765957446808,33.72156862745075,0.3961685823754566,0.8183908045977234,0.18160919540227655,0.0,0.0,PASS,CANCEL,,,clear,BTCUSDT|short|H:106073.9@20|SWH:106090.0,"v10_1_pass,v11_quality_fail,r_abs_bps_low,r_abs_atr_low"
2025-06-25 01:20:00,CANCEL,SRR-1,short,bullish,upper_edge,H:106443.1@20,SWH:106596.9,106443.1,106617.495,105412.9,174.39499999998952,16.383870819244226,0.8467831998057264,5.9072794518195675,0.49772520473157417,0.9552320291173688,0.04476797088263116,0.0,0.0,PASS,CANCEL,,,clear,BTCUSDT|short|H:106443.1@20|SWH:106596.9,"v10_1_pass,v11_quality_fail,r_abs_bps_low"
2025-06-25 01:25:00,CANCEL,SRR-1,short,bullish,upper_edge,H:106443.1@20,SWH:106596.9,106443.1,106616.555,105412.9,173.4549999999872,16.295560726809647,0.8824980920884582,5.939292611917141,0.3405288720993245,0.8132757690231771,0.18672423097682286,0.0,0.0,PASS,CANCEL,,,clear,BTCUSDT|short|H:106443.1@20|SWH:106596.9,"v10_1_pass,v11_quality_fail,r_abs_bps_low"
2025-06-25 02:20:00,CANCEL,SRR-1,short,bullish,upper_edge,H:106747.4@20,SWH:106750.9,106747.4,106770.75571428571,105676.5,23.355714285717113,2.1879422155216064,0.11762716742213143,45.851734051006495,0.44478908188584604,0.8132754342431368,0.1867245657568633,0.0,0.0,PASS,CANCEL,,,clear,BTCUSDT|short|H:106747.4@20|SWH:106750.9,"v10_1_pass,v11_quality_fail,r_abs_bps_low,r_abs_atr_low"
2025-06-25 07:50:00,CANCEL,SRR-1,short,bullish,upper_edge,H:106653.0@20,SWH:106664.2,106653.0,106672.86499999999,105949.2,19.864999999990687,1.8625823933682772,0.229255626081833,35.42914674051512,0.1834733893558388,0.7661064425770525,0.23389355742294748,0.0,1.0,PASS,CANCEL,,,clear,BTCUSDT|short|H:106653.0@20|SWH:106664.2,"v10_1_pass,weak_body_ratio,v11_quality_fail,r_abs_bps_low,r_abs_atr_low,body_ratio_low"
2025-06-25 07:55:00,CANCEL,SRR-1,short,bullish,upper_edge,H:106653.0@20,SWH:106664.2,106653.0,106673.065,105949.2,20.06500000000233,1.8813347960209585,0.22633953750707805,35.07600299027766,0.998901098901035,1.0,0.0,0.0,0.0,PASS,CANCEL,,,clear,BTCUSDT|short|H:106653.0@20|SWH:106664.2,"v10_1_pass,v11_quality_fail,r_abs_bps_low,r_abs_atr_low"
2025-06-25 09:05:00,CANCEL,SRR-1,short,bullish,upper_edge,H:106664.2@20,SWH:106685.3,106664.2,106694.605,105949.2,30.404999999998836,2.850534668614103,0.3267598065556108,23.515869100477797,0.005509641873298391,0.5929752066116222,0.40702479338837777,0.0,2.0,PASS,CANCEL,,,clear,BTCUSDT|short|H:106664.2@20|SWH:106685.3,"v10_1_pass,weak_body_ratio,weak_close_strength,v11_quality_fail,r_abs_bps_low,r_abs_atr_low,close_strength_low,body_ratio_low"
2025-06-25 09:40:00,CANCEL,SRR-1,short,bullish,upper_edge,H:106900.0@20,SWH:106950.0,106900.0,106962.47571428571,105949.2,62.475714285712456,5.844313777896395,0.5007786556738644,15.21871355726846,0.5345445852258898,0.8240497250776827,0.17595027492231727,0.0,0.0,PASS,CANCEL,,,clear,BTCUSDT|short|H:106900.0@20|SWH:106950.0,"v10_1_pass,v11_quality_fail,r_abs_bps_low,r_abs_atr_low"
2025-06-25 13:50:00,CANCEL,SRR-1,short,bullish,upper_edge,H:108033.4@20,SWH:108095.7,108033.4,108115.56142857143,106286.5,82.16142857143132,7.605187707822888,0.4136733079191714,21.261801679619477,0.40639419907709534,0.541529334212281,0.052076466710623645,0.0,2.0,PASS,CANCEL,,,clear,BTCUSDT|short|H:108033.4@20|SWH:108095.7,"v10_1_pass,weak_close_strength,body_not_aligned,v11_quality_fail,r_abs_bps_low,r_abs_atr_low,close_strength_low"
2025-06-25 13:55:00,CANCEL,SRR-1,short,bullish,upper_edge,H:108033.4@20,SWH:108095.7,108033.4,108116.85285714285,106286.5,83.45285714285274,7.7247274586241605,0.3945228608090587,20.932776417824613,0.8713471133285635,0.8713471133285635,0.12865288667143646,0.0,0.0,PASS,CANCEL,,,clear,BTCUSDT|short|H:108033.4@20|SWH:108095.7,"v10_1_pass,v11_quality_fail,r_abs_bps_low,r_abs_atr_low"
2025-06-25 15:40:00,CANCEL,SRR-1,long,bullish,lower_edge,L:106811.1@20,SWL:106700.0,106811.1,106678.20714285714,108095.7,132.89285714286962,12.441858303385098,0.6098000655523352,9.666433754366132,0.8534968511766738,0.8534968511766738,0.1465031488233262,0.0,0.0,PASS,CANCEL,,,clear,BTCUSDT|long|L:106811.1@20|SWL:106700.0,"v10_1_pass,v11_quality_fail,r_abs_bps_low,r_abs_atr_low"
2025-06-25 21:05:00,CANCEL,SRR-1,short,bullish,upper_edge,H:107863.1@20,SWH:107965.9,107863.1,107979.77214285714,106859.0,116.67214285713271,10.816687343227917,0.8410534987899191,8.606167465609555,0.2037037037037434,0.7343159486016432,0.061980347694613455,0.0,2.0,PASS,CANCEL,,,clear,BTCUSDT|short|H:107863.1@20|SWH:107965.9,"v10_1_pass,weak_body_ratio,body_not_aligned,v11_quality_fail,r_abs_bps_low,body_ratio_low"
2025-06-25 21:10:00,CANCEL,SRR-1,short,bullish,upper_edge,H:107863.1@20,SWH:107965.9,107863.1,107979.56428571428,106859.0,116.46428571427532,10.797416884390984,0.8523261892315233,8.621527138915264,0.7619047619047516,0.999255952380909,0.0007440476190909605,0.0,0.0,PASS,CANCEL,,,clear,BTCUSDT|short|H:107863.1@20|SWH:107965.9,"v10_1_pass,v11_quality_fail,r_abs_bps_low"
2025-06-25 23:10:00,CANCEL,SRR-1,long,bullish,lower_edge,L:107107.2@20,SWL:107022.6,107107.2,107011.405,107965.9,95.79499999999825,8.943843177676035,0.8556945064760803,8.963933399446868,0.9351851851850888,0.9351851851850888,0.06481481481491122,0.0,0.0,PASS,CANCEL,,,clear,BTCUSDT|long|L:107107.2@20|SWL:107022.6,"v10_1_pass,v11_quality_fail,r_abs_bps_low"
2025-06-26 08:20:00,CANCEL,SRR-1,short,bullish,upper_edge,H:108058.4@20,SWH:108135.0,108058.4,108148.57642857142,107467.6,90.17642857143073,8.34515674592912,0.6642131846162058,6.551601226167464,0.4224266534062541,0.6874689209348632,0.3125310790651367,0.0,0.0,PASS,CANCEL,,,clear,BTCUSDT|short|H:108058.4@20|SWH:108135.0,"v10_1_pass,v11_quality_fail,r_abs_bps_low,r_abs_atr_low"
2025-06-26 10:05:00,CANCEL,SRR-1,long,bullish,lower_edge,L:107202.0@20,SWL:107178.3,107202.0,107166.23928571428,108135.0,35.76071428571595,3.3358252911061315,0.29650577435594844,26.090082892238875,0.20837209302320167,0.9990697674418063,0.0009302325581936815,0.0,1.0,PASS,CANCEL,,,clear,BTCUSDT|long|L:107202.0@20|SWL:107178.3,"v10_1_pass,weak_body_ratio,v11_quality_fail,r_abs_bps_low,r_abs_atr_low,body_ratio_low"
2025-06-26 10:10:00,CANCEL,SRR-1,long,bullish,lower_edge,L:107202.0@20,SWL:107178.3,107202.0,107165.92571428572,108135.0,36.0742857142759,3.3650758114844783,0.2915262064187577,25.863297956604534,0.7719435736676764,0.7727272727272831,0.2272727272727169,0.0,0.0,PASS,CANCEL,,,clear,BTCUSDT|long|L:107202.0@20|SWL:107178.3,"v10_1_pass,v11_quality_fail,r_abs_bps_low,r_abs_atr_low"
2025-06-26 11:35:00,CANCEL,SRR-1,long,bullish,lower_edge,L:107120.5@20,SWL:107110.6,107120.5,107102.60642857144,108135.0,17.8935714285617,1.6704152266430514,0.22384952193715396,56.696339467517156,0.20117187500006828,0.7695312499999301,0.23046875000006994,0.0,1.0,PASS,CANCEL,,,clear,BTCUSDT|long|L:107120.5@20|SWL:107110.6,"v10_1_pass,weak_body_ratio,v11_quality_fail,r_abs_bps_low,r_abs_atr_low,body_ratio_low"
2025-06-26 11:40:00,CANCEL,SRR-1,long,bullish,lower_edge,L:107120.5@20,SWL:107110.6,107120.5,107102.865,108135.0,17.63499999999476,1.6462768564368875,0.22798965740135868,57.527643890008584,0.8555555555555555,0.9666666666666667,0.03333333333333333,0.0,0.0,PASS,CANCEL,,,clear,BTCUSDT|long|L:107120.5@20|SWL:107110.6,"v10_1_pass,v11_quality_fail,r_abs_bps_low,r_abs_atr_low"
2025-06-26 11:50:00,CANCEL,SRR-1,long,bullish,lower_edge,L:107102.6@20,SWL:107050.0,107102.6,107041.59142857142,108135.0,61.00857142858149,5.696273613206541,0.7255521576623798,16.922212335500323,0.6369973190347902,0.9190348525468857,0.08096514745311433,0.0,0.0,PASS,CANCEL,,,clear,BTCUSDT|long|L:107102.6@20|SWL:107050.0,"v10_1_pass,v11_quality_fail,r_abs_bps_low"
2025-06-26 11:55:00,CANCEL,SRR-1,long,bullish,lower_edge,L:107102.6@20,SWL:107050.0,107102.6,107041.21142857143,108135.0,61.388571428571595,5.731753610890081,0.6985045513654148,16.817462533742763,0.5618971061093555,0.6784565916398939,0.32154340836010603,0.0,0.0,PASS,CANCEL,,,clear,BTCUSDT|long|L:107102.6@20|SWL:107050.0,"v10_1_pass,v11_quality_fail,r_abs_bps_low,r_abs_atr_low"
2025-06-26 12:35:00,CANCEL,SRR-1,long,bullish,lower_edge,L:107035.1@20,SWL:106965.6,107035.1,106955.04214285714,108135.0,80.05785714286321,7.479589138783745,0.7582775184359142,13.73881389352232,0.06909894969596685,0.8966279712548497,0.03427307904918347,0.0,2.0,PASS,CANCEL,,,active,BTCUSDT|long|L:107035.1@20|SWL:106965.6,"v10_1_pass,weak_body_ratio,body_not_aligned,v11_quality_fail,r_abs_bps_low,body_ratio_low"
2025-06-26 12:40:00,CANCEL,SRR-1,long,bullish,lower_edge,L:107035.1@20,SWL:106965.6,107035.1,106954.64928571429,108135.0,80.45071428571828,7.5162927194647615,0.7346617963603842,13.67172448082602,0.5024679170779864,0.7265547877591286,0.2734452122408714,0.0,0.0,PASS,CANCEL,,,active,BTCUSDT|long|L:107035.1@20|SWL:106965.6,"v10_1_pass,v11_quality_fail,r_abs_bps_low"
2025-06-26 14:55:00,CANCEL,SRR-1,short,bearish,upper_edge,H:107683.0@20,SWH:107724.5,107683.0,107746.75571428571,106741.2,63.75571428571129,5.920685185749959,0.28646896463186117,14.772009231666248,0.7611940298507462,0.8319829424306664,0.1680170575693336,0.0,0.0,PASS,CANCEL,,,clear,BTCUSDT|short|H:107683.0@20|SWH:107724.5,"v10_1_pass,v11_quality_fail,r_abs_bps_low,r_abs_atr_low"
2025-06-26 20:50:00,CANCEL,SRR-1,short,bearish,upper_edge,H:107921.9@20,SWH:107971.3,107921.9,107985.2642857143,106860.4,63.3642857142986,5.871309318525583,0.45375959079292777,16.752339082399928,0.8092598630583614,1.0,0.0,0.0,0.0,PASS,CANCEL,,,clear,BTCUSDT|short|H:107921.9@20|SWH:107971.3,"v10_1_pass,v11_quality_fail,r_abs_bps_low,r_abs_atr_low"
2025-06-27 08:40:00,CANCEL,SRR-1,long,bearish,lower_edge,L:106660.5@20,SWL:106616.8,106660.5,106604.59642857143,107686.0,55.90357142857101,5.2412628319360035,0.45809189347380797,18.344087395387604,0.6813324952859221,0.7636706473915497,0.2363293526084503,0.0,0.0,PASS,CANCEL,,,clear,BTCUSDT|long|L:106660.5@20|SWL:106616.8,"v10_1_pass,v11_quality_fail,r_abs_bps_low,r_abs_atr_low"
2025-06-28 01:20:00,CANCEL,SRR-1,long,bearish,lower_edge,L:106800.0@20,SWL:106774.1,106800.0,106766.31071428572,107232.1,33.68928571428114,3.154427501337185,0.4325080238422097,12.826036255699995,0.015665796344546994,0.765883376849473,0.2184508268059799,0.0,2.0,PASS,CANCEL,,,clear,BTCUSDT|long|L:106800.0@20|SWL:106774.1,"v10_1_pass,weak_body_ratio,body_not_aligned,v11_quality_fail,r_abs_bps_low,r_abs_atr_low,body_ratio_low"
2025-06-28 03:40:00,CANCEL,SRR-1,short,bearish,upper_edge,H:107153.9@20,SWH:107185.0,107153.9,107188.28285714285,106767.0,34.3828571428603,3.208735952948078,1.0473455178417839,11.252700681401489,0.4743202416921112,1.0,0.0,0.0,1.0,PASS,CANCEL,,,clear,BTCUSDT|short|H:107153.9@20|SWH:107185.0,"v10_1_pass,weak_retest,v11_quality_fail,r_abs_bps_low"
2025-06-28 06:35:00,CANCEL,SRR-1,short,bullish,upper_edge,H:107397.4@20,SWH:107400.0,107397.4,107402.89214285715,106780.0,5.492142857154249,0.5113850854074912,0.18989874043013236,112.41513850932488,0.9420935412025354,1.0,0.0,0.0,0.0,PASS,CANCEL,,,clear,BTCUSDT|short|H:107397.4@20|SWH:107400.0,"v10_1_pass,v11_quality_fail,r_abs_bps_low,r_abs_atr_low"
2025-06-28 20:25:00,CANCEL,SRR-1,long,bullish,lower_edge,L:107118.0@20,SWL:107096.7,107118.0,107093.96642857142,107538.0,24.03357142857567,2.243653861029488,0.879200418082177,17.47555502719102,0.9330628803244885,1.0,0.0,0.0,0.0,PASS,CANCEL,,,clear,BTCUSDT|long|L:107118.0@20|SWL:107096.7,"v10_1_pass,v11_quality_fail,r_abs_bps_low"
2025-06-29 07:05:00,CANCEL,SRR-1,short,bullish,upper_edge,H:107340.1@20,SWH:107342.7,107340.1,107344.06642857143,107112.6,3.9664285714243306,0.36951973879513156,0.2902770517508614,57.35638393667217,0.6875000000000203,1.0,0.0,0.0,0.0,PASS,CANCEL,,,clear,BTCUSDT|short|H:107340.1@20|SWH:107342.7,"v10_1_pass,v11_quality_fail,r_abs_bps_low,r_abs_atr_low"
2025-06-29 07:10:00,CANCEL,SRR-1,short,bullish,upper_edge,H:107340.1@20,SWH:107350.0,107340.1,107351.67642857143,107112.6,11.576428571424913,1.0784812545754021,0.6905411163184522,19.652002221268628,0.2917466410750469,0.7082533589249531,0.0,0.0,2.0,PASS,CANCEL,,,clear,BTCUSDT|short|H:107340.1@20|SWH:107350.0,"v10_1_pass,weak_body_ratio,body_not_aligned,v11_quality_fail,r_abs_bps_low,r_abs_atr_low,body_ratio_low"
2025-06-29 09:05:00,CANCEL,SRR-1,short,bullish,upper_edge,H:107696.4@20,SWH:107761.3,107696.4,107768.73642857143,107156.4,72.33642857143423,6.71669884707699,0.972730765536509,7.465118345823986,0.1439205955334833,0.784739454094307,0.21526054590569302,0.0,1.0,PASS,CANCEL,,,clear,BTCUSDT|short|H:107696.4@20|SWH:107761.3,"v10_1_pass,weak_body_ratio,v11_quality_fail,r_abs_bps_low,body_ratio_low"
2025-06-29 12:05:00,CANCEL,SRR-1,short,bullish,upper_edge,H:108460.0@20,SWH:108499.0,108460.0,108506.98714285715,107269.9,46.98714285714959,4.332209372777945,0.5882847433375773,25.32820528411677,0.43519619500593554,0.7366230677764347,0.2633769322235653,0.0,0.0,PASS,CANCEL,,,clear,BTCUSDT|short|H:108460.0@20|SWH:108499.0,"v10_1_pass,v11_quality_fail,r_abs_bps_low,r_abs_atr_low"
2025-06-29 12:10:00,CANCEL,SRR-1,short,bullish,upper_edge,H:108460.0@20,SWH:108499.0,108460.0,108507.71142857143,107269.9,47.711428571434226,4.3989884355001125,0.5476877664808626,24.943709204141125,1.0,1.0,0.0,0.0,0.0,PASS,CANCEL,,,clear,BTCUSDT|short|H:108460.0@20|SWH:108499.0,"v10_1_pass,v11_quality_fail,r_abs_bps_low,r_abs_atr_low"
2025-06-29 16:55:00,CANCEL,SRR-1,long,bullish,lower_edge,L:107400.0@20,SWL:107233.1,107400.0,107221.35714285714,108499.0,178.64285714285506,16.633413141792836,1.5212895377128777,6.151939224310348,0.5953654188949246,1.0,0.0,0.0,1.0,PASS,CANCEL,,,clear,BTCUSDT|long|L:107400.0@20|SWL:107233.1,"v10_1_pass,weak_retest,v11_quality_fail,r_abs_bps_low"
2025-06-29 21:10:00,CANCEL,SRR-1,long,bearish,lower_edge,L:107233.1@20,SWL:107203.8,107233.1,107198.355,107735.7,34.745000000009895,3.2401376067659977,0.6381083562903538,14.465390703694004,0.8983050847458072,0.898851831601965,0.10114816839803493,0.0,0.0,PASS,CANCEL,,,clear,BTCUSDT|long|L:107233.1@20|SWL:107203.8,"v10_1_pass,v11_quality_fail,r_abs_bps_low,r_abs_atr_low"
2025-06-29 22:35:00,CANCEL,SRR-1,short,bearish,upper_edge,H:107987.1@20,SWH:108036.0,107987.1,108047.04285714286,107203.8,59.942857142857974,5.550927577725299,0.542820181112556,13.067445185891192,0.6562380770698061,0.9011827546737575,0.09881724532624249,0.0,0.0,PASS,CANCEL,,,clear,BTCUSDT|short|H:107987.1@20|SWH:108036.0,"v10_1_pass,v11_quality_fail,r_abs_bps_low,r_abs_atr_low"
2025-06-30 00:20:00,CANCEL,SRR-1,short,bullish,upper_edge,H:108400.0@20,SWH:108424.4,108400.0,108436.93071428571,107203.8,36.9307142857142,3.4068924617817533,0.2947215413555277,32.390383536738675,0.10609480812637302,0.8306997742663212,0.1693002257336788,0.0,2.0,PASS,CANCEL,,,clear,BTCUSDT|short|H:108400.0@20|SWH:108424.4,"v10_1_pass,weak_body_ratio,weak_retest,v11_quality_fail,r_abs_bps_low,r_abs_atr_low,body_ratio_low"
2025-06-30 00:40:00,CANCEL,SRR-1,short,bullish,upper_edge,H:108650.0@20,SWH:108783.9,108650.0,108796.76285714285,107203.8,146.7628571428504,13.507856156728064,1.1409817858729097,9.853991862480235,0.1358524516419848,0.9019343229870018,0.0980656770129982,0.0,1.0,PASS,CANCEL,,,clear,BTCUSDT|short|H:108650.0@20|SWH:108783.9,"v10_1_pass,weak_body_ratio,v11_quality_fail,r_abs_bps_low,body_ratio_low"
2025-06-30 07:10:00,CANCEL,SRR-1,long,bullish,lower_edge,L:107456.8@20,SWL:107427.5,107456.8,107416.95142857142,108612.3,39.848571428578,3.7083340866820897,0.3777627302275768,28.99727539972276,0.7703523693803948,0.9453219927096009,0.05467800729039904,0.0,0.0,PASS,CANCEL,,,clear,BTCUSDT|long|L:107456.8@20|SWL:107427.5,"v10_1_pass,v11_quality_fail,r_abs_bps_low,r_abs_atr_low"
2025-06-30 10:25:00,CANCEL,SRR-1,long,bearish,lower_edge,L:107401.0@20,SWL:107320.0,107401.0,107313.57928571428,108330.8,87.42071428571944,8.139655523293026,1.3615418845255762,10.635923163028764,0.7502930832356133,0.7538100820633143,0.24618991793668563,0.0,0.0,PASS,CANCEL,,,clear,BTCUSDT|long|L:107401.0@20|SWL:107320.0,"v10_1_pass,v11_quality_fail,r_abs_bps_low"
2025-06-30 15:25:00,CANCEL,SRR-1,long,bearish,lower_edge,L:106698.6@20,SWL:106686.4,106698.6,106667.17285714285,107916.6,31.42714285715192,2.945412859883065,0.16345196522777564,38.75630710485723,0.7514413837283699,0.8987828315182427,0.10121716848175734,0.0,0.0,PASS,CANCEL,,,clear,BTCUSDT|long|L:106698.6@20|SWL:106686.4,"v10_1_pass,v11_quality_fail,r_abs_bps_low,r_abs_atr_low"
2025-07-01 09:25:00,CANCEL,SRR-1,long,bearish,lower_edge,L:106557.4@20,SWL:106538.1,106557.4,106530.19142857143,107146.3,27.208571428564028,2.553419230251867,0.3440390173409478,21.643914732758493,0.24314024390251096,0.9298780487805084,0.07012195121949157,0.0,1.0,PASS,CANCEL,,,clear,BTCUSDT|long|L:106557.4@20|SWL:106538.1,"v10_1_pass,weak_body_ratio,v11_quality_fail,r_abs_bps_low,r_abs_atr_low,body_ratio_low"
2025-07-01 09:50:00,CANCEL,SRR-1,long,bearish,lower_edge,L:106452.8@20,SWL:106444.0,106452.8,106436.64857142857,107146.3,16.151428571436554,1.5172384917481319,0.2197046249515278,42.93737838313816,0.20867768595055858,0.7355371900828533,0.26446280991714666,0.0,1.0,PASS,CANCEL,,,clear,BTCUSDT|long|L:106452.8@20|SWL:106444.0,"v10_1_pass,weak_body_ratio,v11_quality_fail,r_abs_bps_low,r_abs_atr_low,body_ratio_low"
2025-07-01 14:20:00,CANCEL,SRR-1,short,bearish,upper_edge,H:107096.7@20,SWH:107140.7,107096.7,107159.62928571428,106222.0,62.92928571428638,5.87593135122617,0.33244405871476823,13.899728720445658,0.3592188919164047,0.6716621253405819,0.3283378746594181,0.0,0.0,PASS,CANCEL,,,clear,BTCUSDT|short|H:107096.7@20|SWH:107140.7,"v10_1_pass,v11_quality_fail,r_abs_bps_low,r_abs_atr_low"
2025-07-01 14:25:00,CANCEL,SRR-1,short,bearish,upper_edge,H:107096.7@20,SWH:107140.7,107096.7,107160.86,106222.0,64.16000000000349,5.990847523780237,0.3182539682539862,13.633104738153826,0.8551965745426316,0.8828337874659714,0.11716621253402862,0.0,0.0,PASS,CANCEL,,,clear,BTCUSDT|short|H:107096.7@20|SWH:107140.7,"v10_1_pass,v11_quality_fail,r_abs_bps_low,r_abs_atr_low"
2025-07-01 20:10:00,CANCEL,SRR-1,long,bearish,lower_edge,L:105333.0@20,SWL:105182.6,105333.0,105166.38428571429,106248.6,166.61571428571187,15.817997615724595,1.0274953748568272,5.495279985595711,0.5169417897480191,0.5169417897480191,0.483058210251981,0.0,2.0,PASS,CANCEL,,,clear,BTCUSDT|long|L:105333.0@20|SWL:105182.6,"v10_1_pass,weak_close_strength,opposite_wick_high,v11_quality_fail,r_abs_bps_low,close_strength_low"
2025-07-02 01:20:00,CANCEL,SRR-1,long,bearish,lower_edge,L:105304.5@20,SWL:105010.0,105304.5,104998.3892857143,106066.1,306.1107142857072,29.069100967737107,2.636450322977508,2.4879887062338155,0.09364473388725986,0.9196047608353859,0.08039523916461414,0.0,1.0,PASS,CANCEL,,,clear,BTCUSDT|long|L:105304.5@20|SWL:105010.0,"v10_1_pass,weak_body_ratio,v11_quality_fail,body_ratio_low"
2025-07-02 04:05:00,CANCEL,SRR-1,short,bearish,upper_edge,H:106165.1@20,SWH:106179.1,106165.1,106188.22,105010.0,23.119999999995343,2.177740142475761,0.25350877192977,49.96107266437018,0.41901931649325214,1.0,0.0,0.0,0.0,PASS,CANCEL,,,clear,BTCUSDT|short|H:106165.1@20|SWH:106179.1,"v10_1_pass,v11_quality_fail,r_abs_bps_low,r_abs_atr_low"
2025-07-02 06:25:00,CANCEL,SRR-1,short,bearish,upper_edge,H:106760.1@20,SWH:106795.7,106760.1,106804.99714285714,105010.0,44.89714285713853,4.205423454749343,0.4829133374308003,38.98020873107172,0.9125364431486954,1.0,0.0,0.0,0.0,PASS,CANCEL,,,clear,BTCUSDT|short|H:106760.1@20|SWH:106795.7,"v10_1_pass,v11_quality_fail,r_abs_bps_low,r_abs_atr_low"
2025-07-02 06:55:00,CANCEL,SRR-1,short,bearish,upper_edge,H:106929.2@20,SWH:106950.0,106929.2,106958.25214285715,105478.4,29.05214285715192,2.7169512964795324,0.35205574309713555,49.93779657264943,0.022522522522525474,0.828828828829003,0.17117117117099698,0.0,1.0,PASS,CANCEL,,,clear,BTCUSDT|short|H:106929.2@20|SWH:106950.0,"v10_1_pass,weak_body_ratio,v11_quality_fail,r_abs_bps_low,r_abs_atr_low,body_ratio_low"
2025-07-02 08:35:00,CANCEL,SRR-1,short,bullish,upper_edge,H:107635.0@20,SWH:107717.0,107635.0,107730.44214285714,106026.5,95.44214285713679,8.867203312782717,0.7100217864923318,16.853142142959783,0.28202764976957184,0.8382488479262404,0.16175115207375954,0.0,1.0,PASS,CANCEL,,,clear,BTCUSDT|short|H:107635.0@20|SWH:107717.0,"v10_1_pass,weak_body_ratio,v11_quality_fail,r_abs_bps_low,body_ratio_low"
2025-07-02 09:05:00,CANCEL,SRR-1,short,bullish,upper_edge,H:107717.0@20,SWH:107755.3,107717.0,107770.455,106074.2,53.455000000001746,4.962540731732386,0.35272187396900156,30.73239173136188,0.33688212927758865,0.8220532319392078,0.17794676806079224,0.0,0.0,PASS,CANCEL,,,clear,BTCUSDT|short|H:107717.0@20|SWH:107755.3,"v10_1_pass,v11_quality_fail,r_abs_bps_low,r_abs_atr_low"
2025-07-02 09:10:00,CANCEL,SRR-1,short,bullish,upper_edge,H:107717.0@20,SWH:107755.3,107717.0,107769.97214285715,106074.2,52.972142857150175,4.917714275105153,0.3610388978141818,31.012526799796206,0.5721393034826975,1.0,0.0,0.0,0.0,PASS,CANCEL,,,clear,BTCUSDT|short|H:107717.0@20|SWH:107755.3,"v10_1_pass,v11_quality_fail,r_abs_bps_low,r_abs_atr_low"
2025-07-02 10:35:00,CANCEL,SRR-1,short,bullish,upper_edge,H:107755.3@20,SWH:107758.3,107755.3,107765.63642857144,106386.8,10.336428571434226,0.959250131681154,0.14089183136995662,132.39582613495625,0.31040268456372805,0.6895973154362719,0.0,0.0,1.0,PASS,CANCEL,,,clear,BTCUSDT|short|H:107755.3@20|SWH:107758.3,"v10_1_pass,body_not_aligned,v11_quality_fail,r_abs_bps_low,r_abs_atr_low"
2025-07-02 10:40:00,CANCEL,SRR-1,short,bullish,upper_edge,H:107755.3@20,SWH:107758.3,107755.3,107764.89928571429,106386.8,9.599285714284633,0.8908411664469993,0.1454594653100876,142.56269067640568,0.2521613832853237,0.6368876080691758,0.36311239193082423,0.0,1.0,PASS,CANCEL,,,clear,BTCUSDT|short|H:107755.3@20|SWH:107758.3,"v10_1_pass,weak_body_ratio,v11_quality_fail,r_abs_bps_low,r_abs_atr_low,body_ratio_low"
2025-07-02 13:55:00,CANCEL,SRR-1,short,bullish,upper_edge,H:107799.9@20,SWH:107950.0,107799.9,107965.55571428571,107132.3,165.65571428572002,15.366963632222296,1.0649187253191648,4.030045102147981,0.4585879158180917,0.47318397827562225,0.5268160217243778,0.0,2.0,PASS,CANCEL,,,clear,BTCUSDT|short|H:107799.9@20|SWH:107950.0,"v10_1_pass,weak_close_strength,opposite_wick_high,v11_quality_fail,r_abs_bps_low,close_strength_low"
2025-07-02 17:25:00,CANCEL,SRR-1,short,bullish,upper_edge,H:109620.0@20,SWH:109690.4,109620.0,109710.32928571428,107132.3,90.32928571428056,8.240219459430811,0.4532489874914586,27.540348407811063,0.3130294473578364,0.5921742638160218,0.0947962888261418,0.0,2.0,PASS,CANCEL,,,clear,BTCUSDT|short|H:109620.0@20|SWH:109690.4,"v10_1_pass,weak_close_strength,body_not_aligned,v11_quality_fail,r_abs_bps_low,r_abs_atr_low,close_strength_low"
2025-07-03 02:50:00,CANCEL,SRR-1,long,bullish,lower_edge,L:108509.0@20,SWL:108480.6,108509.0,108470.99071428573,109500.0,38.009285714273574,3.5028694130692917,0.39554746153263354,26.072576250172762,0.39679066374907107,0.648431801604667,0.35156819839533304,0.0,0.0,PASS,CANCEL,,,clear,BTCUSDT|long|L:108509.0@20|SWL:108480.6,"v10_1_pass,v11_quality_fail,r_abs_bps_low,r_abs_atr_low"
2025-07-03 06:10:00,CANCEL,SRR-1,short,bullish,upper_edge,H:109315.9@20,SWH:109378.0,109315.9,109389.82928571428,108480.6,73.92928571428638,6.762903266065264,0.6249682990157743,11.298634795798815,0.04209748892169376,0.9032496307238417,0.05465288035446453,0.0,2.0,PASS,CANCEL,,,clear,BTCUSDT|short|H:109315.9@20|SWH:109378.0,"v10_1_pass,weak_body_ratio,body_not_aligned,v11_quality_fail,r_abs_bps_low,r_abs_atr_low,body_ratio_low"
2025-07-03 08:40:00,CANCEL,SRR-1,short,bullish,upper_edge,H:109516.3@20,SWH:109530.2,109516.3,109537.92285714285,108509.1,21.62285714285099,1.9743962444723742,0.2799852016277458,46.5803382663979,0.31550802139063094,0.49019607843144886,0.5098039215685511,0.0,2.0,PASS,CANCEL,,,clear,BTCUSDT|short|H:109516.3@20|SWH:109530.2,"v10_1_pass,weak_close_strength,opposite_wick_high,v11_quality_fail,r_abs_bps_low,r_abs_atr_low,close_strength_low"
2025-07-03 12:55:00,CANCEL,SRR-1,long,bullish,lower_edge,L:108756.0@20,SWL:108706.0,108756.0,108685.53214285715,110265.1,70.46785714285215,6.479445469017999,0.3442854650148055,21.415437636208583,0.774984671980396,0.8025751072961534,0.19742489270384658,0.0,0.0,PASS,CANCEL,,,clear,BTCUSDT|long|L:108756.0@20|SWL:108706.0,"v10_1_pass,v11_quality_fail,r_abs_bps_low,r_abs_atr_low"
2025-07-03 21:10:00,CANCEL,SRR-1,short,bullish,upper_edge,H:109909.9@20,SWH:109963.1,109909.9,109971.21571428572,108966.0,61.315714285723516,5.578725327356637,0.7555183946489548,15.394096130097072,0.5967859751643576,0.5967859751643576,0.40321402483564234,0.0,1.0,PASS,CANCEL,,,clear,BTCUSDT|short|H:109909.9@20|SWH:109963.1,"v10_1_pass,weak_close_strength,v11_quality_fail,r_abs_bps_low,close_strength_low"
2025-07-04 02:50:00,CANCEL,SRR-1,long,bullish,lower_edge,L:109069.8@20,SWL:109050.0,109069.8,109041.06642857143,109828.8,28.73357142857276,2.6344204746476803,0.3216358839050251,26.41509433962142,0.8352542372881159,1.0,0.0,0.0,0.0,PASS,CANCEL,,,clear,BTCUSDT|long|L:109069.8@20|SWL:109050.0,"v10_1_pass,v11_quality_fail,r_abs_bps_low,r_abs_atr_low"
2025-07-04 07:25:00,CANCEL,SRR-1,long,bearish,lower_edge,L:108749.1@20,SWL:108702.1,108749.1,108693.48357142857,109390.0,55.61642857143306,5.114196675782425,0.6454696178397178,11.523573455940811,0.5027985074627817,0.6949626865671831,0.3050373134328169,0.0,0.0,PASS,CANCEL,,,clear,BTCUSDT|long|L:108749.1@20|SWL:108702.1,"v10_1_pass,v11_quality_fail,r_abs_bps_low,r_abs_atr_low"
2025-07-04 08:05:00,CANCEL,SRR-1,long,bearish,lower_edge,L:108661.0@20,SWL:108653.0,108661.0,108643.54714285715,109340.1,17.452857142852736,1.6061749057023897,0.18463049720412325,38.91053450111518,0.4988558352400414,0.6842105263157019,0.31578947368429816,0.0,0.0,PASS,CANCEL,,,clear,BTCUSDT|long|L:108661.0@20|SWL:108653.0,"v10_1_pass,v11_quality_fail,r_abs_bps_low,r_abs_atr_low"
2025-07-04 08:20:00,CANCEL,SRR-1,long,bearish,lower_edge,L:108527.0@20,SWL:108456.4,108527.0,108446.905,109340.1,80.09500000000116,7.380191104517877,0.8435492364402422,10.151694862350883,0.5259216589861743,0.938364055299558,0.061635944700442,0.0,0.0,PASS,CANCEL,,,clear,BTCUSDT|long|L:108527.0@20|SWL:108456.4,"v10_1_pass,v11_quality_fail,r_abs_bps_low"
2025-07-04 08:25:00,CANCEL,SRR-1,long,bearish,lower_edge,L:108527.0@20,SWL:108456.4,108527.0,108446.55857142857,109340.1,80.44142857143015,7.412112061646424,0.8173755262012046,10.107975634445522,0.7982893799001972,0.8431931575196041,0.1568068424803959,0.0,0.0,PASS,CANCEL,,,clear,BTCUSDT|long|L:108527.0@20|SWL:108456.4,"v10_1_pass,v11_quality_fail,r_abs_bps_low"
2025-07-04 14:25:00,CANCEL,SRR-1,long,bearish,lower_edge,L:107518.1@20,SWL:107436.0,107518.1,107413.80285714286,109071.1,104.29714285714726,9.700426519548547,0.4698674218046314,14.89014902476378,0.7100708103855313,0.9032258064516175,0.09677419354838249,0.0,0.0,PASS,CANCEL,,,clear,BTCUSDT|long|L:107518.1@20|SWL:107436.0,"v10_1_pass,v11_quality_fail,r_abs_bps_low,r_abs_atr_low"
2025-07-04 16:25:00,CANCEL,SRR-1,long,bearish,lower_edge,L:107400.0@20,SWL:107291.2,107400.0,107274.33357142856,109071.1,125.66642857143597,11.700784783187705,0.7450683945284899,13.29790317905038,0.7121546961325645,0.9381215469613421,0.06187845303865795,0.0,0.0,PASS,CANCEL,,,clear,BTCUSDT|long|L:107400.0@20|SWL:107291.2,"v10_1_pass,v11_quality_fail,r_abs_bps_low"
2025-07-04 21:55:00,CANCEL,SRR-1,short,bearish,upper_edge,H:107868.6@20,SWH:107897.7,107868.6,107903.37999999999,107200.0,34.779999999984284,3.2242932605025265,0.6123239436617197,19.22369177689212,0.11241217798568351,0.9976580796251563,0.002341920374843737,0.0,1.0,PASS,CANCEL,,,clear,BTCUSDT|short|H:107868.6@20|SWH:107897.7,"v10_1_pass,weak_body_ratio,v11_quality_fail,r_abs_bps_low,r_abs_atr_low,body_ratio_low"
2025-07-05 02:35:00,CANCEL,SRR-1,long,bearish,lower_edge,L:107690.1@20,SWL:107688.3,107690.1,107681.45857142858,108229.0,8.641428571427241,0.8024348172605691,0.12631029442470157,62.362373946115724,0.4616006467260078,1.0,0.0,0.0,0.0,PASS,CANCEL,,,clear,BTCUSDT|long|L:107690.1@20|SWL:107688.3,"v10_1_pass,v11_quality_fail,r_abs_bps_low,r_abs_atr_low"
2025-07-05 02:40:00,CANCEL,SRR-1,long,bearish,lower_edge,L:107690.1@20,SWL:107688.3,107690.1,107681.30285714286,108229.0,8.797142857147264,0.8168942973539132,0.12572478562684683,61.25852549525933,0.7853658536584656,0.8585365853657827,0.14146341463421733,0.0,0.0,PASS,CANCEL,,,clear,BTCUSDT|long|L:107690.1@20|SWL:107688.3,"v10_1_pass,v11_quality_fail,r_abs_bps_low,r_abs_atr_low"
2025-07-05 04:35:00,CANCEL,SRR-1,short,bearish,upper_edge,H:108350.3@20,SWH:108368.1,108350.3,108376.11357142858,107688.3,25.813571428574505,2.382418085466723,0.32212318388453015,25.6454246105285,0.6323099415204544,0.9225146198831065,0.0774853801168936,0.0,0.0,PASS,CANCEL,,,clear,BTCUSDT|short|H:108350.3@20|SWH:108368.1,"v10_1_pass,v11_quality_fail,r_abs_bps_low,r_abs_atr_low"
2025-07-05 04:40:00,CANCEL,SRR-1,short,bearish,upper_edge,H:108350.3@20,SWH:108368.1,108350.3,108375.86642857143,107688.3,25.56642857143015,2.359608470989942,0.3291915754621822,25.893331098257836,0.9663608562689322,0.9694189602446456,0.030581039755354405,0.0,0.0,PASS,CANCEL,,,clear,BTCUSDT|short|H:108350.3@20|SWH:108368.1,"v10_1_pass,v11_quality_fail,r_abs_bps_low,r_abs_atr_low"
2025-07-05 09:25:00,CANCEL,SRR-1,long,bearish,lower_edge,L:107845.8@20,SWL:107830.0,107845.8,107825.15857142858,108368.1,20.64142857142724,1.9139761188129016,0.4263499557391176,25.303481209774073,0.849753694581159,0.8522167487684941,0.1477832512315059,0.0,0.0,PASS,CANCEL,,,clear,BTCUSDT|long|L:107845.8@20|SWL:107830.0,"v10_1_pass,v11_quality_fail,r_abs_bps_low,r_abs_atr_low"
2025-07-06 00:05:00,CANCEL,SRR-1,short,bearish,upper_edge,H:108183.8@20,SWH:108195.0,108183.8,108198.14642857143,107900.0,14.346428571428987,1.3261161626259188,0.4559591373439255,19.781926811052653,0.338947368421022,0.7768421052631885,0.22315789473681147,0.0,0.0,PASS,CANCEL,,,clear,BTCUSDT|short|H:108183.8@20|SWH:108195.0,"v10_1_pass,v11_quality_fail,r_abs_bps_low,r_abs_atr_low"
2025-07-06 00:10:00,CANCEL,SRR-1,short,bearish,upper_edge,H:108183.8@20,SWH:108195.0,108183.8,108198.2642857143,107900.0,14.464285714289872,1.337010320795708,0.4431072210066778,19.620740740735304,0.8847117794488235,0.997493734336058,0.0025062656639419406,0.0,0.0,PASS,CANCEL,,,clear,BTCUSDT|short|H:108183.8@20|SWH:108195.0,"v10_1_pass,v11_quality_fail,r_abs_bps_low,r_abs_atr_low"
2025-07-06 02:20:00,CANCEL,SRR-1,short,bullish,upper_edge,H:108195.4@20,SWH:108211.0,108195.4,108214.37714285715,107997.7,18.97714285715483,1.753969471636949,0.5619289340105207,10.417795844618386,0.7848932676519174,0.9983579638752292,0.0016420361247708115,0.0,0.0,PASS,CANCEL,,,clear,BTCUSDT|short|H:108195.4@20|SWH:108211.0,"v10_1_pass,v11_quality_fail,r_abs_bps_low,r_abs_atr_low"
2025-07-06 03:05:00,CANCEL,SRR-1,long,bearish,lower_edge,L:107997.7@20,SWL:107979.0,107997.7,107975.30785714286,108211.0,22.392142857133877,2.0733907163887637,0.6064809440895124,9.525662700568562,0.2710472279260345,0.7022587268993662,0.2977412731006338,0.0,1.0,PASS,CANCEL,,,clear,BTCUSDT|long|L:107997.7@20|SWL:107979.0,"v10_1_pass,weak_body_ratio,v11_quality_fail,r_abs_bps_low,r_abs_atr_low,body_ratio_low"
2025-07-06 03:35:00,CANCEL,SRR-1,long,bearish,lower_edge,L:107974.5@20,SWL:107968.1,107974.5,107964.92642857143,108211.0,9.573571428569267,0.8866511471291154,0.3016655413008527,24.703424606436975,0.009259259259128263,1.0,0.0,0.0,1.0,PASS,CANCEL,,,clear,BTCUSDT|long|L:107974.5@20|SWL:107968.1,"v10_1_pass,weak_body_ratio,v11_quality_fail,r_abs_bps_low,r_abs_atr_low,body_ratio_low"
2025-07-06 03:40:00,CANCEL,SRR-1,long,bearish,lower_edge,L:107974.5@20,SWL:107968.1,107974.5,107965.09285714287,108211.0,9.407142857133294,0.8712374548743725,0.31282660332509765,25.140470766920014,0.9666666666647264,0.9666666666647264,0.033333333335273586,0.0,0.0,PASS,CANCEL,,,clear,BTCUSDT|long|L:107974.5@20|SWL:107968.1,"v10_1_pass,v11_quality_fail,r_abs_bps_low,r_abs_atr_low"
2025-07-06 10:05:00,CANCEL,SRR-1,long,bearish,lower_edge,L:107762.0@20,SWL:107743.4,107762.0,107738.9057142857,108180.0,23.09428571429453,2.143082507219106,0.5138588684045214,18.09971545217669,0.5862584017923441,0.9492158327109599,0.05078416728904008,0.0,0.0,PASS,CANCEL,,,clear,BTCUSDT|long|L:107762.0@20|SWL:107743.4,"v10_1_pass,v11_quality_fail,r_abs_bps_low,r_abs_atr_low"
2025-07-06 10:10:00,CANCEL,SRR-1,long,bearish,lower_edge,L:107762.0@20,SWL:107743.4,107762.0,107738.73357142857,108180.0,23.26642857142724,2.1590568634052114,0.4985917648859328,17.965799895620098,0.3826086956521739,0.6173913043478261,0.0,0.0,1.0,PASS,CANCEL,,,clear,BTCUSDT|long|L:107762.0@20|SWL:107743.4,"v10_1_pass,body_not_aligned,v11_quality_fail,r_abs_bps_low,r_abs_atr_low"
2025-07-06 18:40:00,CANCEL,SRR-1,long,bullish,lower_edge,L:108414.3@20,SWL:108411.0,108414.3,108402.18571428572,109079.1,12.114285714284051,1.1174066257204125,0.13743922204212214,54.87735849057381,0.7162872154116025,0.8949211908931672,0.1050788091068328,0.0,0.0,PASS,CANCEL,,,clear,BTCUSDT|long|L:108414.3@20|SWL:108411.0,"v10_1_pass,v11_quality_fail,r_abs_bps_low,r_abs_atr_low"
2025-07-06 18:55:00,CANCEL,SRR-1,long,bullish,lower_edge,L:108333.3@20,SWL:108209.6,108333.3,108198.31785714286,109079.1,134.98214285714494,12.459893943703824,1.1964229186451814,5.52517528773641,0.4630102040817041,0.8284438775510448,0.1715561224489552,0.0,0.0,PASS,CANCEL,,,clear,BTCUSDT|long|L:108333.3@20|SWL:108209.6,"v10_1_pass,v11_quality_fail,r_abs_bps_low"
2025-07-07 07:10:00,CANCEL,SRR-1,long,bullish,lower_edge,L:108714.0@20,SWL:108611.0,108714.0,108603.64357142858,109667.3,110.35642857142375,10.151077926616972,1.500135935527664,8.63837306390373,0.28316326530617286,0.7168367346938271,0.0,0.0,2.0,PASS,CANCEL,,,clear,BTCUSDT|long|L:108714.0@20|SWL:108611.0,"v10_1_pass,weak_body_ratio,body_not_aligned,v11_quality_fail,r_abs_bps_low,body_ratio_low"
2025-07-07 11:25:00,CANCEL,SRR-1,long,bullish,lower_edge,L:108611.0@20,SWL:108525.0,108611.0,108518.41285714286,109125.0,92.58714285714086,8.524656145062734,1.4055736282801514,5.551526747002943,0.22250639386193669,0.9812446717817814,0.018755328218218542,0.0,1.0,PASS,CANCEL,,,clear,BTCUSDT|long|L:108611.0@20|SWL:108525.0,"v10_1_pass,weak_body_ratio,v11_quality_fail,r_abs_bps_low,body_ratio_low"
2025-07-07 13:25:00,CANCEL,SRR-1,long,bearish,lower_edge,L:108166.2@20,SWL:107968.0,108166.2,107957.03928571429,109041.2,209.16071428571013,19.336975347725087,1.9082763115021164,4.183385981388284,0.9259259259259133,0.9259259259259133,0.07407407407408671,0.0,0.0,PASS,CANCEL,,,clear,BTCUSDT|long|L:108166.2@20|SWL:107968.0,"v10_1_pass,v11_quality_fail,r_abs_bps_low"
2025-07-07 18:40:00,CANCEL,SRR-1,long,bearish,lower_edge,L:107500.0@20,SWL:107456.0,107500.0,107441.365,108612.2,58.63499999999476,5.454418604650675,0.4006491288007796,18.96819305875495,0.9603267211201684,0.9609101516919644,0.03908984830803569,0.0,0.0,PASS,CANCEL,,,clear,BTCUSDT|long|L:107500.0@20|SWL:107456.0,"v10_1_pass,v11_quality_fail,r_abs_bps_low,r_abs_atr_low"
2025-07-08 00:35:00,CANCEL,SRR-1,short,bearish,upper_edge,H:108381.3@20,SWH:108428.6,108381.3,108436.68071428571,107728.5,55.38071428571129,5.109803470313724,0.6853442941747955,11.787496936788896,0.7012002526847628,1.0,0.0,0.0,0.0,PASS,CANCEL,,,clear,BTCUSDT|short|H:108381.3@20|SWH:108428.6,"v10_1_pass,v11_quality_fail,r_abs_bps_low,r_abs_atr_low"
2025-07-08 02:05:00,CANCEL,SRR-1,long,bearish,lower_edge,L:107621.4@20,SWL:107615.9,107621.4,107603.91071428571,108475.0,17.48928571428405,1.6250750979158468,0.14587429252307096,48.807024709010484,0.5505350772887652,0.9571938168845948,0.042806183115405134,0.0,0.0,PASS,CANCEL,,,clear,BTCUSDT|long|L:107621.4@20|SWL:107615.9,"v10_1_pass,v11_quality_fail,r_abs_bps_low,r_abs_atr_low"
2025-07-08 02:20:00,CANCEL,SRR-1,long,bearish,lower_edge,L:107470.0@20,SWL:107400.0,107470.0,107385.78428571428,108475.0,84.2157142857177,7.836206781959402,0.5924128228318967,11.933639802547395,0.005997474747456319,0.6373106060605819,0.3626893939394182,0.0,1.0,PASS,CANCEL,,,clear,BTCUSDT|long|L:107470.0@20|SWL:107400.0,"v10_1_pass,weak_body_ratio,v11_quality_fail,r_abs_bps_low,r_abs_atr_low,body_ratio_low"
2025-07-08 02:25:00,CANCEL,SRR-1,long,bearish,lower_edge,L:107470.0@20,SWL:107400.0,107470.0,107384.82642857142,108475.0,85.17357142857509,7.925334644884627,0.5613284376029908,11.799434767658811,0.9363791631084202,0.9363791631084202,0.06362083689157981,0.0,0.0,PASS,CANCEL,,,clear,BTCUSDT|long|L:107470.0@20|SWL:107400.0,"v10_1_pass,v11_quality_fail,r_abs_bps_low,r_abs_atr_low"
2025-07-08 06:10:00,CANCEL,SRR-1,short,bearish,upper_edge,H:108240.3@20,SWH:108246.6,108240.3,108252.2992857143,107400.0,11.999285714293364,1.1085783866354182,0.21054016794097283,70.02916840283672,0.4887755102040222,0.9846938775510204,0.015306122448979591,0.0,0.0,PASS,CANCEL,,,clear,BTCUSDT|short|H:108240.3@20|SWH:108246.6,"v10_1_pass,v11_quality_fail,r_abs_bps_low,r_abs_atr_low"
2025-07-08 06:55:00,CANCEL,SRR-1,short,bearish,upper_edge,H:108270.5@20,SWH:108336.5,108270.5,108344.00785714286,107400.0,73.5078571428603,6.789278440836636,0.9790790600323837,11.842271477295407,1.0,1.0,0.0,0.0,0.0,PASS,CANCEL,,,clear,BTCUSDT|short|H:108270.5@20|SWH:108336.5,"v10_1_pass,v11_quality_fail,r_abs_bps_low"
2025-07-08 08:05:00,CANCEL,SRR-1,short,bearish,upper_edge,H:108445.8@20,SWH:108448.0,108445.8,108454.33071428571,107644.7,8.530714285705471,0.7866339024384044,0.1347512129074537,93.90772837655254,0.3894230769231599,0.5064102564103969,0.49358974358960306,0.0,2.0,PASS,CANCEL,,,clear,BTCUSDT|short|H:108445.8@20|SWH:108448.0,"v10_1_pass,weak_close_strength,opposite_wick_high,v11_quality_fail,r_abs_bps_low,r_abs_atr_low,close_strength_low"
2025-07-08 11:10:00,CANCEL,SRR-1,short,bullish,upper_edge,H:108870.9@20,SWH:108964.1,108870.9,108973.93857142857,108079.1,103.03857142858033,9.464289486775652,1.0472919994192904,7.684500949712923,0.497728747566572,0.9519792342635048,0.04802076573649513,0.0,0.0,PASS,CANCEL,,,clear,BTCUSDT|short|H:108870.9@20|SWH:108964.1,"v10_1_pass,v11_quality_fail,r_abs_bps_low"
2025-07-08 13:50:00,CANCEL,SRR-1,short,bullish,upper_edge,H:108985.0@20,SWH:109180.0,108985.0,109190.88285714286,108172.4,205.8828571428603,18.89093518767356,1.8918088737201946,3.9469046198253883,0.09230055658624138,0.9995361781075797,0.00046382189242030644,0.0,1.0,PASS,CANCEL,,,clear,BTCUSDT|short|H:108985.0@20|SWH:109180.0,"v10_1_pass,weak_body_ratio,v11_quality_fail,r_abs_bps_low,body_ratio_low"
2025-07-08 15:35:00,CANCEL,SRR-1,long,bullish,lower_edge,L:108181.8@20,SWL:108151.0,108181.8,108134.47428571428,109180.0,47.32571428571828,4.3746465935784276,0.2863762102351584,21.09212750543163,0.2187919463087639,0.7000000000000195,0.29999999999998045,0.0,1.0,PASS,CANCEL,,,clear,BTCUSDT|long|L:108181.8@20|SWL:108151.0,"v10_1_pass,weak_body_ratio,v11_quality_fail,r_abs_bps_low,r_abs_atr_low,body_ratio_low"
2025-07-08 15:40:00,CANCEL,SRR-1,long,bullish,lower_edge,L:108181.8@20,SWL:108151.0,108181.8,108135.02785714286,109180.0,46.77214285713853,4.323476116790304,0.292835740798688,21.34176325957339,0.13866666666658906,0.8759999999999611,0.1240000000000388,0.0,1.0,PASS,CANCEL,,,clear,BTCUSDT|long|L:108181.8@20|SWL:108151.0,"v10_1_pass,weak_body_ratio,v11_quality_fail,r_abs_bps_low,r_abs_atr_low,body_ratio_low"
2025-07-08 16:20:00,CANCEL,SRR-1,long,bullish,lower_edge,L:108068.0@20,SWL:108041.0,108068.0,108029.98357142857,109180.0,38.01642857142724,3.517824755841437,0.3450885041820498,29.250511996694183,0.049433573635454406,0.6910401647785973,0.3089598352214027,0.0,1.0,PASS,CANCEL,,,clear,BTCUSDT|long|L:108068.0@20|SWL:108041.0,"v10_1_pass,weak_body_ratio,v11_quality_fail,r_abs_bps_low,r_abs_atr_low,body_ratio_low"
2025-07-08 16:25:00,CANCEL,SRR-1,long,bullish,lower_edge,L:108068.0@20,SWL:108041.0,108068.0,108028.83285714286,109180.0,39.16714285714261,3.6243053315637015,0.3219091229306029,28.391144180618046,0.9653758542140964,1.0,0.0,0.0,0.0,PASS,CANCEL,,,clear,BTCUSDT|long|L:108068.0@20|SWL:108041.0,"v10_1_pass,v11_quality_fail,r_abs_bps_low,r_abs_atr_low"
2025-07-09 03:40:00,CANCEL,SRR-1,long,bullish,lower_edge,L:108353.0@20,SWL:108338.0,108353.0,108332.29071428571,109107.4,20.709285714285215,1.9112794029039544,0.36272988865254774,36.42810333528843,0.23255813953483875,0.7674418604651613,0.0,0.0,2.0,PASS,CANCEL,,,clear,BTCUSDT|long|L:108353.0@20|SWL:108338.0,"v10_1_pass,weak_body_ratio,body_not_aligned,v11_quality_fail,r_abs_bps_low,r_abs_atr_low,body_ratio_low"
2025-07-09 11:40:00,CANCEL,SRR-1,short,bullish,upper_edge,H:109032.2@20,SWH:109050.0,109032.2,109055.48357142857,108510.0,23.28357142857567,2.1354766232888696,0.4246059658721724,22.42783078196959,0.5490654205607726,0.8520249221183733,0.14797507788162664,0.0,0.0,PASS,CANCEL,,,clear,BTCUSDT|short|H:109032.2@20|SWH:109050.0,"v10_1_pass,v11_quality_fail,r_abs_bps_low,r_abs_atr_low"
2025-07-09 11:55:00,CANCEL,SRR-1,short,bullish,upper_edge,H:109050.0@20,SWH:109074.0,109050.0,109080.31357142857,108510.0,30.313571428574505,2.779786467544659,0.48013349926467463,17.81380334126448,0.8926829268294103,0.8926829268294103,0.10731707317058974,0.0,0.0,PASS,CANCEL,,,clear,BTCUSDT|short|H:109050.0@20|SWH:109074.0,"v10_1_pass,v11_quality_fail,r_abs_bps_low,r_abs_atr_low"
2025-07-09 19:10:00,CANCEL,SRR-1,short,bullish,upper_edge,H:109537.0@20,SWH:109537.4,109537.0,109548.70499999999,108429.0,11.704999999987194,1.068588696055871,0.10353825740811146,94.66040153790792,0.34050179211470716,0.6630824372760087,0.33691756272399126,0.0,0.0,PASS,CANCEL,,,clear,BTCUSDT|short|H:109537.0@20|SWH:109537.4,"v10_1_pass,v11_quality_fail,r_abs_bps_low,r_abs_atr_low"
2025-07-10 10:50:00,CANCEL,SRR-1,long,bullish,lower_edge,L:110850.8@20,SWL:110800.0,110850.8,110794.57285714286,111399.7,56.22714285714028,5.0723263032057755,1.0360357988944142,9.762189080007458,0.3366336633663976,0.5706570657064883,0.09270927092711405,0.0,2.0,PASS,CANCEL,,,clear,BTCUSDT|long|L:110850.8@20|SWL:110800.0,"v10_1_pass,weak_close_strength,body_not_aligned,v11_quality_fail,r_abs_bps_low,close_strength_low"
2025-07-10 10:55:00,CANCEL,SRR-1,long,bullish,lower_edge,L:110850.8@20,SWL:110800.0,110850.8,110793.97571428571,111399.7,56.824285714290454,5.1261953647867635,0.943253497747315,9.65960228272529,0.9576837416481276,0.9576837416481276,0.0423162583518724,0.0,0.0,PASS,CANCEL,,,clear,BTCUSDT|long|L:110850.8@20|SWL:110800.0,"v10_1_pass,v11_quality_fail,r_abs_bps_low"
2025-07-10 12:20:00,CANCEL,SRR-1,long,bullish,lower_edge,L:110755.8@20,SWL:110745.1,110755.8,110737.735,111382.2,18.06500000000233,1.6310658222867178,0.2452817379497926,34.674785496812255,0.6842105263157895,1.0,0.0,0.0,0.0,PASS,CANCEL,,,clear,BTCUSDT|long|L:110755.8@20|SWL:110745.1,"v10_1_pass,v11_quality_fail,r_abs_bps_low,r_abs_atr_low"
2025-07-10 14:25:00,CANCEL,SRR-1,short,bullish,upper_edge,H:111173.2@20,SWH:111273.2,111173.2,111296.36,110432.2,123.16000000000349,11.07820949653365,0.5317789291882693,6.0165638194217195,0.8436632747456163,0.9198273203823627,0.08017267961763727,0.0,0.0,PASS,CANCEL,,,clear,BTCUSDT|short|H:111173.2@20|SWH:111273.2,"v10_1_pass,v11_quality_fail,r_abs_bps_low,r_abs_atr_low"
2025-07-10 15:35:00,CANCEL,SRR-1,short,bullish,upper_edge,H:111319.8@20,SWH:111363.5,111319.8,111382.24714285714,110432.2,62.44714285714144,5.609706706007507,0.3331021869999155,14.213620662046031,0.29698630136984705,0.7682191780821759,0.23178082191782418,0.0,1.0,PASS,CANCEL,,,clear,BTCUSDT|short|H:111319.8@20|SWH:111363.5,"v10_1_pass,weak_body_ratio,v11_quality_fail,r_abs_bps_low,r_abs_atr_low,body_ratio_low"
2025-07-10 16:05:00,CANCEL,SRR-1,short,bullish,upper_edge,H:111363.5@20,SWH:111388.4,111363.5,111404.37999999999,110432.2,40.879999999990105,3.670861637788872,0.25581977471833645,22.78131115460441,0.2924606462303543,0.6106048053023932,0.38939519469760675,0.0,1.0,PASS,CANCEL,,,clear,BTCUSDT|short|H:111363.5@20|SWH:111388.4,"v10_1_pass,weak_body_ratio,v11_quality_fail,r_abs_bps_low,r_abs_atr_low,body_ratio_low"
2025-07-11 05:20:00,CANCEL,SRR-1,short,bullish,upper_edge,H:117331.7@20,SWH:117378.2,117331.7,117393.46142857142,115186.7,61.761428571422584,5.263831391808232,0.4046896939061658,34.73041426688283,0.04982578397213558,0.8125435540069585,0.1874564459930415,0.0,1.0,PASS,CANCEL,,,clear,BTCUSDT|short|H:117331.7@20|SWH:117378.2,"v10_1_pass,weak_body_ratio,v11_quality_fail,r_abs_bps_low,r_abs_atr_low,body_ratio_low"
2025-07-11 13:25:00,CANCEL,SRR-1,long,bullish,lower_edge,L:117581.3@20,SWL:117562.9,117581.3,117546.12214285714,118882.8,35.17785714285856,2.991790118229561,0.20966835540041046,36.99770553716678,0.527367506516021,0.9461337966984879,0.05386620330151218,0.0,0.0,PASS,CANCEL,,,clear,BTCUSDT|long|L:117581.3@20|SWL:117562.9,"v10_1_pass,v11_quality_fail,r_abs_bps_low,r_abs_atr_low"
2025-07-11 13:40:00,CANCEL,SRR-1,long,bullish,lower_edge,L:117562.9@20,SWL:117255.0,117562.9,117234.63142857143,118882.8,328.2685714285617,27.92280314866014,1.6116425866180042,4.0207930788380315,0.5532016186622556,0.5534396572244819,0.44656034277551815,0.0,1.0,PASS,CANCEL,,,clear,BTCUSDT|long|L:117562.9@20|SWL:117255.0,"v10_1_pass,weak_close_strength,v11_quality_fail,close_strength_low"
2025-07-11 22:35:00,CANCEL,SRR-1,long,bullish,lower_edge,L:117157.0@20,SWL:117130.0,117157.0,117112.06857142856,118128.0,44.93142857143539,3.835146732285343,0.25057361376676757,21.610708381021773,0.7809542586750662,1.0,0.0,0.0,0.0,PASS,CANCEL,,,clear,BTCUSDT|long|L:117157.0@20|SWL:117130.0,"v10_1_pass,v11_quality_fail,r_abs_bps_low,r_abs_atr_low"
2025-07-12 04:10:00,CANCEL,SRR-1,short,bullish,upper_edge,H:117818.6@20,SWH:117845.6,117818.6,117853.585,117055.0,34.98500000000058,2.9693953246771376,0.438134001252352,21.826497070172735,0.741071428571359,0.7417582417582121,0.2582417582417879,0.0,0.0,PASS,CANCEL,,,clear,BTCUSDT|short|H:117818.6@20|SWH:117845.6,"v10_1_pass,v11_quality_fail,r_abs_bps_low,r_abs_atr_low"
2025-07-12 09:50:00,CANCEL,SRR-1,short,bullish,upper_edge,H:118036.7@20,SWH:118088.4,118036.7,118097.18357142857,117454.9,60.48357142857276,5.12413270013248,0.6885988452468087,9.619140970983693,0.03358522250210154,0.6095717884130696,0.35684298908482887,0.0,2.0,PASS,CANCEL,,,clear,BTCUSDT|short|H:118036.7@20|SWH:118088.4,"v10_1_pass,weak_body_ratio,body_not_aligned,v11_quality_fail,r_abs_bps_low,r_abs_atr_low,body_ratio_low"
2025-07-12 12:55:00,CANCEL,SRR-1,long,bullish,lower_edge,L:117385.0@20,SWL:117220.4,117385.0,117208.07928571428,118176.9,176.92071428571944,15.071833222789918,1.4359615050148302,4.476016294627374,0.4560415764400127,0.717626678215701,0.2823733217842989,0.0,0.0,PASS,CANCEL,,,clear,BTCUSDT|long|L:117385.0@20|SWL:117220.4,"v10_1_pass,v11_quality_fail,r_abs_bps_low"
2025-07-12 15:50:00,CANCEL,SRR-1,long,bullish,lower_edge,L:116909.0@20,SWL:116862.4,116909.0,116848.37928571428,118100.0,60.62071428571653,5.185290635085112,0.43236537775740747,19.64674969659049,0.14021956087819384,0.5728542914171553,0.4271457085828448,0.0,2.0,PASS,CANCEL,,,clear,BTCUSDT|long|L:116909.0@20|SWL:116862.4,"v10_1_pass,weak_body_ratio,weak_close_strength,v11_quality_fail,r_abs_bps_low,r_abs_atr_low,close_strength_low,body_ratio_low"
2025-07-12 21:05:00,CANCEL,SRR-1,long,bearish,lower_edge,L:116975.6@20,SWL:116960.0,116975.6,116952.08571428571,117609.4,23.514285714292782,2.0101872283016955,0.29711191335749004,26.95382746050173,0.5698473282442303,0.629389312977077,0.370610687022923,0.0,0.0,PASS,CANCEL,,,clear,BTCUSDT|long|L:116975.6@20|SWL:116960.0,"v10_1_pass,v11_quality_fail,r_abs_bps_low,r_abs_atr_low"
2025-07-12 21:10:00,CANCEL,SRR-1,long,bearish,lower_edge,L:116975.6@20,SWL:116960.0,116975.6,116951.42928571429,117609.4,24.17071428571944,2.0663039373783456,0.282015167930719,26.221815065450944,0.6646058732611607,0.6646058732611607,0.3353941267388393,0.0,0.0,PASS,CANCEL,,,clear,BTCUSDT|long|L:116975.6@20|SWL:116960.0,"v10_1_pass,v11_quality_fail,r_abs_bps_low,r_abs_atr_low"
2025-07-13 07:40:00,CANCEL,SRR-1,short,bullish,upper_edge,H:117955.0@20,SWH:118040.8,117955.0,118045.84071428572,117359.4,90.8407142857177,7.701302554848688,1.8021397194276683,6.556531448296287,0.1266932270915871,0.7952191235059993,0.2047808764940007,0.0,1.0,PASS,CANCEL,,,clear,BTCUSDT|short|H:117955.0@20|SWH:118040.8,"v10_1_pass,weak_body_ratio,v11_quality_fail,r_abs_bps_low,body_ratio_low"
2025-07-13 12:10:00,CANCEL,SRR-1,short,bullish,upper_edge,H:118058.3@20,SWH:118106.5,118058.3,118113.98428571428,117641.3,55.684285714276484,4.716676905755587,0.7440160335940617,7.488647733396146,0.890426758938866,1.0,0.0,0.0,0.0,PASS,CANCEL,,,clear,BTCUSDT|short|H:118058.3@20|SWH:118106.5,"v10_1_pass,v11_quality_fail,r_abs_bps_low"
2025-07-13 13:55:00,CANCEL,SRR-1,short,bullish,upper_edge,H:118658.5@20,SWH:118722.2,118658.5,118743.02928571428,117641.3,84.52928571427765,7.123744671833678,0.40581941634370927,12.03369922512174,0.7394293571673962,0.7394293571673962,0.2605706428326037,0.0,0.0,PASS,CANCEL,,,clear,BTCUSDT|short|H:118658.5@20|SWH:118722.2,"v10_1_pass,v11_quality_fail,r_abs_bps_low,r_abs_atr_low"
2025-07-13 19:35:00,CANCEL,SRR-1,short,bullish,upper_edge,H:119283.4@20,SWH:119454.9,119283.4,119467.57357142857,118300.0,184.1735714285751,15.440000153296694,1.453209716507969,5.339528317619499,0.2390714501055279,0.9951763641844865,0.004823635815513521,0.0,1.0,PASS,CANCEL,,,clear,BTCUSDT|short|H:119283.4@20|SWH:119454.9,"v10_1_pass,weak_body_ratio,v11_quality_fail,r_abs_bps_low,body_ratio_low"
2025-07-13 19:40:00,CANCEL,SRR-1,short,bullish,upper_edge,H:119283.4@20,SWH:119454.9,119283.4,119468.31999999999,118300.0,184.91999999999825,15.502576217646233,1.3779433681073086,5.317975340687884,0.16594743036486417,0.8983915260886828,0.10160847391131726,0.0,1.0,PASS,CANCEL,,,clear,BTCUSDT|short|H:119283.4@20|SWH:119454.9,"v10_1_pass,weak_body_ratio,v11_quality_fail,r_abs_bps_low,body_ratio_low"
2025-07-14 02:35:00,CANCEL,SRR-1,short,bullish,upper_edge,H:119895.9@20,SWH:119928.3,119895.9,119946.57214285714,118197.7,50.672142857147264,4.226344925651942,0.2773191040225418,33.51348303519529,0.4773457010346112,0.9525508383874322,0.04744916161256786,0.0,0.0,PASS,CANCEL,,,clear,BTCUSDT|short|H:119895.9@20|SWH:119928.3,"v10_1_pass,v11_quality_fail,r_abs_bps_low,r_abs_atr_low"
2025-07-14 02:50:00,CANCEL,SRR-1,short,bullish,upper_edge,H:119928.3@20,SWH:120000.0,119928.3,120021.38714285714,118197.7,93.08714285714086,7.761899639796517,0.43524814641639614,18.591181841899758,0.49625707504108885,0.9972612744203031,0.002738725579696929,0.0,0.0,PASS,CANCEL,,,clear,BTCUSDT|short|H:119928.3@20|SWH:120000.0,"v10_1_pass,v11_quality_fail,r_abs_bps_low,r_abs_atr_low"
2025-07-14 11:20:00,CANCEL,SRR-1,long,bullish,lower_edge,L:121620.7@20,SWL:121512.6,121620.7,121499.61428571428,123300.0,121.08571428571304,9.956011952382534,0.9324532453245079,13.868688060406019,0.04094117647057454,0.8715294117646922,0.12847058823530783,0.0,1.0,PASS,CANCEL,,,clear,BTCUSDT|long|L:121620.7@20|SWL:121512.6,"v10_1_pass,weak_body_ratio,v11_quality_fail,r_abs_bps_low,body_ratio_low"
2025-07-14 11:40:00,CANCEL,SRR-1,long,bullish,lower_edge,L:121360.5@20,SWL:121357.0,121360.5,121340.69428571429,123300.0,19.805714285714203,1.6319736887796443,0.12146486770632413,97.92628390075056,0.9005807994533443,0.9511445165698563,0.04885548343014367,0.0,0.0,PASS,CANCEL,,,clear,BTCUSDT|long|L:121360.5@20|SWL:121357.0,"v10_1_pass,v11_quality_fail,r_abs_bps_low,r_abs_atr_low"
2025-07-14 14:55:00,CANCEL,SRR-1,long,bullish,lower_edge,L:120706.1@20,SWL:120612.4,120706.1,120575.08499999999,122204.7,131.01500000001397,10.854049629638764,0.35110545357099,11.438384917756222,0.8596658711217114,0.8992840095465463,0.10071599045345367,0.0,0.0,PASS,CANCEL,,,clear,BTCUSDT|long|L:120706.1@20|SWL:120612.4,"v10_1_pass,v11_quality_fail,r_abs_bps_low,r_abs_atr_low"
2025-07-14 16:25:00,CANCEL,SRR-1,long,bullish,lower_edge,L:119341.2@20,SWL:119200.0,119341.2,119171.93428571429,122113.9,169.26571428570605,14.183342742129799,0.6031049577521809,16.38075384433682,0.912906846240173,0.9681257014590087,0.03187429854099134,0.0,0.0,PASS,CANCEL,,,clear,BTCUSDT|long|L:119341.2@20|SWL:119200.0,"v10_1_pass,v11_quality_fail,r_abs_bps_low,r_abs_atr_low"
2025-07-15 02:05:00,CANCEL,SRR-1,long,bearish,lower_edge,L:118376.5@20,SWL:118280.0,118376.5,118248.09071428572,120292.6,128.4092857142823,10.847531876198595,0.40241980614688,14.921818070567213,0.5075859743762766,0.8639581928523306,0.1360418071476694,0.0,0.0,PASS,CANCEL,,,clear,BTCUSDT|long|L:118376.5@20|SWL:118280.0,"v10_1_pass,v11_quality_fail,r_abs_bps_low,r_abs_atr_low"
2025-07-15 03:25:00,CANCEL,SRR-1,long,bearish,lower_edge,L:117250.0@20,SWL:117090.0,117250.0,117056.67642857143,120292.6,193.32357142856927,16.488151081327867,0.5801406126079695,15.738380878837685,0.717391304347826,1.0,0.0,0.0,0.0,PASS,CANCEL,,,clear,BTCUSDT|long|L:117250.0@20|SWL:117090.0,"v10_1_pass,v11_quality_fail,r_abs_bps_low,r_abs_atr_low"
2025-07-15 12:05:00,CANCEL,SRR-1,short,bearish,upper_edge,H:117264.0@20,SWH:117334.6,117264.0,117351.82357142858,116300.0,87.82357142858382,7.489389022085535,0.5099033716253295,10.976552015809371,0.3706512042818979,0.6293487957181021,0.0,0.0,1.0,PASS,CANCEL,,,clear,BTCUSDT|short|H:117264.0@20|SWH:117334.6,"v10_1_pass,body_not_aligned,v11_quality_fail,r_abs_bps_low,r_abs_atr_low"
2025-07-15 12:10:00,CANCEL,SRR-1,short,bearish,upper_edge,H:117264.0@20,SWH:117334.6,117264.0,117352.75357142858,116300.0,88.75357142857683,7.56869724967397,0.4889041904387387,10.86153474709201,0.924036896364624,0.9413998914812657,0.058600108518734345,0.0,0.0,PASS,CANCEL,,,clear,BTCUSDT|short|H:117264.0@20|SWH:117334.6,"v10_1_pass,v11_quality_fail,r_abs_bps_low,r_abs_atr_low"
2025-07-15 22:55:00,CANCEL,SRR-1,short,bearish,upper_edge,H:117781.7@20,SWH:117849.0,117781.7,117865.50642857143,116050.0,83.80642857143539,7.115403205373618,0.5077199359557276,20.66309267103443,0.5081699346405226,0.4918300653594774,0.0,0.0,2.0,PASS,CANCEL,,,clear,BTCUSDT|short|H:117781.7@20|SWH:117849.0,"v10_1_pass,weak_close_strength,body_not_aligned,v11_quality_fail,r_abs_bps_low,r_abs_atr_low,close_strength_low"
2025-07-16 01:10:00,CANCEL,SRR-1,short,bearish,upper_edge,H:118193.6@20,SWH:118208.6,118193.6,118224.36571428573,116189.0,30.765714285720605,2.6029932488493968,0.1951431678144633,65.15694650815917,0.5221674876846639,0.618500273672648,0.38149972632735196,0.0,0.0,PASS,CANCEL,,,clear,BTCUSDT|short|H:118193.6@20|SWH:118208.6,"v10_1_pass,v11_quality_fail,r_abs_bps_low,r_abs_atr_low"
2025-07-16 09:25:00,CANCEL,SRR-1,short,bullish,upper_edge,H:119078.7@20,SWH:119091.9,119078.7,119105.54857142856,117269.2,26.848571428563446,2.254691345182929,0.1967134184634105,67.39650952433631,0.9017341040464,0.9990366088632825,0.0009633911367175344,0.0,0.0,PASS,CANCEL,,,clear,BTCUSDT|short|H:119078.7@20|SWH:119091.9,"v10_1_pass,v11_quality_fail,r_abs_bps_low,r_abs_atr_low"
2025-07-16 10:25:00,CANCEL,SRR-1,short,bullish,upper_edge,H:119263.0@20,SWH:119299.9,119263.0,119316.465,117726.1,53.46499999999651,4.4829494478586405,0.3227588288559999,28.74590853829785,0.3640000000000873,0.6359999999999126,0.0,0.0,1.0,PASS,CANCEL,,,clear,BTCUSDT|short|H:119263.0@20|SWH:119299.9,"v10_1_pass,body_not_aligned,v11_quality_fail,r_abs_bps_low,r_abs_atr_low"
2025-07-16 13:55:00,CANCEL,SRR-1,long,bullish,lower_edge,L:118217.3@20,SWL:118156.0,118217.3,118134.24642857142,119299.9,83.05357142857974,7.025500618655623,0.38179280906259316,13.034960223606417,0.05150375939854,0.7409774436090444,0.25902255639095556,0.0,1.0,PASS,CANCEL,,,clear,BTCUSDT|long|L:118217.3@20|SWL:118156.0,"v10_1_pass,weak_body_ratio,v11_quality_fail,r_abs_bps_low,r_abs_atr_low,body_ratio_low"
2025-07-16 18:55:00,CANCEL,SRR-1,short,bullish,upper_edge,H:119786.7@20,SWH:119888.0,119786.7,119913.8607142857,118156.0,127.16071428571013,10.615595411319465,0.4917138516779329,12.823929223424074,0.6181246726034526,0.6183865898376218,0.38161341016237815,0.0,0.0,PASS,CANCEL,,,clear,BTCUSDT|short|H:119786.7@20|SWH:119888.0,"v10_1_pass,v11_quality_fail,r_abs_bps_low,r_abs_atr_low"
2025-07-16 21:05:00,CANCEL,SRR-1,short,bullish,upper_edge,H:119914.9@20,SWH:120100.0,119914.9,120122.65714285715,118430.3,207.75714285715367,17.325381821371128,0.9169609079445664,7.145843361066766,0.0018674136320923655,1.0,0.0,0.0,1.0,PASS,CANCEL,,,clear,BTCUSDT|short|H:119914.9@20|SWH:120100.0,"v10_1_pass,weak_body_ratio,v11_quality_fail,r_abs_bps_low,body_ratio_low"
2025-07-16 23:25:00,CANCEL,SRR-1,long,bullish,lower_edge,L:118477.6@20,SWL:118359.4,118477.6,118340.28928571429,120100.0,137.31071428571886,11.589592824780283,0.7185012147262433,11.815538273466935,0.7809048806555018,0.792661204132534,0.20733879586746595,0.0,0.0,PASS,CANCEL,,,clear,BTCUSDT|long|L:118477.6@20|SWL:118359.4,"v10_1_pass,v11_quality_fail,r_abs_bps_low"
2025-07-17 09:35:00,CANCEL,SRR-1,short,bearish,upper_edge,H:119183.1@20,SWH:119216.4,119183.1,119236.08785714285,117810.4,52.987857142841676,4.445920364786759,0.2691397888472904,25.90593532211662,0.7000319795330867,0.9651423089222615,0.03485769107773851,0.0,0.0,PASS,CANCEL,,,clear,BTCUSDT|short|H:119183.1@20|SWH:119216.4,"v10_1_pass,v11_quality_fail,r_abs_bps_low,r_abs_atr_low"
2025-07-17 12:35:00,CANCEL,SRR-1,long,bearish,lower_edge,L:117416.1@20,SWL:117412.8,117416.1,117398.39857142858,119216.4,17.701428571424913,1.5075810362824955,0.12291439341332572,101.70365587928758,0.5829493087557904,0.7330069124424025,0.26699308755759754,0.0,0.0,PASS,CANCEL,,,clear,BTCUSDT|long|L:117416.1@20|SWL:117412.8,"v10_1_pass,v11_quality_fail,r_abs_bps_low,r_abs_atr_low"
2025-07-17 15:05:00,CANCEL,SRR-1,short,bearish,upper_edge,H:118867.9@20,SWH:118880.0,118867.9,118902.60857142857,117412.8,34.70857142857858,2.9199280401671586,0.1535195248325837,41.92336187025782,0.4699749791492732,1.0,0.0,0.0,0.0,PASS,CANCEL,,,clear,BTCUSDT|short|H:118867.9@20|SWH:118880.0,"v10_1_pass,v11_quality_fail,r_abs_bps_low,r_abs_atr_low"
2025-07-17 15:10:00,CANCEL,SRR-1,short,bearish,upper_edge,H:118867.9@20,SWH:118880.0,118867.9,118903.16428571429,117412.8,35.26428571429278,2.96667861670752,0.15223558433552098,41.262710147854555,0.3906250000000099,0.826099537037058,0.1739004629629421,0.0,0.0,PASS,CANCEL,,,clear,BTCUSDT|short|H:118867.9@20|SWH:118880.0,"v10_1_pass,v11_quality_fail,r_abs_bps_low,r_abs_atr_low"
2025-07-18 06:05:00,CANCEL,SRR-1,short,bullish,upper_edge,H:120799.0@20,SWH:120846.1,120799.0,120865.15428571429,119636.0,66.1542857142922,5.476393489539831,0.3471884840306264,17.5801157467375,0.24255765199160814,0.7830188679245284,0.2169811320754717,0.0,1.0,PASS,CANCEL,,,clear,BTCUSDT|short|H:120799.0@20|SWH:120846.1,"v10_1_pass,weak_body_ratio,v11_quality_fail,r_abs_bps_low,r_abs_atr_low,body_ratio_low"
2025-07-18 06:10:00,CANCEL,SRR-1,short,bullish,upper_edge,H:120799.0@20,SWH:120846.1,120799.0,120866.26214285714,119636.0,67.26214285714377,5.568104277116845,0.33360612179828486,17.290558263510338,0.5083172147001709,0.7996131528046309,0.2003868471953691,0.0,0.0,PASS,CANCEL,,,clear,BTCUSDT|short|H:120799.0@20|SWH:120846.1,"v10_1_pass,v11_quality_fail,r_abs_bps_low,r_abs_atr_low"
2025-07-18 08:20:00,CANCEL,SRR-1,long,bullish,lower_edge,L:119230.7@20,SWL:119184.0,119230.7,119163.64142857143,120846.1,67.05857142856985,5.624270546811338,0.3293874114097199,24.08938880722679,0.43943778420837315,0.7544439851178354,0.24555601488216455,0.0,0.0,PASS,CANCEL,,,clear,BTCUSDT|long|L:119230.7@20|SWL:119184.0,"v10_1_pass,v11_quality_fail,r_abs_bps_low,r_abs_atr_low"
2025-07-18 19:05:00,CANCEL,SRR-1,long,bearish,lower_edge,L:117204.5@20,SWL:117109.4,117204.5,117091.45785714286,119250.0,113.04214285714261,9.64486370891413,0.6300370237668734,18.095021452176535,0.34044786564031465,1.0,0.0,0.0,0.0,PASS,CANCEL,,,clear,BTCUSDT|long|L:117204.5@20|SWL:117109.4,"v10_1_pass,v11_quality_fail,r_abs_bps_low,r_abs_atr_low"
2025-07-18 19:10:00,CANCEL,SRR-1,long,bearish,lower_edge,L:117204.5@20,SWL:117109.4,117204.5,117090.90285714285,119250.0,113.59714285715017,9.692216839553957,0.6141334569045863,18.006614854497194,0.021438780371606122,0.9785612196283939,0.0,0.0,2.0,PASS,CANCEL,,,clear,BTCUSDT|long|L:117204.5@20|SWL:117109.4,"v10_1_pass,weak_body_ratio,body_not_aligned,v11_quality_fail,r_abs_bps_low,r_abs_atr_low,body_ratio_low"
2025-07-18 23:55:00,CANCEL,SRR-1,short,bearish,upper_edge,H:117957.7@20,SWH:118000.0,117957.7,118012.43214285714,116788.9,54.732142857144936,4.639980506329382,0.44024705544386206,21.354910277323874,0.4482539682540052,0.8546031746032116,0.14539682539678844,0.0,0.0,PASS,CANCEL,,,clear,BTCUSDT|short|H:117957.7@20|SWH:118000.0,"v10_1_pass,v11_quality_fail,r_abs_bps_low,r_abs_atr_low"
2025-07-19 00:35:00,CANCEL,SRR-1,short,bearish,upper_edge,H:118000.0@20,SWH:118013.7,118000.0,118022.42642857143,116788.9,22.426428571430733,1.9005447941890452,0.25699435213230315,54.00324871802544,0.16666666666669952,0.8319783197830861,0.00135501355021432,0.0,2.0,PASS,CANCEL,,,clear,BTCUSDT|short|H:118000.0@20|SWH:118013.7,"v10_1_pass,weak_body_ratio,body_not_aligned,v11_quality_fail,r_abs_bps_low,r_abs_atr_low,body_ratio_low"
2025-07-19 00:40:00,CANCEL,SRR-1,short,bearish,upper_edge,H:118000.0@20,SWH:118013.7,118000.0,118022.43785714285,116788.9,22.437857142853318,1.901513317190959,0.25678901332457243,53.97574252698874,0.8552036199094598,0.8552036199094598,0.1447963800905402,0.0,0.0,PASS,CANCEL,,,clear,BTCUSDT|short|H:118000.0@20|SWH:118013.7,"v10_1_pass,v11_quality_fail,r_abs_bps_low,r_abs_atr_low"
2025-07-19 02:40:00,CANCEL,SRR-1,short,bearish,upper_edge,H:118094.6@20,SWH:118205.5,118094.6,118215.44142857143,117379.6,120.84142857142433,10.232595611604962,1.215533841069036,5.916844979843923,0.03159252095427819,0.9129593810444907,0.08704061895550931,0.0,1.0,PASS,CANCEL,,,clear,BTCUSDT|short|H:118094.6@20|SWH:118205.5,"v10_1_pass,weak_body_ratio,v11_quality_fail,r_abs_bps_low,body_ratio_low"
2025-07-19 08:40:00,CANCEL,SRR-1,long,bearish,lower_edge,L:118013.2@20,SWL:117904.0,118013.2,117896.90071428572,118340.7,116.29928571428172,9.85476927278319,1.6381829157862977,2.8160104164748323,0.7813559322033652,0.9915254237288136,0.00847457627118644,0.0,0.0,PASS,CANCEL,,,clear,BTCUSDT|long|L:118013.2@20|SWL:117904.0,"v10_1_pass,v11_quality_fail,r_abs_bps_low"
2025-07-19 11:10:00,CANCEL,SRR-1,short,bearish,upper_edge,H:118449.9@20,SWH:118456.0,118449.9,118462.36357142858,117904.0,12.463571428583236,1.0522230435469542,0.19585812100142155,43.79964467873619,0.9849315068492354,1.0,0.0,0.0,0.0,PASS,CANCEL,,,clear,BTCUSDT|short|H:118449.9@20|SWH:118456.0,"v10_1_pass,v11_quality_fail,r_abs_bps_low,r_abs_atr_low"
2025-07-20 07:50:00,CANCEL,SRR-1,short,bearish,upper_edge,H:118200.0@20,SWH:118214.0,118200.0,118220.72428571428,117714.2,20.724285714284633,1.7533236644910857,0.308200552368803,23.44109740125593,0.8676844783715688,0.9864291772689453,0.013570822731054689,0.0,0.0,PASS,CANCEL,,,clear,BTCUSDT|short|H:118200.0@20|SWH:118214.0,"v10_1_pass,v11_quality_fail,r_abs_bps_low,r_abs_atr_low"
2025-07-20 07:55:00,CANCEL,SRR-1,short,bearish,upper_edge,H:118200.0@20,SWH:118214.0,118200.0,118221.09142857142,117714.2,21.09142857142433,1.7843848199174561,0.29742143432710355,23.0330533730744,0.989484752891845,0.990536277602584,0.009463722397416002,0.0,0.0,PASS,CANCEL,,,clear,BTCUSDT|short|H:118200.0@20|SWH:118214.0,"v10_1_pass,v11_quality_fail,r_abs_bps_low,r_abs_atr_low"
2025-07-20 09:05:00,CANCEL,SRR-1,short,bearish,upper_edge,H:118235.0@20,SWH:118261.6,118235.0,118269.67000000001,117736.3,34.670000000012806,2.9322958514833006,0.4296158612145374,14.384193827511188,0.47044728434507393,0.5295527156549261,0.0,0.0,2.0,PASS,CANCEL,,,clear,BTCUSDT|short|H:118235.0@20|SWH:118261.6,"v10_1_pass,weak_close_strength,body_not_aligned,v11_quality_fail,r_abs_bps_low,r_abs_atr_low,close_strength_low"
2025-07-20 09:10:00,CANCEL,SRR-1,short,bearish,upper_edge,H:118235.0@20,SWH:118261.6,118235.0,118270.64785714286,117736.3,35.64785714285972,3.015000392680655,0.39399226336152443,13.989620694490661,0.8199883109292703,0.8199883109292703,0.18001168907072976,0.0,0.0,PASS,CANCEL,,,clear,BTCUSDT|short|H:118235.0@20|SWH:118261.6,"v10_1_pass,v11_quality_fail,r_abs_bps_low,r_abs_atr_low"
2025-07-20 12:10:00,CANCEL,SRR-1,long,bearish,lower_edge,L:117797.2@20,SWL:117701.1,117797.2,117691.22142857143,118261.6,105.9785714285681,8.99669698673382,1.0728127259580285,4.382017928152812,0.858576206402337,0.8590539894887741,0.14094601051122593,0.0,0.0,PASS,CANCEL,,,clear,BTCUSDT|long|L:117797.2@20|SWL:117701.1,"v10_1_pass,v11_quality_fail,r_abs_bps_low"
2025-07-20 16:10:00,CANCEL,SRR-1,short,bullish,upper_edge,H:118794.0@20,SWH:118856.6,118794.0,118870.95142857144,117701.1,76.95142857143946,6.477720134976469,0.5361935098547412,14.202465377044659,0.9995565410199944,0.9995565410199944,0.0004434589800056268,0.0,0.0,PASS,CANCEL,,,clear,BTCUSDT|short|H:118794.0@20|SWH:118856.6,"v10_1_pass,v11_quality_fail,r_abs_bps_low,r_abs_atr_low"
2025-07-20 22:20:00,CANCEL,SRR-1,long,bullish,lower_edge,L:116800.0@20,SWL:116370.1,116800.0,116345.56357142857,118549.4,454.4364285714255,38.90722847358095,1.8520887310413168,3.8496033548618436,0.01929570670525826,0.8311625663289902,0.16883743367100978,0.0,1.0,PASS,CANCEL,,,clear,BTCUSDT|long|L:116800.0@20|SWL:116370.1,"v10_1_pass,weak_body_ratio,v11_quality_fail,body_ratio_low"
2025-07-21 03:25:00,CANCEL,SRR-1,short,bearish,upper_edge,H:118491.5@20,SWH:118528.0,118491.5,118547.97714285714,116370.1,56.47714285714028,4.766345506398373,0.28270881006863813,37.562098446908074,0.8049303322614813,0.8547695605573152,0.14523043944268477,0.0,0.0,PASS,CANCEL,,,clear,BTCUSDT|short|H:118491.5@20|SWH:118528.0,"v10_1_pass,v11_quality_fail,r_abs_bps_low,r_abs_atr_low"
2025-07-21 03:40:00,CANCEL,SRR-1,short,bearish,upper_edge,H:118528.0@20,SWH:118585.0,118528.0,118603.34928571428,116454.1,75.34928571428463,6.357087415149554,0.4106387948148987,27.523817649233887,0.7333631085306,0.8405538186690575,0.15944618133094246,0.0,0.0,PASS,CANCEL,,,clear,BTCUSDT|short|H:118528.0@20|SWH:118585.0,"v10_1_pass,v11_quality_fail,r_abs_bps_low,r_abs_atr_low"
2025-07-21 07:35:00,CANCEL,SRR-1,short,bullish,upper_edge,H:119627.2@20,SWH:119720.6,119627.2,119738.34928571428,117728.5,111.14928571428754,9.291305465169089,0.6262183588876971,17.082430964789648,0.5218037661050614,0.8067393458870197,0.19326065411298035,0.0,0.0,PASS,CANCEL,,,clear,BTCUSDT|short|H:119627.2@20|SWH:119720.6,"v10_1_pass,v11_quality_fail,r_abs_bps_low,r_abs_atr_low"
2025-07-21 07:40:00,CANCEL,SRR-1,short,bullish,upper_edge,H:119627.2@20,SWH:119720.6,119627.2,119737.82214285714,117728.5,110.62214285714435,9.247239997019436,0.6423250798390925,17.16383312563333,0.2281776416538566,0.7779479326186434,0.22205206738135658,0.0,1.0,PASS,CANCEL,,,clear,BTCUSDT|short|H:119627.2@20|SWH:119720.6,"v10_1_pass,weak_body_ratio,v11_quality_fail,r_abs_bps_low,r_abs_atr_low,body_ratio_low"
2025-07-21 14:50:00,CANCEL,SRR-1,short,bullish,upper_edge,H:119086.1@20,SWH:119200.0,119086.1,119225.37928571428,117726.7,139.27928571427765,11.695679488561439,0.5487911964199994,9.76024534465756,0.26167124362494554,1.0,0.0,0.0,1.0,PASS,CANCEL,,,clear,BTCUSDT|short|H:119086.1@20|SWH:119200.0,"v10_1_pass,weak_body_ratio,v11_quality_fail,r_abs_bps_low,r_abs_atr_low,body_ratio_low"
2025-07-21 14:55:00,CANCEL,SRR-1,short,bullish,upper_edge,H:119086.1@20,SWH:119200.0,119086.1,119225.77285714286,117726.7,139.6728571428539,11.728728805700573,0.5419378083254708,9.732742837856094,0.7177914110429667,0.8729184925503928,0.12708150744960722,0.0,0.0,PASS,CANCEL,,,clear,BTCUSDT|short|H:119086.1@20|SWH:119200.0,"v10_1_pass,v11_quality_fail,r_abs_bps_low,r_abs_atr_low"
2025-07-21 17:50:00,CANCEL,SRR-1,long,bullish,lower_edge,L:117333.0@20,SWL:117283.0,117333.0,117262.22,119200.0,70.77999999999884,6.032403501146211,0.34061597690086265,26.377507770557088,0.5634299138606579,0.9232576350822564,0.0767423649177436,0.0,0.0,PASS,CANCEL,,,clear,BTCUSDT|long|L:117333.0@20|SWL:117283.0,"v10_1_pass,v11_quality_fail,r_abs_bps_low,r_abs_atr_low"
2025-07-21 17:55:00,CANCEL,SRR-1,long,bullish,lower_edge,L:117333.0@20,SWL:117283.0,117333.0,117261.36285714286,119200.0,71.63714285714377,6.105455656732868,0.331084114617727,26.06189925417747,0.8359269282815058,0.8971583220568502,0.10284167794314979,0.0,0.0,PASS,CANCEL,,,clear,BTCUSDT|long|L:117333.0@20|SWL:117283.0,"v10_1_pass,v11_quality_fail,r_abs_bps_low,r_abs_atr_low"
2025-07-21 19:05:00,CANCEL,SRR-1,long,bearish,lower_edge,L:117033.0@20,SWL:116933.0,117033.0,116912.71071428571,119200.0,120.28928571428696,10.278236541341926,0.5928709734201817,18.014904545589314,0.2806918060674818,0.8006804649843962,0.1993195350156039,0.0,1.0,PASS,CANCEL,,,clear,BTCUSDT|long|L:117033.0@20|SWL:116933.0,"v10_1_pass,weak_body_ratio,v11_quality_fail,r_abs_bps_low,r_abs_atr_low,body_ratio_low"
2025-07-21 19:10:00,CANCEL,SRR-1,long,bearish,lower_edge,L:117033.0@20,SWL:116933.0,117033.0,116911.39357142858,119200.0,121.60642857142375,10.390781110577679,0.5628252173625362,17.81978161398963,0.1852233676976245,0.5508591065292197,0.4491408934707804,0.0,2.0,PASS,CANCEL,,,clear,BTCUSDT|long|L:117033.0@20|SWL:116933.0,"v10_1_pass,weak_body_ratio,weak_close_strength,v11_quality_fail,r_abs_bps_low,r_abs_atr_low,close_strength_low,body_ratio_low"
2025-07-21 20:05:00,CANCEL,SRR-1,long,bearish,lower_edge,L:116600.0@20,SWL:116566.9,116600.0,116541.12928571428,119111.8,58.87071428571653,5.048946336682379,0.22844036697248524,42.666375471673646,0.07012324691882617,0.6005099872503237,0.32936676583085017,0.0,2.0,PASS,CANCEL,,,clear,BTCUSDT|long|L:116600.0@20|SWL:116566.9,"v10_1_pass,weak_body_ratio,body_not_aligned,v11_quality_fail,r_abs_bps_low,r_abs_atr_low,body_ratio_low"
2025-07-21 20:10:00,CANCEL,SRR-1,long,bearish,lower_edge,L:116600.0@20,SWL:116566.9,116600.0,116541.38928571428,119111.8,58.61071428572177,5.026647880422107,0.2297494050119291,42.855645603553164,0.5710977304307164,0.8735525706345362,0.12644742936546385,0.0,0.0,PASS,CANCEL,,,clear,BTCUSDT|long|L:116600.0@20|SWL:116566.9,"v10_1_pass,v11_quality_fail,r_abs_bps_low,r_abs_atr_low"
2025-07-22 01:25:00,CANCEL,SRR-1,long,bearish,lower_edge,L:116800.1@20,SWL:115865.0,116800.1,115837.84285714285,117596.6,962.2571428571537,82.38495881914088,3.5432930036822983,0.8277413224858128,0.3725806451612669,0.5451612903225689,0.45483870967743106,0.0,2.0,PASS,CANCEL,,,clear,BTCUSDT|long|L:116800.1@20|SWL:115865.0,"v10_1_pass,weak_close_strength,opposite_wick_high,v11_hard_fail_tp1_r,tp1_r=0.83"
2025-07-22 01:55:00,CANCEL,SRR-1,short,bearish,upper_edge,H:117818.2@20,SWH:117947.1,117818.2,117979.24642857144,115865.0,161.04642857144063,13.669062044017021,0.5009776691479115,12.128179540060724,0.040582403965321256,0.5697026022305052,0.4302973977694948,0.0,2.0,PASS,CANCEL,,,clear,BTCUSDT|short|H:117818.2@20|SWH:117947.1,"v10_1_pass,weak_body_ratio,weak_close_strength,v11_quality_fail,r_abs_bps_low,r_abs_atr_low,close_strength_low,body_ratio_low"
2025-07-22 09:50:00,CANCEL,SRR-1,short,bullish,upper_edge,H:118554.9@20,SWH:118638.0,118554.9,118654.48142857142,116484.2,99.58142857142957,8.399604619583803,0.604203865823008,20.794037901501763,0.40297274979358794,0.990916597853026,0.009083402146974055,0.0,0.0,PASS,CANCEL,,,clear,BTCUSDT|short|H:118554.9@20|SWH:118638.0,"v10_1_pass,v11_quality_fail,r_abs_bps_low,r_abs_atr_low"
2025-07-22 09:55:00,CANCEL,SRR-1,short,bullish,upper_edge,H:118554.9@20,SWH:118638.0,118554.9,118654.33285714286,116484.2,99.43285714286321,8.387072752190186,0.6087903437418356,20.82510811315474,0.2308956450288126,0.8570254724733394,0.1429745275266606,0.0,1.0,PASS,CANCEL,,,clear,BTCUSDT|short|H:118554.9@20|SWH:118638.0,"v10_1_pass,weak_body_ratio,v11_quality_fail,r_abs_bps_low,r_abs_atr_low,body_ratio_low"
2025-07-22 10:50:00,CANCEL,SRR-1,short,bullish,upper_edge,H:118724.9@20,SWH:118773.9,118724.9,118787.62857142856,116886.1,62.7285714285681,5.283522784905956,0.4569198751300451,29.31359599180278,0.09039548022590896,0.6967984934086819,0.21280602636540905,0.0,2.0,PASS,CANCEL,,,clear,BTCUSDT|short|H:118724.9@20|SWH:118773.9,"v10_1_pass,weak_body_ratio,body_not_aligned,v11_quality_fail,r_abs_bps_low,r_abs_atr_low,body_ratio_low"
2025-07-22 11:05:00,CANCEL,SRR-1,short,bullish,upper_edge,H:118945.8@20,SWH:118966.5,118945.8,118978.985,117222.6,33.18499999999767,2.7899261680528165,0.2657989587504762,51.927075485915864,0.6280193236714755,0.8804347826085944,0.11956521739140559,0.0,0.0,PASS,CANCEL,,,clear,BTCUSDT|short|H:118945.8@20|SWH:118966.5,"v10_1_pass,v11_quality_fail,r_abs_bps_low,r_abs_atr_low"
2025-07-22 11:10:00,CANCEL,SRR-1,short,bullish,upper_edge,H:118945.8@20,SWH:119097.4,118945.8,119110.71428571428,117222.6,164.9142857142724,13.8646581648341,1.238626609441941,10.449064449065274,0.06937471474211636,1.0,0.0,0.0,1.0,PASS,CANCEL,,,clear,BTCUSDT|short|H:118945.8@20|SWH:119097.4,"v10_1_pass,weak_body_ratio,v11_quality_fail,r_abs_bps_low,body_ratio_low"
2025-07-22 12:10:00,CANCEL,SRR-1,short,bullish,upper_edge,H:119199.9@20,SWH:119331.1,119199.9,119344.11857142858,117441.5,144.2185714285879,12.098883592065755,1.1077910677055898,12.192604479310722,0.1699386503067306,0.9926380368098338,0.007361963190166194,0.0,1.0,PASS,CANCEL,,,clear,BTCUSDT|short|H:119199.9@20|SWH:119331.1,"v10_1_pass,weak_body_ratio,v11_quality_fail,r_abs_bps_low,body_ratio_low"
2025-07-22 12:50:00,CANCEL,SRR-1,short,bullish,upper_edge,H:119400.4@20,SWH:119422.6,119400.4,119434.99714285714,117441.5,34.597142857150175,2.8975734467514496,0.2790735192441212,56.62028243454067,0.40970772442587483,0.7437369519832759,0.25626304801672406,0.0,0.0,PASS,CANCEL,,,clear,BTCUSDT|short|H:119400.4@20|SWH:119422.6,"v10_1_pass,v11_quality_fail,r_abs_bps_low,r_abs_atr_low"
2025-07-23 02:20:00,CANCEL,SRR-1,long,bullish,lower_edge,L:119151.7@20,SWL:119142.0,119151.7,119125.86428571428,120264.8,25.83571428571304,2.1683042949209317,0.16011509517484737,43.08377108100866,0.6717277486911147,0.7225130890052356,0.2774869109947644,0.0,0.0,PASS,CANCEL,,,clear,BTCUSDT|long|L:119151.7@20|SWL:119142.0,"v10_1_pass,v11_quality_fail,r_abs_bps_low,r_abs_atr_low"
2025-07-23 02:50:00,CANCEL,SRR-1,long,bullish,lower_edge,L:119019.0@20,SWL:118981.2,119019.0,118965.22428571428,120264.8,53.77571428571537,4.518246186383297,0.33660913887150945,23.1665913981347,0.5452103849596757,0.8845120859445433,0.11548791405545672,0.0,0.0,PASS,CANCEL,,,clear,BTCUSDT|long|L:119019.0@20|SWL:118981.2,"v10_1_pass,v11_quality_fail,r_abs_bps_low,r_abs_atr_low"
2025-07-23 03:10:00,CANCEL,SRR-1,long,bullish,lower_edge,L:118981.2@20,SWL:118922.0,118981.2,118905.09785714286,120264.8,76.10214285714028,6.396148539192771,0.45025144740733175,16.866804951991863,0.1898890258938727,0.9062885326756439,0.09371146732435605,0.0,2.0,PASS,CANCEL,,,clear,BTCUSDT|long|L:118981.2@20|SWL:118922.0,"v10_1_pass,weak_body_ratio,weak_retest,v11_quality_fail,r_abs_bps_low,r_abs_atr_low,body_ratio_low"
2025-07-23 06:50:00,CANCEL,SRR-1,long,bullish,lower_edge,L:118400.1@20,SWL:118348.6,118400.1,118338.10571428572,119721.6,61.99428571428871,5.23599943870729,0.590743261639011,21.316480781637832,0.12889983579637596,0.6149425287356431,0.38505747126435685,0.0,1.0,PASS,CANCEL,,,clear,BTCUSDT|long|L:118400.1@20|SWL:118348.6,"v10_1_pass,weak_body_ratio,v11_quality_fail,r_abs_bps_low,r_abs_atr_low,body_ratio_low"
2025-07-23 07:55:00,CANCEL,SRR-1,long,bearish,lower_edge,L:118320.0@20,SWL:118236.1,118320.0,118224.75857142858,119168.3,95.24142857141851,8.049478412053626,0.8397657135658732,8.906838260661848,0.5028618152084917,0.5036794766966832,0.49632052330331683,0.0,2.0,PASS,CANCEL,,,clear,BTCUSDT|long|L:118320.0@20|SWL:118236.1,"v10_1_pass,weak_close_strength,opposite_wick_high,v11_quality_fail,r_abs_bps_low,close_strength_low"
2025-07-23 08:10:00,CANCEL,SRR-1,long,bearish,lower_edge,L:118236.1@20,SWL:118200.0,118236.1,118187.44142857143,119112.2,48.65857142857567,4.1153735135526,0.3874530770106198,18.005049763657567,0.6950158227847906,0.8623417721518888,0.1376582278481112,0.0,0.0,PASS,CANCEL,,,clear,BTCUSDT|long|L:118236.1@20|SWL:118200.0,"v10_1_pass,v11_quality_fail,r_abs_bps_low,r_abs_atr_low"
2025-07-23 09:35:00,CANCEL,SRR-1,long,bearish,lower_edge,L:117943.2@20,SWL:117867.5,117943.2,117855.6392857143,118997.7,87.56071428570431,7.4239730892246705,0.7382414935259752,12.043072154016954,0.5310344827585743,0.958620689655157,0.041379310344843025,0.0,0.0,PASS,CANCEL,,,clear,BTCUSDT|long|L:117943.2@20|SWL:117867.5,"v10_1_pass,v11_quality_fail,r_abs_bps_low"
2025-07-23 09:40:00,CANCEL,SRR-1,long,bearish,lower_edge,L:117943.2@20,SWL:117867.5,117943.2,117855.46357142857,118997.7,87.7364285714284,7.438871301730699,0.7289240994599814,12.0189528702038,0.4001547987615513,0.6238390092879146,0.3761609907120855,0.0,0.0,PASS,CANCEL,,,clear,BTCUSDT|long|L:117943.2@20|SWL:117867.5,"v10_1_pass,v11_quality_fail,r_abs_bps_low"
2025-07-23 17:25:00,CANCEL,SRR-1,long,bearish,lower_edge,L:117259.7@20,SWL:117250.0,117259.7,117224.92785714286,118687.1,34.77214285713853,2.9653958569856935,0.1386883564570635,41.050101682386575,0.8838958180484167,0.9825752017608216,0.017424798239178377,0.0,0.0,PASS,CANCEL,,,clear,BTCUSDT|long|L:117259.7@20|SWL:117250.0,"v10_1_pass,v11_quality_fail,r_abs_bps_low,r_abs_atr_low"
2025-07-24 00:05:00,CANCEL,SRR-1,short,bearish,upper_edge,H:118725.3@20,SWH:118750.5,118725.3,118762.03928571429,117319.0,36.73928571428405,3.094478237939517,0.3183844011141946,38.27782638281507,0.7708462013588193,1.0,0.0,0.0,0.0,PASS,CANCEL,,,clear,BTCUSDT|short|H:118725.3@20|SWH:118750.5,"v10_1_pass,v11_quality_fail,r_abs_bps_low,r_abs_atr_low"
2025-07-24 03:35:00,CANCEL,SRR-1,short,bullish,upper_edge,H:119240.0@20,SWH:119265.4,119240.0,119275.89142857143,118373.2,35.89142857142724,3.010015814443747,0.34210239651414787,24.150612959720767,0.5660066006600676,0.6823432343234247,0.3176567656765753,0.0,0.0,PASS,CANCEL,,,clear,BTCUSDT|short|H:119240.0@20|SWH:119265.4,"v10_1_pass,v11_quality_fail,r_abs_bps_low,r_abs_atr_low"
2025-07-24 03:40:00,CANCEL,SRR-1,short,bullish,upper_edge,H:119240.0@20,SWH:119265.4,119240.0,119276.62857142856,118373.2,36.62857142856228,3.0718359131635595,0.32620865139940963,23.664586583469326,0.9796033994333948,0.9994334277620067,0.0005665722379933188,0.0,0.0,PASS,CANCEL,,,clear,BTCUSDT|short|H:119240.0@20|SWH:119265.4,"v10_1_pass,v11_quality_fail,r_abs_bps_low,r_abs_atr_low"
2025-07-24 04:05:00,CANCEL,SRR-1,long,bullish,lower_edge,L:118373.2@20,SWL:118129.9,118373.2,118114.97071428571,119265.4,258.2292857142893,21.814843707383876,1.7296827902971221,3.4550690001410116,0.08241015941637266,0.7868143744933992,0.13077546609022808,0.0,2.0,PASS,CANCEL,,,clear,BTCUSDT|long|L:118373.2@20|SWL:118129.9,"v10_1_pass,weak_body_ratio,body_not_aligned,v11_quality_fail,r_abs_bps_low,body_ratio_low"
2025-07-24 06:25:00,CANCEL,SRR-1,long,bearish,lower_edge,L:117448.9@20,SWL:117437.1,117448.9,117418.07571428572,119265.4,30.824285714275902,2.6244848367482287,0.16202598182768865,58.93080595079968,0.6866820631254895,0.7902232486528005,0.20977675134719956,0.0,0.0,PASS,CANCEL,,,clear,BTCUSDT|long|L:117448.9@20|SWL:117437.1,"v10_1_pass,v11_quality_fail,r_abs_bps_low,r_abs_atr_low"
2025-07-24 09:10:00,CANCEL,SRR-1,short,bearish,upper_edge,H:118780.0@20,SWH:118789.3,118780.0,118803.88214285714,117050.2,23.882142857139115,2.010619873475258,0.16377663482730603,72.43068640647176,0.7659574468085835,0.7659574468085835,0.23404255319141656,0.0,0.0,PASS,CANCEL,,,clear,BTCUSDT|short|H:118780.0@20|SWH:118789.3,"v10_1_pass,v11_quality_fail,r_abs_bps_low,r_abs_atr_low"
2025-07-24 22:20:00,CANCEL,SRR-1,long,bullish,lower_edge,L:118391.7@20,SWL:118372.2,118391.7,118362.825,119376.9,28.875,2.4389378647320714,0.3079999999999966,34.11948051948042,0.8388969521045238,0.980406386066785,0.01959361393321504,0.0,0.0,PASS,CANCEL,,,clear,BTCUSDT|long|L:118391.7@20|SWL:118372.2,"v10_1_pass,v11_quality_fail,r_abs_bps_low,r_abs_atr_low"
2025-07-24 23:40:00,CANCEL,SRR-1,long,bullish,lower_edge,L:118124.8@20,SWL:118112.0,118124.8,118099.21857142857,119314.7,25.58142857142957,2.1656272494369997,0.20014530010060572,46.51421231920274,0.6071428571428783,0.80244122965643,0.19755877034356992,0.0,0.0,PASS,CANCEL,,,clear,BTCUSDT|long|L:118124.8@20|SWL:118112.0,"v10_1_pass,v11_quality_fail,r_abs_bps_low,r_abs_atr_low"
2025-07-25 02:50:00,CANCEL,SRR-1,long,bearish,lower_edge,L:116550.0@20,SWL:116378.9,116550.0,116361.02142857142,118590.6,188.97857142858265,16.214377642950033,1.0570115860967406,10.798049665494343,0.32206598161165584,0.8931855056787461,0.1068144943212539,0.0,0.0,PASS,CANCEL,,,clear,BTCUSDT|long|L:116550.0@20|SWL:116378.9,"v10_1_pass,v11_quality_fail,r_abs_bps_low"
2025-07-25 02:55:00,CANCEL,SRR-1,long,bearish,lower_edge,L:116550.0@20,SWL:116378.9,116550.0,116360.16571428571,118590.6,189.83428571428522,16.287798002083672,1.0132987646789597,10.749375395081483,0.2921399363925543,0.7074057246705724,0.00045433893687332175,0.0,2.0,PASS,CANCEL,,,clear,BTCUSDT|long|L:116550.0@20|SWL:116378.9,"v10_1_pass,weak_body_ratio,body_not_aligned,v11_quality_fail,r_abs_bps_low,body_ratio_low"
2025-07-25 03:25:00,CANCEL,SRR-1,long,bearish,lower_edge,L:115796.0@20,SWL:115780.9,115796.0,115752.61571428571,118538.4,43.384285714288126,3.74661350256383,0.1533865346734762,63.211827850765225,0.32681782642688334,0.327078446703156,0.672921553296844,0.0,2.0,PASS,CANCEL,,,clear,BTCUSDT|long|L:115796.0@20|SWL:115780.9,"v10_1_pass,weak_close_strength,opposite_wick_high,v11_quality_fail,r_abs_bps_low,r_abs_atr_low,close_strength_low"
2025-07-25 03:50:00,CANCEL,SRR-1,long,bearish,lower_edge,L:115304.4@20,SWL:115300.0,115304.4,115265.785,118412.6,38.61499999999069,3.348961531389148,0.11285985678793113,80.49203677329434,0.7745205479452374,0.9591780821917968,0.04082191780820323,0.0,0.0,PASS,CANCEL,,,active,BTCUSDT|long|L:115304.4@20|SWL:115300.0,"v10_1_pass,v11_quality_fail,r_abs_bps_low,r_abs_atr_low"
2025-07-25 10:40:00,CANCEL,SRR-1,short,bearish,upper_edge,H:116320.5@20,SWH:116379.8,116320.5,116399.71357142857,114667.3,79.21357142856868,6.809940760963776,0.3977868646651452,20.87016113761239,0.4393382352939989,0.9990808823528877,0.0009191176471122986,0.0,0.0,PASS,CANCEL,,,clear,BTCUSDT|short|H:116320.5@20|SWH:116379.8,"v10_1_pass,v11_quality_fail,r_abs_bps_low,r_abs_atr_low"
2025-07-25 10:50:00,CANCEL,SRR-1,short,bearish,upper_edge,H:116388.0@20,SWH:116485.0,116388.0,116504.81071428572,114667.3,116.81071428571886,10.036319404553636,0.5896340364161008,14.730669275689618,0.19658536585360176,0.7092682926828985,0.2907317073171016,0.0,1.0,PASS,CANCEL,,,clear,BTCUSDT|short|H:116388.0@20|SWH:116485.0,"v10_1_pass,weak_body_ratio,v11_quality_fail,r_abs_bps_low,r_abs_atr_low,body_ratio_low"
2025-07-25 11:40:00,CANCEL,SRR-1,short,bearish,upper_edge,H:116754.0@20,SWH:116759.6,116754.0,116775.25857142858,114667.3,21.25857142858149,1.8208002662505345,0.1357631602956561,98.15805389418094,0.32702702702692216,1.0,0.0,0.0,0.0,PASS,CANCEL,,,clear,BTCUSDT|short|H:116754.0@20|SWH:116759.6,"v10_1_pass,v11_quality_fail,r_abs_bps_low,r_abs_atr_low"
2025-07-25 14:50:00,CANCEL,SRR-1,long,bearish,lower_edge,L:115067.3@20,SWL:115029.5,115067.3,114996.05714285714,116759.6,71.24285714286088,6.191407736416939,0.2130286202477679,23.753960296770398,0.6542372881356302,0.8254237288135716,0.17457627118642835,0.0,0.0,PASS,CANCEL,,,clear,BTCUSDT|long|L:115067.3@20|SWL:115029.5,"v10_1_pass,v11_quality_fail,r_abs_bps_low,r_abs_atr_low"
2025-07-25 19:20:00,CANCEL,SRR-1,short,bearish,upper_edge,H:116628.1@20,SWH:116700.0,116628.1,116712.25285714286,114846.1,84.15285714284983,7.215487274751952,0.6868019120903996,21.175751608469426,0.009053497942434739,0.6008230452674898,0.3991769547325103,0.0,2.0,PASS,CANCEL,,,clear,BTCUSDT|short|H:116628.1@20|SWH:116700.0,"v10_1_pass,weak_body_ratio,weak_retest,v11_quality_fail,r_abs_bps_low,r_abs_atr_low,body_ratio_low"
2025-07-25 19:25:00,CANCEL,SRR-1,short,bearish,upper_edge,H:116628.1@20,SWH:116700.0,116628.1,116711.42857142857,114846.1,83.32857142855937,7.144810849920334,0.7291249999998746,21.385222012689532,0.38909426987053974,0.4935304990757451,0.5064695009242549,0.0,2.0,PASS,CANCEL,,,clear,BTCUSDT|short|H:116628.1@20|SWH:116700.0,"v10_1_pass,weak_close_strength,opposite_wick_high,v11_quality_fail,r_abs_bps_low,close_strength_low"
2025-07-25 20:55:00,CANCEL,SRR-1,short,bearish,upper_edge,H:117230.7@20,SWH:117300.0,117230.7,117317.23928571428,115300.1,86.53928571428696,7.381964426919481,0.5019888129272913,22.30894308943047,0.8313901345291871,0.8318385650224215,0.1681614349775785,0.0,0.0,PASS,CANCEL,,,clear,BTCUSDT|short|H:117230.7@20|SWH:117300.0,"v10_1_pass,v11_quality_fail,r_abs_bps_low,r_abs_atr_low"
2025-07-25 21:20:00,CANCEL,SRR-1,short,bearish,upper_edge,H:117300.0@20,SWH:117332.0,117300.0,117347.29571428572,115413.1,47.29571428571944,4.0320302033861415,0.30920892873824324,39.89579243059933,0.16914498141266354,0.5916976456010127,0.4083023543989873,0.0,2.0,PASS,CANCEL,,,clear,BTCUSDT|short|H:117300.0@20|SWH:117332.0,"v10_1_pass,weak_body_ratio,weak_close_strength,v11_quality_fail,r_abs_bps_low,r_abs_atr_low,close_strength_low,body_ratio_low"
2025-07-25 23:55:00,CANCEL,SRR-1,short,bullish,upper_edge,H:117585.0@20,SWH:117590.0,117585.0,117599.29142857144,116372.2,14.291428571435972,1.2154125586967701,0.15381303813045719,84.86205517788508,0.9448717948717575,1.0,0.0,0.0,0.0,PASS,CANCEL,,,clear,BTCUSDT|short|H:117585.0@20|SWH:117590.0,"v10_1_pass,v11_quality_fail,r_abs_bps_low,r_abs_atr_low"
2025-07-26 02:40:00,CANCEL,SRR-1,short,bullish,upper_edge,H:117615.3@20,SWH:117740.6,117615.3,117751.83,116914.0,136.52999999999884,11.608183629170595,1.215761353517356,5.13660001464886,0.8563474387527454,0.8567186340014679,0.1432813659985322,0.0,0.0,PASS,CANCEL,,,clear,BTCUSDT|short|H:117615.3@20|SWH:117740.6,"v10_1_pass,v11_quality_fail,r_abs_bps_low"
2025-07-26 10:20:00,CANCEL,SRR-1,short,bullish,upper_edge,H:117611.4@20,SWH:117623.0,117611.4,117626.555,117288.0,15.154999999998836,1.288565564222417,0.42630098452878995,21.33949191686038,0.0700934579439443,1.0,0.0,0.0,1.0,PASS,CANCEL,,,clear,BTCUSDT|short|H:117611.4@20|SWH:117623.0,"v10_1_pass,weak_body_ratio,v11_quality_fail,r_abs_bps_low,r_abs_atr_low,body_ratio_low"
2025-07-27 06:50:00,CANCEL,SRR-1,short,bullish,upper_edge,H:118356.0@20,SWH:118432.1,118356.0,118437.735,117980.3,81.73500000000058,6.905860285917114,1.4504880212954154,4.59656206031681,0.36955258570600624,1.0,0.0,0.0,0.0,PASS,CANCEL,,,clear,BTCUSDT|short|H:118356.0@20|SWH:118432.1,"v10_1_pass,v11_quality_fail,r_abs_bps_low"
2025-07-27 08:10:00,CANCEL,SRR-1,long,bullish,lower_edge,L:118041.6@20,SWL:117984.9,118041.6,117979.465,118432.1,62.13500000000931,5.263822245717553,1.1432382704693393,6.28470266355422,0.04766839378229294,1.0,0.0,0.0,1.0,PASS,CANCEL,,,clear,BTCUSDT|long|L:118041.6@20|SWL:117984.9,"v10_1_pass,weak_body_ratio,v11_quality_fail,r_abs_bps_low,body_ratio_low"
2025-07-27 08:55:00,CANCEL,SRR-1,long,bullish,lower_edge,L:117928.5@20,SWL:117927.4,117928.5,117922.075,118432.1,6.42500000000291,0.5448216504070611,0.12065727699535275,78.38132295716385,0.11111111111094779,0.6515151515154968,0.2373737373735555,0.0,2.0,PASS,CANCEL,,,clear,BTCUSDT|long|L:117928.5@20|SWL:117927.4,"v10_1_pass,weak_body_ratio,body_not_aligned,v11_quality_fail,r_abs_bps_low,r_abs_atr_low,body_ratio_low"
2025-07-27 09:05:00,CANCEL,SRR-1,long,bullish,lower_edge,L:117923.0@20,SWL:117841.0,117923.0,117835.6,118432.1,87.39999999999418,7.411616054543573,1.6185185185183484,5.824942791762468,0.18163672654688243,1.0,0.0,0.0,1.0,PASS,CANCEL,,,clear,BTCUSDT|long|L:117923.0@20|SWL:117841.0,"v10_1_pass,weak_body_ratio,v11_quality_fail,r_abs_bps_low,body_ratio_low"
2025-07-27 09:10:00,CANCEL,SRR-1,long,bullish,lower_edge,L:117923.0@20,SWL:117841.0,117923.0,117835.63214285714,118432.1,87.36785714286088,7.408890304932955,1.6276114437791152,5.827085803049321,0.9973333333335662,1.0,0.0,0.0,0.0,PASS,CANCEL,,,clear,BTCUSDT|long|L:117923.0@20|SWL:117841.0,"v10_1_pass,v11_quality_fail,r_abs_bps_low"
2025-07-27 09:40:00,CANCEL,SRR-1,long,bullish,lower_edge,L:117841.0@20,SWL:117822.2,117841.0,117817.18642857143,118432.1,23.813571428574505,2.020822245956374,0.47498219119538243,24.821980263352266,0.9274376417234196,0.9274376417234196,0.07256235827658039,0.0,0.0,PASS,CANCEL,,,clear,BTCUSDT|long|L:117841.0@20|SWL:117822.2,"v10_1_pass,v11_quality_fail,r_abs_bps_low,r_abs_atr_low"
2025-07-27 14:35:00,CANCEL,SRR-1,short,bullish,upper_edge,H:118430.0@20,SWH:118452.0,118430.0,118458.69428571429,117822.2,28.694285714285797,2.4228899530765684,0.42863849765257805,21.181917753659306,0.3548387096774951,0.6451612903225049,0.0,0.0,1.0,PASS,CANCEL,,,clear,BTCUSDT|short|H:118430.0@20|SWH:118452.0,"v10_1_pass,body_not_aligned,v11_quality_fail,r_abs_bps_low,r_abs_atr_low"
2025-07-27 14:40:00,CANCEL,SRR-1,short,bullish,upper_edge,H:118430.0@20,SWH:118452.0,118430.0,118459.75857142857,117822.2,29.75857142856694,2.5127561790565682,0.38355735591965817,20.424367529166446,0.74260679079957,0.74260679079957,0.2573932092004299,0.0,0.0,PASS,CANCEL,,,clear,BTCUSDT|short|H:118430.0@20|SWH:118452.0,"v10_1_pass,v11_quality_fail,r_abs_bps_low,r_abs_atr_low"
2025-07-27 15:10:00,CANCEL,SRR-1,short,bullish,upper_edge,H:118488.0@20,SWH:118566.7,118488.0,118578.345,117850.0,90.34500000000116,7.624822766862565,0.7758265349935611,7.061818584315588,0.6795981988223037,0.961205403533089,0.03879459646691099,0.0,0.0,PASS,CANCEL,,,clear,BTCUSDT|short|H:118488.0@20|SWH:118566.7,"v10_1_pass,v11_quality_fail,r_abs_bps_low"
2025-07-27 21:20:00,CANCEL,SRR-1,long,bullish,lower_edge,L:118709.9@20,SWL:118709.2,118709.9,118699.30928571428,119550.0,10.590714285717695,0.892150889329171,0.10707734527337684,79.32420584067104,0.7658495350803347,1.0,0.0,0.0,0.0,PASS,CANCEL,,,clear,BTCUSDT|long|L:118709.9@20|SWL:118709.2,"v10_1_pass,v11_quality_fail,r_abs_bps_low,r_abs_atr_low"
2025-07-27 21:25:00,CANCEL,SRR-1,long,bullish,lower_edge,L:118709.9@20,SWL:118709.2,118709.9,118699.49214285714,119550.0,10.407857142854482,0.8767471915025186,0.10721065410930804,80.71786425093053,0.7771587743736282,0.9972144846799085,0.002785515320091506,0.0,0.0,PASS,CANCEL,,,clear,BTCUSDT|long|L:118709.9@20|SWL:118709.2,"v10_1_pass,v11_quality_fail,r_abs_bps_low,r_abs_atr_low"
2025-07-28 07:25:00,CANCEL,SRR-1,long,bullish,lower_edge,L:118845.0@20,SWL:118791.1,118845.0,118780.695,119812.0,64.30499999999302,5.410829231351173,0.6180201826044388,15.037710908951171,0.7839679358717668,0.7843687374749382,0.21563126252506176,0.0,0.0,PASS,CANCEL,,,clear,BTCUSDT|long|L:118845.0@20|SWL:118791.1,"v10_1_pass,v11_quality_fail,r_abs_bps_low,r_abs_atr_low"
2025-07-28 11:40:00,CANCEL,SRR-1,long,bullish,lower_edge,L:118523.1@20,SWL:118471.3,118523.1,118460.015,119480.1,63.0850000000064,5.322591123587419,0.5590163934426715,15.170008718394275,0.8180751173708858,0.9882629107981217,0.011737089201878334,0.0,0.0,PASS,CANCEL,,,clear,BTCUSDT|long|L:118523.1@20|SWL:118471.3,"v10_1_pass,v11_quality_fail,r_abs_bps_low,r_abs_atr_low"
2025-07-28 14:40:00,CANCEL,SRR-1,long,bearish,lower_edge,L:117994.0@20,SWL:117900.0,117994.0,117868.135,119085.0,125.86500000000524,10.667067817008089,0.3949945080809812,8.668017320144239,0.6491998744901494,0.8490743646062388,0.15092563539376125,0.0,0.0,PASS,CANCEL,,,clear,BTCUSDT|long|L:117994.0@20|SWL:117900.0,"v10_1_pass,v11_quality_fail,r_abs_bps_low,r_abs_atr_low"
2025-07-28 17:25:00,CANCEL,SRR-1,long,bearish,lower_edge,L:117819.0@20,SWL:117612.0,117819.0,117596.95071428572,119085.0,222.04928571428172,18.846644914171886,1.4754805638615651,5.7014369396756575,0.6772559852670038,0.9815837937384896,0.018416206261510377,0.0,1.0,PASS,CANCEL,,,clear,BTCUSDT|long|L:117819.0@20|SWL:117612.0,"v10_1_pass,weak_retest,v11_quality_fail,r_abs_bps_low"
2025-07-28 18:25:00,CANCEL,SRR-1,long,bearish,lower_edge,L:117471.0@20,SWL:117459.4,117471.0,117441.965,119065.2,29.035000000003492,2.471673859931685,0.16653283624894402,54.906147752705536,0.9417398244213668,1.0,0.0,0.0,0.0,PASS,CANCEL,,,clear,BTCUSDT|long|L:117471.0@20|SWL:117459.4,"v10_1_pass,v11_quality_fail,r_abs_bps_low,r_abs_atr_low"
2025-07-28 18:40:00,CANCEL,SRR-1,long,bearish,lower_edge,L:117459.4@20,SWL:117388.0,117459.4,117371.6,119065.2,87.79999999998836,7.474923250075205,0.535365853658469,18.289293849660773,0.8833833833833705,0.8833833833833705,0.11661661661662949,0.0,0.0,PASS,CANCEL,,,clear,BTCUSDT|long|L:117459.4@20|SWL:117388.0,"v10_1_pass,v11_quality_fail,r_abs_bps_low,r_abs_atr_low"
2025-07-29 00:20:00,CANCEL,SRR-1,short,bearish,upper_edge,H:118329.8@20,SWH:118433.4,118329.8,118449.38714285714,117466.1,119.58714285714086,10.106257498714681,0.7480207309445024,7.222348317425524,0.039849219170674716,0.9768443726440335,0.023155627355966494,0.0,1.0,PASS,CANCEL,,,clear,BTCUSDT|short|H:118329.8@20|SWH:118433.4,"v10_1_pass,weak_body_ratio,v11_quality_fail,r_abs_bps_low,body_ratio_low"
2025-07-29 07:55:00,CANCEL,SRR-1,short,bullish,upper_edge,H:119032.4@20,SWH:119258.7,119032.4,119271.29285714285,117809.6,238.89285714285506,20.069565693278058,1.8970504821326806,5.118612647630433,0.6947304663839675,0.9473046638401164,0.0526953361598836,0.0,0.0,PASS,CANCEL,,,clear,BTCUSDT|short|H:119032.4@20|SWH:119258.7,"v10_1_pass,v11_quality_fail,r_abs_bps_low"
2025-07-29 10:55:00,CANCEL,SRR-1,long,bullish,lower_edge,L:118455.1@20,SWL:118300.0,118455.1,118287.20428571428,119258.7,167.89571428572526,14.173785196730682,1.312124595288691,4.786304423663984,0.32258064516129614,0.8138957816377138,0.18610421836228624,0.0,0.0,PASS,CANCEL,,,clear,BTCUSDT|long|L:118455.1@20|SWL:118300.0,"v10_1_pass,v11_quality_fail,r_abs_bps_low"
2025-07-30 01:50:00,CANCEL,SRR-1,short,bearish,upper_edge,H:117958.3@20,SWH:117983.0,117958.3,117996.76571428572,117085.8,38.465714285717695,3.2609586850368046,0.2794312992943361,22.682537324517043,0.43072702331962726,0.5692729766803727,0.0,0.0,2.0,PASS,CANCEL,,,clear,BTCUSDT|short|H:117958.3@20|SWH:117983.0,"v10_1_pass,weak_close_strength,body_not_aligned,v11_quality_fail,r_abs_bps_low,r_abs_atr_low,close_strength_low"
2025-07-30 02:20:00,CANCEL,SRR-1,short,bearish,upper_edge,H:118079.8@20,SWH:118087.3,118079.8,118102.93142857144,117141.3,23.13142857143248,1.9589657647991001,0.14798025955038083,40.572504940704604,0.7993174061433844,0.9993174061434044,0.0006825938565956918,0.0,0.0,PASS,CANCEL,,,clear,BTCUSDT|short|H:118079.8@20|SWH:118087.3,"v10_1_pass,v11_quality_fail,r_abs_bps_low,r_abs_atr_low"
2025-07-30 06:55:00,CANCEL,SRR-1,short,bearish,upper_edge,H:118261.4@20,SWH:118296.9,118261.4,118305.54642857143,117616.1,44.1464285714319,3.7329533196319256,0.510574142916195,14.617263975405155,0.4958402662230822,0.9983361064893297,0.0016638935106702726,0.0,0.0,PASS,CANCEL,,,clear,BTCUSDT|short|H:118261.4@20|SWH:118296.9,"v10_1_pass,v11_quality_fail,r_abs_bps_low,r_abs_atr_low"
2025-07-30 07:10:00,CANCEL,SRR-1,short,bearish,upper_edge,H:118296.9@20,SWH:118384.6,118296.9,118392.64285714287,117616.1,95.74285714287544,8.093437540871776,1.190408525755112,7.110713219932868,0.13426329555368063,1.0,0.0,0.0,1.0,PASS,CANCEL,,,clear,BTCUSDT|short|H:118296.9@20|SWH:118384.6,"v10_1_pass,weak_body_ratio,v11_quality_fail,r_abs_bps_low,body_ratio_low"
2025-07-30 15:05:00,CANCEL,SRR-1,short,bullish,upper_edge,H:118692.3@20,SWH:118763.5,118692.3,118785.595,117291.6,93.29499999999825,7.8602403020245,0.4222448517764137,15.013666327241795,0.5999228395061795,0.9282407407407737,0.07175925925922638,0.0,0.0,PASS,CANCEL,,,clear,BTCUSDT|short|H:118692.3@20|SWH:118763.5,"v10_1_pass,v11_quality_fail,r_abs_bps_low,r_abs_atr_low"
2025-07-30 15:10:00,CANCEL,SRR-1,short,bullish,upper_edge,H:118692.3@20,SWH:118763.5,118692.3,118786.02428571429,117291.6,93.72428571428463,7.896408251780834,0.41610325363099937,14.944899172344556,0.67934782608697,0.7982336956521897,0.20176630434781032,0.0,0.0,PASS,CANCEL,,,clear,BTCUSDT|short|H:118692.3@20|SWH:118763.5,"v10_1_pass,v11_quality_fail,r_abs_bps_low,r_abs_atr_low"
2025-07-31 00:55:00,CANCEL,SRR-1,short,bearish,upper_edge,H:118312.5@20,SWH:118512.6,118312.5,118526.08785714286,116582.4,213.58785714286205,18.052856388197533,1.583556638246063,8.10017958484783,0.7583575581395323,0.7994186046511712,0.20058139534882877,0.0,0.0,PASS,CANCEL,,,clear,BTCUSDT|short|H:118312.5@20|SWH:118512.6,"v10_1_pass,v11_quality_fail,r_abs_bps_low"
2025-07-31 03:55:00,CANCEL,SRR-1,short,bullish,upper_edge,H:118512.6@20,SWH:118590.0,118512.6,118597.34357142857,117330.2,84.74357142856752,7.150595922169248,1.1539830755762788,13.952680776460824,0.39247311827956616,0.6075268817204339,0.0,0.0,1.0,PASS,CANCEL,,,clear,BTCUSDT|short|H:118512.6@20|SWH:118590.0,"v10_1_pass,body_not_aligned,v11_quality_fail,r_abs_bps_low"
2025-07-31 07:05:00,CANCEL,SRR-1,short,bullish,upper_edge,H:118706.1@20,SWH:118711.3,118706.1,118717.85,117931.2,11.75,0.989839612286142,0.1793893129770964,65.94893617021351,0.40755873340133425,0.998978549540288,0.001021450459712072,0.0,0.0,PASS,CANCEL,,,clear,BTCUSDT|short|H:118706.1@20|SWH:118711.3,"v10_1_pass,v11_quality_fail,r_abs_bps_low,r_abs_atr_low"
2025-07-31 07:10:00,CANCEL,SRR-1,short,bullish,upper_edge,H:118706.1@20,SWH:118711.3,118706.1,118717.94642857143,117931.2,11.846428571428987,0.9979629160952121,0.17823750671682237,65.41211938498488,0.32490272373538875,0.326848249027331,0.673151750972669,0.0,2.0,PASS,CANCEL,,,clear,BTCUSDT|short|H:118706.1@20|SWH:118711.3,"v10_1_pass,weak_close_strength,opposite_wick_high,v11_quality_fail,r_abs_bps_low,r_abs_atr_low,close_strength_low"
2025-07-31 13:20:00,CANCEL,SRR-1,long,bullish,lower_edge,L:118230.7@20,SWL:118100.0,118230.7,118086.76857142858,118728.0,143.93142857142084,12.173777924973873,1.0877996113150041,3.4551175162777983,0.3585090730750042,1.0,0.0,0.0,0.0,PASS,CANCEL,,,clear,BTCUSDT|long|L:118230.7@20|SWL:118100.0,"v10_1_pass,v11_quality_fail,r_abs_bps_low"
2025-07-31 18:20:00,CANCEL,SRR-1,long,bullish,lower_edge,L:117355.2@20,SWL:117350.0,117355.2,117328.71071428571,118850.0,26.48928571428405,2.257188919986848,0.12442543197449311,56.43036268033263,0.26486949080014954,0.8557980316645378,0.14420196833546217,0.0,1.0,PASS,CANCEL,,,clear,BTCUSDT|long|L:117355.2@20|SWL:117350.0,"v10_1_pass,weak_body_ratio,v11_quality_fail,r_abs_bps_low,r_abs_atr_low,body_ratio_low"
2025-07-31 18:25:00,CANCEL,SRR-1,long,bullish,lower_edge,L:117355.2@20,SWL:117350.0,117355.2,117327.69285714286,118850.0,27.507142857139115,2.3439219444165333,0.12331091898813563,54.34224876656164,0.5745614035087719,0.6973684210526315,0.3026315789473684,0.0,0.0,PASS,CANCEL,,,clear,BTCUSDT|long|L:117355.2@20|SWL:117350.0,"v10_1_pass,v11_quality_fail,r_abs_bps_low,r_abs_atr_low"
2025-07-31 20:20:00,CANCEL,SRR-1,long,bearish,lower_edge,L:116500.0@20,SWL:116415.0,116500.0,116393.26142857142,118850.0,106.73857142857742,9.162109135500208,0.49101005454429053,22.01640858171377,0.5317647058823187,0.999705882352924,0.00029411764707594344,0.0,0.0,PASS,CANCEL,,,clear,BTCUSDT|long|L:116500.0@20|SWL:116415.0,"v10_1_pass,v11_quality_fail,r_abs_bps_low,r_abs_atr_low"
2025-07-31 20:40:00,CANCEL,SRR-1,long,bearish,lower_edge,L:116415.0@20,SWL:116383.3,116415.0,116360.81642857143,118850.0,54.18357142856985,4.654346212135021,0.24099183530831356,44.93982097894854,0.5956232159847988,0.881065651760235,0.11893434823976506,0.0,0.0,PASS,CANCEL,,,clear,BTCUSDT|long|L:116415.0@20|SWL:116383.3,"v10_1_pass,v11_quality_fail,r_abs_bps_low,r_abs_atr_low"
2025-07-31 21:55:00,CANCEL,SRR-1,long,bearish,lower_edge,L:116380.0@20,SWL:116185.9,116380.0,116170.62142857142,118616.2,209.37857142857683,17.990941006064343,1.3704067321178195,10.680176031112186,0.46676406135867105,0.5332359386413289,0.0,0.0,2.0,PASS,CANCEL,,,clear,BTCUSDT|long|L:116380.0@20|SWL:116185.9,"v10_1_pass,weak_close_strength,body_not_aligned,v11_quality_fail,r_abs_bps_low,close_strength_low"
2025-07-31 23:05:00,CANCEL,SRR-1,long,bearish,lower_edge,L:115934.8@20,SWL:115868.6,115934.8,115848.47214285715,117984.9,86.32785714285274,7.446241951756741,0.42889740586959824,23.747838390191333,0.44641589779988683,0.6816891412349155,0.3183108587650844,0.0,0.0,PASS,CANCEL,,,clear,BTCUSDT|long|L:115934.8@20|SWL:115868.6,"v10_1_pass,v11_quality_fail,r_abs_bps_low,r_abs_atr_low"
2025-08-01 08:40:00,CANCEL,SRR-1,long,bearish,lower_edge,L:114300.0@20,SWL:114055.6,114300.0,114032.09571428572,115975.2,267.90428571427765,23.438695163103905,1.1398103689296473,6.252979475612469,0.08027038445289494,0.7942543303760131,0.20574566962398685,0.0,1.0,PASS,CANCEL,,,clear,BTCUSDT|long|L:114300.0@20|SWL:114055.6,"v10_1_pass,weak_body_ratio,v11_quality_fail,body_ratio_low"
2025-08-01 12:50:00,CANCEL,SRR-1,short,bearish,upper_edge,H:115839.4@20,SWH:115886.0,115839.4,115907.75285714286,114055.6,68.35285714286147,5.900657042669548,0.3142247323832855,26.096933977050032,0.2814814814815174,0.5588477366255263,0.4411522633744736,0.0,2.0,PASS,CANCEL,,,clear,BTCUSDT|short|H:115839.4@20|SWH:115886.0,"v10_1_pass,weak_body_ratio,weak_close_strength,v11_quality_fail,r_abs_bps_low,r_abs_atr_low,close_strength_low,body_ratio_low"
2025-08-01 14:05:00,CANCEL,SRR-1,long,bearish,lower_edge,L:114121.0@20,SWL:113871.1,114121.0,113841.64785714286,115956.0,279.3521428571403,24.47859227111051,0.948495137389942,6.5687700879331095,0.10360556038227127,0.8381841876628998,0.05821025195482895,0.0,2.0,PASS,CANCEL,,,clear,BTCUSDT|long|L:114121.0@20|SWL:113871.1,"v10_1_pass,weak_body_ratio,body_not_aligned,v11_quality_fail,body_ratio_low"
2025-08-01 19:10:00,CANCEL,SRR-1,long,bearish,lower_edge,L:113632.4@20,SWL:113625.0,113632.4,113594.34785714286,115782.5,38.05214285713737,3.3487053742715434,0.12414186843145966,56.504045201142084,0.6268088347296351,0.8625285605483434,0.1374714394516566,0.0,0.0,PASS,CANCEL,,,clear,BTCUSDT|long|L:113632.4@20|SWL:113625.0,"v10_1_pass,v11_quality_fail,r_abs_bps_low,r_abs_atr_low"
2025-08-02 04:10:00,CANCEL,SRR-1,short,bearish,upper_edge,H:113873.7@20,SWH:113888.3,113873.7,113894.90714285715,112850.7,21.207142857150757,1.8623389647610253,0.3209729729730925,48.23846412931851,0.998171846434994,1.0,0.0,0.0,0.0,PASS,CANCEL,,,clear,BTCUSDT|short|H:113873.7@20|SWH:113888.3,"v10_1_pass,v11_quality_fail,r_abs_bps_low,r_abs_atr_low"
2025-08-02 13:35:00,CANCEL,SRR-1,long,bearish,lower_edge,L:113230.0@20,SWL:113168.0,113230.0,113158.89428571428,113863.5,71.10571428571711,6.279759276315208,0.7808911201757163,8.90926989994741,0.6436691493531688,0.8871030968247657,0.11289690317523424,0.0,0.0,PASS,CANCEL,,,clear,BTCUSDT|long|L:113230.0@20|SWL:113168.0,"v10_1_pass,v11_quality_fail,r_abs_bps_low"
2025-08-02 14:55:00,CANCEL,SRR-1,long,bearish,lower_edge,L:112911.0@20,SWL:112877.0,112911.0,112865.06571428571,113863.5,45.934285714291036,4.068185182514639,0.38489346420880616,20.73614480313251,0.29488330341111413,0.6925493716337563,0.30745062836624376,0.0,1.0,PASS,CANCEL,,,clear,BTCUSDT|long|L:112911.0@20|SWL:112877.0,"v10_1_pass,weak_body_ratio,v11_quality_fail,r_abs_bps_low,r_abs_atr_low,body_ratio_low"
2025-08-02 16:05:00,CANCEL,SRR-1,long,bearish,lower_edge,L:112769.2@20,SWL:112723.4,112769.2,112711.53714285714,113863.5,57.66285714285914,5.1133516193126445,0.4860789980732209,18.977554256267354,0.25026852846395464,0.6541353383458394,0.34586466165416063,0.0,1.0,PASS,CANCEL,,,clear,BTCUSDT|long|L:112769.2@20|SWL:112723.4,"v10_1_pass,weak_body_ratio,v11_quality_fail,r_abs_bps_low,r_abs_atr_low,body_ratio_low"
2025-08-02 18:40:00,CANCEL,SRR-1,long,bearish,lower_edge,L:112300.0@20,SWL:112250.0,112300.0,112226.80642857144,113491.5,73.19357142856461,6.517682228723474,0.31557697637889137,16.27875203716325,0.4841083974573433,0.6814988290398162,0.3185011709601838,0.0,0.0,PASS,CANCEL,,,clear,BTCUSDT|long|L:112300.0@20|SWL:112250.0,"v10_1_pass,v11_quality_fail,r_abs_bps_low,r_abs_atr_low"
2025-08-03 01:10:00,CANCEL,SRR-1,short,bearish,upper_edge,H:113022.5@20,SWH:113132.5,113022.5,113156.50714285714,111850.0,134.00714285713912,11.856678347863399,0.5581969651889187,8.749533606950834,0.28934871099045967,0.7008141112618853,0.009837177747655029,0.0,2.0,PASS,CANCEL,,,clear,BTCUSDT|short|H:113022.5@20|SWH:113132.5,"v10_1_pass,weak_body_ratio,body_not_aligned,v11_quality_fail,r_abs_bps_low,r_abs_atr_low,body_ratio_low"
2025-08-03 01:35:00,CANCEL,SRR-1,short,bearish,upper_edge,H:113166.0@20,SWH:113225.8,113166.0,113247.58642857143,111850.0,81.58642857143423,7.20944705754681,0.3744828038425222,16.130133688199827,0.17670682730918766,0.6659973226237897,0.33400267737621026,0.0,1.0,PASS,CANCEL,,,clear,BTCUSDT|short|H:113166.0@20|SWH:113225.8,"v10_1_pass,weak_body_ratio,v11_quality_fail,r_abs_bps_low,r_abs_atr_low,body_ratio_low"
2025-08-03 03:10:00,CANCEL,SRR-1,short,bearish,upper_edge,H:113471.2@20,SWH:113478.0,113471.2,113487.01857142858,111850.0,15.818571428579162,1.3940604689629759,0.175399968319426,102.48713085879555,0.18878248974014444,0.5595075239397956,0.4404924760602043,0.0,2.0,PASS,CANCEL,,,clear,BTCUSDT|short|H:113471.2@20|SWH:113478.0,"v10_1_pass,weak_body_ratio,weak_close_strength,v11_quality_fail,r_abs_bps_low,r_abs_atr_low,close_strength_low,body_ratio_low"
2025-08-03 08:25:00,CANCEL,SRR-1,short,bullish,upper_edge,H:113731.7@20,SWH:113749.7,113731.7,113754.32357142857,113285.7,22.623571428572177,1.9892054219335662,0.4893094392090581,19.713951946452163,1.0,1.0,0.0,0.0,0.0,PASS,CANCEL,,,clear,BTCUSDT|short|H:113731.7@20|SWH:113749.7,"v10_1_pass,v11_quality_fail,r_abs_bps_low,r_abs_atr_low"
2025-08-03 19:05:00,CANCEL,SRR-1,short,bullish,upper_edge,H:114420.5@20,SWH:114437.0,114420.5,114447.28142857143,113529.6,26.78142857142666,2.340614537729398,0.2604835348061543,33.265589160934574,0.13201530612242796,0.8239795918367009,0.17602040816329917,0.0,1.0,PASS,CANCEL,,,clear,BTCUSDT|short|H:114420.5@20|SWH:114437.0,"v10_1_pass,weak_body_ratio,v11_quality_fail,r_abs_bps_low,r_abs_atr_low,body_ratio_low"
2025-08-04 01:05:00,CANCEL,SRR-1,short,bullish,upper_edge,H:114890.0@20,SWH:114963.4,114890.0,114978.07071428571,114011.3,88.07071428571362,7.665655347350825,0.6003164711037468,9.977209871937365,0.40888382687926905,0.8139711465451743,0.18602885345482567,0.0,0.0,PASS,CANCEL,,,clear,BTCUSDT|short|H:114890.0@20|SWH:114963.4,"v10_1_pass,v11_quality_fail,r_abs_bps_low,r_abs_atr_low"
2025-08-04 01:10:00,CANCEL,SRR-1,short,bullish,upper_edge,H:114890.0@20,SWH:114963.4,114890.0,114979.11642857142,114011.3,89.11642857141851,7.756674085770607,0.5670272235603588,9.860134815611477,0.6522153406384589,0.9423535016675006,0.0576464983324993,0.0,0.0,PASS,CANCEL,,,clear,BTCUSDT|short|H:114890.0@20|SWH:114963.4,"v10_1_pass,v11_quality_fail,r_abs_bps_low,r_abs_atr_low"
2025-08-04 05:40:00,CANCEL,SRR-1,long,bullish,lower_edge,L:114173.0@20,SWL:114130.5,114173.0,114122.15857142858,114963.4,50.84142857142433,4.453016787806603,0.6095050522349043,15.54637668942769,0.4097807757167237,0.8853288364249144,0.11467116357508561,0.0,0.0,PASS,CANCEL,,,clear,BTCUSDT|long|L:114173.0@20|SWL:114130.5,"v10_1_pass,v11_quality_fail,r_abs_bps_low,r_abs_atr_low"
2025-08-04 13:35:00,CANCEL,SRR-1,long,bullish,lower_edge,L:114115.4@20,SWL:114070.0,114115.4,114059.71285714286,114700.0,55.68714285713213,4.879897266901061,0.5413275933897038,10.497934891359455,0.12557832121612447,0.6622604097818583,0.3377395902181417,0.0,1.0,PASS,CANCEL,,,clear,BTCUSDT|long|L:114115.4@20|SWL:114070.0,"v10_1_pass,weak_body_ratio,v11_quality_fail,r_abs_bps_low,r_abs_atr_low,body_ratio_low"
2025-08-04 13:40:00,CANCEL,SRR-1,long,bullish,lower_edge,L:114115.4@20,SWL:114070.0,114115.4,114057.38142857143,114700.0,58.0185714285617,5.084201731629711,0.459787161779615,10.0760840125101,0.6465372633597183,0.6647495806374357,0.3352504193625643,0.0,0.0,PASS,CANCEL,,,clear,BTCUSDT|long|L:114115.4@20|SWL:114070.0,"v10_1_pass,v11_quality_fail,r_abs_bps_low,r_abs_atr_low"
2025-08-04 13:50:00,CANCEL,SRR-1,short,bullish,upper_edge,H:114788.7@20,SWH:114879.2,114788.7,114895.96571428572,114070.0,107.2657142857206,9.344623145459492,0.6397920927062456,6.700183789254566,0.5543259557344216,0.9993293091884738,0.0006706908115261287,0.0,0.0,PASS,CANCEL,,,clear,BTCUSDT|short|H:114788.7@20|SWH:114879.2,"v10_1_pass,v11_quality_fail,r_abs_bps_low,r_abs_atr_low"
2025-08-04 17:20:00,CANCEL,SRR-1,short,bullish,upper_edge,H:115665.3@20,SWH:115686.0,115665.3,115705.45857142858,114070.0,40.15857142857567,3.471963625095484,0.2063798546362444,39.72501867595902,0.6980902072328274,0.7882974400649956,0.21170255993500442,0.0,0.0,PASS,CANCEL,,,clear,BTCUSDT|short|H:115665.3@20|SWH:115686.0,"v10_1_pass,v11_quality_fail,r_abs_bps_low,r_abs_atr_low"
2025-08-04 17:25:00,CANCEL,SRR-1,short,bullish,upper_edge,H:115665.3@20,SWH:115686.0,115665.3,115704.8,114070.0,39.5,3.4150259412287003,0.21010638297872222,40.38734177215197,0.38009049773755654,0.38099547511317483,0.6190045248868251,0.0,2.0,PASS,CANCEL,,,clear,BTCUSDT|short|H:115665.3@20|SWH:115686.0,"v10_1_pass,weak_close_strength,opposite_wick_high,v11_quality_fail,r_abs_bps_low,r_abs_atr_low,close_strength_low"
2025-08-04 23:05:00,CANCEL,SRR-1,short,bullish,upper_edge,H:115284.2@20,SWH:115299.0,115284.2,115308.88428571429,114580.4,24.684285714291036,2.141168149173177,0.24973262032090893,28.512066670518884,0.2525252525252154,1.0,0.0,0.0,2.0,PASS,CANCEL,,,clear,BTCUSDT|short|H:115284.2@20|SWH:115299.0,"v10_1_pass,weak_body_ratio,weak_retest,v11_quality_fail,r_abs_bps_low,r_abs_atr_low,body_ratio_low"
2025-08-04 23:10:00,CANCEL,SRR-1,short,bullish,upper_edge,H:115284.2@20,SWH:115299.0,115284.2,115308.33857142857,114580.4,24.138571428571595,2.0938317157573714,0.2584824843200245,29.156655027519598,0.716183574879237,0.716183574879237,0.283816425120763,0.0,0.0,PASS,CANCEL,,,clear,BTCUSDT|short|H:115284.2@20|SWH:115299.0,"v10_1_pass,v11_quality_fail,r_abs_bps_low,r_abs_atr_low"
2025-08-05 04:10:00,CANCEL,SRR-1,long,bullish,lower_edge,L:114213.6@20,SWL:114175.7,114213.6,114166.16142857143,115299.0,47.438571428574505,4.153495855885333,0.49733413209528676,22.880115638267434,0.7592165898617425,0.7839861751152146,0.21601382488478538,0.0,0.0,PASS,CANCEL,,,clear,BTCUSDT|long|L:114213.6@20|SWL:114175.7,"v10_1_pass,v11_quality_fail,r_abs_bps_low,r_abs_atr_low"
2025-08-05 04:25:00,CANCEL,SRR-1,long,bullish,lower_edge,L:114175.7@20,SWL:114164.0,114175.7,114154.80928571429,115289.8,20.890714285706053,1.8296988138199333,0.22730240149210026,53.32991417925335,0.4395017793596605,0.535587188612231,0.464412811387769,0.0,2.0,PASS,CANCEL,,,clear,BTCUSDT|long|L:114175.7@20|SWL:114164.0,"v10_1_pass,weak_close_strength,opposite_wick_high,v11_quality_fail,r_abs_bps_low,r_abs_atr_low,close_strength_low"
2025-08-05 04:40:00,CANCEL,SRR-1,long,bullish,lower_edge,L:114164.0@20,SWL:114114.0,114164.0,114105.535,115255.9,58.46499999999651,5.12114151571393,0.6906674542232276,18.67613101855913,0.8277945619336151,1.0,0.0,0.0,0.0,PASS,CANCEL,,,clear,BTCUSDT|long|L:114164.0@20|SWL:114114.0,"v10_1_pass,v11_quality_fail,r_abs_bps_low,r_abs_atr_low"
2025-08-05 08:40:00,CANCEL,SRR-1,short,bearish,upper_edge,H:114468.1@20,SWH:114492.0,114468.1,114510.47071428571,113650.0,42.37071428570198,3.7015303202990157,0.22939402142380566,19.308147473833692,0.9335426478283794,1.0,0.0,0.0,0.0,PASS,CANCEL,,,clear,BTCUSDT|short|H:114468.1@20|SWH:114492.0,"v10_1_pass,v11_quality_fail,r_abs_bps_low,r_abs_atr_low"
2025-08-05 10:40:00,CANCEL,SRR-1,short,bearish,upper_edge,H:115054.5@20,SWH:115057.0,115054.5,115071.415,113650.0,16.914999999993597,1.4701728311359918,0.11734304543873514,83.03281111442693,0.8061538461538461,0.8067692307691771,0.19323076923082297,0.0,0.0,PASS,CANCEL,,,clear,BTCUSDT|short|H:115054.5@20|SWH:115057.0,"v10_1_pass,v11_quality_fail,r_abs_bps_low,r_abs_atr_low"
2025-08-05 20:35:00,CANCEL,SRR-1,short,bearish,upper_edge,H:113947.8@20,SWH:113948.0,113947.8,113959.45785714286,112650.0,11.657857142854482,1.0230875140068068,0.10174552708681824,111.3240610256981,0.9743016759776211,1.0,0.0,0.0,0.0,PASS,CANCEL,,,clear,BTCUSDT|short|H:113947.8@20|SWH:113948.0,"v10_1_pass,v11_quality_fail,r_abs_bps_low,r_abs_atr_low"
2025-08-05 20:40:00,CANCEL,SRR-1,short,bearish,upper_edge,H:113947.8@20,SWH:113948.0,113947.8,113960.68071428571,112650.0,12.880714285711292,1.1304048244644733,0.10157719821999621,100.75528198305476,0.9996267263904225,1.0,0.0,0.0,0.0,PASS,CANCEL,,,clear,BTCUSDT|short|H:113947.8@20|SWH:113948.0,"v10_1_pass,v11_quality_fail,r_abs_bps_low,r_abs_atr_low"
2025-08-06 04:20:00,CANCEL,SRR-1,long,bearish,lower_edge,L:113345.0@20,SWL:113321.8,113345.0,113312.74857142857,114178.4,32.25142857142782,2.8454213746903543,0.35631313131312387,25.840715804394467,0.44368932038832126,0.7271844660193609,0.272815533980639,0.0,0.0,PASS,CANCEL,,,clear,BTCUSDT|long|L:113345.0@20|SWL:113321.8,"v10_1_pass,v11_quality_fail,r_abs_bps_low,r_abs_atr_low"
2025-08-06 04:25:00,CANCEL,SRR-1,long,bearish,lower_edge,L:113345.0@20,SWL:113321.8,113345.0,113312.58214285715,114178.4,32.41785714284924,2.8601047371167003,0.35168539325834125,25.708053321588107,0.5069885641678552,0.7573062261754514,0.2426937738245486,0.0,0.0,PASS,CANCEL,,,clear,BTCUSDT|long|L:113345.0@20|SWL:113321.8,"v10_1_pass,v11_quality_fail,r_abs_bps_low,r_abs_atr_low"
2025-08-06 05:25:00,CANCEL,SRR-1,short,bearish,upper_edge,H:114008.0@20,SWH:114107.6,114008.0,114119.82,113304.5,111.82000000000698,9.808083643253719,0.9150572831424607,6.29136111607902,0.577800476676877,0.7248893428668584,0.2751106571331417,0.0,0.0,PASS,CANCEL,,,clear,BTCUSDT|short|H:114008.0@20|SWH:114107.6,"v10_1_pass,v11_quality_fail,r_abs_bps_low"
2025-08-06 11:35:00,CANCEL,SRR-1,short,bullish,upper_edge,H:114337.1@20,SWH:114372.7,114337.1,114382.52571428572,113663.3,45.425714285709546,3.972963656215659,0.4623146263448077,14.833008365307606,0.36809815950920244,0.6300613496932337,0.0018404907975638673,0.0,1.0,PASS,CANCEL,,,clear,BTCUSDT|short|H:114337.1@20|SWH:114372.7,"v10_1_pass,body_not_aligned,v11_quality_fail,r_abs_bps_low,r_abs_atr_low"
2025-08-06 14:05:00,CANCEL,SRR-1,short,bullish,upper_edge,H:114372.7@20,SWH:114448.6,114372.7,114469.77285714286,113520.0,97.07285714286263,8.48741501624624,0.4584778355037036,8.784123853953057,0.3039910481163679,0.5542707944796814,0.14173815740395068,0.0,2.0,PASS,CANCEL,,,clear,BTCUSDT|short|H:114372.7@20|SWH:114448.6,"v10_1_pass,weak_close_strength,body_not_aligned,v11_quality_fail,r_abs_bps_low,r_abs_atr_low,close_strength_low"
2025-08-06 15:05:00,CANCEL,SRR-1,short,bullish,upper_edge,H:115179.2@20,SWH:115266.0,115179.2,115293.92714285714,113520.0,114.72714285714028,9.96075184209825,0.41080873701978987,14.4621399843109,0.6349710982659296,0.9916184971098434,0.008381502890156588,0.0,0.0,PASS,CANCEL,,,clear,BTCUSDT|short|H:115179.2@20|SWH:115266.0,"v10_1_pass,v11_quality_fail,r_abs_bps_low,r_abs_atr_low"
2025-08-06 18:20:00,CANCEL,SRR-1,short,bullish,upper_edge,H:115661.3@20,SWH:115674.2,115661.3,115685.28214285713,113520.0,23.982142857130384,2.073480313391807,0.21640348050262673,89.28726731203464,0.7043147208121567,1.0,0.0,0.0,0.0,PASS,CANCEL,,,clear,BTCUSDT|short|H:115661.3@20|SWH:115674.2,"v10_1_pass,v11_quality_fail,r_abs_bps_low,r_abs_atr_low"
2025-08-06 18:25:00,CANCEL,SRR-1,short,bullish,upper_edge,H:115661.3@20,SWH:115674.2,115661.3,115685.87,113520.0,24.569999999992433,2.1243060556981836,0.21053984575829143,87.15099715102411,1.0,1.0,0.0,0.0,0.0,PASS,CANCEL,,,clear,BTCUSDT|short|H:115661.3@20|SWH:115674.2,"v10_1_pass,v11_quality_fail,r_abs_bps_low,r_abs_atr_low"
2025-08-07 02:50:00,CANCEL,SRR-1,long,bullish,lower_edge,L:114520.0@20,SWL:114500.0,114520.0,114489.41571428571,115166.6,30.584285714285215,2.6706501671572838,0.28895937373464176,21.141575972722286,0.13066666666670548,0.6480000000000776,0.3519999999999224,0.0,1.0,PASS,CANCEL,,,clear,BTCUSDT|long|L:114520.0@20|SWL:114500.0,"v10_1_pass,weak_body_ratio,v11_quality_fail,r_abs_bps_low,r_abs_atr_low,body_ratio_low"
2025-08-07 10:50:00,CANCEL,SRR-1,short,bullish,upper_edge,H:116352.0@20,SWH:116374.3,116352.0,116394.15928571428,114421.1,42.159285714282305,3.6234259586670023,0.2122900406430787,45.80011182081918,0.5954861111110674,0.75405092592593,0.24594907407406993,0.0,0.0,PASS,CANCEL,,,clear,BTCUSDT|short|H:116352.0@20|SWH:116374.3,"v10_1_pass,v11_quality_fail,r_abs_bps_low,r_abs_atr_low"
2025-08-07 11:35:00,CANCEL,SRR-1,short,bullish,upper_edge,H:116759.6@20,SWH:116782.6,116759.6,116801.55071428572,114450.2,41.95071428571828,3.592913497966615,0.22136745693718843,55.05031414414372,0.8200782268578991,0.8950456323337784,0.10495436766622158,0.0,0.0,PASS,CANCEL,,,clear,BTCUSDT|short|H:116759.6@20|SWH:116782.6,"v10_1_pass,v11_quality_fail,r_abs_bps_low,r_abs_atr_low"
2025-08-07 11:40:00,CANCEL,SRR-1,short,bullish,upper_edge,H:116759.6@20,SWH:116782.6,116759.6,116800.04142857144,114450.2,40.44142857143015,3.4636491193383803,0.23186993201737163,57.10480765833986,0.4512055109070067,0.547646383467209,0.0011481056257843178,0.0,2.0,PASS,CANCEL,,,clear,BTCUSDT|short|H:116759.6@20|SWH:116782.6,"v10_1_pass,weak_close_strength,body_not_aligned,v11_quality_fail,r_abs_bps_low,r_abs_atr_low,close_strength_low"
2025-08-07 16:50:00,CANCEL,SRR-1,long,bullish,lower_edge,L:115950.1@20,SWL:115555.2,115950.1,115536.29785714285,116758.0,413.8021428571519,35.68795049397559,2.1891811208102214,1.95238234974266,0.03384494293584649,0.9427390791027324,0.023415977961421187,0.0,2.0,PASS,CANCEL,,,clear,BTCUSDT|long|L:115950.1@20|SWL:115555.2,"v10_1_pass,weak_body_ratio,body_not_aligned,v11_sub2r_fail"
2025-08-07 16:55:00,CANCEL,SRR-1,long,bullish,lower_edge,L:115950.1@20,SWL:115555.2,115950.1,115535.4857142857,116758.0,414.6142857142986,35.75799293957475,2.1031159420290395,1.948558040174959,0.3562519987208499,0.618164374800143,0.38183562519985703,0.0,0.0,PASS,CANCEL,,,clear,BTCUSDT|long|L:115950.1@20|SWL:115555.2,"v10_1_pass,v11_sub2r_fail"
2025-08-08 01:55:00,CANCEL,SRR-1,long,bullish,lower_edge,L:116757.4@20,SWL:116735.5,116757.4,116718.13142857143,117591.8,39.2685714285617,3.363261894197858,0.22608981740412043,21.24854481956311,0.37434827945767374,0.7528675703857197,0.24713242961428034,0.0,0.0,PASS,CANCEL,,,clear,BTCUSDT|long|L:116757.4@20|SWL:116735.5,"v10_1_pass,v11_quality_fail,r_abs_bps_low,r_abs_atr_low"
2025-08-08 02:10:00,CANCEL,SRR-1,long,bullish,lower_edge,L:116735.5@20,SWL:116733.3,116735.5,116717.84857142858,117591.8,17.651428571422002,1.512087460234633,0.114238165680431,48.511654257059334,0.3917869034406918,0.49389567147618546,0.11431742508312272,0.0,2.0,PASS,CANCEL,,,clear,BTCUSDT|long|L:116735.5@20|SWL:116733.3,"v10_1_pass,weak_close_strength,body_not_aligned,v11_quality_fail,r_abs_bps_low,r_abs_atr_low,close_strength_low"
2025-08-08 02:25:00,CANCEL,SRR-1,long,bullish,lower_edge,L:116733.3@20,SWL:116726.0,116733.3,116714.18857142857,117591.8,19.111428571428405,1.6371873811010573,0.16180454765360228,44.92076543579049,0.8499999999998288,0.9117647058823529,0.08823529411764706,0.0,0.0,PASS,CANCEL,,,clear,BTCUSDT|long|L:116733.3@20|SWL:116726.0,"v10_1_pass,v11_quality_fail,r_abs_bps_low,r_abs_atr_low"
2025-08-08 02:35:00,CANCEL,SRR-1,long,bullish,lower_edge,L:116716.8@20,SWL:116714.6,116716.8,116706.3792857143,117591.8,10.42071428570489,0.8928204239411026,0.12676166478396997,83.96737267812081,0.20596205962078645,0.9078590785909291,0.09214092140907089,0.0,1.0,PASS,CANCEL,,,clear,BTCUSDT|long|L:116716.8@20|SWL:116714.6,"v10_1_pass,weak_body_ratio,v11_quality_fail,r_abs_bps_low,r_abs_atr_low,body_ratio_low"
2025-08-08 04:05:00,CANCEL,SRR-1,long,bullish,lower_edge,L:116639.9@20,SWL:116622.3,116639.9,116613.97714285714,117591.8,25.9228571428539,2.2224690815796224,0.31146584277373063,36.720489364052106,0.38340486409163294,0.6165951359083671,0.0,0.0,1.0,PASS,CANCEL,,,clear,BTCUSDT|long|L:116639.9@20|SWL:116622.3,"v10_1_pass,body_not_aligned,v11_quality_fail,r_abs_bps_low,r_abs_atr_low"
2025-08-08 10:55:00,CANCEL,SRR-1,long,bullish,lower_edge,L:116342.0@20,SWL:116256.0,116342.0,116249.81357142857,116917.1,92.1864285714255,7.923744526604794,1.4901397067312394,6.238445386290476,0.5302245250431772,0.9620034542314219,0.037996545768578104,0.0,0.0,PASS,CANCEL,,,clear,BTCUSDT|long|L:116342.0@20|SWL:116256.0,"v10_1_pass,v11_quality_fail,r_abs_bps_low"
2025-08-08 14:10:00,CANCEL,SRR-1,short,bullish,upper_edge,H:116910.6@20,SWH:117229.9,116910.6,117248.69714285714,116256.0,338.0971428571356,28.919289000068055,1.798662410700672,1.9361299372961867,0.3344975392919727,0.5627877440863681,0.4372122559136319,0.0,1.0,PASS,CANCEL,,,clear,BTCUSDT|short|H:116910.6@20|SWH:117229.9,"v10_1_pass,weak_close_strength,v11_sub2r_fail"
2025-08-08 15:35:00,CANCEL,SRR-1,long,bullish,lower_edge,L:116150.0@20,SWL:116100.0,116150.0,116082.10214285714,117229.9,67.89785714285972,5.845704446221242,0.3793630522409078,15.904772925717564,0.26064981949462684,0.683754512635358,0.05559566787001509,0.0,2.0,PASS,CANCEL,,,clear,BTCUSDT|long|L:116150.0@20|SWL:116100.0,"v10_1_pass,weak_body_ratio,body_not_aligned,v11_quality_fail,r_abs_bps_low,r_abs_atr_low,body_ratio_low"
2025-08-08 21:40:00,CANCEL,SRR-1,short,bullish,upper_edge,H:116863.9@20,SWH:116886.4,116863.9,116894.38071428571,115949.9,30.480714285717113,2.608223265329765,0.38192965183928484,29.986173927304883,0.11086717892417385,0.832052689352312,0.167947310647688,0.0,1.0,PASS,CANCEL,,,clear,BTCUSDT|short|H:116863.9@20|SWH:116886.4,"v10_1_pass,weak_body_ratio,v11_quality_fail,r_abs_bps_low,r_abs_atr_low,body_ratio_low"
2025-08-08 22:20:00,CANCEL,SRR-1,short,bullish,upper_edge,H:116930.0@20,SWH:116941.5,116930.0,116949.005,116250.0,19.005000000004657,1.625331394852019,0.2532311792139237,35.780057879496624,0.12949640287774178,0.7577937649880275,0.24220623501197242,0.0,1.0,PASS,CANCEL,,,clear,BTCUSDT|short|H:116930.0@20|SWH:116941.5,"v10_1_pass,weak_body_ratio,v11_quality_fail,r_abs_bps_low,r_abs_atr_low,body_ratio_low"
2025-08-08 22:25:00,CANCEL,SRR-1,short,bullish,upper_edge,H:116930.0@20,SWH:116941.5,116930.0,116949.04357142857,116250.0,19.04357142857043,1.628630071715593,0.2524476848783148,35.707587862422635,0.06122448979565862,0.588921282798699,0.411078717201301,0.0,2.0,PASS,CANCEL,,,clear,BTCUSDT|short|H:116930.0@20|SWH:116941.5,"v10_1_pass,weak_body_ratio,weak_close_strength,v11_quality_fail,r_abs_bps_low,r_abs_atr_low,close_strength_low,body_ratio_low"
2025-08-09 02:20:00,CANCEL,SRR-1,long,bullish,lower_edge,L:116370.8@20,SWL:116360.4,116370.8,116355.71785714285,116941.5,15.082142857150757,1.2960418642091276,0.322120518688186,37.83945062749597,0.6540983606558808,0.998360655737848,0.0016393442621519484,0.0,0.0,PASS,CANCEL,,,clear,BTCUSDT|long|L:116370.8@20|SWL:116360.4,"v10_1_pass,v11_quality_fail,r_abs_bps_low,r_abs_atr_low"
2025-08-09 08:50:00,CANCEL,SRR-1,short,bullish,upper_edge,H:117132.7@20,SWH:117150.0,117132.7,117157.435,116309.0,24.735000000000582,2.111707490734917,0.33268325487559347,33.3009904992916,0.9152462121212385,1.0,0.0,0.0,0.0,PASS,CANCEL,,,clear,BTCUSDT|short|H:117132.7@20|SWH:117150.0,"v10_1_pass,v11_quality_fail,r_abs_bps_low,r_abs_atr_low"
2025-08-09 09:20:00,CANCEL,SRR-1,short,bullish,upper_edge,H:117373.6@20,SWH:117410.0,117373.6,117423.81214285715,116328.0,50.21214285714086,4.277975869969129,0.36353622588817425,20.823648235345267,0.6973333333333721,0.94,0.06,0.0,0.0,PASS,CANCEL,,,clear,BTCUSDT|short|H:117373.6@20|SWH:117410.0,"v10_1_pass,v11_quality_fail,r_abs_bps_low,r_abs_atr_low"
2025-08-09 14:10:00,CANCEL,SRR-1,long,bullish,lower_edge,L:116821.1@20,SWL:116700.0,116821.1,116690.43785714285,117906.7,130.6621428571525,11.184806756412367,1.3664525285726143,8.308450912111802,0.45840407470293154,0.5840407470288214,0.41595925297117864,0.0,1.0,PASS,CANCEL,,,clear,BTCUSDT|long|L:116821.1@20|SWL:116700.0,"v10_1_pass,weak_close_strength,v11_quality_fail,r_abs_bps_low,close_strength_low"
2025-08-09 16:35:00,CANCEL,SRR-1,long,bullish,lower_edge,L:116600.0@20,SWL:116581.4,116600.0,116574.00785714285,117224.0,25.99214285715425,2.229171771625579,0.3516185138662301,24.00725493966905,0.11700182815358216,0.9698354661791349,0.030164533820865147,0.0,1.0,PASS,CANCEL,,,clear,BTCUSDT|long|L:116600.0@20|SWL:116581.4,"v10_1_pass,weak_body_ratio,v11_quality_fail,r_abs_bps_low,r_abs_atr_low,body_ratio_low"
2025-08-09 17:05:00,CANCEL,SRR-1,long,bullish,lower_edge,L:116581.4@20,SWL:116581.3,116581.4,116574.57214285714,117200.0,6.827857142852736,0.5856729412112683,0.10148635736271405,90.59943508741156,0.36910994764377864,0.7748691099474745,0.22513089005252554,0.0,0.0,PASS,CANCEL,,,clear,BTCUSDT|long|L:116581.4@20|SWL:116581.3,"v10_1_pass,v11_quality_fail,r_abs_bps_low,r_abs_atr_low"
2025-08-09 17:10:00,CANCEL,SRR-1,long,bullish,lower_edge,L:116581.4@20,SWL:116581.3,116581.4,116574.53142857143,117200.0,6.86857142856752,0.5891652895373979,0.10147741663143484,90.06239600670767,0.9673735725938025,0.9690048939642073,0.030995106035792645,0.0,0.0,PASS,CANCEL,,,clear,BTCUSDT|long|L:116581.4@20|SWL:116581.3,"v10_1_pass,v11_quality_fail,r_abs_bps_low,r_abs_atr_low"
2025-08-09 17:55:00,CANCEL,SRR-1,long,bullish,lower_edge,L:116581.3@20,SWL:116555.7,116581.3,116549.165,117104.9,32.13500000000931,2.756445501980962,0.4917368018364041,16.29376069705429,0.727927927927823,0.7297297297297297,0.2702702702702703,0.0,0.0,PASS,CANCEL,,,clear,BTCUSDT|long|L:116581.3@20|SWL:116555.7,"v10_1_pass,v11_quality_fail,r_abs_bps_low,r_abs_atr_low"
2025-08-09 18:55:00,CANCEL,SRR-1,long,bullish,lower_edge,L:116555.0@20,SWL:116503.1,116555.0,116497.695,117094.0,57.304999999993015,4.916562996009867,1.060222016651144,9.40581101125671,0.9399038461539572,0.9991987179487878,0.0008012820512121649,0.0,0.0,PASS,CANCEL,,,clear,BTCUSDT|long|L:116555.0@20|SWL:116503.1,"v10_1_pass,v11_quality_fail,r_abs_bps_low"
2025-08-10 12:40:00,CANCEL,SRR-1,short,bullish,upper_edge,H:118639.3@20,SWH:118649.4,118639.3,118662.90357142857,117342.0,23.603571428568102,1.9895238279868561,0.17479502777040648,54.9620214858605,0.5350140056018219,0.8207282913163405,0.1792717086836595,0.0,0.0,PASS,CANCEL,,,clear,BTCUSDT|short|H:118639.3@20|SWH:118649.4,"v10_1_pass,v11_quality_fail,r_abs_bps_low,r_abs_atr_low"
2025-08-10 12:55:00,CANCEL,SRR-1,short,bullish,upper_edge,H:118667.8@20,SWH:118708.0,118667.8,118721.58,117342.0,53.779999999998836,4.531979188962704,0.3960235640647932,24.65228709557515,0.9512463343108403,0.9893695014662438,0.010630498533756232,0.0,0.0,PASS,CANCEL,,,clear,BTCUSDT|short|H:118667.8@20|SWH:118708.0,"v10_1_pass,v11_quality_fail,r_abs_bps_low,r_abs_atr_low"
2025-08-10 14:50:00,CANCEL,SRR-1,short,bullish,upper_edge,H:118798.2@20,SWH:118841.7,118798.2,118857.76928571428,117891.1,59.5692857142858,5.0143256138801595,0.37070276036805244,15.227646078395937,0.30105750165237427,0.6625908790482676,0.33740912095173237,0.0,0.0,PASS,CANCEL,,,clear,BTCUSDT|short|H:118798.2@20|SWH:118841.7,"v10_1_pass,v11_quality_fail,r_abs_bps_low,r_abs_atr_low"
2025-08-10 22:25:00,CANCEL,SRR-1,short,bullish,upper_edge,H:118925.8@20,SWH:118949.9,118925.8,118965.49642857142,118010.0,39.696428571420256,3.337915622297286,0.25452255553006226,23.070085470090376,0.2301223241590864,0.940366972477148,0.059633027522852086,0.0,1.0,PASS,CANCEL,,,clear,BTCUSDT|short|H:118925.8@20|SWH:118949.9,"v10_1_pass,weak_body_ratio,v11_quality_fail,r_abs_bps_low,r_abs_atr_low,body_ratio_low"
2025-08-11 03:05:00,CANCEL,SRR-1,short,bullish,upper_edge,H:121880.9@20,SWH:121949.0,121880.9,121983.94642857143,118573.7,103.04642857144063,8.454682281755439,0.2948696985181763,32.09427095968845,0.4402332361515807,0.9046230737192495,0.09537692628075042,0.0,0.0,PASS,CANCEL,,,clear,BTCUSDT|short|H:121880.9@20|SWH:121949.0,"v10_1_pass,v11_quality_fail,r_abs_bps_low,r_abs_atr_low"
2025-08-11 03:20:00,CANCEL,SRR-1,short,bullish,upper_edge,H:121990.0@20,SWH:122165.4,121990.0,122194.53357142856,118785.7,204.53357142856112,16.766421135221012,0.7020545762129792,15.666376808558253,0.25361117688845425,0.7189201989107261,0.2810798010892739,0.0,1.0,PASS,CANCEL,,,clear,BTCUSDT|short|H:121990.0@20|SWH:122165.4,"v10_1_pass,weak_body_ratio,v11_quality_fail,r_abs_bps_low,body_ratio_low"
2025-08-11 03:25:00,CANCEL,SRR-1,short,bullish,upper_edge,H:121990.0@20,SWH:122165.4,121990.0,122192.21642857142,118785.7,202.21642857142433,16.576475823544907,0.7540766587646061,15.845893544046154,0.3675799086757618,0.44101978691017085,0.5589802130898291,0.0,2.0,PASS,CANCEL,,,clear,BTCUSDT|short|H:121990.0@20|SWH:122165.4,"v10_1_pass,weak_close_strength,opposite_wick_high,v11_quality_fail,r_abs_bps_low,close_strength_low"
2025-08-11 04:55:00,CANCEL,SRR-1,short,bullish,upper_edge,H:122165.4@20,SWH:122450.0,122165.4,122471.18857142857,118950.0,305.7885714285803,25.030701935947523,1.4431769147789084,10.515108478313357,0.45797985153764936,0.5420201484623507,0.0,0.0,2.0,PASS,CANCEL,,,clear,BTCUSDT|short|H:122165.4@20|SWH:122450.0,"v10_1_pass,weak_close_strength,body_not_aligned,v11_quality_fail,close_strength_low"
2025-08-11 09:40:00,CANCEL,SRR-1,long,bullish,lower_edge,L:121166.8@20,SWL:121090.4,121166.8,121078.71214285714,122450.0,88.08785714286205,7.269966454743548,0.7536698649392126,14.567274555434881,0.1550995775497603,0.6928183464091421,0.15208207604109758,0.0,2.0,PASS,CANCEL,,,clear,BTCUSDT|long|L:121166.8@20|SWL:121090.4,"v10_1_pass,weak_body_ratio,body_not_aligned,v11_quality_fail,r_abs_bps_low,body_ratio_low"
2025-08-11 11:10:00,CANCEL,SRR-1,long,bullish,lower_edge,L:120948.0@20,SWL:120787.0,120948.0,120768.23785714286,122332.4,179.76214285714377,14.862762745737324,0.9581109376784671,7.701287812863752,0.3176918199112205,0.7244768547875847,0.2755231452124153,0.0,0.0,PASS,CANCEL,,,clear,BTCUSDT|long|L:120948.0@20|SWL:120787.0,"v10_1_pass,v11_quality_fail,r_abs_bps_low"
2025-08-11 11:35:00,CANCEL,SRR-1,long,bullish,lower_edge,L:120500.0@20,SWL:120302.0,120500.0,120281.745,122332.4,218.25500000000466,18.112448132780468,1.0775364107627987,8.395683947675678,0.47638190954771675,0.9741206030150681,0.025879396984931937,0.0,0.0,PASS,CANCEL,,,clear,BTCUSDT|long|L:120500.0@20|SWL:120302.0,"v10_1_pass,v11_quality_fail,r_abs_bps_low"
2025-08-11 11:55:00,CANCEL,SRR-1,long,bullish,lower_edge,L:120302.0@20,SWL:120267.3,120302.0,120243.85357142857,122332.4,58.1464285714319,4.833371728768591,0.2479969535415233,34.91873963515545,0.21353452217648702,0.7978966620942036,0.20210333790579643,0.0,1.0,PASS,CANCEL,,,clear,BTCUSDT|long|L:120302.0@20|SWL:120267.3,"v10_1_pass,weak_body_ratio,v11_quality_fail,r_abs_bps_low,r_abs_atr_low,body_ratio_low"
2025-08-11 12:20:00,CANCEL,SRR-1,long,bullish,lower_edge,L:120029.8@20,SWL:119964.0,120029.8,119939.81285714285,122102.7,89.98714285714959,7.497066799840505,0.37204536058121224,23.03551300979326,0.26497860199711093,1.0,0.0,0.0,1.0,PASS,CANCEL,,,clear,BTCUSDT|long|L:120029.8@20|SWL:119964.0,"v10_1_pass,weak_body_ratio,v11_quality_fail,r_abs_bps_low,r_abs_atr_low,body_ratio_low"
2025-08-11 12:35:00,CANCEL,SRR-1,long,bullish,lower_edge,L:119964.0@20,SWL:119720.8,119964.0,119694.08142857143,121945.2,269.91857142857043,22.4999642749967,1.010228305619426,7.339991425985631,0.11144020733064045,0.9159570529433646,0.08404294705663537,0.0,1.0,PASS,CANCEL,,,clear,BTCUSDT|long|L:119964.0@20|SWL:119720.8,"v10_1_pass,weak_body_ratio,v11_quality_fail,body_ratio_low"
2025-08-11 13:10:00,CANCEL,SRR-1,long,bullish,lower_edge,L:119500.0@20,SWL:119345.0,119500.0,119316.225,121820.7,183.77499999999418,15.378661087865622,0.6386620330147542,12.627941776629415,0.31037514654164605,0.6538686987104564,0.3461313012895436,0.0,0.0,PASS,CANCEL,,,clear,BTCUSDT|long|L:119500.0@20|SWL:119345.0,"v10_1_pass,v11_quality_fail,r_abs_bps_low,r_abs_atr_low"
2025-08-11 19:40:00,CANCEL,SRR-1,long,bearish,lower_edge,L:119201.6@20,SWL:119150.0,119201.6,119135.795,120799.0,65.80500000000757,5.520479590878609,0.4632523759240108,24.27475115872366,0.4263275991024775,0.5459985041136992,0.027673896783823263,0.0,2.0,PASS,CANCEL,,,clear,BTCUSDT|long|L:119201.6@20|SWL:119150.0,"v10_1_pass,weak_close_strength,body_not_aligned,v11_quality_fail,r_abs_bps_low,r_abs_atr_low,close_strength_low"
2025-08-12 12:55:00,CANCEL,SRR-1,short,bearish,upper_edge,H:119185.2@20,SWH:119213.4,119185.2,119233.31999999999,118154.3,48.11999999999534,4.0374140413403135,0.24156626506021733,21.423524522030213,0.19025304592318149,0.6433926897844053,0.16635426429241315,0.0,2.0,PASS,CANCEL,,,clear,BTCUSDT|short|H:119185.2@20|SWH:119213.4,"v10_1_pass,weak_body_ratio,body_not_aligned,v11_quality_fail,r_abs_bps_low,r_abs_atr_low,body_ratio_low"
2025-08-12 13:05:00,CANCEL,SRR-1,short,bearish,upper_edge,H:119236.3@20,SWH:119280.0,119236.3,119302.325,118154.3,66.02499999999418,5.537323784786527,0.2957446808510378,16.38773191972882,0.8682245242110423,0.9987954709708504,0.0012045290291495857,0.0,0.0,PASS,CANCEL,,,clear,BTCUSDT|short|H:119236.3@20|SWH:119280.0,"v10_1_pass,v11_quality_fail,r_abs_bps_low,r_abs_atr_low"
2025-08-12 15:40:00,CANCEL,SRR-1,short,bearish,upper_edge,H:119744.9@20,SWH:119923.0,119744.9,119943.47571428571,118157.4,198.57571428571828,16.583229372250365,0.969810925835512,7.994431774853619,0.5683921837504442,0.5742200891326763,0.4257799108673237,0.0,2.0,PASS,CANCEL,,,clear,BTCUSDT|short|H:119744.9@20|SWH:119923.0,"v10_1_pass,weak_close_strength,weak_retest,v11_quality_fail,r_abs_bps_low,close_strength_low"
2025-08-12 16:10:00,CANCEL,SRR-1,short,bullish,upper_edge,H:119927.9@20,SWH:120163.6,119927.9,120184.11,118157.4,256.2100000000064,21.36366933799445,1.2491955143832614,6.910346980991982,0.407821229050247,0.6871508379888002,0.3128491620111999,0.0,0.0,PASS,CANCEL,,,clear,BTCUSDT|short|H:119927.9@20|SWH:120163.6,"v10_1_pass,v11_quality_fail,r_abs_bps_low"
2025-08-13 02:25:00,CANCEL,SRR-1,long,bullish,lower_edge,L:119170.0@20,SWL:119028.0,119170.0,119014.63428571429,120265.1,155.36571428571187,13.03731763746848,1.1624198375373929,7.048530655780058,0.5404323458766636,0.7766212970375758,0.22337870296242418,0.0,0.0,PASS,CANCEL,,,clear,BTCUSDT|long|L:119170.0@20|SWL:119028.0,"v10_1_pass,v11_quality_fail,r_abs_bps_low"
2025-08-13 05:50:00,CANCEL,SRR-1,long,bullish,lower_edge,L:119028.0@20,SWL:119017.3,119028.0,119003.76357142857,119933.5,24.236428571428405,2.036195565029103,0.17904596063532366,37.36111520438563,0.004669779853216256,0.6904603068712744,0.3095396931287257,0.0,1.0,PASS,CANCEL,,,clear,BTCUSDT|long|L:119028.0@20|SWL:119017.3,"v10_1_pass,weak_body_ratio,v11_quality_fail,r_abs_bps_low,r_abs_atr_low,body_ratio_low"
2025-08-13 09:05:00,CANCEL,SRR-1,short,bullish,upper_edge,H:120019.7@20,SWH:120078.3,120019.7,120091.54785714285,118829.0,71.84785714285681,5.986338671306195,0.5423356877123011,16.572519311640704,0.32483302975106826,0.7055251973284709,0.2944748026715292,0.0,0.0,PASS,CANCEL,,,clear,BTCUSDT|short|H:120019.7@20|SWH:120078.3,"v10_1_pass,v11_quality_fail,r_abs_bps_low,r_abs_atr_low"
2025-08-13 10:05:00,CANCEL,SRR-1,short,bullish,upper_edge,H:120149.9@20,SWH:120211.0,120149.9,120224.85642857142,118829.0,74.95642857142957,6.238576026399487,0.5409505644620985,17.622237680938138,0.040650406504064436,0.6112804878048838,0.34806910569105176,0.0,2.0,PASS,CANCEL,,,clear,BTCUSDT|short|H:120149.9@20|SWH:120211.0,"v10_1_pass,weak_body_ratio,body_not_aligned,v11_quality_fail,r_abs_bps_low,r_abs_atr_low,body_ratio_low"
2025-08-13 10:20:00,CANCEL,SRR-1,short,bullish,upper_edge,H:120432.0@20,SWH:120470.0,120432.0,120485.11785714286,118829.0,53.117857142860885,4.410609899599848,0.3513583746751984,30.17817521683375,0.0914014895057567,0.7183480027082458,0.19025050778599745,0.0,2.0,PASS,CANCEL,,,clear,BTCUSDT|short|H:120432.0@20|SWH:120470.0,"v10_1_pass,weak_body_ratio,body_not_aligned,v11_quality_fail,r_abs_bps_low,r_abs_atr_low,body_ratio_low"
2025-08-13 14:05:00,CANCEL,SRR-1,short,bullish,upper_edge,H:122087.3@20,SWH:122124.8,122087.3,122156.88071428571,119756.0,69.58071428570838,5.6992589962844935,0.21689265914098668,33.504973668815055,0.1926293779403972,0.7156299006795577,0.09174072138004519,0.0,2.0,PASS,CANCEL,,,clear,BTCUSDT|short|H:122087.3@20|SWH:122124.8,"v10_1_pass,weak_body_ratio,body_not_aligned,v11_quality_fail,r_abs_bps_low,r_abs_atr_low,body_ratio_low"
2025-08-13 19:35:00,CANCEL,SRR-1,short,bullish,upper_edge,H:122541.8@20,SWH:122567.8,122541.8,122591.97428571428,120262.8,50.17428571428172,4.0944629272853605,0.20755229878263187,45.42167302545774,0.15390717969060697,0.7893692978976414,0.05672352241175161,0.0,2.0,PASS,CANCEL,,,clear,BTCUSDT|short|H:122541.8@20|SWH:122567.8,"v10_1_pass,weak_body_ratio,body_not_aligned,v11_quality_fail,r_abs_bps_low,r_abs_atr_low,body_ratio_low"
2025-08-13 19:40:00,CANCEL,SRR-1,short,bullish,upper_edge,H:122541.8@20,SWH:122567.8,122541.8,122593.03857142858,120262.8,51.238571428577416,4.181313758128036,0.20301692420899958,44.47821116903598,0.565698478561575,0.9076763485477269,0.09232365145227302,0.0,0.0,PASS,CANCEL,,,clear,BTCUSDT|short|H:122541.8@20|SWH:122567.8,"v10_1_pass,v11_quality_fail,r_abs_bps_low,r_abs_atr_low"
2025-08-13 21:10:00,CANCEL,SRR-1,short,bullish,upper_edge,H:122990.0@20,SWH:123061.9,122990.0,123081.14142857143,120897.3,91.14142857142724,7.4104747191988976,0.4736728784616453,22.961018197777697,0.14381377551022664,0.8558673469387807,0.00031887755099257537,0.0,2.0,PASS,CANCEL,,,clear,BTCUSDT|short|H:122990.0@20|SWH:123061.9,"v10_1_pass,weak_body_ratio,body_not_aligned,v11_quality_fail,r_abs_bps_low,r_abs_atr_low,body_ratio_low"
2025-08-13 22:55:00,CANCEL,SRR-1,short,bullish,upper_edge,H:123669.3@20,SWH:123680.0,123669.3,123703.27428571429,121363.6,33.97428571428463,2.747188325177278,0.14597348391848386,67.86603313430533,0.9595015576324196,1.0,0.0,0.0,0.0,PASS,CANCEL,,,clear,BTCUSDT|short|H:123669.3@20|SWH:123680.0,"v10_1_pass,v11_quality_fail,r_abs_bps_low,r_abs_atr_low"
2025-08-13 23:40:00,CANCEL,SRR-1,short,bullish,upper_edge,H:123680.0@20,SWH:123715.9,123680.0,123739.18,121363.6,59.179999999993015,4.7849288486410915,0.2542096219930974,39.14160189253578,0.424812030075188,0.5748120300751661,0.00037593984964594273,0.0,2.0,PASS,CANCEL,,,clear,BTCUSDT|short|H:123680.0@20|SWH:123715.9,"v10_1_pass,weak_close_strength,body_not_aligned,v11_quality_fail,r_abs_bps_low,r_abs_atr_low,close_strength_low"
2025-08-14 00:25:00,CANCEL,SRR-1,short,bullish,upper_edge,H:123899.9@20,SWH:124100.0,123899.9,124122.04071428571,121888.8,222.1407142857206,17.929047100580437,1.0078653141913085,9.053270610327134,0.4854513064132975,0.9281472684085603,0.07185273159143966,0.0,0.0,PASS,CANCEL,,,clear,BTCUSDT|short|H:123899.9@20|SWH:124100.0,"v10_1_pass,v11_quality_fail,r_abs_bps_low"
2025-08-14 00:35:00,CANCEL,SRR-1,short,bullish,upper_edge,H:124300.1@20,SWH:124545.6,124300.1,124571.77142857143,122178.5,271.6714285714261,21.856090909937002,1.038045851528383,7.809433664615963,0.36699569729181947,0.988610478359909,0.011389521640090949,0.0,0.0,PASS,CANCEL,,,clear,BTCUSDT|short|H:124300.1@20|SWH:124545.6,"v10_1_pass,v11_quality_fail,r_abs_bps_low"
2025-08-14 04:55:00,CANCEL,SRR-1,long,bullish,lower_edge,L:123152.6@20,SWL:123107.6,123152.6,123093.8292857143,124545.6,58.77071428571071,4.772186237701089,0.4267804346698234,23.702281262535017,0.8013422818791556,0.9275167785235681,0.07248322147643194,0.0,0.0,PASS,CANCEL,,,clear,BTCUSDT|long|L:123152.6@20|SWL:123107.6,"v10_1_pass,v11_quality_fail,r_abs_bps_low,r_abs_atr_low"
2025-08-14 05:05:00,CANCEL,SRR-1,long,bullish,lower_edge,L:123050.0@20,SWL:123039.5,123050.0,123025.44214285714,124545.6,24.557857142863213,1.995762465897051,0.17469132666027465,60.90107908436318,0.5432314410480095,0.6960698689956077,0.30393013100439226,0.0,0.0,PASS,CANCEL,,,clear,BTCUSDT|long|L:123050.0@20|SWL:123039.5,"v10_1_pass,v11_quality_fail,r_abs_bps_low,r_abs_atr_low"
2025-08-14 05:35:00,CANCEL,SRR-1,long,bullish,lower_edge,L:122737.2@20,SWL:122631.8,122737.2,122617.35357142857,124545.6,119.84642857142899,9.764474712754486,0.8295920889987847,15.089310725035036,0.4304495335029633,0.9995759117896276,0.0004240882103724323,0.0,0.0,PASS,CANCEL,,,clear,BTCUSDT|long|L:122737.2@20|SWL:122631.8,"v10_1_pass,v11_quality_fail,r_abs_bps_low"
2025-08-14 11:25:00,CANCEL,SRR-1,long,bearish,lower_edge,L:120767.8@20,SWL:120711.6,120767.8,120691.41642857144,122081.6,76.38357142856694,6.324829253208796,0.3784442792936084,17.200033664682124,0.03982725527832602,0.8152591170825284,0.14491362763914556,0.0,2.0,PASS,CANCEL,,,clear,BTCUSDT|long|L:120767.8@20|SWL:120711.6,"v10_1_pass,weak_body_ratio,body_not_aligned,v11_quality_fail,r_abs_bps_low,r_abs_atr_low,body_ratio_low"
2025-08-14 11:35:00,CANCEL,SRR-1,long,bearish,lower_edge,L:120711.6@20,SWL:120657.6,120711.6,120638.10857142857,122081.6,73.49142857143306,6.088182790339376,0.37704485488129513,18.64162973330109,0.35375494071146246,0.4924901185770406,0.15375494071149695,0.0,2.0,PASS,CANCEL,,,clear,BTCUSDT|long|L:120711.6@20|SWL:120657.6,"v10_1_pass,weak_close_strength,body_not_aligned,v11_quality_fail,r_abs_bps_low,r_abs_atr_low,close_strength_low"
2025-08-14 16:35:00,CANCEL,SRR-1,long,bearish,lower_edge,L:117359.1@20,SWL:117339.9,117359.1,117311.515,121154.7,47.5850000000064,4.0546493625126985,0.167641359873194,79.76463171166293,0.16769189622896544,0.844343407328174,0.15565659267182597,0.0,1.0,PASS,CANCEL,,,clear,BTCUSDT|long|L:117359.1@20|SWL:117339.9,"v10_1_pass,weak_body_ratio,v11_quality_fail,r_abs_bps_low,r_abs_atr_low,body_ratio_low"
2025-08-14 16:40:00,CANCEL,SRR-1,long,bearish,lower_edge,L:117359.1@20,SWL:117339.9,117359.1,117312.075,121154.7,47.02500000000873,4.006932568502036,0.1690026954178205,80.71451355660365,0.6788643533123395,1.0,0.0,0.0,0.0,PASS,CANCEL,,,clear,BTCUSDT|long|L:117359.1@20|SWL:117339.9,"v10_1_pass,v11_quality_fail,r_abs_bps_low,r_abs_atr_low"
2025-08-14 18:25:00,CANCEL,SRR-1,long,bearish,lower_edge,L:117339.9@20,SWL:117004.0,117339.9,116981.00142857143,119313.9,358.89857142856636,30.586234642143584,1.56052549847815,5.5001612075039885,0.20017482517482518,0.7819930069930121,0.017832167832162744,0.0,2.0,PASS,CANCEL,,,clear,BTCUSDT|long|L:117339.9@20|SWL:117004.0,"v10_1_pass,weak_body_ratio,body_not_aligned,v11_quality_fail,body_ratio_low"
2025-08-15 03:20:00,CANCEL,SRR-1,short,bearish,upper_edge,H:118861.7@20,SWH:118888.0,118861.7,118899.83714285714,117931.4,38.13714285714377,3.208530826762849,0.3221819937243626,24.393542103685437,0.32748024582971746,0.9991220368745278,0.0008779631254721156,0.0,0.0,PASS,CANCEL,,,clear,BTCUSDT|short|H:118861.7@20|SWH:118888.0,"v10_1_pass,v11_quality_fail,r_abs_bps_low,r_abs_atr_low"
2025-08-15 04:05:00,CANCEL,SRR-1,short,bearish,upper_edge,H:119039.9@20,SWH:119040.0,119039.9,119051.14928571429,117970.7,11.249285714293364,0.9450012738832413,0.10089691844455709,95.04603466880297,0.24615384615384617,0.6915384615384168,0.062307692307737084,0.0,2.0,PASS,CANCEL,,,clear,BTCUSDT|short|H:119039.9@20|SWH:119040.0,"v10_1_pass,weak_body_ratio,body_not_aligned,v11_quality_fail,r_abs_bps_low,r_abs_atr_low,body_ratio_low"
2025-08-15 04:25:00,CANCEL,SRR-1,short,bearish,upper_edge,H:119066.0@20,SWH:119116.2,119066.0,119125.985,117970.7,59.98500000000058,5.037962138645842,0.6130301481860141,18.259564891222677,0.28692962103638814,0.5800464037122839,0.41995359628771606,0.0,2.0,PASS,CANCEL,,,clear,BTCUSDT|short|H:119066.0@20|SWH:119116.2,"v10_1_pass,weak_body_ratio,weak_close_strength,v11_quality_fail,r_abs_bps_low,r_abs_atr_low,close_strength_low,body_ratio_low"
2025-08-15 04:40:00,CANCEL,SRR-1,short,bearish,upper_edge,H:119123.4@20,SWH:119150.0,119123.4,119158.81928571429,117970.7,35.41928571429162,2.9733272987751875,0.4016117275452253,32.54441688345185,0.28779069767444876,0.5988372093022579,0.4011627906977421,0.0,2.0,PASS,CANCEL,,,clear,BTCUSDT|short|H:119123.4@20|SWH:119150.0,"v10_1_pass,weak_body_ratio,weak_close_strength,v11_quality_fail,r_abs_bps_low,r_abs_atr_low,close_strength_low,body_ratio_low"
2025-08-15 06:50:00,CANCEL,SRR-1,short,bearish,upper_edge,H:119181.6@20,SWH:119184.0,119181.6,119197.925,118504.2,16.32499999999709,1.3697584190845808,0.11723518850985518,41.49464012251942,0.9526462395541979,0.9874651810583748,0.012534818941625274,0.0,0.0,PASS,CANCEL,,,clear,BTCUSDT|short|H:119181.6@20|SWH:119184.0,"v10_1_pass,v11_quality_fail,r_abs_bps_low,r_abs_atr_low"
2025-08-15 06:55:00,CANCEL,SRR-1,short,bearish,upper_edge,H:119181.6@20,SWH:119184.0,119181.6,119197.86285714286,118504.2,16.262857142850407,1.3645442872767612,0.11731244847480962,41.65319747015131,0.7243346007606871,0.7262357414449322,0.27376425855506786,0.0,0.0,PASS,CANCEL,,,clear,BTCUSDT|short|H:119181.6@20|SWH:119184.0,"v10_1_pass,v11_quality_fail,r_abs_bps_low,r_abs_atr_low"
2025-08-15 12:35:00,CANCEL,SRR-1,long,bearish,lower_edge,L:118550.0@20,SWL:118450.0,118550.0,118437.31428571428,119114.9,112.68571428571886,9.505332288968273,0.8882882882883316,5.013057809330373,0.3968972204266397,0.6391402714932096,0.3608597285067903,0.0,0.0,PASS,CANCEL,,,clear,BTCUSDT|long|L:118550.0@20|SWL:118450.0,"v10_1_pass,v11_quality_fail,r_abs_bps_low"
2025-08-15 14:05:00,CANCEL,SRR-1,long,bearish,lower_edge,L:117688.3@20,SWL:117625.7,117688.3,117603.68785714285,119068.8,84.61214285714959,7.189511859475377,0.3843884868741571,16.315625079141345,0.7491002570694312,0.999742930591282,0.0002570694087179148,0.0,0.0,PASS,CANCEL,,,clear,BTCUSDT|long|L:117688.3@20|SWL:117625.7,"v10_1_pass,v11_quality_fail,r_abs_bps_low,r_abs_atr_low"
2025-08-15 14:10:00,CANCEL,SRR-1,long,bearish,lower_edge,L:117688.3@20,SWL:117625.7,117688.3,117602.86142857143,119068.8,85.4385714285745,7.259733671790186,0.37409770438482515,16.157807614492704,0.35973041280537604,0.8930075821398703,0.10699241786012975,0.0,0.0,PASS,CANCEL,,,clear,BTCUSDT|long|L:117688.3@20|SWL:117625.7,"v10_1_pass,v11_quality_fail,r_abs_bps_low,r_abs_atr_low"
2025-08-15 16:20:00,CANCEL,SRR-1,long,bearish,lower_edge,L:116743.5@20,SWL:116736.3,116743.5,116702.59642857143,119068.8,40.90357142857101,3.5037129629119406,0.12136272120377116,56.84833668034641,0.004198152812762351,0.7136859781695996,0.2821158690176381,0.0,2.0,PASS,CANCEL,,,clear,BTCUSDT|long|L:116743.5@20|SWL:116736.3,"v10_1_pass,weak_body_ratio,body_not_aligned,v11_quality_fail,r_abs_bps_low,r_abs_atr_low,body_ratio_low"
2025-08-15 16:25:00,CANCEL,SRR-1,long,bearish,lower_edge,L:116743.5@20,SWL:116736.3,116743.5,116704.50857142858,119068.8,38.99142857141851,3.3399228712021234,0.12264761391207395,59.636183776669675,0.2712962962962559,0.9995370370370101,0.00046296296298991093,0.0,1.0,PASS,CANCEL,,,clear,BTCUSDT|long|L:116743.5@20|SWL:116736.3,"v10_1_pass,weak_body_ratio,v11_quality_fail,r_abs_bps_low,r_abs_atr_low,body_ratio_low"
2025-08-15 23:05:00,CANCEL,SRR-1,short,bearish,upper_edge,H:117690.2@20,SWH:117711.0,117690.2,117718.89142857143,116812.0,28.69142857143015,2.4378774589073813,0.3635771180304366,30.608444532959773,0.7451882845187919,0.9995815899581346,0.00041841004186535886,0.0,0.0,PASS,CANCEL,,,clear,BTCUSDT|short|H:117690.2@20|SWH:117711.0,"v10_1_pass,v11_quality_fail,r_abs_bps_low,r_abs_atr_low"
2025-08-15 23:10:00,CANCEL,SRR-1,short,bearish,upper_edge,H:117690.2@20,SWH:117711.0,117690.2,117720.23785714286,116812.0,30.03785714285914,2.5522819353573314,0.3251604422794647,29.236439730813835,0.6602678571428312,1.0,0.0,0.0,0.0,PASS,CANCEL,,,clear,BTCUSDT|short|H:117690.2@20|SWH:117711.0,"v10_1_pass,v11_quality_fail,r_abs_bps_low,r_abs_atr_low"
2025-08-16 01:20:00,CANCEL,SRR-1,short,bearish,upper_edge,H:117747.0@20,SWH:117776.8,117747.0,117787.49428571429,116943.2,40.49428571428871,3.439092776400987,0.3786534865081736,19.84971424539478,0.6741654571842687,1.0,0.0,0.0,0.0,PASS,CANCEL,,,clear,BTCUSDT|short|H:117747.0@20|SWH:117776.8,"v10_1_pass,v11_quality_fail,r_abs_bps_low,r_abs_atr_low"
2025-08-16 01:25:00,CANCEL,SRR-1,short,bearish,upper_edge,H:117747.0@20,SWH:117776.8,117747.0,117787.23285714287,116943.2,40.23285714286612,3.4168902089111506,0.3856360399836491,19.978695451474504,0.31127012522346087,0.31305903398921764,0.6869409660107824,0.0,2.0,PASS,CANCEL,,,clear,BTCUSDT|short|H:117747.0@20|SWH:117776.8,"v10_1_pass,weak_close_strength,opposite_wick_high,v11_quality_fail,r_abs_bps_low,r_abs_atr_low,close_strength_low"
2025-08-16 01:40:00,CANCEL,SRR-1,short,bearish,upper_edge,H:117776.8@20,SWH:117814.4,117776.8,117823.41285714284,116943.2,46.612857142841676,3.9577282744005333,0.5171818037722159,17.883477887774607,0.27262443438922407,0.727375565610776,0.0,0.0,2.0,PASS,CANCEL,,,clear,BTCUSDT|short|H:117776.8@20|SWH:117814.4,"v10_1_pass,weak_body_ratio,body_not_aligned,v11_quality_fail,r_abs_bps_low,r_abs_atr_low,body_ratio_low"
2025-08-16 01:55:00,CANCEL,SRR-1,short,bearish,upper_edge,H:117814.4@20,SWH:117853.5,117814.4,117862.40714285715,116943.2,48.00714285715367,4.074811131504609,0.5389735364876853,18.147299508997488,0.37824675324676477,0.8701298701298824,0.1298701298701176,0.0,0.0,PASS,CANCEL,,,clear,BTCUSDT|short|H:117814.4@20|SWH:117853.5,"v10_1_pass,v11_quality_fail,r_abs_bps_low,r_abs_atr_low"
2025-08-16 10:05:00,CANCEL,SRR-1,long,bearish,lower_edge,L:117226.8@20,SWL:117175.9,117226.8,117165.60357142857,117817.9,61.19642857143481,5.220344543349713,0.5943461671870126,9.659060402683437,0.49331608451914566,0.8564036222509631,0.14359637774903689,0.0,0.0,PASS,CANCEL,,,clear,BTCUSDT|long|L:117226.8@20|SWL:117175.9,"v10_1_pass,v11_quality_fail,r_abs_bps_low,r_abs_atr_low"
2025-08-16 10:25:00,CANCEL,SRR-1,long,bearish,lower_edge,L:117175.9@20,SWL:117089.7,117175.9,117078.63857142857,117688.8,97.26142857142258,8.300463539979004,0.8792845150457822,5.273416271316308,0.011738401341563546,0.7479038569032777,0.2520961430967223,0.0,1.0,PASS,CANCEL,,,clear,BTCUSDT|long|L:117175.9@20|SWL:117089.7,"v10_1_pass,weak_body_ratio,v11_quality_fail,r_abs_bps_low,body_ratio_low"
2025-08-16 13:10:00,CANCEL,SRR-1,short,bearish,upper_edge,H:117706.6@20,SWH:117750.0,117706.6,117758.56571428571,117089.7,51.96571428570314,4.414851358012477,0.6066711140759442,11.871288761823694,0.856020942408493,0.856893542757457,0.143106457242543,0.0,0.0,PASS,CANCEL,,,clear,BTCUSDT|short|H:117706.6@20|SWH:117750.0,"v10_1_pass,v11_quality_fail,r_abs_bps_low,r_abs_atr_low"
2025-08-16 15:05:00,CANCEL,SRR-1,short,bearish,upper_edge,H:117750.0@20,SWH:117786.0,117750.0,117794.08714285714,117089.7,44.08714285714086,3.744131028207292,0.5451510333863042,14.977155633324356,0.2709302325581734,1.0,0.0,0.0,1.0,PASS,CANCEL,,,clear,BTCUSDT|short|H:117750.0@20|SWH:117786.0,"v10_1_pass,weak_body_ratio,v11_quality_fail,r_abs_bps_low,r_abs_atr_low,body_ratio_low"
2025-08-16 15:10:00,CANCEL,SRR-1,short,bearish,upper_edge,H:117750.0@20,SWH:117786.0,117750.0,117794.22357142858,117089.7,44.223571428578,3.7557173187752015,0.5377660036481285,14.93095149645255,0.6646634615385197,0.9326923076924103,0.06730769230758972,0.0,0.0,PASS,CANCEL,,,clear,BTCUSDT|short|H:117750.0@20|SWH:117786.0,"v10_1_pass,v11_quality_fail,r_abs_bps_low,r_abs_atr_low"
2025-08-17 01:10:00,CANCEL,SRR-1,long,bearish,lower_edge,L:117137.4@20,SWL:117121.6,117137.4,117114.40000000001,117673.9,22.999999999985448,1.963506104795347,0.31944444444424236,23.326086956536496,0.31079323797133923,0.6879063719115498,0.0013003901171109017,0.0,1.0,PASS,CANCEL,,,clear,BTCUSDT|long|L:117137.4@20|SWL:117121.6,"v10_1_pass,body_not_aligned,v11_quality_fail,r_abs_bps_low,r_abs_atr_low"
2025-08-17 09:05:00,CANCEL,SRR-1,short,bullish,upper_edge,H:118347.3@20,SWH:118363.7,118347.3,118370.785,117627.3,23.485000000000582,1.984413670611884,0.3314749470712875,30.657866723439735,0.6614466815809311,0.9597315436242019,0.040268456375798144,0.0,0.0,PASS,CANCEL,,,clear,BTCUSDT|short|H:118347.3@20|SWH:118363.7,"v10_1_pass,v11_quality_fail,r_abs_bps_low,r_abs_atr_low"
2025-08-17 09:10:00,CANCEL,SRR-1,short,bullish,upper_edge,H:118347.3@20,SWH:118363.7,118347.3,118371.34642857143,117627.3,24.046428571426077,2.031852739473235,0.31447921531991563,29.942076340415998,0.45965270684374543,1.0,0.0,0.0,0.0,PASS,CANCEL,,,clear,BTCUSDT|short|H:118347.3@20|SWH:118363.7,"v10_1_pass,v11_quality_fail,r_abs_bps_low,r_abs_atr_low"
2025-08-17 16:25:00,CANCEL,SRR-1,long,bullish,lower_edge,L:117982.8@20,SWL:117913.9,117982.8,117905.31785714286,118558.0,77.48214285714494,6.567240551770676,0.9028297960882582,7.42364600138257,0.836769759450247,0.9146620847652066,0.08533791523479338,0.0,0.0,PASS,CANCEL,,,clear,BTCUSDT|long|L:117982.8@20|SWL:117913.9,"v10_1_pass,v11_quality_fail,r_abs_bps_low"
2025-08-17 17:20:00,CANCEL,SRR-1,long,bullish,lower_edge,L:117636.3@20,SWL:117581.8,117636.3,117567.98214285714,118558.0,68.31785714285797,5.80754895749509,0.49441716205738145,13.491348214752263,0.03151010701547564,0.6492271105826336,0.3192627824018907,0.0,2.0,PASS,CANCEL,,,clear,BTCUSDT|long|L:117636.3@20|SWL:117581.8,"v10_1_pass,weak_body_ratio,body_not_aligned,v11_quality_fail,r_abs_bps_low,r_abs_atr_low,body_ratio_low"
2025-08-17 17:25:00,CANCEL,SRR-1,long,bullish,lower_edge,L:117636.3@20,SWL:117581.8,117636.3,117569.41285714286,118558.0,66.88714285714377,5.685927120892426,0.5399723215315456,13.779927810170419,0.7667887667888568,0.7667887667888568,0.23321123321114318,0.0,0.0,PASS,CANCEL,,,clear,BTCUSDT|long|L:117636.3@20|SWL:117581.8,"v10_1_pass,v11_quality_fail,r_abs_bps_low,r_abs_atr_low"
2025-08-17 22:55:00,CANCEL,SRR-1,short,bearish,upper_edge,H:117915.9@20,SWH:117945.0,117915.9,117953.44928571429,117245.0,37.549285714296275,3.184412425660685,0.4444078113113116,17.867184081868167,0.09633911368016494,0.6936416184971876,0.30635838150281236,0.0,2.0,PASS,CANCEL,,,clear,BTCUSDT|short|H:117915.9@20|SWH:117945.0,"v10_1_pass,weak_body_ratio,weak_retest,v11_quality_fail,r_abs_bps_low,r_abs_atr_low,body_ratio_low"
2025-08-18 00:10:00,CANCEL,SRR-1,long,bearish,lower_edge,L:117322.2@20,SWL:117274.5,117322.2,117264.425,117945.0,57.77499999999418,4.924472947148466,0.573449131513584,10.779749026396637,0.7883571780957336,0.9995066600888443,0.0004933399111557488,0.0,0.0,PASS,CANCEL,,,clear,BTCUSDT|long|L:117322.2@20|SWL:117274.5,"v10_1_pass,v11_quality_fail,r_abs_bps_low,r_abs_atr_low"
2025-08-18 00:40:00,CANCEL,SRR-1,long,bearish,lower_edge,L:117037.0@20,SWL:116927.7,117037.0,116912.73357142857,117945.0,124.26642857142724,10.61770453543984,0.8303011501932739,7.306880952791603,0.8140985651902535,0.8140985651902535,0.18590143480974652,0.0,0.0,PASS,CANCEL,,,clear,BTCUSDT|long|L:117037.0@20|SWL:116927.7,"v10_1_pass,v11_quality_fail,r_abs_bps_low"
2025-08-18 02:40:00,CANCEL,SRR-1,long,bearish,lower_edge,L:115671.0@20,SWL:115623.5,115671.0,115596.66714285714,117945.0,74.33285714285739,6.426231046922513,0.2770217750093185,30.59212422885466,1.0,1.0,0.0,0.0,0.0,PASS,CANCEL,,,clear,BTCUSDT|long|L:115671.0@20|SWL:115623.5,"v10_1_pass,v11_quality_fail,r_abs_bps_low,r_abs_atr_low"
2025-08-18 03:50:00,CANCEL,SRR-1,long,bearish,lower_edge,L:115059.5@20,SWL:114950.3,115059.5,114930.7342857143,117945.0,128.76571428570605,11.191228389286069,0.6581191588784633,22.40891541670508,0.33830275229358925,0.6611238532110479,0.0005733944953627992,0.0,2.0,PASS,CANCEL,,,clear,BTCUSDT|long|L:115059.5@20|SWL:114950.3,"v10_1_pass,body_not_aligned,weak_retest,v11_quality_fail,r_abs_bps_low,r_abs_atr_low"
2025-08-18 03:55:00,CANCEL,SRR-1,long,bearish,lower_edge,L:115059.5@20,SWL:114950.3,115059.5,114930.70642857143,117945.0,128.79357142857043,11.193649496875132,0.6573256534577637,22.40406852604684,0.9559804357492466,0.9559804357492466,0.04401956425075338,0.0,0.0,PASS,CANCEL,,,clear,BTCUSDT|long|L:115059.5@20|SWL:114950.3,"v10_1_pass,v11_quality_fail,r_abs_bps_low,r_abs_atr_low"
2025-08-18 05:50:00,CANCEL,SRR-1,long,bearish,lower_edge,L:114950.3@20,SWL:114923.6,114950.3,114912.40000000001,117358.7,37.89999999999418,3.2970770846178024,0.33839285714280515,63.54617414248982,0.4071097372488768,1.0,0.0,0.0,0.0,PASS,CANCEL,,,clear,BTCUSDT|long|L:114950.3@20|SWL:114923.6,"v10_1_pass,v11_quality_fail,r_abs_bps_low,r_abs_atr_low"
2025-08-18 05:55:00,CANCEL,SRR-1,long,bearish,lower_edge,L:114950.3@20,SWL:114923.6,114950.3,114910.95571428572,117358.7,39.34428571427998,3.42272144694533,0.31116258049933115,61.213463563423325,0.7543024533137884,1.0,0.0,0.0,0.0,PASS,CANCEL,,,clear,BTCUSDT|long|L:114950.3@20|SWL:114923.6,"v10_1_pass,v11_quality_fail,r_abs_bps_low,r_abs_atr_low"
2025-08-18 06:50:00,CANCEL,SRR-1,long,bearish,lower_edge,L:114840.2@20,SWL:114815.2,114840.2,114791.45071428572,116415.8,48.74928571427881,4.24496698144716,0.20526632379918242,32.320473560056854,0.4728862973760848,0.9760932944606499,0.023906705539350117,0.0,0.0,PASS,CANCEL,,,clear,BTCUSDT|long|L:114840.2@20|SWL:114815.2,"v10_1_pass,v11_quality_fail,r_abs_bps_low,r_abs_atr_low"
2025-08-18 06:55:00,CANCEL,SRR-1,long,bearish,lower_edge,L:114840.2@20,SWL:114815.2,114840.2,114790.79142857142,116415.8,49.40857142857567,4.302375947497103,0.2024230364040902,31.889203724047576,0.056835637480753216,0.6554019457245166,0.2877624167947302,0.0,2.0,PASS,CANCEL,,,clear,BTCUSDT|long|L:114840.2@20|SWL:114815.2,"v10_1_pass,weak_body_ratio,body_not_aligned,v11_quality_fail,r_abs_bps_low,r_abs_atr_low,body_ratio_low"
2025-08-18 09:40:00,CANCEL,SRR-1,long,bearish,lower_edge,L:114610.0@20,SWL:114605.0,114610.0,114591.87357142857,115684.5,18.126428571427823,1.5815747815572656,0.138091092126026,59.27808645624235,0.9270746018441123,0.9270746018441123,0.07292539815588775,0.0,0.0,PASS,CANCEL,,,clear,BTCUSDT|long|L:114610.0@20|SWL:114605.0,"v10_1_pass,v11_quality_fail,r_abs_bps_low,r_abs_atr_low"
2025-08-18 13:10:00,CANCEL,SRR-1,short,bearish,upper_edge,H:115475.0@20,SWH:115598.2,115475.0,115612.62714285713,114605.0,137.62714285713446,11.91834967370725,0.9539459352410534,6.321427459284788,0.2763819095477437,0.9993718592964458,0.000628140703554162,0.0,1.0,PASS,CANCEL,,,clear,BTCUSDT|short|H:115475.0@20|SWH:115598.2,"v10_1_pass,weak_body_ratio,v11_quality_fail,r_abs_bps_low,body_ratio_low"
2025-08-18 13:25:00,CANCEL,SRR-1,short,bearish,upper_edge,H:115598.2@20,SWH:115648.0,115598.2,115662.52571428572,114605.0,64.32571428571828,5.564594802143829,0.4428402832415683,15.440170560539105,0.2957166392093118,0.9110378912686254,0.0889621087313746,0.0,1.0,PASS,CANCEL,,,clear,BTCUSDT|short|H:115598.2@20|SWH:115648.0,"v10_1_pass,weak_body_ratio,v11_quality_fail,r_abs_bps_low,r_abs_atr_low,body_ratio_low"
2025-08-18 13:40:00,CANCEL,SRR-1,short,bearish,upper_edge,H:115648.0@20,SWH:115688.0,115648.0,115703.57285714286,114605.0,55.57285714286263,4.805345284212665,0.35685716906709375,18.768155060279373,0.34453781512603826,0.4431995020230093,0.5568004979769907,0.0,2.0,PASS,CANCEL,,,clear,BTCUSDT|short|H:115648.0@20|SWH:115688.0,"v10_1_pass,weak_close_strength,opposite_wick_high,v11_quality_fail,r_abs_bps_low,r_abs_atr_low,close_strength_low"
2025-08-18 17:25:00,CANCEL,SRR-1,short,bearish,upper_edge,H:116304.3@20,SWH:116390.0,116304.3,116406.87714285715,114769.2,102.5771428571461,8.819720582742521,0.6077873709158811,14.965322266168599,0.6999168744804244,0.7273482959268319,0.2726517040731681,0.0,1.0,PASS,CANCEL,,,clear,BTCUSDT|short|H:116304.3@20|SWH:116390.0,"v10_1_pass,weak_retest,v11_quality_fail,r_abs_bps_low,r_abs_atr_low"
2025-08-18 17:40:00,CANCEL,SRR-1,short,bearish,upper_edge,H:116638.0@20,SWH:116761.0,116638.0,116780.59785714286,114769.2,142.5978571428568,12.225677493000292,0.7276196377154966,13.105386276091156,0.5817351598173914,0.7570776255707895,0.24292237442921044,0.0,0.0,PASS,CANCEL,,,clear,BTCUSDT|short|H:116638.0@20|SWH:116761.0,"v10_1_pass,v11_quality_fail,r_abs_bps_low"
2025-08-18 22:20:00,CANCEL,SRR-1,short,bullish,upper_edge,H:116934.9@20,SWH:116938.7,116934.9,116950.20999999999,115929.9,15.309999999997672,1.3092755028650704,0.13301476976540164,65.64337034618895,0.11050724637679106,0.713768115942093,0.17572463768111596,0.0,2.0,PASS,CANCEL,,,clear,BTCUSDT|short|H:116934.9@20|SWH:116938.7,"v10_1_pass,weak_body_ratio,body_not_aligned,v11_quality_fail,r_abs_bps_low,r_abs_atr_low,body_ratio_low"
2025-08-19 00:35:00,CANCEL,SRR-1,long,bullish,lower_edge,L:115861.9@20,SWL:115463.8,115861.9,115447.55500000001,116938.7,414.3449999999866,35.761971795731526,2.5506001846721373,2.5988005164779056,0.21057548579969676,0.9788863976083652,0.02111360239163485,0.0,1.0,PASS,CANCEL,,,clear,BTCUSDT|long|L:115861.9@20|SWL:115463.8,"v10_1_pass,weak_body_ratio,v11_quality_fail,body_ratio_low"
2025-08-19 09:35:00,CANCEL,SRR-1,short,bearish,upper_edge,H:115430.0@20,SWH:115450.0,115430.0,115462.87,114560.0,32.86999999999534,2.8476132721125653,0.2554001554001229,26.467903863709257,0.3305785123966843,0.9989669421487002,0.0010330578512997702,0.0,0.0,PASS,CANCEL,,,clear,BTCUSDT|short|H:115430.0@20|SWH:115450.0,"v10_1_pass,v11_quality_fail,r_abs_bps_low,r_abs_atr_low"
2025-08-19 13:10:00,CANCEL,SRR-1,short,bearish,upper_edge,H:115608.5@20,SWH:115630.0,115608.5,115642.00071428572,114750.0,33.50071428572119,2.897772593340558,0.27915600261894824,25.6263192682406,0.929203539822969,1.0,0.0,0.0,0.0,PASS,CANCEL,,,clear,BTCUSDT|short|H:115608.5@20|SWH:115630.0,"v10_1_pass,v11_quality_fail,r_abs_bps_low,r_abs_atr_low"
2025-08-19 13:35:00,CANCEL,SRR-1,short,bearish,upper_edge,H:115746.3@20,SWH:115847.4,115746.3,115864.12357142857,114750.0,117.82357142856927,10.17946763123912,0.7045359415709084,8.455863185271136,0.4058391929073696,0.6284011005808515,0.3715988994191484,0.0,0.0,PASS,CANCEL,,,clear,BTCUSDT|short|H:115746.3@20|SWH:115847.4,"v10_1_pass,v11_quality_fail,r_abs_bps_low"
2025-08-19 13:40:00,CANCEL,SRR-1,short,bearish,upper_edge,H:115746.3@20,SWH:115847.4,115746.3,115865.27428571427,114750.0,118.97428571427008,10.278884570329252,0.6656170076725445,8.37407843231543,0.7175076452599117,0.9675076452599396,0.03249235474006044,0.0,0.0,PASS,CANCEL,,,clear,BTCUSDT|short|H:115746.3@20|SWH:115847.4,"v10_1_pass,v11_quality_fail,r_abs_bps_low,r_abs_atr_low"
2025-08-19 13:55:00,CANCEL,SRR-1,long,bearish,lower_edge,L:114920.0@20,SWL:114822.4,114920.0,114798.86499999999,115847.4,121.13500000000931,10.540810998956607,0.5147015083917929,7.655921079786378,0.6231483310290306,0.8408058463361825,0.1591941536638175,0.0,0.0,PASS,CANCEL,,,clear,BTCUSDT|long|L:114920.0@20|SWL:114822.4,"v10_1_pass,v11_quality_fail,r_abs_bps_low,r_abs_atr_low"
2025-08-19 14:35:00,CANCEL,SRR-1,long,bearish,lower_edge,L:114070.0@20,SWL:113928.0,114070.0,113893.91928571429,115847.4,176.08071428570838,15.436198324336669,0.5166579338964031,10.094234381148562,0.42001174858038226,0.7241041707460447,0.27589582925395534,0.0,0.0,PASS,CANCEL,,,clear,BTCUSDT|long|L:114070.0@20|SWL:113928.0,"v10_1_pass,v11_quality_fail,r_abs_bps_low,r_abs_atr_low"
2025-08-19 14:40:00,CANCEL,SRR-1,long,bearish,lower_edge,L:114070.0@20,SWL:113928.0,114070.0,113892.84285714285,115847.4,177.15714285714785,15.530563939436123,0.5039008533116746,10.032900572534158,0.16184754036797144,0.7897108524220826,0.04844160720994589,0.0,2.0,PASS,CANCEL,,,clear,BTCUSDT|long|L:114070.0@20|SWL:113928.0,"v10_1_pass,weak_body_ratio,body_not_aligned,v11_quality_fail,r_abs_bps_low,r_abs_atr_low,body_ratio_low"
2025-08-19 14:55:00,CANCEL,SRR-1,long,bearish,lower_edge,L:113745.5@20,SWL:113705.3,113745.5,113671.5142857143,115847.4,73.98571428570722,6.5044959392421875,0.21898520084564435,28.409538520952626,0.42440318302385865,0.6358469117089707,0.3641530882910293,0.0,0.0,PASS,CANCEL,,,clear,BTCUSDT|long|L:113745.5@20|SWL:113705.3,"v10_1_pass,v11_quality_fail,r_abs_bps_low,r_abs_atr_low"
2025-08-19 18:55:00,CANCEL,SRR-1,long,bearish,lower_edge,L:112893.0@20,SWL:112770.1,112893.0,112754.08285714286,115328.7,138.9171428571426,12.305204295850283,0.8673028897609767,17.533473190596666,0.7707241910631472,0.9793528505392554,0.020647149460744658,0.0,0.0,PASS,CANCEL,,,clear,BTCUSDT|long|L:112893.0@20|SWL:112770.1,"v10_1_pass,v11_quality_fail,r_abs_bps_low"
2025-08-19 19:20:00,CANCEL,SRR-1,long,bearish,lower_edge,L:112753.0@20,SWL:112714.4,112753.0,112697.61857142857,114794.5,55.38142857143248,4.9117476760203695,0.3300161743424073,36.86253772538239,0.796747967479681,1.0,0.0,0.0,0.0,PASS,CANCEL,,,clear,BTCUSDT|long|L:112753.0@20|SWL:112714.4,"v10_1_pass,v11_quality_fail,r_abs_bps_low,r_abs_atr_low"
2025-08-19 19:25:00,CANCEL,SRR-1,long,bearish,lower_edge,L:112753.0@20,SWL:112714.4,112753.0,112696.33357142856,114794.5,56.66642857143597,5.025713601539292,0.3136559522397889,36.02662196059177,0.9167217448777376,1.0,0.0,0.0,0.0,PASS,CANCEL,,,clear,BTCUSDT|long|L:112753.0@20|SWL:112714.4,"v10_1_pass,v11_quality_fail,r_abs_bps_low,r_abs_atr_low"
2025-08-20 03:10:00,CANCEL,SRR-1,short,bearish,upper_edge,H:113440.2@20,SWH:113473.4,113440.2,113482.61857142857,112500.0,42.41857142857043,3.7392891962964123,0.46014256934758774,22.16481999124418,0.4967677772252901,0.4967677772252901,0.5032322227747099,0.0,2.0,PASS,CANCEL,,,clear,BTCUSDT|short|H:113440.2@20|SWH:113473.4,"v10_1_pass,weak_close_strength,opposite_wick_high,v11_quality_fail,r_abs_bps_low,r_abs_atr_low,close_strength_low"
2025-08-20 03:40:00,CANCEL,SRR-1,short,bearish,upper_edge,H:113567.0@20,SWH:113599.4,113567.0,113608.65642857143,112500.0,41.65642857142666,3.6680046643326545,0.4500270082568014,25.614293797905805,0.8316176470588663,0.8316176470588663,0.16838235294113368,0.0,0.0,PASS,CANCEL,,,clear,BTCUSDT|short|H:113567.0@20|SWH:113599.4,"v10_1_pass,v11_quality_fail,r_abs_bps_low,r_abs_atr_low"
2025-08-20 04:40:00,CANCEL,SRR-1,short,bearish,upper_edge,H:113616.7@20,SWH:113639.0,113616.7,113647.58785714286,112500.0,30.88785714286496,2.7186018554371816,0.3596689678117801,36.15336586267374,0.7720974677495892,0.8681318681318422,0.13186813186815785,0.0,0.0,PASS,CANCEL,,,clear,BTCUSDT|short|H:113616.7@20|SWH:113639.0,"v10_1_pass,v11_quality_fail,r_abs_bps_low,r_abs_atr_low"
2025-08-20 07:20:00,CANCEL,SRR-1,short,bearish,upper_edge,H:113732.8@20,SWH:113805.5,113732.8,113814.33928571429,113184.7,81.53928571428696,7.1693729262171475,0.9224646464646388,6.721913188208982,0.2871754523996721,0.6742722265931799,0.03855232100714797,0.0,2.0,PASS,CANCEL,,,clear,BTCUSDT|short|H:113732.8@20|SWH:113805.5,"v10_1_pass,weak_body_ratio,body_not_aligned,v11_quality_fail,r_abs_bps_low,body_ratio_low"
2025-08-20 07:25:00,CANCEL,SRR-1,short,bearish,upper_edge,H:113732.8@20,SWH:113805.5,113732.8,113813.55642857144,113184.7,80.75642857143248,7.100539912095058,1.0023849632059858,6.7870757745953085,0.13114754098360656,0.9770491803279643,0.022950819672035726,0.0,1.0,PASS,CANCEL,,,clear,BTCUSDT|short|H:113732.8@20|SWH:113805.5,"v10_1_pass,weak_body_ratio,v11_quality_fail,r_abs_bps_low,body_ratio_low"
2025-08-20 08:40:00,CANCEL,SRR-1,short,bearish,upper_edge,H:113819.8@20,SWH:113912.6,113819.8,113923.61,113336.7,103.80999999999767,9.120557231694105,0.9428701180744602,4.653694249109109,0.7940340909090952,0.7940340909090952,0.20596590909090484,0.0,0.0,PASS,CANCEL,,,clear,BTCUSDT|short|H:113819.8@20|SWH:113912.6,"v10_1_pass,v11_quality_fail,r_abs_bps_low"
2025-08-20 08:50:00,CANCEL,SRR-1,short,bearish,upper_edge,H:113917.1@20,SWH:113952.2,113917.1,113963.62071428572,113336.7,46.52071428571071,4.08373407378793,0.40733629370189023,12.476162692503719,0.43514644351459275,1.0,0.0,0.0,0.0,PASS,CANCEL,,,clear,BTCUSDT|short|H:113917.1@20|SWH:113952.2,"v10_1_pass,v11_quality_fail,r_abs_bps_low,r_abs_atr_low"
2025-08-20 14:20:00,CANCEL,SRR-1,long,bearish,lower_edge,L:112357.0@20,SWL:112301.8,112357.0,112272.815,113917.1,84.18499999999767,7.4926350828161725,0.2904433327583167,18.531804953377073,0.1267190569744392,0.7387033398821342,0.13457760314342657,0.0,2.0,PASS,CANCEL,,,clear,BTCUSDT|long|L:112357.0@20|SWL:112301.8,"v10_1_pass,weak_body_ratio,body_not_aligned,v11_quality_fail,r_abs_bps_low,r_abs_atr_low,body_ratio_low"
2025-08-20 14:25:00,CANCEL,SRR-1,long,bearish,lower_edge,L:112357.0@20,SWL:112301.8,112357.0,112271.22,113917.1,85.77999999999884,7.634593305267926,0.280510137344668,18.187223128934797,0.48900956814065866,0.7517455391776552,0.24825446082234476,0.0,0.0,PASS,CANCEL,,,clear,BTCUSDT|long|L:112357.0@20|SWL:112301.8,"v10_1_pass,v11_quality_fail,r_abs_bps_low,r_abs_atr_low"
2025-08-20 17:50:00,CANCEL,SRR-1,short,bearish,upper_edge,H:114285.7@20,SWH:114411.0,114285.7,114431.845,112301.8,146.14500000000407,12.787689098461493,0.7011033821060394,13.574874268705319,0.045624103299839826,0.5965566714490508,0.4034433285509493,0.0,2.0,PASS,CANCEL,,,clear,BTCUSDT|short|H:114285.7@20|SWH:114411.0,"v10_1_pass,weak_body_ratio,weak_close_strength,v11_quality_fail,r_abs_bps_low,close_strength_low,body_ratio_low"
2025-08-21 02:05:00,CANCEL,SRR-1,short,bullish,upper_edge,H:114703.5@20,SWH:114777.0,114703.5,114791.70142857142,113901.1,88.20142857142491,7.689515016666877,0.5999514138567524,9.097358319431484,0.5852902082410613,0.9973416038990196,0.0026583961009804015,0.0,0.0,PASS,CANCEL,,,clear,BTCUSDT|short|H:114703.5@20|SWH:114777.0,"v10_1_pass,v11_quality_fail,r_abs_bps_low,r_abs_atr_low"
2025-08-21 02:10:00,CANCEL,SRR-1,short,bullish,upper_edge,H:114703.5@20,SWH:114777.0,114703.5,114792.81785714286,113901.1,89.31785714285797,7.786846708501307,0.5646647098667998,8.983645887480359,0.719887955182069,0.7787114845938617,0.2212885154061383,0.0,0.0,PASS,CANCEL,,,clear,BTCUSDT|short|H:114703.5@20|SWH:114777.0,"v10_1_pass,v11_quality_fail,r_abs_bps_low,r_abs_atr_low"
2025-08-21 07:25:00,CANCEL,SRR-1,long,bullish,lower_edge,L:113562.2@20,SWL:113520.0,113562.2,113510.04571428572,114490.0,52.15428571427765,4.592574440639372,0.5239380022961281,17.789525583436575,0.4578313253012167,1.0,0.0,0.0,0.0,PASS,CANCEL,,,clear,BTCUSDT|long|L:113562.2@20|SWL:113520.0,"v10_1_pass,v11_quality_fail,r_abs_bps_low,r_abs_atr_low"
2025-08-21 10:10:00,CANCEL,SRR-1,long,bearish,lower_edge,L:113259.0@20,SWL:113180.0,113259.0,113168.52928571429,113973.9,90.4707142857078,7.987949238975075,0.7887103804719415,7.902004595015463,0.7856755290286819,0.8844275637547337,0.11557243624526627,0.0,0.0,PASS,CANCEL,,,clear,BTCUSDT|long|L:113259.0@20|SWL:113180.0,"v10_1_pass,v11_quality_fail,r_abs_bps_low"
2025-08-21 14:20:00,CANCEL,SRR-1,short,bearish,upper_edge,H:113830.0@20,SWH:113936.0,113830.0,113958.49785714285,112902.5,128.497857142851,11.28857569558561,0.5711559831094678,7.21801919987583,0.003864734299530968,0.7458937198067351,0.2502415458937339,0.0,2.0,PASS,CANCEL,,,clear,BTCUSDT|short|H:113830.0@20|SWH:113936.0,"v10_1_pass,weak_body_ratio,body_not_aligned,v11_quality_fail,r_abs_bps_low,r_abs_atr_low,body_ratio_low"
2025-08-21 14:25:00,CANCEL,SRR-1,short,bearish,upper_edge,H:113830.0@20,SWH:113936.0,113830.0,113959.35142857143,112902.5,129.35142857143364,11.36356220429005,0.5539336840817474,7.170388531795712,0.6697626418988698,0.8746130030959621,0.1253869969040379,0.0,0.0,PASS,CANCEL,,,clear,BTCUSDT|short|H:113830.0@20|SWH:113936.0,"v10_1_pass,v11_quality_fail,r_abs_bps_low,r_abs_atr_low"
2025-08-21 15:20:00,CANCEL,SRR-1,long,bearish,lower_edge,L:112655.0@20,SWL:112545.4,112655.0,112519.49857142857,113936.0,135.50142857142782,12.027999518124169,0.5231426838012178,9.453774867950838,0.7094809322033635,1.0,0.0,0.0,0.0,PASS,CANCEL,,,clear,BTCUSDT|long|L:112655.0@20|SWL:112545.4,"v10_1_pass,v11_quality_fail,r_abs_bps_low,r_abs_atr_low"
2025-08-21 15:25:00,CANCEL,SRR-1,long,bearish,lower_edge,L:112655.0@20,SWL:112545.4,112655.0,112518.61285714286,113936.0,136.38714285714377,12.106621353436932,0.5091515119193641,9.39238093242968,0.5300000000000401,0.7806896551724439,0.2193103448275561,0.0,0.0,PASS,CANCEL,,,clear,BTCUSDT|long|L:112655.0@20|SWL:112545.4,"v10_1_pass,v11_quality_fail,r_abs_bps_low,r_abs_atr_low"
2025-08-21 16:40:00,CANCEL,SRR-1,long,bearish,lower_edge,L:112545.4@20,SWL:112542.1,112545.4,112524.92714285715,113936.0,20.47285714284226,1.8190754258141388,0.11921637135005217,67.92408066434386,0.01863354037274028,0.9021739130435372,0.09782608695646279,0.0,1.0,PASS,CANCEL,,,clear,BTCUSDT|long|L:112545.4@20|SWL:112542.1,"v10_1_pass,weak_body_ratio,v11_quality_fail,r_abs_bps_low,r_abs_atr_low,body_ratio_low"
2025-08-21 16:55:00,CANCEL,SRR-1,long,bearish,lower_edge,L:112535.0@20,SWL:112433.4,112535.0,112416.385,113936.0,118.61500000000524,10.540276358466722,0.6971201880693839,11.811322345402674,0.45898234683277,0.6235721703011536,0.37642782969884636,0.0,0.0,PASS,CANCEL,,,clear,BTCUSDT|long|L:112535.0@20|SWL:112433.4,"v10_1_pass,v11_quality_fail,r_abs_bps_low,r_abs_atr_low"
2025-08-21 17:35:00,CANCEL,SRR-1,long,bearish,lower_edge,L:112158.8@20,SWL:112157.2,112158.8,112139.05,113936.0,19.75,1.7608961579474816,0.10881542699724642,89.98481012658213,0.6347184986595104,1.0,0.0,0.0,0.0,PASS,CANCEL,,,clear,BTCUSDT|long|L:112158.8@20|SWL:112157.2,"v10_1_pass,v11_quality_fail,r_abs_bps_low,r_abs_atr_low"
2025-08-21 17:40:00,CANCEL,SRR-1,long,bearish,lower_edge,L:112158.8@20,SWL:112157.2,112158.8,112138.35214285714,113936.0,20.44785714286263,1.8231166117025708,0.10848902868839912,86.91375275087603,0.7028199566160163,0.7751265365147855,0.2248734634852145,0.0,0.0,PASS,CANCEL,,,clear,BTCUSDT|long|L:112158.8@20|SWL:112157.2,"v10_1_pass,v11_quality_fail,r_abs_bps_low,r_abs_atr_low"
2025-08-21 19:40:00,CANCEL,SRR-1,long,bearish,lower_edge,L:112101.0@20,SWL:111944.0,112101.0,111926.01857142858,113685.0,174.98142857142375,15.609265623984063,0.9731230634781616,9.052389233143359,0.5454545454545454,0.9459595959596107,0.054040404040389345,0.0,0.0,PASS,CANCEL,,,clear,BTCUSDT|long|L:112101.0@20|SWL:111944.0,"v10_1_pass,v11_quality_fail,r_abs_bps_low"
2025-08-22 11:20:00,CANCEL,SRR-1,long,bearish,lower_edge,L:112237.4@20,SWL:112222.7,112237.4,112213.03785714286,113350.2,24.36214285713504,2.1705904499868174,0.25214016411612894,45.67742692117466,0.12008501594051234,0.5717321997874557,0.4282678002125443,0.0,2.0,PASS,CANCEL,,,clear,BTCUSDT|long|L:112237.4@20|SWL:112222.7,"v10_1_pass,weak_body_ratio,weak_close_strength,v11_quality_fail,r_abs_bps_low,r_abs_atr_low,close_strength_low,body_ratio_low"
2025-08-22 14:20:00,CANCEL,SRR-1,short,bearish,upper_edge,H:115149.7@20,SWH:115688.0,115149.7,115738.66857142857,111625.9,588.9685714285733,51.14807693190459,1.162394270892077,5.983001760947696,0.12463126843657515,0.6409476401179951,0.35905235988200496,0.0,1.0,PASS,CANCEL,,,clear,BTCUSDT|short|H:115149.7@20|SWH:115688.0,"v10_1_pass,weak_body_ratio,v11_quality_fail,body_ratio_low"
2025-08-23 03:50:00,CANCEL,SRR-1,long,bullish,lower_edge,L:115431.8@20,SWL:115414.3,115431.8,115396.79857142858,116988.0,35.00142857142782,3.0322171681831023,0.19999183740102802,44.46104240643326,0.4552736982644213,0.5727636849132259,0.42723631508677407,0.0,1.0,PASS,CANCEL,,,clear,BTCUSDT|long|L:115431.8@20|SWL:115414.3,"v10_1_pass,weak_close_strength,v11_quality_fail,r_abs_bps_low,r_abs_atr_low,close_strength_low"
2025-08-23 03:55:00,CANCEL,SRR-1,long,bullish,lower_edge,L:115431.8@20,SWL:115414.3,115431.8,115398.3,116988.0,33.5,2.9021465488712814,0.20937500000000409,46.45373134328349,0.45315682281060404,0.5366598778003936,0.4633401221996064,0.0,2.0,PASS,CANCEL,,,clear,BTCUSDT|long|L:115431.8@20|SWL:115414.3,"v10_1_pass,weak_close_strength,opposite_wick_high,v11_quality_fail,r_abs_bps_low,r_abs_atr_low,close_strength_low"
2025-08-23 10:25:00,CANCEL,SRR-1,long,bullish,lower_edge,L:115570.0@20,SWL:115564.5,115570.0,115559.225,116015.3,10.77499999999418,0.9323353811537751,0.20426540284348754,41.32714617171633,0.9971014492751936,1.0,0.0,0.0,0.0,PASS,CANCEL,,,clear,BTCUSDT|long|L:115570.0@20|SWL:115564.5,"v10_1_pass,v11_quality_fail,r_abs_bps_low,r_abs_atr_low"
2025-08-23 10:40:00,CANCEL,SRR-1,long,bullish,lower_edge,L:115560.0@20,SWL:115552.6,115560.0,115547.30857142858,116015.3,12.6914285714156,1.0982544627393216,0.23984881209478628,35.87460603335522,0.9973684210528614,0.9973684210528614,0.002631578947138654,0.0,0.0,PASS,CANCEL,,,clear,BTCUSDT|long|L:115560.0@20|SWL:115552.6,"v10_1_pass,v11_quality_fail,r_abs_bps_low,r_abs_atr_low"
2025-08-23 11:05:00,CANCEL,SRR-1,long,bullish,lower_edge,L:115540.1@20,SWL:115467.0,115540.1,115462.78857142857,115989.3,77.31142857144005,6.691307050231049,1.835753052917577,5.810266454783091,0.20779220779218938,1.0,0.0,0.0,1.0,PASS,CANCEL,,,clear,BTCUSDT|long|L:115540.1@20|SWL:115467.0,"v10_1_pass,weak_body_ratio,v11_quality_fail,r_abs_bps_low,body_ratio_low"
2025-08-23 11:50:00,CANCEL,SRR-1,long,bullish,lower_edge,L:115398.1@20,SWL:115388.0,115398.1,115383.64928571429,115888.2,14.450714285718277,1.2522488919417456,0.33214578886892726,33.91527853293452,0.31058020477807646,0.48293515358361944,0.5170648464163805,0.0,2.0,PASS,CANCEL,,,clear,BTCUSDT|long|L:115398.1@20|SWL:115388.0,"v10_1_pass,weak_close_strength,opposite_wick_high,v11_quality_fail,r_abs_bps_low,r_abs_atr_low,close_strength_low"
2025-08-23 12:10:00,CANCEL,SRR-1,long,bullish,lower_edge,L:115180.0@20,SWL:115157.6,115180.0,115150.085,115888.2,29.914999999993597,2.597239104010557,0.39807052561536493,23.673742269769303,0.8438287153653011,0.8438287153653011,0.15617128463469884,0.0,0.0,PASS,CANCEL,,,clear,BTCUSDT|long|L:115180.0@20|SWL:115157.6,"v10_1_pass,v11_quality_fail,r_abs_bps_low,r_abs_atr_low"
2025-08-23 13:05:00,CANCEL,SRR-1,long,bullish,lower_edge,L:115138.5@20,SWL:115131.0,115138.5,115120.68857142857,115840.4,17.811428571425495,1.5469568017149342,0.17273482959265965,39.407282643574014,0.46325167037874404,0.5345211581292453,0.0022271714920107308,0.0,2.0,PASS,CANCEL,,,clear,BTCUSDT|long|L:115138.5@20|SWL:115131.0,"v10_1_pass,weak_close_strength,body_not_aligned,v11_quality_fail,r_abs_bps_low,r_abs_atr_low,close_strength_low"
2025-08-23 13:10:00,CANCEL,SRR-1,long,bullish,lower_edge,L:115138.5@20,SWL:115109.1,115138.5,115099.27142857143,115840.4,39.2285714285681,3.4070768186634446,0.399127906976723,17.892571012383016,0.05165289256198968,1.0,0.0,0.0,1.0,PASS,CANCEL,,,clear,BTCUSDT|long|L:115138.5@20|SWL:115109.1,"v10_1_pass,weak_body_ratio,v11_quality_fail,r_abs_bps_low,r_abs_atr_low,body_ratio_low"
2025-08-23 14:50:00,CANCEL,SRR-1,long,bearish,lower_edge,L:114654.0@20,SWL:114580.0,114654.0,114567.09142857142,115750.2,86.90857142857567,7.580073214068038,0.6732625055334504,12.613255309355653,0.01955782312927548,0.8732993197278232,0.12670068027217682,0.0,1.0,PASS,CANCEL,,,clear,BTCUSDT|long|L:114654.0@20|SWL:114580.0,"v10_1_pass,weak_body_ratio,v11_quality_fail,r_abs_bps_low,r_abs_atr_low,body_ratio_low"
2025-08-23 18:20:00,CANCEL,SRR-1,short,bearish,upper_edge,H:115149.2@20,SWH:115160.6,115149.2,115167.1892857143,114510.0,17.989285714298603,1.562258853235507,0.27300813008149644,35.53226126660134,0.5472727272727008,0.9645454545455074,0.03545454545449254,0.0,0.0,PASS,CANCEL,,,clear,BTCUSDT|short|H:115149.2@20|SWH:115160.6,"v10_1_pass,v11_quality_fail,r_abs_bps_low,r_abs_atr_low"
2025-08-23 18:50:00,CANCEL,SRR-1,short,bearish,upper_edge,H:115160.6@20,SWH:115166.5,115160.6,115171.69285714286,114510.0,11.092857142852154,0.9632510722288832,0.213617606602367,58.65035415327868,0.21739130434785,0.6257088846882696,0.15689981096388037,0.0,2.0,PASS,CANCEL,,,clear,BTCUSDT|short|H:115160.6@20|SWH:115166.5,"v10_1_pass,weak_body_ratio,body_not_aligned,v11_quality_fail,r_abs_bps_low,r_abs_atr_low,body_ratio_low"
2025-08-23 18:55:00,CANCEL,SRR-1,short,bearish,upper_edge,H:115160.6@20,SWH:115166.5,115160.6,115171.83571428571,114510.0,11.235714285707218,0.9756561085742187,0.21057563587669592,57.904640813768665,0.8241965973531961,0.9981096408316483,0.0018903591683516873,0.0,0.0,PASS,CANCEL,,,clear,BTCUSDT|short|H:115160.6@20|SWH:115166.5,"v10_1_pass,v11_quality_fail,r_abs_bps_low,r_abs_atr_low"
2025-08-23 20:40:00,CANCEL,SRR-1,short,bearish,upper_edge,H:115185.0@20,SWH:115250.8,115185.0,115255.18785714285,114648.7,70.18785714285332,6.093489355632531,1.5995930327200367,7.640922829549729,0.9991624790619279,1.0,0.0,0.0,0.0,PASS,CANCEL,,,clear,BTCUSDT|short|H:115185.0@20|SWH:115250.8,"v10_1_pass,v11_quality_fail,r_abs_bps_low"
2025-08-24 03:05:00,CANCEL,SRR-1,long,bearish,lower_edge,L:114957.2@20,SWL:114902.0,114957.2,114888.72571428571,115640.0,68.47428571428463,5.956502569154837,0.5158415841584093,9.97162647083388,0.6246220302376061,0.9183585313175198,0.08164146868248026,0.0,0.0,PASS,CANCEL,,,clear,BTCUSDT|long|L:114957.2@20|SWL:114902.0,"v10_1_pass,v11_quality_fail,r_abs_bps_low,r_abs_atr_low"
2025-08-24 05:50:00,CANCEL,SRR-1,long,bearish,lower_edge,L:114901.9@20,SWL:114900.7,114901.9,114894.59428571428,115640.0,7.305714285714203,0.6358218868194697,0.11965372016846276,101.0305044974599,0.12377450980380574,0.5698529411764299,0.43014705882357007,0.0,2.0,PASS,CANCEL,,,clear,BTCUSDT|long|L:114901.9@20|SWL:114900.7,"v10_1_pass,weak_body_ratio,weak_close_strength,v11_quality_fail,r_abs_bps_low,r_abs_atr_low,close_strength_low,body_ratio_low"
2025-08-24 05:55:00,CANCEL,SRR-1,long,bearish,lower_edge,L:114901.9@20,SWL:114900.7,114901.9,114894.57285714285,115640.0,7.3271428571461,0.6376868317361245,0.11958498484500675,100.73503606936545,0.15328467153289582,1.0,0.0,0.0,1.0,PASS,CANCEL,,,clear,BTCUSDT|long|L:114901.9@20|SWL:114900.7,"v10_1_pass,weak_body_ratio,v11_quality_fail,r_abs_bps_low,r_abs_atr_low,body_ratio_low"
2025-08-24 06:10:00,CANCEL,SRR-1,long,bearish,lower_edge,L:114900.7@20,SWL:114863.5,114900.7,114857.34071428572,115640.0,43.359285714279395,3.773631119242911,0.7039661370751708,17.050557633068465,0.21726190476178425,0.7827380952382158,0.0,0.0,2.0,PASS,CANCEL,,,clear,BTCUSDT|long|L:114900.7@20|SWL:114863.5,"v10_1_pass,weak_body_ratio,body_not_aligned,v11_quality_fail,r_abs_bps_low,body_ratio_low"
2025-08-24 06:25:00,CANCEL,SRR-1,long,bearish,lower_edge,L:114863.5@20,SWL:114834.0,114863.5,114828.34285714285,115640.0,35.157142857147846,3.060775865017856,0.6214646464647232,22.086550182849365,0.630111524163697,0.7676579925650683,0.23234200743493166,0.0,0.0,PASS,CANCEL,,,clear,BTCUSDT|long|L:114863.5@20|SWL:114834.0,"v10_1_pass,v11_quality_fail,r_abs_bps_low,r_abs_atr_low"
2025-08-24 08:10:00,CANCEL,SRR-1,long,bearish,lower_edge,L:114814.2@20,SWL:114715.5,114814.2,114706.15642857143,115264.4,108.04357142857043,9.410296934401009,1.1563412583135817,4.166837453143915,0.89803094233484,0.9992967651196113,0.0007032348803886842,0.0,0.0,PASS,CANCEL,,,clear,BTCUSDT|long|L:114814.2@20|SWL:114715.5,"v10_1_pass,v11_quality_fail,r_abs_bps_low"
2025-08-24 17:05:00,CANCEL,SRR-1,long,bearish,lower_edge,L:114222.0@20,SWL:114216.1,114222.0,114204.93500000001,114845.0,17.064999999987776,1.4940204163810629,0.15284370801601174,36.507471432783255,0.8053691275167906,1.0,0.0,0.0,0.0,PASS,CANCEL,,,clear,BTCUSDT|long|L:114222.0@20|SWL:114216.1,"v10_1_pass,v11_quality_fail,r_abs_bps_low,r_abs_atr_low"
2025-08-25 06:20:00,CANCEL,SRR-1,long,bearish,lower_edge,L:112202.5@20,SWL:112152.0,112202.5,112139.82857142857,113621.3,62.67142857142608,5.585564365448727,0.5149061032863601,22.638705265558276,0.3611955420466313,0.8941236068895907,0.10587639311040929,0.0,0.0,PASS,CANCEL,,,clear,BTCUSDT|long|L:112202.5@20|SWL:112152.0,"v10_1_pass,v11_quality_fail,r_abs_bps_low,r_abs_atr_low"
2025-08-25 06:25:00,CANCEL,SRR-1,long,bearish,lower_edge,L:112202.5@20,SWL:112152.0,112202.5,112138.95142857142,113621.3,63.54857142857509,5.663739348817993,0.48701554631051164,22.32622965560527,0.12415956969966996,0.6467951591214663,0.35320484087853365,0.0,1.0,PASS,CANCEL,,,clear,BTCUSDT|long|L:112202.5@20|SWL:112152.0,"v10_1_pass,weak_body_ratio,v11_quality_fail,r_abs_bps_low,r_abs_atr_low,body_ratio_low"
2025-08-25 11:10:00,CANCEL,SRR-1,long,bearish,lower_edge,L:110893.6@20,SWL:110891.0,110893.6,110871.08,112435.1,22.520000000004075,2.0307754460134824,0.11305220883536288,68.45026642982776,0.7516483516482877,0.7523809523809311,0.24761904761906894,0.0,0.0,PASS,CANCEL,,,clear,BTCUSDT|long|L:110893.6@20|SWL:110891.0,"v10_1_pass,v11_quality_fail,r_abs_bps_low,r_abs_atr_low"
2025-08-25 15:05:00,CANCEL,SRR-1,short,bearish,upper_edge,H:112258.0@20,SWH:112346.0,112258.0,112373.42428571428,110532.2,115.42428571428172,10.282054349291963,0.4208834713757203,14.951792764583386,0.3785857238158736,0.8218812541694189,0.1781187458305811,0.0,0.0,PASS,CANCEL,,,clear,BTCUSDT|short|H:112258.0@20|SWH:112346.0,"v10_1_pass,v11_quality_fail,r_abs_bps_low,r_abs_atr_low"
2025-08-25 15:10:00,CANCEL,SRR-1,short,bearish,upper_edge,H:112258.0@20,SWH:112346.0,112258.0,112372.77214285714,110532.2,114.77214285713853,10.223961130354944,0.4286998746031154,15.036749833521668,0.3246003552397523,0.940941385435155,0.05905861456484495,0.0,0.0,PASS,CANCEL,,,clear,BTCUSDT|short|H:112258.0@20|SWH:112346.0,"v10_1_pass,v11_quality_fail,r_abs_bps_low,r_abs_atr_low"
2025-08-25 21:35:00,CANCEL,SRR-1,long,bearish,lower_edge,L:109321.0@20,SWL:109219.8,109321.0,109171.77857142857,112769.2,149.221428571429,13.64984116239597,0.31073925330953595,23.107941218706536,0.4056799815285168,0.993073193257908,0.006926806742092035,0.0,0.0,PASS,CANCEL,,,clear,BTCUSDT|long|L:109321.0@20|SWL:109219.8,"v10_1_pass,v11_quality_fail,r_abs_bps_low,r_abs_atr_low"
2025-08-25 21:40:00,CANCEL,SRR-1,long,bearish,lower_edge,L:109321.0@20,SWL:109219.8,109321.0,109170.79785714285,112769.2,150.2021428571461,13.739550759428298,0.30652158068889895,22.95706262512848,0.4769143074292334,0.5819874596237795,0.41801254037622054,0.0,1.0,PASS,CANCEL,,,clear,BTCUSDT|long|L:109321.0@20|SWL:109219.8,"v10_1_pass,weak_close_strength,v11_quality_fail,r_abs_bps_low,r_abs_atr_low,close_strength_low"
2025-08-26 01:05:00,CANCEL,SRR-1,long,bearish,lower_edge,L:108858.8@20,SWL:108559.7,108858.8,108517.73785714286,111050.0,341.0621428571467,31.33069102885083,0.8127853337191782,6.4246356445305555,0.24796511627907822,0.9598837209302452,0.04011627906975475,0.0,1.0,PASS,CANCEL,,,active,BTCUSDT|long|L:108858.8@20|SWL:108559.7,"v10_1_pass,weak_body_ratio,v11_quality_fail,body_ratio_low"
2025-08-26 05:55:00,CANCEL,SRR-1,short,bearish,upper_edge,H:110267.3@20,SWH:110320.1,110267.3,110330.87714285715,108559.7,63.5771428571461,5.765729536965728,0.5899257688229403,26.858709329497195,0.9147982062780269,1.0,0.0,0.0,0.0,PASS,CANCEL,,,clear,BTCUSDT|short|H:110267.3@20|SWH:110320.1,"v10_1_pass,v11_quality_fail,r_abs_bps_low,r_abs_atr_low"
2025-08-26 11:50:00,CANCEL,SRR-1,long,bearish,lower_edge,L:109575.0@20,SWL:109529.5,109575.0,109516.37857142858,110508.5,58.621428571423166,5.349890811902639,0.44676102340768875,15.924211039358115,0.01818181818183708,0.6025974025974214,0.37922077922074143,0.0,2.0,PASS,CANCEL,,,clear,BTCUSDT|long|L:109575.0@20|SWL:109529.5,"v10_1_pass,weak_body_ratio,body_not_aligned,v11_quality_fail,r_abs_bps_low,r_abs_atr_low,body_ratio_low"
2025-08-26 11:55:00,CANCEL,SRR-1,long,bearish,lower_edge,L:109575.0@20,SWL:109529.5,109575.0,109516.565,110508.5,58.43499999999767,5.3328770248685995,0.45175879396983265,15.975014973903264,0.3023255813953488,0.3023255813953488,0.6976744186046512,0.0,2.0,PASS,CANCEL,,,clear,BTCUSDT|long|L:109575.0@20|SWL:109529.5,"v10_1_pass,weak_close_strength,opposite_wick_high,v11_quality_fail,r_abs_bps_low,r_abs_atr_low,close_strength_low"
2025-08-26 20:20:00,CANCEL,SRR-1,short,bearish,upper_edge,H:111200.0@20,SWH:111239.4,111200.0,111256.58357142856,109400.0,56.58357142856403,5.088450668036334,0.3292887724986084,31.811353623595057,0.31171171171163303,0.6675675675674889,0.3324324324325111,0.0,0.0,PASS,CANCEL,,,clear,BTCUSDT|short|H:111200.0@20|SWH:111239.4,"v10_1_pass,v11_quality_fail,r_abs_bps_low,r_abs_atr_low"
2025-08-26 21:40:00,CANCEL,SRR-1,short,bullish,upper_edge,H:111311.0@20,SWH:111419.6,111311.0,111431.00857142858,109548.0,120.00857142858149,10.781375733627538,1.0519158527423795,14.69061733685566,0.49450549450548886,0.9207221350078616,0.07927786499213837,0.0,0.0,PASS,CANCEL,,,clear,BTCUSDT|short|H:111311.0@20|SWH:111419.6,"v10_1_pass,v11_quality_fail,r_abs_bps_low"
2025-08-26 22:20:00,CANCEL,SRR-1,short,bullish,upper_edge,H:111826.2@20,SWH:111877.1,111826.2,111891.00928571429,109548.0,64.80928571429104,5.795536798558034,0.4659425871720228,35.152370140960116,0.2025316455695218,1.0,0.0,0.0,1.0,PASS,CANCEL,,,clear,BTCUSDT|short|H:111826.2@20|SWH:111877.1,"v10_1_pass,weak_body_ratio,v11_quality_fail,r_abs_bps_low,r_abs_atr_low,body_ratio_low"
2025-08-26 22:25:00,CANCEL,SRR-1,short,bullish,upper_edge,H:111826.2@20,SWH:111877.1,111826.2,111891.27857142857,109548.0,65.07857142857392,5.819617534046039,0.45899244332495465,35.00691471847079,0.610854503464179,0.6114318706697552,0.3885681293302447,0.0,0.0,PASS,CANCEL,,,clear,BTCUSDT|short|H:111826.2@20|SWH:111877.1,"v10_1_pass,v11_quality_fail,r_abs_bps_low,r_abs_atr_low"
2025-08-27 08:25:00,CANCEL,SRR-1,long,bullish,lower_edge,L:110586.5@20,SWL:110545.0,110586.5,110532.54857142858,111700.4,53.95142857142491,4.87866317963087,0.43329508949056333,20.646348567495863,0.18734388009990766,0.6919233971690407,0.3080766028309593,0.0,1.0,PASS,CANCEL,,,clear,BTCUSDT|long|L:110586.5@20|SWL:110545.0,"v10_1_pass,weak_body_ratio,v11_quality_fail,r_abs_bps_low,r_abs_atr_low,body_ratio_low"
2025-08-27 08:55:00,CANCEL,SRR-1,long,bullish,lower_edge,L:110466.9@20,SWL:110306.9,110466.9,110293.76428571428,111700.4,173.13571428571595,15.673085266782717,1.318053289831422,7.124468831222342,0.6498951781970551,0.8160377358491052,0.18396226415089484,0.0,0.0,PASS,CANCEL,,,clear,BTCUSDT|long|L:110466.9@20|SWL:110306.9,"v10_1_pass,v11_quality_fail,r_abs_bps_low"
2025-08-27 12:10:00,CANCEL,SRR-1,short,bullish,upper_edge,H:111328.9@20,SWH:111351.7,111328.9,111361.67142857143,110306.9,32.7714285714319,2.943658705999242,0.3286532951289732,31.185701830859955,0.27357237715803107,0.9003984063744962,0.09960159362550378,0.0,1.0,PASS,CANCEL,,,clear,BTCUSDT|short|H:111328.9@20|SWH:111351.7,"v10_1_pass,weak_body_ratio,v11_quality_fail,r_abs_bps_low,r_abs_atr_low,body_ratio_low"
2025-08-27 13:55:00,CANCEL,SRR-1,short,bullish,upper_edge,H:111772.8@20,SWH:111845.2,111772.8,111867.49642857142,110306.9,94.69642857142026,8.472224778427332,0.4247156815633117,15.479992457101206,0.1390471258415264,0.5725012946659579,0.4274987053340421,0.0,2.0,PASS,CANCEL,,,clear,BTCUSDT|short|H:111772.8@20|SWH:111845.2,"v10_1_pass,weak_body_ratio,weak_close_strength,v11_quality_fail,r_abs_bps_low,r_abs_atr_low,close_strength_low,body_ratio_low"
2025-08-28 00:40:00,CANCEL,SRR-1,long,bullish,lower_edge,L:110854.4@20,SWL:110811.0,110854.4,110792.55857142857,112401.5,61.84142857142433,5.578617409090152,0.33533968549071763,25.017209914760755,0.7386235426852142,0.7792403159082423,0.2207596840917577,0.0,0.0,PASS,CANCEL,,,clear,BTCUSDT|long|L:110854.4@20|SWL:110811.0,"v10_1_pass,v11_quality_fail,r_abs_bps_low,r_abs_atr_low"
2025-08-28 03:20:00,CANCEL,SRR-1,short,bullish,upper_edge,H:111819.1@20,SWH:111888.0,111819.1,111899.97,110811.0,80.86999999999534,7.232217036266196,0.6756056808687928,12.46568566835741,0.1674808094905758,0.6482903000697299,0.3517096999302701,0.0,1.0,PASS,CANCEL,,,clear,BTCUSDT|short|H:111819.1@20|SWH:111888.0,"v10_1_pass,weak_body_ratio,v11_quality_fail,r_abs_bps_low,r_abs_atr_low,body_ratio_low"
2025-08-28 03:35:00,CANCEL,SRR-1,short,bullish,upper_edge,H:111888.0@20,SWH:111972.0,111888.0,111984.08428571429,110811.0,96.08428571428522,8.587541623255865,0.7951176261969376,11.208908844913006,0.28628762541807967,0.8916387959866415,0.10836120401335846,0.0,1.0,PASS,CANCEL,,,clear,BTCUSDT|short|H:111888.0@20|SWH:111972.0,"v10_1_pass,weak_body_ratio,v11_quality_fail,r_abs_bps_low,body_ratio_low"
2025-08-28 03:40:00,CANCEL,SRR-1,short,bullish,upper_edge,H:111888.0@20,SWH:111972.0,111888.0,111984.08642857143,110811.0,96.08642857143423,8.587733141305074,0.7949943856746428,11.208658871104968,0.09608091024008482,0.9987357774967659,0.0012642225032340507,0.0,1.0,PASS,CANCEL,,,clear,BTCUSDT|short|H:111888.0@20|SWH:111972.0,"v10_1_pass,weak_body_ratio,v11_quality_fail,r_abs_bps_low,body_ratio_low"
2025-08-28 05:10:00,CANCEL,SRR-1,short,bullish,upper_edge,H:113049.0@20,SWH:113144.7,113049.0,113160.39428571428,110811.0,111.39428571428289,9.853628578252163,0.7097760786455365,20.090797168360005,0.4122770634591364,0.6001659062629711,0.3998340937370289,0.0,0.0,PASS,CANCEL,,,clear,BTCUSDT|short|H:113049.0@20|SWH:113144.7,"v10_1_pass,v11_quality_fail,r_abs_bps_low"
2025-08-28 07:20:00,CANCEL,SRR-1,short,bullish,upper_edge,H:113288.0@20,SWH:113318.2,113288.0,113329.94499999999,111352.3,41.94499999999243,3.7025104159304103,0.3571306939122412,46.14852783407668,0.6568213783404405,0.9142053445851102,0.08579465541488987,0.0,0.0,PASS,CANCEL,,,clear,BTCUSDT|short|H:113288.0@20|SWH:113318.2,"v10_1_pass,v11_quality_fail,r_abs_bps_low,r_abs_atr_low"
2025-08-28 12:20:00,CANCEL,SRR-1,long,bullish,lower_edge,L:112780.3@20,SWL:112769.0,112780.3,112762.53428571428,113318.2,17.765714285720605,1.5752497808323445,0.27476800707035937,30.277420392398035,0.6403712296983637,1.0,0.0,0.0,0.0,PASS,CANCEL,,,clear,BTCUSDT|long|L:112780.3@20|SWL:112769.0,"v10_1_pass,v11_quality_fail,r_abs_bps_low,r_abs_atr_low"
2025-08-28 12:25:00,CANCEL,SRR-1,long,bullish,lower_edge,L:112780.3@20,SWL:112769.0,112780.3,112762.66428571429,113318.2,17.63571428571595,1.5637229450281607,0.2783540022548177,30.50060753341113,0.21134020618547614,0.6494845360823505,0.13917525773217335,0.0,2.0,PASS,CANCEL,,,clear,BTCUSDT|long|L:112780.3@20|SWL:112769.0,"v10_1_pass,weak_body_ratio,body_not_aligned,v11_quality_fail,r_abs_bps_low,r_abs_atr_low,body_ratio_low"
2025-08-28 12:35:00,CANCEL,SRR-1,long,bullish,lower_edge,L:112769.0@20,SWL:112728.9,112769.0,112720.05071428571,113301.6,48.949285714290454,4.340668598133393,0.553143917991823,10.880649068276728,0.6133333333333251,0.8329078014184562,0.16709219858154378,0.0,0.0,PASS,CANCEL,,,clear,BTCUSDT|long|L:112769.0@20|SWL:112728.9,"v10_1_pass,v11_quality_fail,r_abs_bps_low,r_abs_atr_low"
2025-08-28 12:40:00,CANCEL,SRR-1,long,bullish,lower_edge,L:112769.0@20,SWL:112728.9,112769.0,112719.19928571428,113301.6,49.8007142857241,4.416170604130931,0.5133716221192415,10.694625722520636,0.14627831715214124,0.8537216828478588,0.0,0.0,2.0,PASS,CANCEL,,,clear,BTCUSDT|long|L:112769.0@20|SWL:112728.9,"v10_1_pass,weak_body_ratio,body_not_aligned,v11_quality_fail,r_abs_bps_low,r_abs_atr_low,body_ratio_low"
2025-08-28 14:35:00,CANCEL,SRR-1,long,bullish,lower_edge,L:112525.0@20,SWL:112468.5,112525.0,112443.82285714286,113429.0,81.17714285713737,7.214142888881349,0.32895681370844243,11.13613965929964,0.4305239179954442,0.9958997722095937,0.0041002277904062835,0.0,0.0,PASS,CANCEL,,,clear,BTCUSDT|long|L:112525.0@20|SWL:112468.5,"v10_1_pass,v11_quality_fail,r_abs_bps_low,r_abs_atr_low"
2025-08-28 14:40:00,CANCEL,SRR-1,long,bullish,lower_edge,L:112525.0@20,SWL:112468.5,112525.0,112443.81071428572,113429.0,81.18928571428114,7.215222014155178,0.3288442065673197,11.134474112524272,0.892389380530994,0.999646017699146,0.000353982300854049,0.0,0.0,PASS,CANCEL,,,clear,BTCUSDT|long|L:112525.0@20|SWL:112468.5,"v10_1_pass,v11_quality_fail,r_abs_bps_low,r_abs_atr_low"
2025-08-28 20:05:00,CANCEL,SRR-1,long,bullish,lower_edge,L:111853.6@20,SWL:111830.0,111853.6,111815.23714285715,113218.2,38.36285714285623,3.429738259909044,0.2598606541513403,35.57086467565416,0.3519999999999709,0.7,0.3,0.0,0.0,PASS,CANCEL,,,clear,BTCUSDT|long|L:111853.6@20|SWL:111830.0,"v10_1_pass,v11_quality_fail,r_abs_bps_low,r_abs_atr_low"
2025-08-29 02:50:00,CANCEL,SRR-1,long,bearish,lower_edge,L:111350.1@20,SWL:111311.0,111350.1,111295.49571428572,112585.7,54.60428571428929,4.903838049026385,0.3521883350225989,22.628260471442253,0.4635658914728908,0.8992248062015504,0.10077519379844961,0.0,0.0,PASS,CANCEL,,,clear,BTCUSDT|long|L:111350.1@20|SWL:111311.0,"v10_1_pass,v11_quality_fail,r_abs_bps_low,r_abs_atr_low"
2025-08-29 03:10:00,CANCEL,SRR-1,long,bearish,lower_edge,L:111311.0@20,SWL:111238.5,111311.0,111222.90928571428,112585.7,88.0907142857177,7.913927130806273,0.5650203875933665,14.470310637572688,0.6822995461422088,0.9996974281391654,0.00030257186083455605,0.0,0.0,PASS,CANCEL,,,clear,BTCUSDT|long|L:111311.0@20|SWL:111238.5,"v10_1_pass,v11_quality_fail,r_abs_bps_low,r_abs_atr_low"
2025-08-29 07:50:00,CANCEL,SRR-1,long,bearish,lower_edge,L:110024.3@20,SWL:109955.1,110024.3,109930.98214285714,111797.2,93.31785714285797,8.4815679029867,0.38692432992743975,18.998507405564467,0.15298507462686567,0.6820895522387626,0.31791044776123745,0.0,2.0,PASS,CANCEL,,,clear,BTCUSDT|long|L:110024.3@20|SWL:109955.1,"v10_1_pass,weak_body_ratio,weak_retest,v11_quality_fail,r_abs_bps_low,r_abs_atr_low,body_ratio_low"
2025-08-29 09:10:00,CANCEL,SRR-1,long,bearish,lower_edge,L:109555.5@20,SWL:109360.0,109555.5,109338.50928571429,111797.2,216.99071428571187,19.80646469467182,1.009695217203438,10.33085681744127,0.7482921702575226,0.7761429322123456,0.22385706778765432,0.0,0.0,PASS,CANCEL,,,clear,BTCUSDT|long|L:109555.5@20|SWL:109360.0,"v10_1_pass,v11_quality_fail,r_abs_bps_low"
2025-08-29 14:20:00,CANCEL,SRR-1,long,bearish,lower_edge,L:108400.0@20,SWL:108271.0,108400.0,108232.42928571429,111489.5,167.57071428571362,15.458552978386866,0.434450637974776,18.43699248504903,0.11516349263383148,0.6688825008983094,0.21595400646785912,0.0,2.0,PASS,CANCEL,,,clear,BTCUSDT|long|L:108400.0@20|SWL:108271.0,"v10_1_pass,weak_body_ratio,body_not_aligned,v11_quality_fail,r_abs_bps_low,r_abs_atr_low,body_ratio_low"
2025-08-29 14:25:00,CANCEL,SRR-1,long,bearish,lower_edge,L:108400.0@20,SWL:108271.0,108400.0,108231.35928571428,111489.5,168.6407142857206,15.55726146547238,0.425422995837629,18.320012537219185,0.38884839650145536,0.4107142857142838,0.5892857142857162,0.0,2.0,PASS,CANCEL,,,clear,BTCUSDT|long|L:108400.0@20|SWL:108271.0,"v10_1_pass,weak_close_strength,opposite_wick_high,v11_quality_fail,r_abs_bps_low,r_abs_atr_low,close_strength_low"
2025-08-29 14:55:00,CANCEL,SRR-1,long,bearish,lower_edge,L:108240.0@20,SWL:108208.0,108240.0,108168.87571428572,111489.5,71.12428571427881,6.570979833174317,0.18179063059113798,45.68762930082593,0.2401524777636412,0.6319356204997603,0.12791190173659847,0.0,2.0,PASS,CANCEL,,,clear,BTCUSDT|long|L:108240.0@20|SWL:108208.0,"v10_1_pass,weak_body_ratio,body_not_aligned,v11_quality_fail,r_abs_bps_low,r_abs_atr_low,body_ratio_low"
2025-08-29 19:10:00,CANCEL,SRR-1,long,bearish,lower_edge,L:108034.1@20,SWL:107869.6,108034.1,107852.83785714286,109490.5,181.26214285714377,16.778234173945428,1.0813781054246456,8.034772054680008,0.8171817705604967,0.9997380827658308,0.0002619172341692509,0.0,0.0,PASS,CANCEL,,,clear,BTCUSDT|long|L:108034.1@20|SWL:107869.6,"v10_1_pass,v11_quality_fail,r_abs_bps_low"
2025-08-29 20:50:00,CANCEL,SRR-1,long,bearish,lower_edge,L:107613.6@20,SWL:107468.1,107613.6,107448.08071428572,108777.0,165.5192857142829,15.380889191912814,0.8267991579548203,7.028788186098382,0.23712446351927907,0.7575107296137159,0.24248927038628407,0.0,1.0,PASS,CANCEL,,,clear,BTCUSDT|long|L:107613.6@20|SWL:107468.1,"v10_1_pass,weak_body_ratio,v11_quality_fail,r_abs_bps_low,body_ratio_low"
2025-08-31 00:50:00,CANCEL,SRR-1,short,bearish,upper_edge,H:109177.9@20,SWH:109350.0,109177.9,109358.8,108412.2,180.90000000000873,16.56928737409391,2.0556818181819416,4.232725262575788,0.00953137410641045,0.7764098490865676,0.21405877680702187,0.0,2.0,PASS,CANCEL,,,clear,BTCUSDT|short|H:109177.9@20|SWH:109350.0,"v10_1_pass,weak_body_ratio,body_not_aligned,v11_quality_fail,r_abs_bps_low,body_ratio_low"
2025-08-31 01:40:00,CANCEL,SRR-1,short,bullish,upper_edge,H:109355.0@20,SWH:109398.5,109355.0,109413.06714285714,108412.2,58.06714285713679,5.309966883739819,0.39861724036477547,16.236376608361528,0.5259146341463531,0.7088414634146498,0.2911585365853501,0.0,0.0,PASS,CANCEL,,,clear,BTCUSDT|short|H:109355.0@20|SWH:109398.5,"v10_1_pass,v11_quality_fail,r_abs_bps_low,r_abs_atr_low"
2025-08-31 04:50:00,CANCEL,SRR-1,long,bullish,lower_edge,L:108685.0@20,SWL:108647.0,108685.0,108637.67714285714,109439.9,47.32285714286263,4.3541295618404225,0.5076003677598073,15.952122200082552,0.31021341463413105,0.5998475609756009,0.4001524390243991,0.0,1.0,PASS,CANCEL,,,clear,BTCUSDT|long|L:108685.0@20|SWL:108647.0,"v10_1_pass,weak_close_strength,v11_quality_fail,r_abs_bps_low,r_abs_atr_low,close_strength_low"
2025-08-31 05:10:00,CANCEL,SRR-1,long,bullish,lower_edge,L:108628.0@20,SWL:108539.6,108628.0,108529.22857142858,109439.9,98.77142857141735,9.092630681906815,0.9523415977960732,8.219988429274812,0.18813314037627024,0.958755426917531,0.041244573082468955,0.0,1.0,PASS,CANCEL,,,clear,BTCUSDT|long|L:108628.0@20|SWL:108539.6,"v10_1_pass,weak_body_ratio,v11_quality_fail,r_abs_bps_low,body_ratio_low"
2025-08-31 06:40:00,CANCEL,SRR-1,long,bullish,lower_edge,L:108514.2@20,SWL:108455.0,108514.2,108447.75857142857,109439.9,66.44142857143015,6.122832640468267,0.9175182481751885,13.93257219032838,0.9993016759777146,0.9993016759777146,0.0006983240222854112,0.0,0.0,PASS,CANCEL,,,clear,BTCUSDT|long|L:108514.2@20|SWL:108455.0,"v10_1_pass,v11_quality_fail,r_abs_bps_low"
2025-08-31 09:20:00,CANCEL,SRR-1,short,bullish,upper_edge,H:109065.0@20,SWH:109067.2,109065.0,109074.65214285714,108455.0,9.65214285714319,0.884989947017209,0.12952170995878692,63.19840153925632,0.003086419753041368,0.9953703703703257,0.0015432098766329672,0.0,2.0,PASS,CANCEL,,,clear,BTCUSDT|short|H:109065.0@20|SWH:109067.2,"v10_1_pass,weak_body_ratio,body_not_aligned,v11_quality_fail,r_abs_bps_low,r_abs_atr_low,body_ratio_low"
2025-08-31 09:25:00,CANCEL,SRR-1,short,bullish,upper_edge,H:109065.0@20,SWH:109067.2,109065.0,109074.6857142857,108455.0,9.685714285704307,0.8880680590202454,0.12938931297696413,62.97935103251326,0.27258064516119646,1.0,0.0,0.0,1.0,PASS,CANCEL,,,clear,BTCUSDT|short|H:109065.0@20|SWH:109067.2,"v10_1_pass,weak_body_ratio,v11_quality_fail,r_abs_bps_low,r_abs_atr_low,body_ratio_low"
2025-08-31 10:05:00,CANCEL,SRR-1,long,bullish,lower_edge,L:108404.7@20,SWL:108313.3,108404.7,108302.88285714286,109067.2,101.81714285713679,9.392318124319036,0.9773998902906655,6.506762824110838,0.17090184354760043,0.6153462879920368,0.21375186846036273,0.0,2.0,PASS,CANCEL,,,clear,BTCUSDT|long|L:108404.7@20|SWL:108313.3,"v10_1_pass,weak_body_ratio,body_not_aligned,v11_quality_fail,r_abs_bps_low,body_ratio_low"
2025-08-31 10:25:00,CANCEL,SRR-1,long,bullish,lower_edge,L:108313.3@20,SWL:108310.0,108313.3,108298.34642857143,109067.2,14.953571428573923,1.3805849723509416,0.1283174992338553,50.416049677564644,0.38204592901889634,0.8058455114824742,0.19415448851752587,0.0,0.0,PASS,CANCEL,,,clear,BTCUSDT|long|L:108313.3@20|SWL:108310.0,"v10_1_pass,v11_quality_fail,r_abs_bps_low,r_abs_atr_low"
2025-08-31 10:50:00,CANCEL,SRR-1,long,bullish,lower_edge,L:108310.0@20,SWL:108251.3,108310.0,108238.91214285715,109067.2,71.0878571428475,6.563369692812067,0.5738511214898595,10.651608170976958,0.5234338747099903,0.9814385150812065,0.018561484918793503,0.0,0.0,PASS,CANCEL,,,clear,BTCUSDT|long|L:108310.0@20|SWL:108251.3,"v10_1_pass,v11_quality_fail,r_abs_bps_low,r_abs_atr_low"
2025-08-31 10:55:00,CANCEL,SRR-1,long,bullish,lower_edge,L:108310.0@20,SWL:108251.3,108310.0,108238.62142857144,109067.2,71.37857142856228,6.590210638774101,0.5629859154928856,10.60822575803194,0.20716360116174373,0.8141335914811564,0.18586640851884365,0.0,1.0,PASS,CANCEL,,,clear,BTCUSDT|long|L:108310.0@20|SWL:108251.3,"v10_1_pass,weak_body_ratio,v11_quality_fail,r_abs_bps_low,r_abs_atr_low,body_ratio_low"
2025-08-31 13:20:00,CANCEL,SRR-1,long,bearish,lower_edge,L:108155.0@20,SWL:108153.8,108155.0,108144.32785714287,109067.2,10.672142857132712,0.9867452135483993,0.11266872784847218,85.47486781348034,0.8890122086570459,0.9889012208657046,0.011098779134295406,0.0,0.0,PASS,CANCEL,,,clear,BTCUSDT|long|L:108155.0@20|SWL:108153.8,"v10_1_pass,v11_quality_fail,r_abs_bps_low,r_abs_atr_low"
2025-08-31 16:10:00,CANCEL,SRR-1,short,bearish,upper_edge,H:108808.5@20,SWH:108822.8,108808.5,108834.40357142857,108153.8,25.903571428571013,2.380656973358792,0.22323791935979742,25.274507100510426,0.42944038929441647,0.5705596107055835,0.0,0.0,2.0,PASS,CANCEL,,,clear,BTCUSDT|short|H:108808.5@20|SWH:108822.8,"v10_1_pass,weak_close_strength,body_not_aligned,v11_quality_fail,r_abs_bps_low,r_abs_atr_low,close_strength_low"
2025-08-31 16:50:00,CANCEL,SRR-1,short,bearish,upper_edge,H:108838.1@20,SWH:108880.6,108838.1,108891.56785714286,108153.8,53.467857142852154,4.912604790312598,0.487495929664545,12.798343464031708,0.21443298969075164,0.831958762886718,0.16804123711328203,0.0,1.0,PASS,CANCEL,,,clear,BTCUSDT|short|H:108838.1@20|SWH:108880.6,"v10_1_pass,weak_body_ratio,v11_quality_fail,r_abs_bps_low,r_abs_atr_low,body_ratio_low"
2025-08-31 17:50:00,CANCEL,SRR-1,short,bearish,upper_edge,H:108940.0@20,SWH:108948.1,108940.0,108956.22571428573,108153.8,16.22571428572701,1.4894175037384805,0.199683544303953,48.45395316072957,0.5153970826579726,0.7795786061587803,0.2204213938412197,0.0,0.0,PASS,CANCEL,,,clear,BTCUSDT|short|H:108940.0@20|SWH:108948.1,"v10_1_pass,v11_quality_fail,r_abs_bps_low,r_abs_atr_low"
2025-08-31 18:05:00,CANCEL,SRR-1,short,bullish,upper_edge,H:108948.1@20,SWH:108965.0,108948.1,108971.65714285715,108153.8,23.557142857142026,2.162235308109276,0.35386266094419905,33.7180109157078,0.6795154185021488,0.8997797356827585,0.10022026431724151,0.0,0.0,PASS,CANCEL,,,clear,BTCUSDT|short|H:108948.1@20|SWH:108965.0,"v10_1_pass,v11_quality_fail,r_abs_bps_low,r_abs_atr_low"
2025-08-31 18:25:00,CANCEL,SRR-1,short,bullish,upper_edge,H:108965.0@20,SWH:109089.7,108965.0,109097.72,108153.8,132.72000000000116,12.18005781673025,1.6548628428927785,6.112115732368822,0.4116923076922719,0.9729230769230232,0.027076923076976806,0.0,0.0,PASS,CANCEL,,,clear,BTCUSDT|short|H:108965.0@20|SWH:109089.7,"v10_1_pass,v11_quality_fail,r_abs_bps_low"
2025-08-31 18:55:00,CANCEL,SRR-1,short,bullish,upper_edge,H:109143.8@20,SWH:109196.5,109143.8,109204.56857142856,108210.7,60.7685714285617,5.567752948730179,0.75315155807353,15.354976726693982,0.8263598326359329,1.0,0.0,0.0,0.0,PASS,CANCEL,,,clear,BTCUSDT|short|H:109143.8@20|SWH:109196.5,"v10_1_pass,v11_quality_fail,r_abs_bps_low"
2025-08-31 22:55:00,CANCEL,SRR-1,long,bullish,lower_edge,L:108789.0@20,SWL:108700.0,108789.0,108689.67357142858,109196.5,99.32642857142491,9.130190421037506,0.9618662239745214,4.102634171598848,0.3061550759392576,0.3061550759392576,0.6938449240607424,0.0,2.0,PASS,CANCEL,,,clear,BTCUSDT|long|L:108789.0@20|SWL:108700.0,"v10_1_pass,weak_close_strength,opposite_wick_high,v11_quality_fail,r_abs_bps_low,close_strength_low"
2025-09-01 02:55:00,CANCEL,SRR-1,long,bearish,lower_edge,L:107469.0@20,SWL:107380.0,107469.0,107361.72,109192.3,107.27999999999884,9.982413533204817,0.5868708971553487,16.063571961223168,0.6567099567099441,0.8268398268398268,0.17316017316017315,0.0,0.0,PASS,CANCEL,,,clear,BTCUSDT|long|L:107469.0@20|SWL:107380.0,"v10_1_pass,v11_quality_fail,r_abs_bps_low,r_abs_atr_low"
2025-09-01 03:40:00,CANCEL,SRR-1,long,bearish,lower_edge,L:107380.0@20,SWL:107355.0,107380.0,107339.31714285714,109126.3,40.68285714286321,3.788681052604136,0.2594097285480431,42.92471381416601,0.3575757575757576,0.5672727272727626,0.43272727272723743,0.0,1.0,PASS,CANCEL,,,clear,BTCUSDT|long|L:107380.0@20|SWL:107355.0,"v10_1_pass,weak_close_strength,v11_quality_fail,r_abs_bps_low,r_abs_atr_low,close_strength_low"
2025-09-01 04:40:00,CANCEL,SRR-1,long,bearish,lower_edge,L:107300.0@20,SWL:107237.8,107300.0,107222.70857142858,108447.6,77.29142857142142,7.203301823990812,0.5121544869367183,14.847700724531983,0.24347826086956523,0.8930434782608443,0.10695652173915575,0.0,1.0,PASS,CANCEL,,,clear,BTCUSDT|long|L:107300.0@20|SWL:107237.8,"v10_1_pass,weak_body_ratio,v11_quality_fail,r_abs_bps_low,r_abs_atr_low,body_ratio_low"
2025-09-01 04:50:00,CANCEL,SRR-1,long,bearish,lower_edge,L:107237.8@20,SWL:107230.7,107237.8,107216.23785714286,108447.6,21.562142857146682,2.01068493172619,0.1490936928928009,56.10759598501685,0.3442922374428958,0.7086757990868111,0.29132420091318884,0.0,0.0,PASS,CANCEL,,,clear,BTCUSDT|long|L:107237.8@20|SWL:107230.7,"v10_1_pass,v11_quality_fail,r_abs_bps_low,r_abs_atr_low"
2025-09-01 04:55:00,CANCEL,SRR-1,long,bearish,lower_edge,L:107237.8@20,SWL:107230.7,107237.8,107215.905,108447.6,21.895000000004075,2.041724093556943,0.14798918553568127,55.25462434344726,0.8477611940298941,1.0,0.0,0.0,0.0,PASS,CANCEL,,,clear,BTCUSDT|long|L:107237.8@20|SWL:107230.7,"v10_1_pass,v11_quality_fail,r_abs_bps_low,r_abs_atr_low"
2025-09-01 05:20:00,CANCEL,SRR-1,long,bearish,lower_edge,L:107212.2@20,SWL:107211.5,107212.2,107195.27214285714,108447.6,16.927857142858556,1.5789114618353657,0.10431357013953976,72.98029452718966,0.3490039840637682,0.4820717131474104,0.16892430278882142,0.0,2.0,PASS,CANCEL,,,clear,BTCUSDT|long|L:107212.2@20|SWL:107211.5,"v10_1_pass,weak_close_strength,body_not_aligned,v11_quality_fail,r_abs_bps_low,r_abs_atr_low,close_strength_low"
2025-09-01 05:25:00,CANCEL,SRR-1,long,bearish,lower_edge,L:107212.2@20,SWL:107211.5,107212.2,107192.76285714285,108447.6,19.437142857146682,1.8129599856309901,0.10373589508998698,63.55872409230015,0.8744053282587968,0.8744053282587968,0.12559467174120317,0.0,0.0,PASS,CANCEL,,,clear,BTCUSDT|long|L:107212.2@20|SWL:107211.5,"v10_1_pass,v11_quality_fail,r_abs_bps_low,r_abs_atr_low"
2025-09-01 09:40:00,CANCEL,SRR-1,short,bullish,upper_edge,H:109779.0@20,SWH:109874.8,109779.0,109888.84785714286,107211.5,109.84785714285681,10.00627234196493,0.7819545431433296,23.373237009630273,0.5884907709011875,0.6543612015924574,0.34563879840754264,0.0,0.0,PASS,CANCEL,,,clear,BTCUSDT|short|H:109779.0@20|SWH:109874.8,"v10_1_pass,v11_quality_fail,r_abs_bps_low"
2025-09-01 20:50:00,CANCEL,SRR-1,long,bullish,lower_edge,L:108350.0@20,SWL:108215.7,108350.0,108200.40142857142,109298.6,149.598571428578,13.806974751137794,0.9778597441404775,6.3409696425670115,0.4712393395028023,0.8328796951551355,0.16712030484486454,0.0,0.0,PASS,CANCEL,,,clear,BTCUSDT|long|L:108350.0@20|SWL:108215.7,"v10_1_pass,v11_quality_fail,r_abs_bps_low"
2025-09-01 20:55:00,CANCEL,SRR-1,long,bullish,lower_edge,L:108350.0@20,SWL:108215.7,108350.0,108199.79928571428,109298.6,150.20071428571828,13.862548618894166,0.944616144827299,6.315549193697827,0.6458036984352347,0.684921763869092,0.31507823613090796,0.0,0.0,PASS,CANCEL,,,clear,BTCUSDT|long|L:108350.0@20|SWL:108215.7,"v10_1_pass,v11_quality_fail,r_abs_bps_low"
2025-09-01 23:50:00,CANCEL,SRR-1,short,bearish,upper_edge,H:109298.6@20,SWH:109410.5,109298.6,109430.03928571429,107400.0,131.43928571428114,12.025706250060031,0.6726923779930309,14.444692008804177,0.20567962503444132,0.7557209815274553,0.038599393438103424,0.0,2.0,PASS,CANCEL,,,clear,BTCUSDT|short|H:109298.6@20|SWH:109410.5,"v10_1_pass,weak_body_ratio,body_not_aligned,v11_quality_fail,r_abs_bps_low,r_abs_atr_low,body_ratio_low"
2025-09-01 23:55:00,CANCEL,SRR-1,short,bearish,upper_edge,H:109298.6@20,SWH:109410.5,109298.6,109429.27357142857,107400.0,130.67357142856054,11.955649150909576,0.6960506791461535,14.529334273518144,0.7028014616320706,0.9293544457977772,0.07064555420222289,0.0,0.0,PASS,CANCEL,,,clear,BTCUSDT|short|H:109298.6@20|SWH:109410.5,"v10_1_pass,v11_quality_fail,r_abs_bps_low,r_abs_atr_low"
2025-09-02 01:55:00,CANCEL,SRR-1,short,bullish,upper_edge,H:109499.0@20,SWH:109573.7,109499.0,109591.91285714286,107400.0,92.91285714285914,8.485269924187357,0.5101498156718366,22.591060748166,0.7895392278954533,0.9993773349938276,0.0006226650061723181,0.0,0.0,PASS,CANCEL,,,clear,BTCUSDT|short|H:109499.0@20|SWH:109573.7,"v10_1_pass,v11_quality_fail,r_abs_bps_low,r_abs_atr_low"
2025-09-02 02:40:00,CANCEL,SRR-1,short,bullish,upper_edge,H:109573.7@20,SWH:109631.0,109573.7,109649.87071428572,107400.0,76.17071428571944,6.951550808790746,0.4036451039025271,28.53721433996746,0.006002400960383944,0.9021608643457243,0.09183673469389181,0.0,2.0,PASS,CANCEL,,,clear,BTCUSDT|short|H:109573.7@20|SWH:109631.0,"v10_1_pass,weak_body_ratio,body_not_aligned,v11_quality_fail,r_abs_bps_low,r_abs_atr_low,body_ratio_low"
2025-09-02 03:05:00,CANCEL,SRR-1,short,bullish,upper_edge,H:110247.6@20,SWH:110319.9,110247.6,110339.96214285714,107533.4,92.36214285713504,8.377700998219918,0.4603802470893647,29.386498797438172,0.34782608695651557,0.7044127190136058,0.29558728098639414,0.0,0.0,PASS,CANCEL,,,clear,BTCUSDT|short|H:110247.6@20|SWH:110319.9,"v10_1_pass,v11_quality_fail,r_abs_bps_low,r_abs_atr_low"
2025-09-02 03:20:00,CANCEL,SRR-1,short,bullish,upper_edge,H:110393.5@20,SWH:110597.9,110393.5,110620.29285714285,107848.3,226.79285714284924,20.544040830560608,1.0127910685805117,11.222575666908506,0.15044247787612736,1.0,0.0,0.0,1.0,PASS,CANCEL,,,clear,BTCUSDT|short|H:110393.5@20|SWH:110597.9,"v10_1_pass,weak_body_ratio,v11_quality_fail,r_abs_bps_low,body_ratio_low"
2025-09-02 08:55:00,CANCEL,SRR-1,short,bullish,upper_edge,H:110571.9@20,SWH:110700.0,110571.9,110717.47214285715,109932.4,145.572142857156,13.165383145008452,0.8331670822943227,4.393010829190825,0.15987735435829845,0.8983793254489847,0.1016206745510153,0.0,1.0,PASS,CANCEL,,,clear,BTCUSDT|short|H:110571.9@20|SWH:110700.0,"v10_1_pass,weak_body_ratio,v11_quality_fail,r_abs_bps_low,body_ratio_low"
2025-09-02 14:05:00,CANCEL,SRR-1,short,bullish,upper_edge,H:111243.9@20,SWH:111494.9,111243.9,111535.36571428571,108333.0,291.4657142857177,26.200601946328536,0.7202781896490982,9.987109486045759,0.20880968392736973,0.8502017484868981,0.14979825151310192,0.0,1.0,PASS,CANCEL,,,clear,BTCUSDT|short|H:111243.9@20|SWH:111494.9,"v10_1_pass,weak_body_ratio,v11_quality_fail,body_ratio_low"
2025-09-02 14:40:00,CANCEL,SRR-1,short,bullish,upper_edge,H:111496.0@20,SWH:111742.1,111496.0,111787.79357142857,108333.0,291.79357142857043,26.170765895509298,0.6385877975957858,10.839854985545102,0.4947027663331072,0.9799882283696209,0.0200117716303792,0.0,0.0,PASS,CANCEL,,,clear,BTCUSDT|short|H:111496.0@20|SWH:111742.1,"v10_1_pass,v11_quality_fail,r_abs_atr_low"
2025-09-02 18:50:00,CANCEL,SRR-1,long,bullish,lower_edge,L:110311.2@20,SWL:110118.5,110311.2,110099.46428571429,111742.1,211.73571428570722,19.1943986001156,1.112307692307643,6.757952973720875,0.0705793068555375,0.7993928661775808,0.13002782696688175,0.0,2.0,PASS,CANCEL,,,clear,BTCUSDT|long|L:110311.2@20|SWL:110118.5,"v10_1_pass,weak_body_ratio,body_not_aligned,v11_quality_fail,r_abs_bps_low,body_ratio_low"
2025-09-02 18:55:00,CANCEL,SRR-1,long,bullish,lower_edge,L:110311.2@20,SWL:110118.5,110311.2,110097.92571428571,111742.1,213.27428571428754,19.33387414100178,1.0366060269407031,6.709200760924882,0.920735209649651,0.9681217690982442,0.031878230901755775,0.0,0.0,PASS,CANCEL,,,clear,BTCUSDT|long|L:110311.2@20|SWL:110118.5,"v10_1_pass,v11_quality_fail,r_abs_bps_low"
2025-09-02 21:20:00,CANCEL,SRR-1,short,bullish,upper_edge,H:111473.7@20,SWH:111487.9,111473.7,111500.79214285714,110118.5,27.092142857145518,2.4303618572941885,0.21014460634940693,50.02188299190091,0.6169551708832987,0.7412339103418049,0.25876608965819514,0.0,0.0,PASS,CANCEL,,,clear,BTCUSDT|short|H:111473.7@20|SWH:111487.9,"v10_1_pass,v11_quality_fail,r_abs_bps_low,r_abs_atr_low"
2025-09-02 21:25:00,CANCEL,SRR-1,short,bullish,upper_edge,H:111473.7@20,SWH:111487.9,111473.7,111500.12642857143,110118.5,26.426428571430733,2.370642453908925,0.21614184728634708,51.281995837496034,0.9158377964804878,1.0,0.0,0.0,0.0,PASS,CANCEL,,,clear,BTCUSDT|short|H:111473.7@20|SWH:111487.9,"v10_1_pass,v11_quality_fail,r_abs_bps_low,r_abs_atr_low"
2025-09-03 04:20:00,CANCEL,SRR-1,long,bullish,lower_edge,L:110842.7@20,SWL:110783.6,110842.7,110771.18785714287,111732.9,71.51214285712922,6.451678176111662,0.576146630603553,12.448235564391997,0.18521816562782784,0.8272484416741211,0.17275155832587882,0.0,1.0,PASS,CANCEL,,,clear,BTCUSDT|long|L:110842.7@20|SWL:110783.6,"v10_1_pass,weak_body_ratio,v11_quality_fail,r_abs_bps_low,r_abs_atr_low,body_ratio_low"
2025-09-03 04:25:00,CANCEL,SRR-1,long,bullish,lower_edge,L:110842.7@20,SWL:110783.6,110842.7,110772.51071428572,111732.9,70.18928571428114,6.332332730462281,0.6329468599033345,12.682847402432984,0.9082823790994967,1.0,0.0,0.0,0.0,PASS,CANCEL,,,clear,BTCUSDT|long|L:110842.7@20|SWL:110783.6,"v10_1_pass,v11_quality_fail,r_abs_bps_low,r_abs_atr_low"
2025-09-03 05:20:00,CANCEL,SRR-1,long,bullish,lower_edge,L:110783.6@20,SWL:110733.7,110783.6,110723.47428571428,111732.9,60.12571428572119,5.427311830065207,0.5879854708019949,15.78858582018427,0.4141843971630793,0.47021276595746747,0.11560283687945326,0.0,2.0,PASS,CANCEL,,,clear,BTCUSDT|long|L:110783.6@20|SWL:110733.7,"v10_1_pass,weak_close_strength,body_not_aligned,v11_quality_fail,r_abs_bps_low,r_abs_atr_low,close_strength_low"
2025-09-03 08:20:00,CANCEL,SRR-1,short,bullish,upper_edge,H:111211.0@20,SWH:111221.0,111211.0,111234.85285714286,110486.9,23.852857142861467,2.1448289416389983,0.1721872744148005,30.35695035035708,0.5294592413237199,0.9693301049234178,0.03066989507658222,0.0,0.0,PASS,CANCEL,,,clear,BTCUSDT|short|H:111211.0@20|SWH:111221.0,"v10_1_pass,v11_quality_fail,r_abs_bps_low,r_abs_atr_low"
2025-09-03 10:05:00,CANCEL,SRR-1,short,bullish,upper_edge,H:111283.6@20,SWH:111325.0,111283.6,111337.65571428572,110486.9,54.0557142857142,4.857473543784906,0.42712495767016456,14.738497317582626,0.6,0.9866666666666843,0.013333333333315694,0.0,0.0,PASS,CANCEL,,,clear,BTCUSDT|short|H:111283.6@20|SWH:111325.0,"v10_1_pass,v11_quality_fail,r_abs_bps_low,r_abs_atr_low"
2025-09-03 17:55:00,CANCEL,SRR-1,short,bullish,upper_edge,H:112470.5@20,SWH:112541.2,112470.5,112556.38785714285,110966.8,85.88785714285041,7.636478644875804,0.5655034567087956,17.507713546735868,0.1874055415616982,0.6090680100755375,0.2035264483627644,0.0,2.0,PASS,CANCEL,,,clear,BTCUSDT|short|H:112470.5@20|SWH:112541.2,"v10_1_pass,weak_body_ratio,body_not_aligned,v11_quality_fail,r_abs_bps_low,r_abs_atr_low,body_ratio_low"
2025-09-04 02:35:00,CANCEL,SRR-1,long,bullish,lower_edge,L:111367.4@20,SWL:111344.9,111367.4,111331.40428571428,112136.8,35.99571428571653,3.232158987793244,0.26671959352177044,21.374766837320813,0.8911992263056108,1.0,0.0,0.0,0.0,PASS,CANCEL,,,clear,BTCUSDT|long|L:111367.4@20|SWL:111344.9,"v10_1_pass,v11_quality_fail,r_abs_bps_low,r_abs_atr_low"
2025-09-04 03:10:00,CANCEL,SRR-1,long,bullish,lower_edge,L:111344.9@20,SWL:111282.0,111344.9,111268.85928571428,112136.8,76.04071428571478,6.829294766595936,0.5786649997282213,10.41415782898264,0.27522123893810463,0.7575221238938569,0.2424778761061432,0.0,1.0,PASS,CANCEL,,,clear,BTCUSDT|long|L:111344.9@20|SWL:111282.0,"v10_1_pass,weak_body_ratio,v11_quality_fail,r_abs_bps_low,r_abs_atr_low,body_ratio_low"
2025-09-04 04:10:00,CANCEL,SRR-1,long,bullish,lower_edge,L:111081.1@20,SWL:111060.0,111081.1,111046.16714285714,112136.8,34.93285714286321,3.144806555108224,0.25253537126928166,30.220831799773833,0.3771739130434466,0.911413043478245,0.08858695652175495,0.0,0.0,PASS,CANCEL,,,clear,BTCUSDT|long|L:111081.1@20|SWL:111060.0,"v10_1_pass,v11_quality_fail,r_abs_bps_low,r_abs_atr_low"
2025-09-04 04:35:00,CANCEL,SRR-1,long,bullish,lower_edge,L:111060.0@20,SWL:111052.8,111060.0,111040.585,112136.8,19.414999999993597,1.7481541509088419,0.15894392140805452,55.46227143962699,0.3333333333333333,0.7181286549706921,0.28187134502930783,0.0,0.0,PASS,CANCEL,,,clear,BTCUSDT|long|L:111060.0@20|SWL:111052.8,"v10_1_pass,v11_quality_fail,r_abs_bps_low,r_abs_atr_low"
2025-09-04 04:40:00,CANCEL,SRR-1,long,bullish,lower_edge,L:111060.0@20,SWL:111052.8,111060.0,111043.21357142857,112136.8,16.786428571431316,1.5114738493995423,0.17510617688699984,64.1470575720079,0.7182539682539935,1.0,0.0,0.0,0.0,PASS,CANCEL,,,clear,BTCUSDT|long|L:111060.0@20|SWL:111052.8,"v10_1_pass,v11_quality_fail,r_abs_bps_low,r_abs_atr_low"
2025-09-04 06:40:00,CANCEL,SRR-1,long,bearish,lower_edge,L:110331.4@20,SWL:110320.0,110331.4,110306.84642857143,111959.2,24.553571428565192,2.225438218726962,0.18666847678518347,66.2958545454715,0.22709475332811793,0.6303837118246033,0.1425215348472788,0.0,2.0,PASS,CANCEL,,,clear,BTCUSDT|long|L:110331.4@20|SWL:110320.0,"v10_1_pass,weak_body_ratio,body_not_aligned,v11_quality_fail,r_abs_bps_low,r_abs_atr_low,body_ratio_low"
2025-09-04 06:55:00,CANCEL,SRR-1,long,bearish,lower_edge,L:110320.0@20,SWL:110237.2,110320.0,110225.16571428571,111930.0,94.83428571428522,8.596291308401488,0.7880341880341893,16.97698240539898,0.8941825476429043,1.0,0.0,0.0,0.0,PASS,CANCEL,,,clear,BTCUSDT|long|L:110320.0@20|SWL:110237.2,"v10_1_pass,v11_quality_fail,r_abs_bps_low"
2025-09-04 14:20:00,CANCEL,SRR-1,long,bearish,lower_edge,L:109676.0@20,SWL:109655.4,109676.0,109630.04285714285,111111.0,45.95714285715076,4.190264310984241,0.18123943661974798,31.224743549885837,0.31549573210764753,0.6953381483913291,0.3046618516086708,0.0,0.0,PASS,CANCEL,,,clear,BTCUSDT|long|L:109676.0@20|SWL:109655.4,"v10_1_pass,v11_quality_fail,r_abs_bps_low,r_abs_atr_low"
2025-09-04 14:25:00,CANCEL,SRR-1,long,bearish,lower_edge,L:109676.0@20,SWL:109655.4,109676.0,109629.92785714284,111111.0,46.072142857155995,4.200749740796163,0.1808726620117713,31.14680392551165,0.25337078651688666,0.6308988764045107,0.36910112359548924,0.0,1.0,PASS,CANCEL,,,clear,BTCUSDT|long|L:109676.0@20|SWL:109655.4,"v10_1_pass,weak_body_ratio,v11_quality_fail,r_abs_bps_low,r_abs_atr_low,body_ratio_low"
2025-09-04 15:25:00,CANCEL,SRR-1,long,bearish,lower_edge,L:109352.3@20,SWL:109269.1,109352.3,109249.48714285715,111081.6,102.81285714285332,9.401983967676339,0.5242115230533761,16.819880782004017,0.4423880597014404,0.7468656716417389,0.2531343283582611,0.0,0.0,PASS,CANCEL,,,clear,BTCUSDT|long|L:109352.3@20|SWL:109269.1,"v10_1_pass,v11_quality_fail,r_abs_bps_low,r_abs_atr_low"
2025-09-04 22:40:00,CANCEL,SRR-1,short,bearish,upper_edge,H:110860.0@20,SWH:110922.2,110860.0,110930.99142857143,109557.3,70.99142857143306,6.403700935543303,0.8075073123172317,18.35010262808267,0.8401792382374359,0.8409260642270238,0.15907393577297627,0.0,0.0,PASS,CANCEL,,,clear,BTCUSDT|short|H:110860.0@20|SWH:110922.2,"v10_1_pass,v11_quality_fail,r_abs_bps_low"
2025-09-04 23:10:00,CANCEL,SRR-1,short,bearish,upper_edge,H:111560.0@20,SWH:111743.8,111560.0,111761.655,109632.5,201.65499999999884,18.07592326998914,1.129403528423412,9.55840420520201,0.5046072838964587,0.9995612110575196,0.00043878894248034845,0.0,0.0,PASS,CANCEL,,,clear,BTCUSDT|short|H:111560.0@20|SWH:111743.8,"v10_1_pass,v11_quality_fail,r_abs_bps_low"
2025-09-05 05:20:00,CANCEL,SRR-1,short,bullish,upper_edge,H:111519.5@20,SWH:111545.0,111519.5,111552.435,110394.2,32.93499999999767,2.9532951636258837,0.4429724277067572,34.16729922575019,0.5134328358208087,0.8955223880597015,0.1044776119402985,0.0,0.0,PASS,CANCEL,,,clear,BTCUSDT|short|H:111519.5@20|SWH:111545.0,"v10_1_pass,v11_quality_fail,r_abs_bps_low,r_abs_atr_low"
2025-09-05 05:35:00,CANCEL,SRR-1,short,bullish,upper_edge,H:111545.0@20,SWH:111583.9,111545.0,111590.875,110394.2,45.875,4.1126899457618,0.6577060931899543,25.08555858310633,0.122929380993951,0.9895379250218211,0.010462074978178902,0.0,1.0,PASS,CANCEL,,,clear,BTCUSDT|short|H:111545.0@20|SWH:111583.9,"v10_1_pass,weak_body_ratio,v11_quality_fail,r_abs_bps_low,r_abs_atr_low,body_ratio_low"
2025-09-05 14:55:00,CANCEL,SRR-1,long,bullish,lower_edge,L:110534.3@20,SWL:110440.0,110534.3,110396.78571428571,113344.3,137.51428571429278,12.44087000273153,0.31821487603307497,20.434240598378338,0.31964728575365625,0.9413061449435417,0.05869385505645825,0.0,0.0,PASS,CANCEL,,,clear,BTCUSDT|long|L:110534.3@20|SWL:110440.0,"v10_1_pass,v11_quality_fail,r_abs_bps_low,r_abs_atr_low"
2025-09-05 15:10:00,CANCEL,SRR-1,long,bullish,lower_edge,L:110440.0@20,SWL:110240.0,110440.0,110196.83142857143,113344.3,243.16857142857043,22.01816112174669,0.563300019855715,11.943566485330637,0.7766689607708324,0.8922918100481629,0.10770818995183706,0.0,0.0,PASS,CANCEL,,,clear,BTCUSDT|long|L:110440.0@20|SWL:110240.0,"v10_1_pass,v11_quality_fail,r_abs_atr_low"
2025-09-05 21:05:00,CANCEL,SRR-1,short,bearish,upper_edge,H:111598.2@20,SWH:111655.5,111598.2,111669.66857142857,110153.3,71.46857142857334,6.404097147496406,0.5044162129461705,20.21727832413786,0.626895854398373,0.9994944388270687,0.0005055611729313412,0.0,0.0,PASS,CANCEL,,,clear,BTCUSDT|short|H:111598.2@20|SWH:111655.5,"v10_1_pass,v11_quality_fail,r_abs_bps_low,r_abs_atr_low"
2025-09-05 21:10:00,CANCEL,SRR-1,short,bearish,upper_edge,H:111598.2@20,SWH:111655.5,111598.2,111668.81428571428,110153.3,70.61428571428405,6.3275470136869645,0.5303648068669361,20.46186526401011,0.9995140913507977,1.0,0.0,0.0,0.0,PASS,CANCEL,,,clear,BTCUSDT|short|H:111598.2@20|SWH:111655.5,"v10_1_pass,v11_quality_fail,r_abs_bps_low,r_abs_atr_low"
2025-09-06 10:05:00,CANCEL,SRR-1,long,bearish,lower_edge,L:110653.1@20,SWL:110630.0,110653.1,110624.60857142857,110928.5,28.49142857143306,2.5748423289933187,0.5284578696344011,9.66606498194773,0.26582278481035393,1.0,0.0,0.0,1.0,PASS,CANCEL,,,clear,BTCUSDT|long|L:110653.1@20|SWL:110630.0,"v10_1_pass,weak_body_ratio,v11_quality_fail,r_abs_bps_low,r_abs_atr_low,body_ratio_low"
2025-09-06 10:10:00,CANCEL,SRR-1,long,bearish,lower_edge,L:110653.1@20,SWL:110630.0,110653.1,110624.08428571429,110928.5,29.015714285720605,2.622223352596593,0.4904853900025062,9.491408596324845,0.5989528795811213,0.6000000000000305,0.39999999999996955,0.0,0.0,PASS,CANCEL,,,clear,BTCUSDT|long|L:110653.1@20|SWL:110630.0,"v10_1_pass,v11_quality_fail,r_abs_bps_low,r_abs_atr_low"
2025-09-06 14:10:00,CANCEL,SRR-1,short,bearish,upper_edge,H:110910.0@20,SWH:110956.5,110910.0,110961.12642857143,110621.0,51.12642857142782,4.609722168553586,1.105094951366412,5.652653785433952,0.8753993610225038,0.8753993610225038,0.12460063897749615,0.0,0.0,PASS,CANCEL,,,clear,BTCUSDT|short|H:110910.0@20|SWH:110956.5,"v10_1_pass,v11_quality_fail,r_abs_bps_low"
2025-09-07 03:25:00,CANCEL,SRR-1,short,bearish,upper_edge,H:110645.7@20,SWH:110656.1,110645.7,110660.645,110023.6,14.945000000006985,1.350707709382921,0.3288228822883885,41.625961860133856,0.03333333333319474,0.9619047619053163,0.0047619047614889925,0.0,2.0,PASS,CANCEL,,,clear,BTCUSDT|short|H:110645.7@20|SWH:110656.1,"v10_1_pass,weak_body_ratio,body_not_aligned,v11_quality_fail,r_abs_bps_low,r_abs_atr_low,body_ratio_low"
2025-09-07 03:35:00,CANCEL,SRR-1,short,bearish,upper_edge,H:110690.4@20,SWH:110700.0,110690.4,110704.56714285714,110023.6,14.167142857142608,1.279889028962097,0.3101970597434998,47.06665322174045,0.05333333333333334,0.5853333333332558,0.4146666666667443,0.0,2.0,PASS,CANCEL,,,clear,BTCUSDT|short|H:110690.4@20|SWH:110700.0,"v10_1_pass,weak_body_ratio,weak_close_strength,v11_quality_fail,r_abs_bps_low,r_abs_atr_low,close_strength_low,body_ratio_low"
2025-09-07 03:40:00,CANCEL,SRR-1,short,bearish,upper_edge,H:110690.4@20,SWH:110700.0,110690.4,110704.67428571428,110023.6,14.274285714287544,1.289568536592834,0.3053789731051763,46.71337069655044,0.6590909090912014,0.661616161616234,0.338383838383766,0.0,0.0,PASS,CANCEL,,,clear,BTCUSDT|short|H:110690.4@20|SWH:110700.0,"v10_1_pass,v11_quality_fail,r_abs_bps_low,r_abs_atr_low"
2025-09-07 07:50:00,CANCEL,SRR-1,short,bearish,upper_edge,H:110787.5@20,SWH:110880.8,110787.5,110888.22785714286,110414.4,100.72785714286147,9.091987556616177,1.3560823156073358,3.7040398811506656,0.3177476118653035,0.974861739567623,0.025138260432376977,0.0,0.0,PASS,CANCEL,,,clear,BTCUSDT|short|H:110787.5@20|SWH:110880.8,"v10_1_pass,v11_quality_fail,r_abs_bps_low"
2025-09-07 07:55:00,CANCEL,SRR-1,short,bearish,upper_edge,H:110787.5@20,SWH:110880.8,110787.5,110888.38785714286,110414.4,100.88785714286496,9.106429619123544,1.32959615927714,3.698165572806919,0.31519699812386476,0.9061913696060089,0.09380863039399112,0.0,0.0,PASS,CANCEL,,,clear,BTCUSDT|short|H:110787.5@20|SWH:110880.8,"v10_1_pass,v11_quality_fail,r_abs_bps_low"
2025-09-07 08:35:00,CANCEL,SRR-1,short,bullish,upper_edge,H:111277.2@20,SWH:111348.0,111277.2,111360.52571428572,110414.4,83.32571428571828,7.488121042380494,0.6652372262773854,10.35454670141224,0.1463414634145657,0.9863868406125429,0.013613159387457127,0.0,1.0,PASS,CANCEL,,,clear,BTCUSDT|short|H:111277.2@20|SWH:111348.0,"v10_1_pass,weak_body_ratio,v11_quality_fail,r_abs_bps_low,r_abs_atr_low,body_ratio_low"
2025-09-07 17:35:00,CANCEL,SRR-1,long,bullish,lower_edge,L:110860.7@20,SWL:110850.0,110860.7,110842.42571428571,111371.4,18.274285714287544,1.6484007149772233,0.2412674462467215,27.94637273295514,0.34385382059809577,0.9991694352160193,0.0008305647839806784,0.0,0.0,PASS,CANCEL,,,clear,BTCUSDT|long|L:110860.7@20|SWL:110850.0,"v10_1_pass,v11_quality_fail,r_abs_bps_low,r_abs_atr_low"
2025-09-07 17:40:00,CANCEL,SRR-1,long,bullish,lower_edge,L:110860.7@20,SWL:110850.0,110860.7,110842.2357142857,111371.4,18.464285714289872,1.6655393402973164,0.23781048758055034,27.658800773688004,0.5295358649790908,0.531645569620257,0.46835443037974295,0.0,2.0,PASS,CANCEL,,,clear,BTCUSDT|long|L:110860.7@20|SWL:110850.0,"v10_1_pass,weak_close_strength,opposite_wick_high,v11_quality_fail,r_abs_bps_low,r_abs_atr_low,close_strength_low"
2025-09-08 00:25:00,CANCEL,SRR-1,long,bullish,lower_edge,L:110947.6@20,SWL:110915.6,110947.6,110902.755,111559.5,44.845000000001164,4.041998204557932,0.3491241728299006,13.644776452223844,0.5481171548117155,0.9966527196651989,0.0033472803348010977,0.0,0.0,PASS,CANCEL,,,clear,BTCUSDT|long|L:110947.6@20|SWL:110915.6,"v10_1_pass,v11_quality_fail,r_abs_bps_low,r_abs_atr_low"
2025-09-08 01:10:00,CANCEL,SRR-1,long,bullish,lower_edge,L:110683.8@20,SWL:110680.0,110683.8,110662.94071428571,111559.5,20.859285714293947,1.8845834453003913,0.12227525855215705,41.98130329074109,0.32329749103936395,0.6172043010752062,0.38279569892479376,0.0,0.0,PASS,CANCEL,,,clear,BTCUSDT|long|L:110683.8@20|SWL:110680.0,"v10_1_pass,v11_quality_fail,r_abs_bps_low,r_abs_atr_low"
2025-09-08 07:35:00,CANCEL,SRR-1,short,bullish,upper_edge,H:111531.9@20,SWH:111580.7,111531.9,111589.30142857143,110786.0,57.401428571436554,5.146637739645479,0.6673476166750895,12.994450113235692,0.1506849315068394,1.0,0.0,0.0,1.0,PASS,CANCEL,,,clear,BTCUSDT|short|H:111531.9@20|SWH:111580.7,"v10_1_pass,weak_body_ratio,v11_quality_fail,r_abs_bps_low,r_abs_atr_low,body_ratio_low"
2025-09-08 07:40:00,CANCEL,SRR-1,short,bullish,upper_edge,H:111531.9@20,SWH:111580.7,111531.9,111590.52357142857,110786.0,58.62357142857218,5.2562156144181325,0.5967643423253425,12.72355098509837,0.6161577116351392,0.6165442597603471,0.3834557402396529,0.0,0.0,PASS,CANCEL,,,clear,BTCUSDT|short|H:111531.9@20|SWH:111580.7,"v10_1_pass,v11_quality_fail,r_abs_bps_low,r_abs_atr_low"
2025-09-08 08:50:00,CANCEL,SRR-1,short,bullish,upper_edge,H:111804.5@20,SWH:111876.5,111804.5,111890.17071428572,110852.1,85.67071428571944,7.6625461663635575,0.626673284915657,11.116984467103375,0.3611274221961183,1.0,0.0,0.0,0.0,PASS,CANCEL,,,clear,BTCUSDT|short|H:111804.5@20|SWH:111876.5,"v10_1_pass,v11_quality_fail,r_abs_bps_low,r_abs_atr_low"
2025-09-08 08:55:00,CANCEL,SRR-1,short,bullish,upper_edge,H:111804.5@20,SWH:111876.5,111804.5,111890.88428571429,110852.1,86.38428571428813,7.7263693066279195,0.6005462310060785,11.025153384378397,0.5525092936803454,0.8006505576208423,0.1993494423791578,0.0,0.0,PASS,CANCEL,,,clear,BTCUSDT|short|H:111804.5@20|SWH:111876.5,"v10_1_pass,v11_quality_fail,r_abs_bps_low,r_abs_atr_low"
2025-09-08 09:25:00,CANCEL,SRR-1,short,bullish,upper_edge,H:111980.3@20,SWH:112042.0,111980.3,112059.69857142857,110852.1,79.39857142856636,7.090405314913994,0.4486157074824202,14.209323665414066,0.1921655580192331,0.6504065040650966,0.3495934959349034,0.0,1.0,PASS,CANCEL,,,clear,BTCUSDT|short|H:111980.3@20|SWH:112042.0,"v10_1_pass,weak_body_ratio,v11_quality_fail,r_abs_bps_low,r_abs_atr_low,body_ratio_low"
2025-09-08 10:05:00,CANCEL,SRR-1,short,bullish,upper_edge,H:112066.7@20,SWH:112089.8,112066.7,112104.14642857143,110852.1,37.44642857143481,3.341441174892703,0.2610156833458201,32.43567000476308,0.6998050682261096,0.9902534113060434,0.009746588693956563,0.0,0.0,PASS,CANCEL,,,clear,BTCUSDT|short|H:112066.7@20|SWH:112089.8,"v10_1_pass,v11_quality_fail,r_abs_bps_low,r_abs_atr_low"
2025-09-08 10:10:00,CANCEL,SRR-1,short,bullish,upper_edge,H:112066.7@20,SWH:112089.8,112066.7,112104.72857142857,110852.1,38.02857142857101,3.393387279947657,0.2547368421052586,31.93914350112709,0.18844069837450064,0.7706201083684933,0.22937989163150677,0.0,1.0,PASS,CANCEL,,,clear,BTCUSDT|short|H:112066.7@20|SWH:112089.8,"v10_1_pass,weak_body_ratio,v11_quality_fail,r_abs_bps_low,r_abs_atr_low,body_ratio_low"
2025-09-08 10:40:00,CANCEL,SRR-1,short,bullish,upper_edge,H:112117.0@20,SWH:112122.7,112117.0,112133.86,110852.1,16.860000000000582,1.5037862233203334,0.15107526881720867,75.02372479240513,0.08386508659992603,0.8641750227894751,0.13582497721052483,0.0,1.0,PASS,CANCEL,,,clear,BTCUSDT|short|H:112117.0@20|SWH:112122.7,"v10_1_pass,weak_body_ratio,v11_quality_fail,r_abs_bps_low,r_abs_atr_low,body_ratio_low"
2025-09-08 10:50:00,CANCEL,SRR-1,short,bullish,upper_edge,H:112122.7@20,SWH:112144.0,112122.7,112155.05428571429,110863.5,32.35428571428929,2.8856142167722765,0.2926854484363197,38.91910985517046,0.3124274099884659,1.0,0.0,0.0,0.0,PASS,CANCEL,,,clear,BTCUSDT|short|H:112122.7@20|SWH:112144.0,"v10_1_pass,v11_quality_fail,r_abs_bps_low,r_abs_atr_low"
2025-09-08 10:55:00,CANCEL,SRR-1,short,bullish,upper_edge,H:112122.7@20,SWH:112144.0,112122.7,112155.28071428572,110863.5,32.580714285722934,2.905808929478414,0.2888178306845566,38.64863087276715,0.6131128174837633,0.8151210868281018,0.18487891317189825,0.0,0.0,PASS,CANCEL,,,clear,BTCUSDT|short|H:112122.7@20|SWH:112144.0,"v10_1_pass,v11_quality_fail,r_abs_bps_low,r_abs_atr_low"
2025-09-08 13:40:00,CANCEL,SRR-1,short,bullish,upper_edge,H:112321.3@20,SWH:112331.0,112321.3,112344.58071428571,111500.0,23.28071428570547,2.0726891770043143,0.17142481460047002,35.278127205241596,0.755380577427791,0.9131233595800372,0.08687664041996278,0.0,0.0,PASS,CANCEL,,,clear,BTCUSDT|short|H:112321.3@20|SWH:112331.0,"v10_1_pass,v11_quality_fail,r_abs_bps_low,r_abs_atr_low"
2025-09-08 20:25:00,CANCEL,SRR-1,long,bullish,lower_edge,L:111927.0@20,SWL:111920.9,111927.0,111913.47857142857,112867.6,13.521428571431898,1.208057802981577,0.18219441770938075,69.56365557314761,0.5899581589957191,0.5899581589957191,0.4100418410042809,0.0,1.0,PASS,CANCEL,,,clear,BTCUSDT|long|L:111927.0@20|SWL:111920.9,"v10_1_pass,weak_close_strength,v11_quality_fail,r_abs_bps_low,r_abs_atr_low,close_strength_low"
2025-09-08 20:55:00,CANCEL,SRR-1,long,bullish,lower_edge,L:111865.1@20,SWL:111847.0,111865.1,111839.92285714285,112635.0,25.17714285715192,2.250670035350786,0.35575292692787264,30.57932364955753,1.0,1.0,0.0,0.0,0.0,PASS,CANCEL,,,clear,BTCUSDT|long|L:111865.1@20|SWL:111847.0,"v10_1_pass,v11_quality_fail,r_abs_bps_low,r_abs_atr_low"
2025-09-09 00:35:00,CANCEL,SRR-1,long,bullish,lower_edge,L:111554.8@20,SWL:111511.4,111554.8,111501.25357142856,112460.4,53.54642857144063,4.800011166838238,0.5277367124253213,16.912425798702092,0.24901185770759626,0.7509881422924037,0.0,0.0,2.0,PASS,CANCEL,,,clear,BTCUSDT|long|L:111554.8@20|SWL:111511.4,"v10_1_pass,weak_body_ratio,body_not_aligned,v11_quality_fail,r_abs_bps_low,r_abs_atr_low,body_ratio_low"
2025-09-09 00:50:00,CANCEL,SRR-1,long,bullish,lower_edge,L:111511.4@20,SWL:111409.0,111511.4,111396.52214285714,112460.4,114.87785714285565,10.301893541185533,0.9206537294636047,8.260947963364924,0.4797609345286294,0.8894322195055393,0.11056778049446074,0.0,0.0,PASS,CANCEL,,,clear,BTCUSDT|long|L:111511.4@20|SWL:111409.0,"v10_1_pass,v11_quality_fail,r_abs_bps_low"
2025-09-09 02:10:00,CANCEL,SRR-1,long,bullish,lower_edge,L:111220.0@20,SWL:111150.0,111220.0,111137.09,112460.4,82.91000000000349,7.454594497392869,0.6422153369481365,14.96080086841083,0.03583061889245989,0.9633550488599357,0.0008143322476043843,0.0,2.0,PASS,CANCEL,,,clear,BTCUSDT|long|L:111220.0@20|SWL:111150.0,"v10_1_pass,weak_body_ratio,body_not_aligned,v11_quality_fail,r_abs_bps_low,r_abs_atr_low,body_ratio_low"
2025-09-09 02:25:00,CANCEL,SRR-1,long,bullish,lower_edge,L:111150.0@20,SWL:111050.0,111150.0,111036.65928571428,112460.4,113.3407142857177,10.197095302358766,0.8495850511324423,11.561599979832847,0.5342190016103068,0.4657809983896932,0.0,0.0,2.0,PASS,CANCEL,,,clear,BTCUSDT|long|L:111150.0@20|SWL:111050.0,"v10_1_pass,weak_close_strength,body_not_aligned,v11_quality_fail,r_abs_bps_low,close_strength_low"
2025-09-09 06:20:00,CANCEL,SRR-1,short,bullish,upper_edge,H:112748.6@20,SWH:112800.0,112748.6,112813.76214285714,111050.0,65.16214285713795,5.77941924397624,0.4734883479524226,26.067282712356945,0.3678887484197296,1.0,0.0,0.0,0.0,PASS,CANCEL,,,clear,BTCUSDT|short|H:112748.6@20|SWH:112800.0,"v10_1_pass,v11_quality_fail,r_abs_bps_low,r_abs_atr_low"
2025-09-09 06:40:00,CANCEL,SRR-1,short,bullish,upper_edge,H:112800.0@20,SWH:112855.0,112800.0,112870.17142857143,111050.0,70.17142857142608,6.220871327254085,0.46252354048962574,24.93892508143411,0.2184353214562031,0.6948102246320143,0.08675445391178262,0.0,2.0,PASS,CANCEL,,,clear,BTCUSDT|short|H:112800.0@20|SWH:112855.0,"v10_1_pass,weak_body_ratio,body_not_aligned,v11_quality_fail,r_abs_bps_low,r_abs_atr_low,body_ratio_low"
2025-09-09 07:10:00,CANCEL,SRR-1,short,bullish,upper_edge,H:113131.6@20,SWH:113150.0,113131.6,113170.48142857142,111050.0,38.88142857141793,3.4368318463999383,0.18983748343441867,53.537127530602305,0.035398230088495575,0.6318584070796589,0.3681415929203411,0.0,1.0,PASS,CANCEL,,,clear,BTCUSDT|short|H:113131.6@20|SWH:113150.0,"v10_1_pass,weak_body_ratio,v11_quality_fail,r_abs_bps_low,r_abs_atr_low,body_ratio_low"
2025-09-09 07:25:00,CANCEL,SRR-1,short,bullish,upper_edge,H:113150.0@20,SWH:113187.7,113150.0,113205.96571428572,111050.0,55.965714285717695,4.946152389369659,0.30639762239951845,37.52297324892563,0.5761641673243354,0.6724546172060285,0.3275453827939715,0.0,0.0,PASS,CANCEL,,,clear,BTCUSDT|short|H:113150.0@20|SWH:113187.7,"v10_1_pass,v11_quality_fail,r_abs_bps_low,r_abs_atr_low"
2025-09-09 07:35:00,CANCEL,SRR-1,short,bullish,upper_edge,H:113209.8@20,SWH:113212.8,113209.8,113230.17142857143,111165.9,20.371428571423166,1.799440381612119,0.11726973684207415,100.33169705472551,0.7384007897334725,1.0,0.0,0.0,0.0,PASS,CANCEL,,,clear,BTCUSDT|short|H:113209.8@20|SWH:113212.8,"v10_1_pass,v11_quality_fail,r_abs_bps_low,r_abs_atr_low"
2025-09-09 07:40:00,CANCEL,SRR-1,short,bullish,upper_edge,H:113209.8@20,SWH:113238.0,113209.8,113256.16428571429,111165.9,46.36428571428405,4.095430405696685,0.2552497050727396,44.08350023109097,0.35076775431865576,0.9577735124760623,0.04222648752393764,0.0,0.0,PASS,CANCEL,,,clear,BTCUSDT|short|H:113209.8@20|SWH:113238.0,"v10_1_pass,v11_quality_fail,r_abs_bps_low,r_abs_atr_low"
2025-09-09 14:50:00,CANCEL,SRR-1,long,bullish,lower_edge,L:111500.0@20,SWL:111452.4,111500.0,111420.25714285714,113011.8,79.74285714286088,7.151825752722949,0.24808888888890215,18.95843783590026,0.7273905996758792,0.964991896272323,0.035008103727677015,0.0,0.0,PASS,CANCEL,,,clear,BTCUSDT|long|L:111500.0@20|SWL:111452.4,"v10_1_pass,v11_quality_fail,r_abs_bps_low,r_abs_atr_low"
2025-09-09 14:55:00,CANCEL,SRR-1,long,bullish,lower_edge,L:111500.0@20,SWL:111452.4,111500.0,111419.37428571428,113011.8,80.62571428572119,7.231005765535532,0.24413011506187868,18.75084163152329,0.292313117066264,1.0,0.0,0.0,1.0,PASS,CANCEL,,,clear,BTCUSDT|long|L:111500.0@20|SWL:111452.4,"v10_1_pass,weak_body_ratio,v11_quality_fail,r_abs_bps_low,r_abs_atr_low,body_ratio_low"
2025-09-09 15:50:00,CANCEL,SRR-1,long,bullish,lower_edge,L:110760.0@20,SWL:110716.5,110760.0,110693.77357142857,112900.0,66.22642857143364,5.979273074343955,0.2914071094069421,32.31338373760767,0.30024213075060535,0.5941888619854581,0.40581113801454194,0.0,1.0,PASS,CANCEL,,,clear,BTCUSDT|long|L:110760.0@20|SWL:110716.5,"v10_1_pass,weak_close_strength,v11_quality_fail,r_abs_bps_low,r_abs_atr_low,close_strength_low"
2025-09-09 15:55:00,CANCEL,SRR-1,long,bullish,lower_edge,L:110760.0@20,SWL:110714.9,110760.0,110692.07928571428,112900.0,67.92071428571944,6.13224217097503,0.2976274687783859,31.50732471684183,0.5462213225371254,0.9655870445344238,0.03441295546557621,0.0,0.0,PASS,CANCEL,,,clear,BTCUSDT|long|L:110760.0@20|SWL:110714.9,"v10_1_pass,v11_quality_fail,r_abs_bps_low,r_abs_atr_low"
2025-09-10 01:35:00,CANCEL,SRR-1,long,bearish,lower_edge,L:110873.8@20,SWL:110855.8,110873.8,110841.98642857143,111692.3,31.813571428574505,2.869349785844312,0.2303066342623961,25.7280136509551,0.7310720775287914,0.918231374924284,0.08176862507571601,0.0,0.0,PASS,CANCEL,,,clear,BTCUSDT|long|L:110873.8@20|SWL:110855.8,"v10_1_pass,v11_quality_fail,r_abs_bps_low,r_abs_atr_low"
2025-09-10 05:55:00,CANCEL,SRR-1,short,bearish,upper_edge,H:111621.7@20,SWH:111674.2,111621.7,111685.19642857142,110855.8,63.496428571423166,5.688538032606846,0.5774277362779686,12.062095730919435,0.6698377168438671,0.8662562954672532,0.13374370453274675,0.0,0.0,PASS,CANCEL,,,clear,BTCUSDT|short|H:111621.7@20|SWH:111674.2,"v10_1_pass,v11_quality_fail,r_abs_bps_low,r_abs_atr_low"
2025-09-10 06:35:00,CANCEL,SRR-1,short,bearish,upper_edge,H:111762.8@20,SWH:111790.7,111762.8,111804.21428571429,110855.8,41.41428571428696,3.7055519112161615,0.30644820295984243,21.900655398412585,0.2283172720534043,0.8547071905115484,0.14529280948845155,0.0,1.0,PASS,CANCEL,,,clear,BTCUSDT|short|H:111762.8@20|SWH:111790.7,"v10_1_pass,weak_body_ratio,v11_quality_fail,r_abs_bps_low,r_abs_atr_low,body_ratio_low"
2025-09-10 08:05:00,CANCEL,SRR-1,short,bullish,upper_edge,H:112555.0@20,SWH:112597.5,112555.0,112612.72571428571,111304.4,57.725714285712456,5.12866725473879,0.37913304559954175,21.664521876856856,0.3874827427519372,0.8361711919005737,0.16382880809942635,0.0,0.0,PASS,CANCEL,,,clear,BTCUSDT|short|H:112555.0@20|SWH:112597.5,"v10_1_pass,v11_quality_fail,r_abs_bps_low,r_abs_atr_low"
2025-09-11 01:20:00,CANCEL,SRR-1,short,bullish,upper_edge,H:114005.0@20,SWH:114142.4,114005.0,114152.39357142856,113468.4,147.3935714285617,12.928693603663145,1.4748838539059637,3.6405929702306157,0.3453173546382909,0.9551708832667919,0.04482911673320813,0.0,0.0,PASS,CANCEL,,,clear,BTCUSDT|short|H:114005.0@20|SWH:114142.4,"v10_1_pass,v11_quality_fail,r_abs_bps_low"
2025-09-11 01:25:00,CANCEL,SRR-1,short,bullish,upper_edge,H:114005.0@20,SWH:114142.4,114005.0,114152.22357142856,113468.4,147.22357142856345,12.913781976980259,1.4986766523666561,3.6447967862291506,0.1056701030929256,0.7564432989691654,0.24355670103083454,0.0,1.0,PASS,CANCEL,,,clear,BTCUSDT|short|H:114005.0@20|SWH:114142.4,"v10_1_pass,weak_body_ratio,v11_quality_fail,r_abs_bps_low,body_ratio_low"
2025-09-11 03:55:00,CANCEL,SRR-1,short,bullish,upper_edge,H:114229.3@20,SWH:114259.7,114229.3,114268.07357142857,113614.5,38.773571428566356,3.3943630424563884,0.4630470016206781,15.856161229116237,1.0,1.0,0.0,0.0,1.0,PASS,CANCEL,,,clear,BTCUSDT|short|H:114229.3@20|SWH:114259.7,"v10_1_pass,weak_retest,v11_quality_fail,r_abs_bps_low,r_abs_atr_low"
2025-09-11 09:35:00,CANCEL,SRR-1,long,bullish,lower_edge,L:113806.1@20,SWL:113801.3,113806.1,113794.34714285715,114419.9,11.752857142855646,1.0327088919535636,0.16903636737207475,52.225598638634565,0.2753391859537047,0.7246608140462953,0.0,0.0,2.0,PASS,CANCEL,,,clear,BTCUSDT|long|L:113806.1@20|SWL:113801.3,"v10_1_pass,weak_body_ratio,body_not_aligned,v11_quality_fail,r_abs_bps_low,r_abs_atr_low,body_ratio_low"
2025-09-11 09:50:00,CANCEL,SRR-1,long,bullish,lower_edge,L:113800.0@20,SWL:113722.2,113800.0,113715.035,114419.9,84.96499999999651,7.466168717047145,1.185833914863849,7.295945389278169,0.2621283255086012,0.8716744913928497,0.12832550860715028,0.0,1.0,PASS,CANCEL,,,clear,BTCUSDT|long|L:113800.0@20|SWL:113722.2,"v10_1_pass,weak_body_ratio,v11_quality_fail,r_abs_bps_low,body_ratio_low"
2025-09-11 12:35:00,CANCEL,SRR-1,short,bullish,upper_edge,H:114450.0@20,SWH:114500.0,114450.0,114519.12071428572,113722.2,69.12071428571653,6.039380889970864,0.3614965071538099,10.529405078072223,0.6050524308865558,0.7538608198284108,0.24613918017158923,0.0,0.0,PASS,CANCEL,,,clear,BTCUSDT|short|H:114450.0@20|SWH:114500.0,"v10_1_pass,v11_quality_fail,r_abs_bps_low,r_abs_atr_low"
2025-09-11 12:40:00,CANCEL,SRR-1,short,bullish,upper_edge,H:114450.0@20,SWH:114500.0,114450.0,114520.90285714285,113722.2,70.90285714284983,6.1950945515814615,0.33920174958990723,10.264748549324118,0.5102529049897225,0.48017771701983664,0.009569377990440855,0.0,2.0,PASS,CANCEL,,,clear,BTCUSDT|short|H:114450.0@20|SWH:114500.0,"v10_1_pass,weak_close_strength,body_not_aligned,v11_quality_fail,r_abs_bps_low,r_abs_atr_low,close_strength_low"
2025-09-11 13:20:00,CANCEL,SRR-1,long,bullish,lower_edge,L:113380.4@20,SWL:113340.7,113380.4,113312.05285714286,114500.0,68.34714285713562,6.028126806497034,0.23858275569737714,16.381079781788078,0.3743922204213978,0.8849270664505552,0.11507293354944484,0.0,0.0,PASS,CANCEL,,,clear,BTCUSDT|long|L:113380.4@20|SWL:113340.7,"v10_1_pass,v11_quality_fail,r_abs_bps_low,r_abs_atr_low"
2025-09-11 13:25:00,CANCEL,SRR-1,long,bullish,lower_edge,L:113380.4@20,SWL:113340.7,113380.4,113312.53,114500.0,67.86999999999534,5.986043443134382,0.2409300674476235,16.496242817151654,0.9727767695099812,0.9727767695099812,0.027223230490018867,0.0,0.0,PASS,CANCEL,,,clear,BTCUSDT|long|L:113380.4@20|SWL:113340.7,"v10_1_pass,v11_quality_fail,r_abs_bps_low,r_abs_atr_low"
2025-09-11 23:10:00,CANCEL,SRR-1,short,bullish,upper_edge,H:115218.9@20,SWH:115280.0,115218.9,115295.69642857143,114008.5,76.79642857144063,6.665263127094655,0.48926052332203357,15.761149607029026,0.17846153846151608,0.7523076923077147,0.06923076923076923,0.0,2.0,PASS,CANCEL,,,clear,BTCUSDT|short|H:115218.9@20|SWH:115280.0,"v10_1_pass,weak_body_ratio,body_not_aligned,v11_quality_fail,r_abs_bps_low,r_abs_atr_low,body_ratio_low"
2025-09-12 18:50:00,CANCEL,SRR-1,short,bullish,upper_edge,H:116421.8@20,SWH:116444.0,116421.8,116456.935,114818.7,35.13499999999476,3.0179055812566684,0.2716273676072253,45.62686779565234,0.5847908745247812,0.8311787072243567,0.16882129277564326,0.0,0.0,PASS,CANCEL,,,active,BTCUSDT|short|H:116421.8@20|SWH:116444.0,"v10_1_pass,v11_quality_fail,r_abs_bps_low,r_abs_atr_low"
2025-09-13 16:20:00,CANCEL,SRR-1,long,bullish,lower_edge,L:115546.1@20,SWL:115531.0,115546.1,115521.90857142858,116013.7,24.19142857143015,2.0936603287718194,0.2660905091137817,19.329160269279114,0.43862068965521256,0.4855172413792702,0.07586206896551724,0.0,2.0,PASS,CANCEL,,,clear,BTCUSDT|long|L:115546.1@20|SWL:115531.0,"v10_1_pass,weak_close_strength,body_not_aligned,v11_quality_fail,r_abs_bps_low,r_abs_atr_low,close_strength_low"
2025-09-14 04:25:00,CANCEL,SRR-1,long,bullish,lower_edge,L:115540.0@20,SWL:115406.1,115540.0,115399.31571428572,116075.8,140.68428571427648,12.176240757683615,2.073678669193436,3.808527706414836,0.8743654822334888,0.9581218274111322,0.041878172588867876,0.0,0.0,PASS,CANCEL,,,clear,BTCUSDT|long|L:115540.0@20|SWL:115406.1,"v10_1_pass,v11_quality_fail,r_abs_bps_low"
2025-09-14 08:40:00,CANCEL,SRR-1,short,bearish,upper_edge,H:115884.1@20,SWH:115890.0,115884.1,115893.73142857142,115406.1,9.631428571417928,0.8311259759896248,0.25811638591090397,49.62919015134526,0.15789473684210525,0.6947368421058758,0.3052631578941241,0.0,2.0,PASS,CANCEL,,,clear,BTCUSDT|short|H:115884.1@20|SWH:115890.0,"v10_1_pass,weak_body_ratio,weak_retest,v11_quality_fail,r_abs_bps_low,r_abs_atr_low,body_ratio_low"
2025-09-14 08:50:00,CANCEL,SRR-1,short,bearish,upper_edge,H:115925.3@20,SWH:115938.7,115925.3,115942.34357142857,115406.1,17.04357142857043,1.470220170106994,0.467771025289153,30.463098780438308,0.4530612244900335,1.0,0.0,0.0,0.0,PASS,CANCEL,,,clear,BTCUSDT|short|H:115925.3@20|SWH:115938.7,"v10_1_pass,v11_quality_fail,r_abs_bps_low,r_abs_atr_low"
2025-09-14 08:55:00,CANCEL,SRR-1,short,bearish,upper_edge,H:115925.3@20,SWH:115938.7,115925.3,115942.57214285714,115406.1,17.272142857138533,1.4899373007564813,0.4460616122485701,30.05996443489425,0.995565410199299,0.9977827050996495,0.0022172949003505067,0.0,0.0,PASS,CANCEL,,,clear,BTCUSDT|short|H:115925.3@20|SWH:115938.7,"v10_1_pass,v11_quality_fail,r_abs_bps_low,r_abs_atr_low"
2025-09-14 12:50:00,CANCEL,SRR-1,long,bullish,lower_edge,L:115655.0@20,SWL:115646.9,115655.0,115640.99857142857,116118.6,14.001428571427823,1.210620256057051,0.23725490196077248,33.110907050303176,0.527696793002899,0.6627793974733319,0.3372206025266681,0.0,0.0,PASS,CANCEL,,,clear,BTCUSDT|long|L:115655.0@20|SWL:115646.9,"v10_1_pass,v11_quality_fail,r_abs_bps_low,r_abs_atr_low"
2025-09-14 12:55:00,CANCEL,SRR-1,long,bullish,lower_edge,L:115655.0@20,SWL:115607.9,115655.0,115601.72142857143,116118.6,53.27857142857101,4.606681200862134,0.862312138728317,8.701434508647448,0.37837837837842236,0.6206896551724512,0.0009319664491264319,0.0,1.0,PASS,CANCEL,,,clear,BTCUSDT|long|L:115655.0@20|SWL:115607.9,"v10_1_pass,body_not_aligned,v11_quality_fail,r_abs_bps_low"
2025-09-14 13:55:00,CANCEL,SRR-1,long,bullish,lower_edge,L:115185.6@20,SWL:115151.3,115185.6,115139.73142857144,116118.6,45.86857142856752,3.98214459347067,0.39649296122495503,20.340725052948038,0.3438471790315068,0.3571745890714887,0.6428254109285113,0.0,2.0,PASS,CANCEL,,,clear,BTCUSDT|long|L:115185.6@20|SWL:115151.3,"v10_1_pass,weak_close_strength,opposite_wick_high,v11_quality_fail,r_abs_bps_low,r_abs_atr_low,close_strength_low"
2025-09-14 20:50:00,CANCEL,SRR-1,short,bearish,upper_edge,H:115792.7@20,SWH:115816.9,115792.7,115821.68785714285,115132.4,28.987857142856228,2.5034269986671207,0.6054453229896581,22.778503314196417,0.5245579567779989,1.0,0.0,0.0,0.0,PASS,CANCEL,,,clear,BTCUSDT|short|H:115792.7@20|SWH:115816.9,"v10_1_pass,v11_quality_fail,r_abs_bps_low,r_abs_atr_low"
2025-09-14 20:55:00,CANCEL,SRR-1,short,bearish,upper_edge,H:115792.7@20,SWH:115816.9,115792.7,115821.84571428571,115132.4,29.14571428571071,2.5170597356923805,0.5893125361062048,22.655131849821526,0.3611111111113838,0.839285714285869,0.16071428571413104,0.0,0.0,PASS,CANCEL,,,clear,BTCUSDT|short|H:115792.7@20|SWH:115816.9,"v10_1_pass,v11_quality_fail,r_abs_bps_low,r_abs_atr_low"
2025-09-14 21:50:00,CANCEL,SRR-1,short,bearish,upper_edge,H:116026.8@20,SWH:116050.0,116026.8,116058.16714285714,115275.5,31.367142857139697,2.703439451673208,0.3840650690921445,23.951814910964842,0.710455764075104,0.9687220732797124,0.0312779267202876,0.0,0.0,PASS,CANCEL,,,clear,BTCUSDT|short|H:116026.8@20|SWH:116050.0,"v10_1_pass,v11_quality_fail,r_abs_bps_low,r_abs_atr_low"
2025-09-14 21:55:00,CANCEL,SRR-1,short,bearish,upper_edge,H:116026.8@20,SWH:116050.0,116026.8,116058.28214285715,115275.5,31.482142857144936,2.713350954878092,0.3801207416990381,23.86432217810402,0.7063688999173933,0.9487179487179703,0.05128205128202968,0.0,0.0,PASS,CANCEL,,,clear,BTCUSDT|short|H:116026.8@20|SWH:116050.0,"v10_1_pass,v11_quality_fail,r_abs_bps_low,r_abs_atr_low"
2025-09-14 23:55:00,CANCEL,SRR-1,long,bullish,lower_edge,L:115170.1@20,SWL:115057.0,115170.1,115044.53571428571,116050.0,125.56428571429569,10.902507309995885,1.0073925501433383,7.007565845610637,0.7725180802103584,0.7731755424063204,0.2268244575936797,0.0,0.0,PASS,CANCEL,,,clear,BTCUSDT|long|L:115170.1@20|SWL:115057.0,"v10_1_pass,v11_quality_fail,r_abs_bps_low"
2025-09-15 01:20:00,CANCEL,SRR-1,long,bearish,lower_edge,L:114780.7@20,SWL:114777.0,114780.7,114764.20785714286,116050.0,16.492142857139697,1.4368393690872856,0.12892400469035592,76.96392221405624,0.8763345195729991,0.9092526690391671,0.0907473309608329,0.0,0.0,PASS,CANCEL,,,clear,BTCUSDT|long|L:114780.7@20|SWL:114777.0,"v10_1_pass,v11_quality_fail,r_abs_bps_low,r_abs_atr_low"
2025-09-15 01:25:00,CANCEL,SRR-1,long,bearish,lower_edge,L:114780.7@20,SWL:114777.0,114780.7,114765.62928571428,116050.0,15.07071428571362,1.3130007297144572,0.1325397323952468,84.22294895493069,0.09565987599635886,1.0,0.0,0.0,1.0,PASS,CANCEL,,,clear,BTCUSDT|long|L:114780.7@20|SWL:114777.0,"v10_1_pass,weak_body_ratio,v11_quality_fail,r_abs_bps_low,r_abs_atr_low,body_ratio_low"
2025-09-15 09:05:00,CANCEL,SRR-1,long,bearish,lower_edge,L:114650.0@20,SWL:114588.0,114650.0,114567.60428571429,116759.9,82.39571428571071,7.186717338483272,0.40398543111296015,25.60691436794667,0.35201100034374777,0.7267102096940474,0.2732897903059525,0.0,0.0,PASS,CANCEL,,,clear,BTCUSDT|long|L:114650.0@20|SWL:114588.0,"v10_1_pass,v11_quality_fail,r_abs_bps_low,r_abs_atr_low"
2025-09-15 13:05:00,CANCEL,SRR-1,long,bearish,lower_edge,L:114588.0@20,SWL:114560.2,114588.0,114548.95142857142,115769.6,39.04857142857509,3.4077365368603245,0.34714249428502686,30.259749762198236,0.3545454545454824,0.9598086124402192,0.04019138755978076,0.0,0.0,PASS,CANCEL,,,clear,BTCUSDT|long|L:114588.0@20|SWL:114560.2,"v10_1_pass,v11_quality_fail,r_abs_bps_low,r_abs_atr_low"
2025-09-15 18:05:00,CANCEL,SRR-1,short,bearish,upper_edge,H:115086.6@20,SWH:115179.0,115086.6,115192.075,114338.5,105.47499999999127,9.164837609243063,0.806692160611788,7.092675989571631,0.37562437562436657,0.8906093906094181,0.1093906093905819,0.0,0.0,PASS,CANCEL,,,clear,BTCUSDT|short|H:115086.6@20|SWH:115179.0,"v10_1_pass,v11_quality_fail,r_abs_bps_low"
2025-09-15 18:10:00,CANCEL,SRR-1,short,bearish,upper_edge,H:115086.6@20,SWH:115179.0,115086.6,115191.92428571428,114338.5,105.3242857142759,9.151741880833729,0.8149331270033467,7.102825287887109,0.9181034482758621,1.0,0.0,0.0,0.0,PASS,CANCEL,,,clear,BTCUSDT|short|H:115086.6@20|SWH:115179.0,"v10_1_pass,v11_quality_fail,r_abs_bps_low"
2025-09-15 22:05:00,CANCEL,SRR-1,short,bearish,upper_edge,H:115528.8@20,SWH:115550.0,115528.8,115556.675,114550.2,27.875,2.4128182756161234,0.41760299625468816,35.10672645739931,0.4716577540106018,0.5272727272727584,0.0010695187166397944,0.0,2.0,PASS,CANCEL,,,clear,BTCUSDT|short|H:115528.8@20|SWH:115550.0,"v10_1_pass,weak_close_strength,body_not_aligned,v11_quality_fail,r_abs_bps_low,r_abs_atr_low,close_strength_low"
2025-09-15 22:10:00,CANCEL,SRR-1,short,bearish,upper_edge,H:115528.8@20,SWH:115550.0,115528.8,115557.22714285714,114550.2,28.42714285713737,2.460610934861036,0.3933386044672203,34.42484546962844,0.9874591057797002,0.9874591057797002,0.0125408942202998,0.0,0.0,PASS,CANCEL,,,clear,BTCUSDT|short|H:115528.8@20|SWH:115550.0,"v10_1_pass,v11_quality_fail,r_abs_bps_low,r_abs_atr_low"
2025-09-16 06:05:00,CANCEL,SRR-1,short,bullish,upper_edge,H:115912.2@20,SWH:115961.1,115912.2,115973.98857142858,114867.0,61.788571428580326,5.3306357250212075,0.47940589669703354,16.915749560711472,0.2927794263104804,0.9643916913946032,0.03560830860539677,0.0,1.0,PASS,CANCEL,,,clear,BTCUSDT|short|H:115912.2@20|SWH:115961.1,"v10_1_pass,weak_body_ratio,v11_quality_fail,r_abs_bps_low,r_abs_atr_low,body_ratio_low"
2025-09-16 10:05:00,CANCEL,SRR-1,long,bullish,lower_edge,L:115374.0@20,SWL:115333.3,115374.0,115326.4542857143,115968.0,47.54571428570489,4.121007704136537,0.6945325542569516,12.493239588969479,0.08303249097472924,0.7133574007220427,0.2866425992779573,0.0,1.0,PASS,CANCEL,,,clear,BTCUSDT|long|L:115374.0@20|SWL:115333.3,"v10_1_pass,weak_body_ratio,v11_quality_fail,r_abs_bps_low,r_abs_atr_low,body_ratio_low"
2025-09-16 11:25:00,CANCEL,SRR-1,long,bullish,lower_edge,L:115157.0@20,SWL:115151.0,115157.0,115142.59571428571,115965.0,14.4042857142922,1.2508389168085483,0.17139214686392132,56.094416344316706,0.4251040221914296,0.8155339805825811,0.1844660194174189,0.0,0.0,PASS,CANCEL,,,clear,BTCUSDT|long|L:115157.0@20|SWL:115151.0,"v10_1_pass,v11_quality_fail,r_abs_bps_low,r_abs_atr_low"
2025-09-16 16:05:00,CANCEL,SRR-1,short,bullish,upper_edge,H:115878.2@20,SWH:115990.0,115878.2,116003.75857142857,114600.0,125.55857142856985,10.835391939861843,0.9125843629944868,10.180109453755325,0.18747776591958734,0.5862682319459249,0.4137317680540751,0.0,2.0,PASS,CANCEL,,,clear,BTCUSDT|short|H:115878.2@20|SWH:115990.0,"v10_1_pass,weak_body_ratio,weak_close_strength,v11_quality_fail,r_abs_bps_low,close_strength_low,body_ratio_low"
2025-09-16 17:35:00,CANCEL,SRR-1,short,bullish,upper_edge,H:116750.0@20,SWH:116830.0,116750.0,116844.75928571429,114600.0,94.75928571428813,8.116427041909047,0.6420316507767617,22.689069295884483,0.14492753623187896,0.9057971014492435,0.09420289855075648,0.0,1.0,PASS,CANCEL,,,clear,BTCUSDT|short|H:116750.0@20|SWH:116830.0,"v10_1_pass,weak_body_ratio,v11_quality_fail,r_abs_bps_low,r_abs_atr_low,body_ratio_low"
2025-09-16 17:40:00,CANCEL,SRR-1,short,bullish,upper_edge,H:116750.0@20,SWH:116830.0,116750.0,116846.33428571429,114600.0,96.33428571428522,8.251330682165758,0.5897673605037532,22.318118456565053,0.8847826086956284,0.9750000000000079,0.02499999999999209,0.0,0.0,PASS,CANCEL,,,clear,BTCUSDT|short|H:116750.0@20|SWH:116830.0,"v10_1_pass,v11_quality_fail,r_abs_bps_low,r_abs_atr_low"
2025-09-16 20:20:00,CANCEL,SRR-1,short,bullish,upper_edge,H:116830.0@20,SWH:116879.7,116830.0,116890.00714285714,114975.4,60.007142857139115,5.136278597717976,0.5821898821898635,30.90632067611201,0.6512180629827922,0.9994058229352001,0.0005941770647998754,0.0,0.0,PASS,CANCEL,,,clear,BTCUSDT|short|H:116830.0@20|SWH:116879.7,"v10_1_pass,v11_quality_fail,r_abs_bps_low,r_abs_atr_low"
2025-09-16 20:25:00,CANCEL,SRR-1,short,bullish,upper_edge,H:116830.0@20,SWH:116879.7,116830.0,116889.405,114975.4,59.404999999998836,5.084738508944521,0.6121071612570864,31.219594310243956,0.13979496738117048,0.6393289841566072,0.36067101584339273,0.0,1.0,PASS,CANCEL,,,clear,BTCUSDT|short|H:116830.0@20|SWH:116879.7,"v10_1_pass,weak_body_ratio,v11_quality_fail,r_abs_bps_low,r_abs_atr_low,body_ratio_low"
2025-09-17 01:20:00,CANCEL,SRR-1,long,bullish,lower_edge,L:116501.0@20,SWL:116450.0,116501.0,116441.52714285714,116910.8,59.47285714285681,5.104922459279904,0.7019221041982867,6.890538300785559,0.43722943722943725,0.9995670995670743,0.000432900432925631,0.0,0.0,PASS,CANCEL,,,clear,BTCUSDT|long|L:116501.0@20|SWL:116450.0,"v10_1_pass,v11_quality_fail,r_abs_bps_low"
2025-09-17 02:55:00,CANCEL,SRR-1,short,bullish,upper_edge,H:116910.8@20,SWH:117081.9,116910.8,117091.76999999999,116450.0,180.9699999999866,15.479322697303123,1.83353596757842,2.5462783886834117,0.27317205762435876,0.9437347105191698,0.05626528948083016,0.0,1.0,PASS,CANCEL,,,clear,BTCUSDT|short|H:116910.8@20|SWH:117081.9,"v10_1_pass,weak_body_ratio,v11_quality_fail,r_abs_bps_low,body_ratio_low"
2025-09-17 03:50:00,CANCEL,SRR-1,long,bullish,lower_edge,L:116379.3@20,SWL:116368.5,116379.3,116357.26571428572,117081.9,22.034285714282305,1.8933165704109154,0.19613428280770254,31.886670124485864,0.07702523240375413,0.6573705179282614,0.2656042496679844,0.0,2.0,PASS,CANCEL,,,clear,BTCUSDT|long|L:116379.3@20|SWL:116368.5,"v10_1_pass,weak_body_ratio,body_not_aligned,v11_quality_fail,r_abs_bps_low,r_abs_atr_low,body_ratio_low"
2025-09-17 03:55:00,CANCEL,SRR-1,long,bullish,lower_edge,L:116379.3@20,SWL:116337.0,116379.3,116325.75857142857,117081.9,53.54142857143597,4.600597234339437,0.47628669462454515,13.122548627229273,0.34814814814811224,0.6506172839505814,0.0012345679013064292,0.0,2.0,PASS,CANCEL,,,clear,BTCUSDT|long|L:116379.3@20|SWL:116337.0,"v10_1_pass,body_not_aligned,weak_retest,v11_quality_fail,r_abs_bps_low,r_abs_atr_low"
2025-09-17 04:05:00,CANCEL,SRR-1,long,bullish,lower_edge,L:116317.0@20,SWL:116310.0,116317.0,116300.77142857143,117081.9,16.228571428568102,1.3952020279553377,0.17585139318881843,47.13292253522057,0.8676092544986822,0.9987146529562234,0.0012853470437765684,0.0,0.0,PASS,CANCEL,,,clear,BTCUSDT|long|L:116317.0@20|SWL:116310.0,"v10_1_pass,v11_quality_fail,r_abs_bps_low,r_abs_atr_low"
2025-09-17 04:55:00,CANCEL,SRR-1,long,bullish,lower_edge,L:116168.0@20,SWL:116107.2,116168.0,116100.33428571429,117081.9,67.66571428571478,5.824815292138522,0.9855597170203866,13.506101422961432,0.9291598023064935,0.9299835255354167,0.07001647446458326,0.0,0.0,PASS,CANCEL,,,clear,BTCUSDT|long|L:116168.0@20|SWL:116107.2,"v10_1_pass,v11_quality_fail,r_abs_bps_low"
2025-09-17 11:25:00,CANCEL,SRR-1,long,bullish,lower_edge,L:116212.1@20,SWL:116202.6,116212.1,116195.69071428572,117266.4,16.409285714282305,1.4120118055075424,0.2374961232295653,64.25020676447527,0.5901785714284935,0.8357142857142078,0.16428571428579225,0.0,0.0,PASS,CANCEL,,,clear,BTCUSDT|long|L:116212.1@20|SWL:116202.6,"v10_1_pass,v11_quality_fail,r_abs_bps_low,r_abs_atr_low"
2025-09-17 13:50:00,CANCEL,SRR-1,long,bullish,lower_edge,L:115901.4@20,SWL:115847.7,115901.4,115833.88285714286,116835.9,67.51714285713388,5.825394935448052,0.48864764267984084,13.840929287801766,0.5258126195028754,1.0,0.0,0.0,0.0,PASS,CANCEL,,,clear,BTCUSDT|long|L:115901.4@20|SWL:115847.7,"v10_1_pass,v11_quality_fail,r_abs_bps_low,r_abs_atr_low"
2025-09-17 14:35:00,CANCEL,SRR-1,long,bullish,lower_edge,L:115555.0@20,SWL:115340.0,115555.0,115320.57071428571,116749.4,234.42928571428638,20.287247260117383,1.2065769640822037,5.0949265846234075,0.05151768309662963,0.70119743803954,0.24728487886383033,0.0,2.0,PASS,CANCEL,,,clear,BTCUSDT|long|L:115555.0@20|SWL:115340.0,"v10_1_pass,weak_body_ratio,body_not_aligned,v11_quality_fail,r_abs_bps_low,body_ratio_low"
2025-09-17 14:40:00,CANCEL,SRR-1,long,bullish,lower_edge,L:115555.0@20,SWL:115340.0,115555.0,115320.10142857143,116749.4,234.89857142856636,20.327858719100547,1.1804795749874095,5.084747824288987,0.09523809523815926,0.9047619047618407,0.0,0.0,2.0,PASS,CANCEL,,,clear,BTCUSDT|long|L:115555.0@20|SWL:115340.0,"v10_1_pass,weak_body_ratio,body_not_aligned,v11_quality_fail,r_abs_bps_low,body_ratio_low"
2025-09-17 16:50:00,CANCEL,SRR-1,long,bearish,lower_edge,L:115340.0@20,SWL:115325.5,115340.0,115315.02142857143,116493.0,24.978571428568102,2.1656469072800504,0.23837764144508963,46.15956534172762,0.5051706308169598,1.0,0.0,0.0,0.0,PASS,CANCEL,,,clear,BTCUSDT|long|L:115340.0@20|SWL:115325.5,"v10_1_pass,v11_quality_fail,r_abs_bps_low,r_abs_atr_low"
2025-09-17 16:55:00,CANCEL,SRR-1,long,bearish,lower_edge,L:115340.0@20,SWL:115325.5,115340.0,115314.01071428572,116493.0,25.98928571428405,2.2532760286356903,0.22620453838978558,44.364435893915164,0.5586592178771115,0.8522092432706618,0.14779075672933814,0.0,0.0,PASS,CANCEL,,,clear,BTCUSDT|long|L:115340.0@20|SWL:115325.5,"v10_1_pass,v11_quality_fail,r_abs_bps_low,r_abs_atr_low"
2025-09-17 18:20:00,CANCEL,SRR-1,long,bearish,lower_edge,L:115325.5@20,SWL:114820.0,115325.5,114785.28142857143,116316.0,540.2185714285733,46.84294205779064,1.5559930872731844,1.8335171213767907,0.033778148457051856,0.8622463163747678,0.13775368362523224,0.0,1.0,PASS,CANCEL,,,clear,BTCUSDT|long|L:115325.5@20|SWL:114820.0,"v10_1_pass,weak_body_ratio,v11_sub2r_fail"
2025-09-17 18:50:00,CANCEL,SRR-1,long,bearish,lower_edge,L:114811.2@20,SWL:114623.3,114811.2,114570.19214285715,116316.0,241.00785714284575,20.991667811402177,0.4538082877163514,6.243779841202876,0.40340109960363574,0.6912159570387384,0.3087840429612616,0.0,0.0,PASS,CANCEL,,,active,BTCUSDT|long|L:114811.2@20|SWL:114623.3,"v10_1_pass,v11_quality_fail,r_abs_bps_low,r_abs_atr_low"
2025-09-18 03:35:00,CANCEL,SRR-1,short,bullish,upper_edge,H:117773.9@20,SWH:117800.0,117773.9,117818.17357142858,116033.5,44.27357142858091,3.7592005893140086,0.24361513972414242,39.31013342367214,0.5431743421052936,0.9017269736842333,0.09827302631576672,0.0,0.0,PASS,CANCEL,,,clear,BTCUSDT|short|H:117773.9@20|SWH:117800.0,"v10_1_pass,v11_quality_fail,r_abs_bps_low,r_abs_atr_low"
2025-09-18 18:20:00,CANCEL,SRR-1,short,bullish,upper_edge,H:117789.9@20,SWH:117875.2,117789.9,117887.17285714285,116913.9,97.27285714285972,8.258166204645706,0.8124448156544795,9.005595453143348,0.356254092992765,1.0,0.0,0.0,0.0,PASS,CANCEL,,,clear,BTCUSDT|short|H:117789.9@20|SWH:117875.2,"v10_1_pass,v11_quality_fail,r_abs_bps_low"
2025-09-18 18:25:00,CANCEL,SRR-1,short,bullish,upper_edge,H:117789.9@20,SWH:117875.2,117789.9,117886.34142857142,116913.9,96.44142857143015,8.187580477734523,0.8656109757661444,9.08323334666474,0.3101330603889848,0.8669396110542438,0.13306038894575628,0.0,0.0,PASS,CANCEL,,,clear,BTCUSDT|short|H:117789.9@20|SWH:117875.2,"v10_1_pass,v11_quality_fail,r_abs_bps_low"
2025-09-19 06:40:00,CANCEL,SRR-1,long,bearish,lower_edge,L:116631.6@20,SWL:116567.3,116631.6,116559.87357142857,117337.2,71.72642857143364,6.149828054440961,0.9658266807733575,9.837378133183803,0.3384000000000233,0.7511999999999535,0.24880000000004657,0.0,0.0,PASS,CANCEL,,,clear,BTCUSDT|long|L:116631.6@20|SWL:116567.3,"v10_1_pass,v11_quality_fail,r_abs_bps_low"
2025-09-19 11:55:00,CANCEL,SRR-1,long,bearish,lower_edge,L:116272.0@20,SWL:116250.7,116272.0,116244.59214285715,117050.6,27.407857142854482,2.357219033202704,0.44873114255636426,28.407912225381512,0.7724550898203593,0.9616766467066217,0.03832335329337832,0.0,0.0,PASS,CANCEL,,,clear,BTCUSDT|long|L:116272.0@20|SWL:116250.7,"v10_1_pass,v11_quality_fail,r_abs_bps_low,r_abs_atr_low"
2025-09-19 12:40:00,CANCEL,SRR-1,long,bearish,lower_edge,L:116131.2@20,SWL:116125.8,116131.2,116118.04071428571,117050.6,13.159285714282305,1.1331395623469236,0.16959403479697072,69.86701405853258,0.48247978436663497,0.9433962264151313,0.05660377358486866,0.0,0.0,PASS,CANCEL,,,clear,BTCUSDT|long|L:116131.2@20|SWL:116125.8,"v10_1_pass,v11_quality_fail,r_abs_bps_low,r_abs_atr_low"
2025-09-19 12:55:00,CANCEL,SRR-1,long,bearish,lower_edge,L:116125.8@20,SWL:116072.0,116125.8,116063.89357142858,117050.6,61.90642857142666,5.330979728141951,0.7636708080006754,14.938674727988602,0.7441441441441966,0.9981981981983555,0.0018018018016444839,0.0,0.0,PASS,CANCEL,,,clear,BTCUSDT|long|L:116125.8@20|SWL:116072.0,"v10_1_pass,v11_quality_fail,r_abs_bps_low"
2025-09-19 18:25:00,CANCEL,SRR-1,long,bearish,lower_edge,L:115349.3@20,SWL:115333.0,115349.3,115322.97357142858,116447.3,26.326428571424913,2.282322352318125,0.26257034978979976,41.70713839976703,0.18850267379686192,0.5721925133690006,0.4278074866309994,0.0,2.0,PASS,CANCEL,,,clear,BTCUSDT|long|L:115349.3@20|SWL:115333.0,"v10_1_pass,weak_body_ratio,weak_close_strength,v11_quality_fail,r_abs_bps_low,r_abs_atr_low,close_strength_low,body_ratio_low"
2025-09-19 19:25:00,CANCEL,SRR-1,long,bearish,lower_edge,L:115231.5@20,SWL:115230.0,115231.5,115221.34357142857,116447.3,10.156428571426659,0.8813934185901129,0.11732816238961176,119.70743371547398,0.6072874493927841,0.6599190283402766,0.34008097165972345,0.0,0.0,PASS,CANCEL,,,clear,BTCUSDT|long|L:115231.5@20|SWL:115230.0,"v10_1_pass,v11_quality_fail,r_abs_bps_low,r_abs_atr_low"
2025-09-19 19:40:00,CANCEL,SRR-1,long,bearish,lower_edge,L:115230.0@20,SWL:115200.3,115230.0,115190.62142857144,116303.8,39.37857142856228,3.417388824834009,0.40686346863458744,27.268637765288467,0.6819444444445253,0.6819444444445253,0.3180555555554747,0.0,0.0,PASS,CANCEL,,,clear,BTCUSDT|long|L:115230.0@20|SWL:115200.3,"v10_1_pass,v11_quality_fail,r_abs_bps_low,r_abs_atr_low"
2025-09-19 20:05:00,CANCEL,SRR-1,long,bearish,lower_edge,L:115057.0@20,SWL:115049.9,115057.0,115040.76142857142,116093.0,16.238571428577416,1.4113501506711819,0.17769266843839074,63.79871558016474,0.8375812093953071,1.0,0.0,0.0,0.0,PASS,CANCEL,,,clear,BTCUSDT|long|L:115057.0@20|SWL:115049.9,"v10_1_pass,v11_quality_fail,r_abs_bps_low,r_abs_atr_low"
2025-09-19 20:10:00,CANCEL,SRR-1,long,bearish,lower_edge,L:115057.0@20,SWL:115049.9,115057.0,115040.47,116093.0,16.529999999998836,1.4366792111734912,0.17529162248142446,62.67392619480175,0.4131455399060832,0.5868544600939167,0.0,0.0,2.0,PASS,CANCEL,,,clear,BTCUSDT|long|L:115057.0@20|SWL:115049.9,"v10_1_pass,weak_close_strength,body_not_aligned,v11_quality_fail,r_abs_bps_low,r_abs_atr_low,close_strength_low"
2025-09-20 00:10:00,CANCEL,SRR-1,short,bearish,upper_edge,H:115600.0@20,SWH:115603.4,115600.0,115608.52785714285,115049.9,8.527857142849825,0.7377039050908154,0.16630449923373186,64.50624005366187,0.331641285955908,0.7241962774956799,0.2758037225043201,0.0,0.0,PASS,CANCEL,,,clear,BTCUSDT|short|H:115600.0@20|SWH:115603.4,"v10_1_pass,v11_quality_fail,r_abs_bps_low,r_abs_atr_low"
2025-09-20 00:50:00,CANCEL,SRR-1,short,bearish,upper_edge,H:115638.1@20,SWH:115641.7,115638.1,115645.96142857142,115049.9,7.861428571413853,0.6798303129689828,0.1844787127049785,74.82100672374686,0.8787878787881609,1.0,0.0,0.0,0.0,PASS,CANCEL,,,clear,BTCUSDT|short|H:115638.1@20|SWH:115641.7,"v10_1_pass,v11_quality_fail,r_abs_bps_low,r_abs_atr_low"
2025-09-20 04:40:00,CANCEL,SRR-1,long,bearish,lower_edge,L:115355.0@20,SWL:115343.0,115355.0,115338.91928571429,115670.0,16.080714285708382,1.3940197031518688,0.39406616488695295,19.58868209479687,0.9992957746478464,0.9992957746478464,0.0007042253521536674,0.0,0.0,PASS,CANCEL,,,clear,BTCUSDT|long|L:115355.0@20|SWL:115343.0,"v10_1_pass,v11_quality_fail,r_abs_bps_low,r_abs_atr_low"
2025-09-20 15:35:00,CANCEL,SRR-1,short,bearish,upper_edge,H:116055.1@20,SWH:116059.2,116055.1,116063.76857142856,115660.4,8.668571428555879,0.7469358458659618,0.18974358974325195,45.532300593359224,0.7684346701165136,0.9314359637774552,0.06856403622254477,0.0,0.0,PASS,CANCEL,,,clear,BTCUSDT|short|H:116055.1@20|SWH:116059.2,"v10_1_pass,v11_quality_fail,r_abs_bps_low,r_abs_atr_low"
2025-09-20 15:40:00,CANCEL,SRR-1,short,bearish,upper_edge,H:116055.1@20,SWH:116059.2,116055.1,116063.95714285714,115660.4,8.857142857130384,0.7631842854928723,0.186186186185924,44.56290322587052,0.882833787466248,0.8855585831063373,0.11444141689366275,0.0,0.0,PASS,CANCEL,,,clear,BTCUSDT|short|H:116055.1@20|SWH:116059.2,"v10_1_pass,v11_quality_fail,r_abs_bps_low,r_abs_atr_low"
2025-09-20 18:25:00,CANCEL,SRR-1,long,bullish,lower_edge,L:115666.6@20,SWL:115637.3,115666.6,115634.01000000001,116059.2,32.58999999999651,2.817580874686081,0.9905775075986969,12.046640073643244,0.9928825622781993,0.9964412811390997,0.003558718860900353,0.0,0.0,PASS,CANCEL,,,clear,BTCUSDT|long|L:115666.6@20|SWL:115637.3,"v10_1_pass,v11_quality_fail,r_abs_bps_low"
2025-09-20 20:05:00,CANCEL,SRR-1,long,bearish,lower_edge,L:115636.6@20,SWL:115631.1,115636.6,115628.27714285714,116059.2,8.322857142862631,0.7197424641387442,0.294838056680326,50.77583247507704,0.8782608695650909,0.9978260869563952,0.0021739130436047994,0.0,0.0,PASS,CANCEL,,,clear,BTCUSDT|long|L:115636.6@20|SWL:115631.1,"v10_1_pass,v11_quality_fail,r_abs_bps_low,r_abs_atr_low"
2025-09-20 20:25:00,CANCEL,SRR-1,long,bearish,lower_edge,L:115631.1@20,SWL:115625.7,115631.1,115622.82857142857,116059.2,8.271428571431898,0.7153290569260258,0.2880597014926427,51.756476683915956,0.9824561403524,0.9824561403524,0.017543859647599986,0.0,1.0,PASS,CANCEL,,,clear,BTCUSDT|long|L:115631.1@20|SWL:115625.7,"v10_1_pass,weak_retest,v11_quality_fail,r_abs_bps_low,r_abs_atr_low"
2025-09-21 06:05:00,CANCEL,SRR-1,short,bearish,upper_edge,H:115662.1@20,SWH:115682.6,115662.1,115685.16,115388.0,23.05999999999767,1.9937386576932004,0.9007812499999236,11.886383347789831,0.19727891156471508,0.8010204081633246,0.0017006802719602705,0.0,2.0,PASS,CANCEL,,,clear,BTCUSDT|short|H:115662.1@20|SWH:115682.6,"v10_1_pass,weak_body_ratio,body_not_aligned,v11_quality_fail,r_abs_bps_low,body_ratio_low"
2025-09-21 06:25:00,CANCEL,SRR-1,short,bearish,upper_edge,H:115743.4@20,SWH:115744.0,115743.4,115747.17142857143,115388.0,3.7714285714318976,0.325843941981305,0.11891891891903159,94.23484848476383,0.7186440677965115,0.7220338983051834,0.2779661016948166,0.0,0.0,PASS,CANCEL,,,clear,BTCUSDT|short|H:115743.4@20|SWH:115744.0,"v10_1_pass,v11_quality_fail,r_abs_bps_low,r_abs_atr_low"
2025-09-21 08:05:00,CANCEL,SRR-1,short,bearish,upper_edge,H:115772.9@20,SWH:115778.0,115772.9,115781.57428571429,115430.2,8.674285714296275,0.7492501020788349,0.24268585131923606,39.50757575752732,0.9162717219588836,0.9984202211689445,0.0015797788310555477,0.0,0.0,PASS,CANCEL,,,clear,BTCUSDT|short|H:115772.9@20|SWH:115778.0,"v10_1_pass,v11_quality_fail,r_abs_bps_low,r_abs_atr_low"
2025-09-21 08:10:00,CANCEL,SRR-1,short,bearish,upper_edge,H:115772.9@20,SWH:115778.0,115772.9,115781.81714285714,115430.2,8.917142857142608,0.7702271306275137,0.23360778443112737,38.4315924383218,0.9961538461539021,0.998076923077091,0.0019230769229090163,0.0,0.0,PASS,CANCEL,,,clear,BTCUSDT|short|H:115772.9@20|SWH:115778.0,"v10_1_pass,v11_quality_fail,r_abs_bps_low,r_abs_atr_low"
2025-09-21 15:40:00,CANCEL,SRR-1,long,bearish,lower_edge,L:115435.9@20,SWL:115413.0,115435.9,115407.71,115703.9,28.189999999987776,2.4420479244314617,0.5328922495271855,9.506917346580922,0.9492325855961858,0.9492325855961858,0.050767414403814146,0.0,0.0,PASS,CANCEL,,,clear,BTCUSDT|long|L:115435.9@20|SWL:115413.0,"v10_1_pass,v11_quality_fail,r_abs_bps_low,r_abs_atr_low"
2025-09-21 16:35:00,CANCEL,SRR-1,long,bearish,lower_edge,L:115318.7@20,SWL:115316.1,115318.7,115311.59571428572,115703.9,7.104285714274738,0.6160566945581886,0.15772280367879796,54.2207922783862,0.28132387706884177,0.7163120567375105,0.0023640661936476684,0.0,2.0,PASS,CANCEL,,,clear,BTCUSDT|long|L:115318.7@20|SWL:115316.1,"v10_1_pass,weak_body_ratio,body_not_aligned,v11_quality_fail,r_abs_bps_low,r_abs_atr_low,body_ratio_low"
2025-09-21 22:25:00,CANCEL,SRR-1,long,bearish,lower_edge,L:115163.5@20,SWL:115137.6,115163.5,115130.76000000001,115620.0,32.73999999999069,2.842914638751921,0.4786549707601021,13.943188759930662,0.7169974115617773,1.0,0.0,0.0,0.0,PASS,CANCEL,,,clear,BTCUSDT|long|L:115163.5@20|SWL:115137.6,"v10_1_pass,v11_quality_fail,r_abs_bps_low,r_abs_atr_low"
2025-09-22 00:05:00,CANCEL,SRR-1,long,bearish,lower_edge,L:115137.6@20,SWL:115136.5,115137.6,115127.84642857143,115510.7,9.753571428576834,0.8471230448243522,0.1127115146513253,38.252654705214084,0.3625476320087473,0.6205770277626663,0.3794229722373337,0.0,0.0,PASS,CANCEL,,,clear,BTCUSDT|long|L:115137.6@20|SWL:115136.5,"v10_1_pass,v11_quality_fail,r_abs_bps_low,r_abs_atr_low"
2025-09-22 14:20:00,CANCEL,SRR-1,short,bearish,upper_edge,H:113221.8@20,SWH:113230.0,113221.8,113249.80642857144,112119.0,28.00642857143248,2.4735897655250563,0.14140069962856777,39.37667372286436,0.1659999999999612,0.9533333333333334,0.04666666666666667,0.0,1.0,PASS,CANCEL,,,clear,BTCUSDT|short|H:113221.8@20|SWH:113230.0,"v10_1_pass,weak_body_ratio,v11_quality_fail,r_abs_bps_low,r_abs_atr_low,body_ratio_low"
2025-09-22 14:35:00,CANCEL,SRR-1,short,bearish,upper_edge,H:113399.6@20,SWH:113413.5,113399.6,113435.61857142857,112119.0,36.0185714285617,3.1762520704272057,0.16284311825869108,35.55388093444835,0.7566188197767052,1.0,0.0,0.0,0.0,PASS,CANCEL,,,clear,BTCUSDT|short|H:113399.6@20|SWH:113413.5,"v10_1_pass,v11_quality_fail,r_abs_bps_low,r_abs_atr_low"
2025-09-22 14:40:00,CANCEL,SRR-1,short,bearish,upper_edge,H:113399.6@20,SWH:113413.5,113399.6,113436.94928571429,112119.0,37.34928571428463,3.2935994231271213,0.15927685887477033,34.28713496146532,0.811965811965812,0.8940170940170941,0.10598290598290598,0.0,0.0,PASS,CANCEL,,,clear,BTCUSDT|short|H:113399.6@20|SWH:113413.5,"v10_1_pass,v11_quality_fail,r_abs_bps_low,r_abs_atr_low"
2025-09-22 19:50:00,CANCEL,SRR-1,long,bearish,lower_edge,L:111897.0@20,SWL:111866.3,111897.0,111850.73928571428,112986.0,46.26071428571595,4.134222926952104,0.2972917144824508,23.540492549987572,0.7094049904030821,0.9861804222648529,0.013819577735147104,0.0,0.0,PASS,CANCEL,,,clear,BTCUSDT|long|L:111897.0@20|SWL:111866.3,"v10_1_pass,v11_quality_fail,r_abs_bps_low,r_abs_atr_low"
2025-09-22 19:55:00,CANCEL,SRR-1,long,bearish,lower_edge,L:111897.0@20,SWL:111866.3,111897.0,111850.46857142857,112986.0,46.53142857142666,4.158416094392759,0.2939180653311525,23.40353678005745,0.603203943314892,0.603203943314892,0.396796056685108,0.0,0.0,PASS,CANCEL,,,clear,BTCUSDT|long|L:111897.0@20|SWL:111866.3,"v10_1_pass,v11_quality_fail,r_abs_bps_low,r_abs_atr_low"
2025-09-23 02:35:00,CANCEL,SRR-1,long,bearish,lower_edge,L:111965.5@20,SWL:111963.0,111965.5,111951.29214285714,112923.0,14.207857142857392,1.2689495552520547,0.12135318162406261,67.39228796943223,0.4484911550467082,0.4932362122787857,0.5067637877212142,0.0,2.0,PASS,CANCEL,,,clear,BTCUSDT|long|L:111965.5@20|SWL:111963.0,"v10_1_pass,weak_close_strength,opposite_wick_high,v11_quality_fail,r_abs_bps_low,r_abs_atr_low,close_strength_low"
2025-09-23 02:40:00,CANCEL,SRR-1,long,bearish,lower_edge,L:111965.5@20,SWL:111963.0,111965.5,111951.16571428571,112923.0,14.334285714285215,1.280241298818405,0.12112506035730981,66.79788718357817,0.3356258596973199,0.3356258596973199,0.6643741403026802,0.0,2.0,PASS,CANCEL,,,clear,BTCUSDT|long|L:111965.5@20|SWL:111963.0,"v10_1_pass,weak_close_strength,opposite_wick_high,v11_quality_fail,r_abs_bps_low,r_abs_atr_low,close_strength_low"
2025-09-23 06:55:00,CANCEL,SRR-1,short,bearish,upper_edge,H:113058.0@20,SWH:113070.0,113058.0,113082.33928571429,111405.1,24.339285714289872,2.1528141055290093,0.1972503617945361,67.91078503300356,0.27101293103441154,0.7025862068964983,0.2974137931035017,0.0,1.0,PASS,CANCEL,,,clear,BTCUSDT|short|H:113058.0@20|SWH:113070.0,"v10_1_pass,weak_body_ratio,v11_quality_fail,r_abs_bps_low,r_abs_atr_low,body_ratio_low"
2025-09-23 08:05:00,CANCEL,SRR-1,short,bearish,upper_edge,H:113080.0@20,SWH:113128.2,113080.0,113139.41785714285,111405.1,59.41785714284924,5.254497448076516,0.5296720789556909,28.188495522032863,0.33119200571028995,0.9029264810849956,0.0970735189150044,0.0,0.0,PASS,CANCEL,,,clear,BTCUSDT|short|H:113080.0@20|SWH:113128.2,"v10_1_pass,v11_quality_fail,r_abs_bps_low,r_abs_atr_low"
2025-09-23 08:10:00,CANCEL,SRR-1,short,bearish,upper_edge,H:113080.0@20,SWH:113128.2,113080.0,113140.175,111405.1,60.17500000000291,5.3214538379910605,0.5025052192067223,27.833818030742222,0.20785678766785046,0.6603679761313211,0.3396320238686789,0.0,1.0,PASS,CANCEL,,,clear,BTCUSDT|short|H:113080.0@20|SWH:113128.2,"v10_1_pass,weak_body_ratio,v11_quality_fail,r_abs_bps_low,r_abs_atr_low,body_ratio_low"
2025-09-23 08:25:00,CANCEL,SRR-1,short,bearish,upper_edge,H:113128.2@20,SWH:113144.2,113128.2,113156.21928571428,111750.1,28.019285714282887,2.4767728748696514,0.2331193914541914,49.183980421653004,0.440613026819907,0.586206896551628,0.413793103448372,0.0,1.0,PASS,CANCEL,,,clear,BTCUSDT|short|H:113128.2@20|SWH:113144.2,"v10_1_pass,weak_close_strength,v11_quality_fail,r_abs_bps_low,r_abs_atr_low,close_strength_low"
2025-09-23 14:40:00,CANCEL,SRR-1,long,bullish,lower_edge,L:112634.0@20,SWL:112549.9,112634.0,112530.555,113254.8,103.44500000000698,9.18417174210336,0.5347376583096677,6.001256706461994,0.5897714907507751,1.0,0.0,0.0,0.0,PASS,CANCEL,,,clear,BTCUSDT|long|L:112634.0@20|SWL:112549.9,"v10_1_pass,v11_quality_fail,r_abs_bps_low,r_abs_atr_low"
2025-09-23 15:05:00,CANCEL,SRR-1,long,bearish,lower_edge,L:112512.0@20,SWL:112390.6,112512.0,112372.92785714286,113254.8,139.07214285714144,12.360649784657765,0.786956873206404,5.341112783190711,0.02257799671592856,0.8912151067323442,0.1087848932676558,0.0,1.0,PASS,CANCEL,,,clear,BTCUSDT|long|L:112512.0@20|SWL:112390.6,"v10_1_pass,weak_body_ratio,v11_quality_fail,r_abs_bps_low,body_ratio_low"
2025-09-23 15:10:00,CANCEL,SRR-1,long,bearish,lower_edge,L:112512.0@20,SWL:112390.6,112512.0,112372.99142857143,113254.8,139.00857142856694,12.354999593693734,0.7894369625182249,5.343555381991027,0.9993577392420949,0.9993577392420949,0.0006422607579050908,0.0,0.0,PASS,CANCEL,,,clear,BTCUSDT|long|L:112512.0@20|SWL:112390.6,"v10_1_pass,v11_quality_fail,r_abs_bps_low"
2025-09-23 17:50:00,CANCEL,SRR-1,long,bearish,lower_edge,L:111955.0@20,SWL:111916.3,111955.0,111900.42571428572,113254.8,54.5742857142759,4.874662651447091,0.3437904967601915,23.817077639918477,0.3616496298907539,0.5949947127247256,0.40500528727527446,0.0,1.0,PASS,CANCEL,,,clear,BTCUSDT|long|L:111955.0@20|SWL:111916.3,"v10_1_pass,weak_close_strength,v11_quality_fail,r_abs_bps_low,r_abs_atr_low,close_strength_low"
2025-09-23 18:25:00,CANCEL,SRR-1,long,bearish,lower_edge,L:111827.2@20,SWL:111711.0,111827.2,111692.66214285714,113254.8,134.53785714285914,12.030870588091194,0.7336618237058447,10.611139721692664,0.15923009623794074,0.6522309711286178,0.18853893263344149,0.0,2.0,PASS,CANCEL,,,clear,BTCUSDT|long|L:111827.2@20|SWL:111711.0,"v10_1_pass,weak_body_ratio,body_not_aligned,v11_quality_fail,r_abs_bps_low,body_ratio_low"
2025-09-23 18:50:00,CANCEL,SRR-1,long,bearish,lower_edge,L:111670.0@20,SWL:111625.5,111670.0,111606.76142857142,113254.8,63.238571428577416,5.662986605944069,0.33747808187850914,25.060654663742675,0.14777947932620253,0.6133231240428962,0.38667687595710376,0.0,1.0,PASS,CANCEL,,,clear,BTCUSDT|long|L:111670.0@20|SWL:111625.5,"v10_1_pass,weak_body_ratio,v11_quality_fail,r_abs_bps_low,r_abs_atr_low,body_ratio_low"
2025-09-23 19:40:00,CANCEL,SRR-1,long,bearish,lower_edge,L:111625.5@20,SWL:111588.0,111625.5,111574.73071428572,113025.2,50.76928571428289,4.548179915367267,0.38260752543465054,27.569818647383894,0.4896182183522428,0.5097119892833513,0.0006697923644060202,0.0,2.0,PASS,CANCEL,,,clear,BTCUSDT|long|L:111625.5@20|SWL:111588.0,"v10_1_pass,weak_close_strength,body_not_aligned,v11_quality_fail,r_abs_bps_low,r_abs_atr_low,close_strength_low"
2025-09-23 20:40:00,CANCEL,SRR-1,long,bearish,lower_edge,L:111482.0@20,SWL:111413.5,111482.0,111399.61142857143,112951.9,82.3885714285716,7.390302598497659,0.5932112734005335,17.841066722152757,0.7913725490196002,0.9811764705882429,0.018823529411757096,0.0,0.0,PASS,CANCEL,,,clear,BTCUSDT|long|L:111482.0@20|SWL:111413.5,"v10_1_pass,v11_quality_fail,r_abs_bps_low,r_abs_atr_low"
2025-09-24 01:25:00,CANCEL,SRR-1,short,bearish,upper_edge,H:112338.3@20,SWH:112343.0,112338.3,112353.13142857143,111413.5,14.83142857142957,1.3202468411422967,0.14639029892837743,62.35407435946431,0.8348348348348492,1.0,0.0,0.0,0.0,PASS,CANCEL,,,clear,BTCUSDT|short|H:112338.3@20|SWH:112343.0,"v10_1_pass,v11_quality_fail,r_abs_bps_low,r_abs_atr_low"
2025-09-24 03:55:00,CANCEL,SRR-1,long,bearish,lower_edge,L:111698.2@20,SWL:111667.5,111698.2,111648.75428571428,112466.6,49.44571428571362,4.426724359543272,0.26377076665142213,15.5402750491163,0.5209768315591647,0.5209768315591647,0.47902316844083526,0.0,2.0,PASS,CANCEL,,,clear,BTCUSDT|long|L:111698.2@20|SWL:111667.5,"v10_1_pass,weak_close_strength,opposite_wick_high,v11_quality_fail,r_abs_bps_low,r_abs_atr_low,close_strength_low"
2025-09-24 06:05:00,CANCEL,SRR-1,short,bearish,upper_edge,H:112630.0@20,SWH:112638.0,112630.0,112647.80785714286,110935.0,17.807857142863213,1.5810935934354269,0.18156725657277978,95.18270426373556,0.2,1.0,0.0,0.0,1.0,PASS,CANCEL,,,clear,BTCUSDT|short|H:112630.0@20|SWH:112638.0,"v10_1_pass,weak_body_ratio,v11_quality_fail,r_abs_bps_low,r_abs_atr_low,body_ratio_low"
2025-09-24 10:55:00,CANCEL,SRR-1,short,bullish,upper_edge,H:112825.9@20,SWH:112849.8,112825.9,112857.24500000001,112356.4,31.345000000015716,2.778174160367054,0.42102081934204416,14.978465464978932,0.0429042904288947,0.9554455445545077,0.001650165016597544,0.0,2.0,PASS,CANCEL,,,clear,BTCUSDT|short|H:112825.9@20|SWH:112849.8,"v10_1_pass,weak_body_ratio,body_not_aligned,v11_quality_fail,r_abs_bps_low,r_abs_atr_low,body_ratio_low"
2025-09-24 14:35:00,CANCEL,SRR-1,short,bullish,upper_edge,H:113177.6@20,SWH:113210.0,113177.6,113224.98285714285,112559.1,47.38285714284575,4.186593207741262,0.31624713958802597,13.05324409069296,0.02944785276075405,0.696319018404908,0.30368098159509205,0.0,1.0,PASS,CANCEL,,,clear,BTCUSDT|short|H:113177.6@20|SWH:113210.0,"v10_1_pass,weak_body_ratio,v11_quality_fail,r_abs_bps_low,r_abs_atr_low,body_ratio_low"
2025-09-24 23:50:00,CANCEL,SRR-1,long,bullish,lower_edge,L:113145.0@20,SWL:113143.3,113145.0,113135.10642857144,113632.4,9.8935714285617,0.874415257285934,0.12074797314956247,49.264313046037316,0.522944550669371,0.7772466539197868,0.22275334608021322,0.0,0.0,PASS,CANCEL,,,clear,BTCUSDT|long|L:113145.0@20|SWL:113143.3,"v10_1_pass,v11_quality_fail,r_abs_bps_low,r_abs_atr_low"
2025-09-24 23:55:00,CANCEL,SRR-1,long,bullish,lower_edge,L:113145.0@20,SWL:113143.3,113145.0,113135.41500000001,113632.4,9.584999999991851,0.8471430465324893,0.12155992390604821,50.85028690666756,0.2328042328043815,0.9973544973547275,0.0026455026452724775,0.0,1.0,PASS,CANCEL,,,clear,BTCUSDT|long|L:113145.0@20|SWL:113143.3,"v10_1_pass,weak_body_ratio,v11_quality_fail,r_abs_bps_low,r_abs_atr_low,body_ratio_low"
2025-09-25 00:35:00,CANCEL,SRR-1,long,bullish,lower_edge,L:113075.0@20,SWL:113057.9,113075.0,113047.55642857142,113590.0,27.443571428579162,2.427023783203994,0.26532007458056117,18.765779131199,0.5244299674267687,0.6653094462541507,0.33469055374584933,0.0,0.0,PASS,CANCEL,,,clear,BTCUSDT|long|L:113075.0@20|SWL:113057.9,"v10_1_pass,v11_quality_fail,r_abs_bps_low,r_abs_atr_low"
2025-09-25 00:40:00,CANCEL,SRR-1,long,bullish,lower_edge,L:113075.0@20,SWL:112996.0,113075.0,112985.25928571429,113590.0,89.74071428571187,7.936388616910182,0.8355190530025809,5.738755302976188,0.17520920502092316,0.9262552301255675,0.07374476987443244,0.0,1.0,PASS,CANCEL,,,clear,BTCUSDT|long|L:113075.0@20|SWL:112996.0,"v10_1_pass,weak_body_ratio,v11_quality_fail,r_abs_bps_low,body_ratio_low"
2025-09-25 01:05:00,CANCEL,SRR-1,long,bullish,lower_edge,L:112886.1@20,SWL:112850.4,112886.1,112835.81714285714,113590.0,50.282857142869034,4.454300143495881,0.3448079937304881,13.998806750380119,0.2554882664647881,0.8292959878879491,0.17070401211205086,0.0,1.0,PASS,CANCEL,,,clear,BTCUSDT|long|L:112886.1@20|SWL:112850.4,"v10_1_pass,weak_body_ratio,v11_quality_fail,r_abs_bps_low,r_abs_atr_low,body_ratio_low"
2025-09-25 03:35:00,CANCEL,SRR-1,long,bullish,lower_edge,L:112275.2@20,SWL:112155.6,112275.2,112136.93714285715,113462.1,138.2628571428504,12.314639131602563,0.7408450704225066,8.584373450157532,0.4408468244084904,0.9274595267745855,0.07254047322541445,0.0,0.0,PASS,CANCEL,,,clear,BTCUSDT|long|L:112275.2@20|SWL:112155.6,"v10_1_pass,v11_quality_fail,r_abs_bps_low"
2025-09-25 03:40:00,CANCEL,SRR-1,long,bullish,lower_edge,L:112275.2@20,SWL:112155.6,112275.2,112137.255,113462.1,137.94499999999243,12.286328592600363,0.7519487598800385,8.604153829425305,0.19948849104853877,0.889173060528562,0.110826939471438,0.0,1.0,PASS,CANCEL,,,clear,BTCUSDT|long|L:112275.2@20|SWL:112155.6,"v10_1_pass,weak_body_ratio,v11_quality_fail,r_abs_bps_low,body_ratio_low"
2025-09-25 04:55:00,CANCEL,SRR-1,long,bearish,lower_edge,L:111611.0@20,SWL:111540.0,111611.0,111518.73071428572,113462.1,92.26928571428289,8.26704229101817,0.43381468918963223,20.06193052942929,0.21023046655429992,0.7892074198988127,0.0005621135468874206,0.0,2.0,PASS,CANCEL,,,clear,BTCUSDT|long|L:111611.0@20|SWL:111540.0,"v10_1_pass,weak_body_ratio,body_not_aligned,v11_quality_fail,r_abs_bps_low,r_abs_atr_low,body_ratio_low"
2025-09-25 06:20:00,CANCEL,SRR-1,long,bearish,lower_edge,L:111540.0@20,SWL:111500.0,111540.0,111488.34928571428,113256.6,51.65071428571537,4.630689822997613,0.44332658941819575,33.23477755804729,0.8243127147766595,1.0,0.0,0.0,0.0,PASS,CANCEL,,,clear,BTCUSDT|long|L:111540.0@20|SWL:111500.0,"v10_1_pass,v11_quality_fail,r_abs_bps_low,r_abs_atr_low"
2025-09-25 07:05:00,CANCEL,SRR-1,long,bearish,lower_edge,L:111451.0@20,SWL:111435.6,111451.0,111425.26214285714,113140.8,25.737857142856228,2.3093428630390243,0.24896704207834094,65.65426137152299,0.39596273291929046,1.0,0.0,0.0,0.0,PASS,CANCEL,,,clear,BTCUSDT|long|L:111451.0@20|SWL:111435.6,"v10_1_pass,v11_quality_fail,r_abs_bps_low,r_abs_atr_low"
2025-09-25 07:10:00,CANCEL,SRR-1,long,bearish,lower_edge,L:111451.0@20,SWL:111389.0,111451.0,111376.79714285715,113140.8,74.20285714285274,6.657890655342055,0.608077733551817,22.77270802048578,0.35764705882355874,0.7304201680672366,0.2695798319327633,0.0,0.0,PASS,CANCEL,,,clear,BTCUSDT|long|L:111451.0@20|SWL:111389.0,"v10_1_pass,v11_quality_fail,r_abs_bps_low,r_abs_atr_low"
2025-09-25 11:25:00,CANCEL,SRR-1,long,bearish,lower_edge,L:111389.0@20,SWL:111360.0,111389.0,111349.09571428571,112220.3,39.9042857142922,3.5824260666934977,0.36595047818687154,20.83234883470832,0.2063253012048805,0.6189759036144223,0.17469879518069714,0.0,2.0,PASS,CANCEL,,,clear,BTCUSDT|long|L:111389.0@20|SWL:111360.0,"v10_1_pass,weak_body_ratio,body_not_aligned,v11_quality_fail,r_abs_bps_low,r_abs_atr_low,body_ratio_low"
2025-09-25 11:55:00,CANCEL,SRR-1,long,bearish,lower_edge,L:111320.0@20,SWL:111287.5,111320.0,111276.77357142857,112220.3,43.226428571433644,3.883078384066982,0.40298994472934707,20.827536064244033,0.47401574803147317,0.8559055118110007,0.14409448818899928,0.0,0.0,PASS,CANCEL,,,clear,BTCUSDT|long|L:111320.0@20|SWL:111287.5,"v10_1_pass,v11_quality_fail,r_abs_bps_low,r_abs_atr_low"
2025-09-25 12:35:00,CANCEL,SRR-1,long,bearish,lower_edge,L:111089.2@20,SWL:111000.0,111089.2,110981.81142857143,112220.3,107.3885714285716,9.666877736861153,0.5904178448004982,10.532778162081664,0.6135787873669977,0.7731802060462732,0.22681979395372673,0.0,0.0,PASS,CANCEL,,,clear,BTCUSDT|long|L:111089.2@20|SWL:111000.0,"v10_1_pass,v11_quality_fail,r_abs_bps_low,r_abs_atr_low"
2025-09-25 18:10:00,CANCEL,SRR-1,long,bearish,lower_edge,L:108578.2@20,SWL:108574.1,108578.2,108540.93714285715,111682.6,37.26285714285041,3.4318912215205635,0.11236322908587605,83.3108418954301,0.5220651860398082,0.6913758292471852,0.30862417075281484,0.0,0.0,PASS,CANCEL,,,clear,BTCUSDT|long|L:108578.2@20|SWL:108574.1,"v10_1_pass,v11_quality_fail,r_abs_bps_low,r_abs_atr_low"
2025-09-26 01:25:00,CANCEL,SRR-1,short,bearish,upper_edge,H:109637.3@20,SWH:109713.8,109637.3,109737.06642857143,108694.8,99.76642857142724,9.099679449551132,0.42879992631934005,9.447065646188008,0.6939068100357588,0.6946236559139368,0.30537634408606323,0.0,0.0,PASS,CANCEL,,,clear,BTCUSDT|short|H:109637.3@20|SWH:109713.8,"v10_1_pass,v11_quality_fail,r_abs_bps_low,r_abs_atr_low"
2025-09-26 01:50:00,CANCEL,SRR-1,short,bearish,upper_edge,H:109713.8@20,SWH:109720.0,109713.8,109741.29,108694.8,27.489999999990687,2.5056100508769807,0.12912165335834022,37.06802473628029,0.01830508474574298,0.7708474576270989,0.22915254237290109,0.0,1.0,PASS,CANCEL,,,clear,BTCUSDT|short|H:109713.8@20|SWH:109720.0,"v10_1_pass,weak_body_ratio,v11_quality_fail,r_abs_bps_low,r_abs_atr_low,body_ratio_low"
2025-09-26 01:55:00,CANCEL,SRR-1,short,bearish,upper_edge,H:109713.8@20,SWH:109720.0,109713.8,109739.19857142857,108694.8,25.398571428566356,2.3149842069608706,0.1322940694991914,40.12036672479568,0.08153477218228056,0.6330935251798248,0.2853717026378947,0.0,2.0,PASS,CANCEL,,,clear,BTCUSDT|short|H:109713.8@20|SWH:109720.0,"v10_1_pass,weak_body_ratio,body_not_aligned,v11_quality_fail,r_abs_bps_low,r_abs_atr_low,body_ratio_low"
2025-09-26 02:10:00,CANCEL,SRR-1,short,bearish,upper_edge,H:109720.0@20,SWH:109766.0,109720.0,109781.86214285715,108694.8,61.86214285714959,5.638182907140867,0.38999864907465653,16.572332490443493,0.7438676554477582,0.7723901882486705,0.22760981175132955,0.0,0.0,PASS,CANCEL,,,clear,BTCUSDT|short|H:109720.0@20|SWH:109766.0,"v10_1_pass,v11_quality_fail,r_abs_bps_low,r_abs_atr_low"
2025-09-26 09:20:00,CANCEL,SRR-1,short,bearish,upper_edge,H:109627.2@20,SWH:109640.9,109627.2,109651.13142857142,108841.0,23.931428571420838,2.182982742551195,0.2339011449315087,32.85219675263705,0.7889182058049089,0.9709762532981869,0.029023746701813027,0.0,0.0,PASS,CANCEL,,,clear,BTCUSDT|short|H:109627.2@20|SWH:109640.9,"v10_1_pass,v11_quality_fail,r_abs_bps_low,r_abs_atr_low"
2025-09-26 09:25:00,CANCEL,SRR-1,short,bearish,upper_edge,H:109627.2@20,SWH:109653.6,109627.2,109663.84071428572,108841.0,36.640714285720605,3.342301389228276,0.35779451768158577,21.45700528295624,0.42410196987242216,0.5758980301275778,0.0,0.0,2.0,PASS,CANCEL,,,clear,BTCUSDT|short|H:109627.2@20|SWH:109653.6,"v10_1_pass,weak_close_strength,body_not_aligned,v11_quality_fail,r_abs_bps_low,r_abs_atr_low,close_strength_low"
2025-09-26 10:50:00,CANCEL,SRR-1,long,bearish,lower_edge,L:108700.0@20,SWL:108645.9,108700.0,108630.92428571428,109653.6,69.07571428571828,6.354711525825048,0.46125155012881486,13.805141356275008,0.006939625260235667,0.915336571825145,0.07772380291461928,0.0,2.0,PASS,CANCEL,,,clear,BTCUSDT|long|L:108700.0@20|SWL:108645.9,"v10_1_pass,weak_body_ratio,body_not_aligned,v11_quality_fail,r_abs_bps_low,r_abs_atr_low,body_ratio_low"
2025-09-26 10:55:00,CANCEL,SRR-1,long,bearish,lower_edge,L:108700.0@20,SWL:108645.9,108700.0,108630.82714285713,109653.6,69.17285714286845,6.363648311211449,0.45892332480341813,13.785754114947956,0.7538838920686418,0.7547015535568333,0.2452984464431667,0.0,0.0,PASS,CANCEL,,,clear,BTCUSDT|long|L:108700.0@20|SWL:108645.9,"v10_1_pass,v11_quality_fail,r_abs_bps_low,r_abs_atr_low"
2025-09-26 11:20:00,CANCEL,SRR-1,long,bearish,lower_edge,L:108645.9@20,SWL:108566.0,108645.9,108551.57285714286,109653.6,94.32714285713155,8.682071100440197,0.6538172096246454,10.683033212680682,0.17761100687926962,0.8223889931207303,0.0,0.0,2.0,PASS,CANCEL,,,clear,BTCUSDT|long|L:108645.9@20|SWL:108566.0,"v10_1_pass,weak_body_ratio,body_not_aligned,v11_quality_fail,r_abs_bps_low,r_abs_atr_low,body_ratio_low"
2025-09-27 07:50:00,CANCEL,SRR-1,long,bullish,lower_edge,L:109323.6@20,SWL:109284.3,109323.6,109281.04785714285,109700.0,42.55214285715192,3.892310796310396,1.3084339995610412,8.845617981298233,0.0858283433134463,0.9520958083833414,0.04790419161665863,0.0,1.0,PASS,CANCEL,,,clear,BTCUSDT|long|L:109323.6@20|SWL:109284.3,"v10_1_pass,weak_body_ratio,v11_quality_fail,r_abs_bps_low,body_ratio_low"
2025-09-27 07:55:00,CANCEL,SRR-1,long,bullish,lower_edge,L:109323.6@20,SWL:109284.3,109323.6,109281.045,109700.0,42.55500000000757,3.8925721436183554,1.3073732718896836,8.845024086474615,0.9847560975605333,0.9878048780485154,0.012195121951484623,0.0,0.0,PASS,CANCEL,,,clear,BTCUSDT|long|L:109323.6@20|SWL:109284.3,"v10_1_pass,v11_quality_fail,r_abs_bps_low"
2025-09-28 01:55:00,CANCEL,SRR-1,long,bullish,lower_edge,L:109310.0@20,SWL:109284.1,109310.0,109274.84571428572,109749.9,35.15428571427765,3.2160173556195817,0.37987033034878426,12.51341027308463,0.056542810985465736,0.7075928917607831,0.29240710823921684,0.0,1.0,PASS,CANCEL,,,clear,BTCUSDT|long|L:109310.0@20|SWL:109284.1,"v10_1_pass,weak_body_ratio,v11_quality_fail,r_abs_bps_low,r_abs_atr_low,body_ratio_low"
2025-09-28 06:35:00,CANCEL,SRR-1,long,bearish,lower_edge,L:109227.2@20,SWL:109203.9,109227.2,109201.72071428571,109496.4,25.47928571428929,2.332686886992369,1.1691576532286472,10.565445319725912,0.29807692307709127,0.8581730769232367,0.1418269230767633,0.0,1.0,PASS,CANCEL,,,clear,BTCUSDT|long|L:109227.2@20|SWL:109203.9,"v10_1_pass,weak_body_ratio,v11_quality_fail,r_abs_bps_low,body_ratio_low"
2025-09-28 06:40:00,CANCEL,SRR-1,long,bearish,lower_edge,L:109227.2@20,SWL:109203.9,109227.2,109201.21428571428,109496.4,25.98571428572177,2.3790515810825297,0.9675531914896779,10.359538207803391,1.0,1.0,0.0,0.0,0.0,PASS,CANCEL,,,clear,BTCUSDT|long|L:109227.2@20|SWL:109203.9,"v10_1_pass,v11_quality_fail,r_abs_bps_low"
2025-09-28 08:05:00,CANCEL,SRR-1,short,bullish,upper_edge,H:109500.0@20,SWH:109544.8,109500.0,109548.98071428572,109203.9,48.98071428571711,4.473124592302933,1.171587220228975,6.045236463330818,0.23298429319372874,0.7670157068062713,0.0,0.0,2.0,PASS,CANCEL,,,clear,BTCUSDT|short|H:109500.0@20|SWH:109544.8,"v10_1_pass,weak_body_ratio,body_not_aligned,v11_quality_fail,r_abs_bps_low,body_ratio_low"
2025-09-28 08:10:00,CANCEL,SRR-1,short,bullish,upper_edge,H:109500.0@20,SWH:109544.8,109500.0,109549.37857142858,109203.9,49.378571428576834,4.5094585779522225,1.0784711388456474,5.996528280051537,0.5107526881720164,0.5125448028674611,0.48745519713253893,0.0,2.0,PASS,CANCEL,,,clear,BTCUSDT|short|H:109500.0@20|SWH:109544.8,"v10_1_pass,weak_close_strength,opposite_wick_high,v11_quality_fail,r_abs_bps_low,close_strength_low"
2025-09-28 12:55:00,CANCEL,SRR-1,long,bearish,lower_edge,L:109156.0@20,SWL:109136.5,109156.0,109128.77285714286,109544.8,27.22714285714028,2.494333143129125,0.3523571824736112,14.279867779003505,0.77259684361553,0.7905308464849694,0.20946915351503057,0.0,0.0,PASS,CANCEL,,,clear,BTCUSDT|long|L:109156.0@20|SWL:109136.5,"v10_1_pass,v11_quality_fail,r_abs_bps_low,r_abs_atr_low"
2025-09-28 14:35:00,CANCEL,SRR-1,short,bullish,upper_edge,H:109673.9@20,SWH:109700.0,109673.9,109706.66785714286,109136.5,32.767857142869616,2.987753434761563,0.4914301017677362,16.400217983644804,0.5845272206303609,0.9102196752627083,0.0897803247372917,0.0,0.0,PASS,CANCEL,,,clear,BTCUSDT|short|H:109673.9@20|SWH:109700.0,"v10_1_pass,v11_quality_fail,r_abs_bps_low,r_abs_atr_low"
2025-09-28 14:40:00,CANCEL,SRR-1,short,bullish,upper_edge,H:109673.9@20,SWH:109700.0,109673.9,109706.59571428571,109136.5,32.69571428571362,2.9811754925933722,0.4957115009746597,16.436404946039392,0.300000000000071,0.7073170731707317,0.2926829268292683,0.0,0.0,PASS,CANCEL,,,clear,BTCUSDT|short|H:109673.9@20|SWH:109700.0,"v10_1_pass,v11_quality_fail,r_abs_bps_low,r_abs_atr_low"
2025-09-28 15:10:00,CANCEL,SRR-1,short,bullish,upper_edge,H:109842.9@20,SWH:109871.0,109842.9,109878.97,109136.5,36.070000000006985,3.2837807450465153,0.45257214554589503,19.584141946211737,0.6913919413919598,0.8443223443223402,0.15567765567765982,0.0,0.0,PASS,CANCEL,,,clear,BTCUSDT|short|H:109842.9@20|SWH:109871.0,"v10_1_pass,v11_quality_fail,r_abs_bps_low,r_abs_atr_low"
2025-09-28 22:35:00,CANCEL,SRR-1,short,bullish,upper_edge,H:111777.0@20,SWH:111929.8,111777.0,111945.61357142858,110003.0,168.61357142857742,15.084818113617061,1.0662586386015824,10.521098538924218,0.25455265241489083,0.7244655581947577,0.0209817893903515,0.0,2.0,PASS,CANCEL,,,clear,BTCUSDT|short|H:111777.0@20|SWH:111929.8,"v10_1_pass,weak_body_ratio,body_not_aligned,v11_quality_fail,r_abs_bps_low,body_ratio_low"
2025-09-28 22:50:00,CANCEL,SRR-1,short,bullish,upper_edge,H:111929.8@20,SWH:111959.5,111929.8,111977.03071428572,110003.0,47.23071428571711,4.219672891912351,0.269416941694182,40.79548719809813,0.13480578827122047,0.6999238385376401,0.16527037319113944,0.0,2.0,PASS,CANCEL,,,clear,BTCUSDT|short|H:111929.8@20|SWH:111959.5,"v10_1_pass,weak_body_ratio,body_not_aligned,v11_quality_fail,r_abs_bps_low,r_abs_atr_low,body_ratio_low"
2025-09-28 22:55:00,CANCEL,SRR-1,short,bullish,upper_edge,H:111929.8@20,SWH:111981.2,111929.8,111999.13357142857,110003.0,69.33357142856403,6.194379997870453,0.3866132950969396,27.790289181702246,0.1776605101143149,0.8223394898856851,0.0,0.0,2.0,PASS,CANCEL,,,clear,BTCUSDT|short|H:111929.8@20|SWH:111981.2,"v10_1_pass,weak_body_ratio,body_not_aligned,v11_quality_fail,r_abs_bps_low,r_abs_atr_low,body_ratio_low"
2025-09-29 08:50:00,CANCEL,SRR-1,short,bullish,upper_edge,H:112210.0@20,SWH:112381.3,112210.0,112393.29642857143,111501.0,183.29642857142608,16.335124193158013,1.5279249776719055,3.8680513609883036,0.2678913126674291,0.9238423268274246,0.07615767317257542,0.0,1.0,PASS,CANCEL,,,clear,BTCUSDT|short|H:112210.0@20|SWH:112381.3,"v10_1_pass,weak_body_ratio,v11_quality_fail,r_abs_bps_low,body_ratio_low"
2025-09-29 08:55:00,CANCEL,SRR-1,short,bullish,upper_edge,H:112210.0@20,SWH:112381.3,112210.0,112393.68571428572,111501.0,183.68571428571886,16.369816797586566,1.4830449826989989,3.85985378752518,0.5622009569378251,0.9250398724083364,0.0749601275916636,0.0,0.0,PASS,CANCEL,,,clear,BTCUSDT|short|H:112210.0@20|SWH:112381.3,"v10_1_pass,v11_quality_fail,r_abs_bps_low"
2025-09-29 12:35:00,CANCEL,SRR-1,short,bullish,upper_edge,H:112381.3@20,SWH:112492.2,112381.3,112502.02,111539.0,120.72000000000116,10.742000670930231,1.2293279022403611,6.977302849569208,0.12514711651626093,0.8058061985092149,0.19419380149078513,0.0,1.0,PASS,CANCEL,,,clear,BTCUSDT|short|H:112381.3@20|SWH:112492.2,"v10_1_pass,weak_body_ratio,v11_quality_fail,r_abs_bps_low,body_ratio_low"
2025-09-29 12:40:00,CANCEL,SRR-1,short,bullish,upper_edge,H:112381.3@20,SWH:112492.2,112381.3,112502.73785714286,111539.0,121.43785714285332,10.805877591988464,1.1523961228224724,6.936057830872,0.900785854616906,0.900785854616906,0.09921414538309409,0.0,0.0,PASS,CANCEL,,,clear,BTCUSDT|short|H:112381.3@20|SWH:112492.2,"v10_1_pass,v11_quality_fail,r_abs_bps_low"
2025-09-29 13:55:00,CANCEL,SRR-1,short,bullish,upper_edge,H:113283.7@20,SWH:113443.6,113283.7,113468.12642857143,111844.3,184.42642857143073,16.280049872261475,0.7519497917698205,7.804738242504631,0.3776772247360395,0.5722473604826458,0.4277526395173542,0.0,1.0,PASS,CANCEL,,,clear,BTCUSDT|short|H:113283.7@20|SWH:113443.6,"v10_1_pass,weak_close_strength,v11_quality_fail,r_abs_bps_low,close_strength_low"
2025-09-29 14:20:00,CANCEL,SRR-1,short,bullish,upper_edge,H:113775.5@20,SWH:113881.6,113775.5,113910.90642857144,111844.3,135.4064285714412,11.90119389248487,0.4620366082527415,14.26224751937154,0.41390122811598995,0.7577737130911711,0.24222628690882891,0.0,0.0,PASS,CANCEL,,,clear,BTCUSDT|short|H:113775.5@20|SWH:113881.6,"v10_1_pass,v11_quality_fail,r_abs_bps_low,r_abs_atr_low"
2025-09-29 14:55:00,CANCEL,SRR-1,short,bullish,upper_edge,H:114149.0@20,SWH:114188.0,114149.0,114213.59857142858,111844.3,64.598571428578,5.6591447519100475,0.25235225179979004,35.67725955903125,0.3290362185390285,0.8692449355433449,0.13075506445665513,0.0,0.0,PASS,CANCEL,,,clear,BTCUSDT|short|H:114149.0@20|SWH:114188.0,"v10_1_pass,v11_quality_fail,r_abs_bps_low,r_abs_atr_low"
2025-09-29 20:40:00,CANCEL,SRR-1,short,bullish,upper_edge,H:114353.0@20,SWH:114377.2,114353.0,114391.65785714285,113404.5,38.65785714285448,3.380572188124009,0.26738303443503836,24.535762458197215,0.7475434618292257,1.0,0.0,0.0,0.0,PASS,CANCEL,,,clear,BTCUSDT|short|H:114353.0@20|SWH:114377.2,"v10_1_pass,v11_quality_fail,r_abs_bps_low,r_abs_atr_low"
2025-09-30 05:35:00,CANCEL,SRR-1,long,bullish,lower_edge,L:113867.0@20,SWL:113844.7,113867.0,113835.33928571429,114800.0,31.660714285710128,2.7804995552451657,0.33822968332693376,29.468697123523327,0.018592297476681608,0.6918990703851767,0.28950863213814165,0.0,2.0,PASS,CANCEL,,,clear,BTCUSDT|long|L:113867.0@20|SWL:113844.7,"v10_1_pass,weak_body_ratio,body_not_aligned,v11_quality_fail,r_abs_bps_low,r_abs_atr_low,body_ratio_low"
2025-09-30 05:40:00,CANCEL,SRR-1,long,bullish,lower_edge,L:113867.0@20,SWL:113844.7,113867.0,113835.65857142858,114800.0,31.34142857142433,2.7524593228436975,0.3466424395638724,29.768904690281616,0.561497326203296,0.7112299465239414,0.2887700534760586,0.0,0.0,PASS,CANCEL,,,clear,BTCUSDT|long|L:113867.0@20|SWL:113844.7,"v10_1_pass,v11_quality_fail,r_abs_bps_low,r_abs_atr_low"
2025-09-30 05:50:00,CANCEL,SRR-1,long,bullish,lower_edge,L:113844.7@20,SWL:113828.0,113844.7,113819.11928571429,114800.0,25.580714285708382,2.246983327788503,0.28804793694194536,37.34453969229924,0.2745098039214994,0.7245564892623866,0.0009337068161140554,0.0,2.0,PASS,CANCEL,,,clear,BTCUSDT|long|L:113844.7@20|SWL:113828.0,"v10_1_pass,weak_body_ratio,body_not_aligned,v11_quality_fail,r_abs_bps_low,r_abs_atr_low,body_ratio_low"
2025-09-30 07:55:00,CANCEL,SRR-1,long,bullish,lower_edge,L:113540.0@20,SWL:113531.7,113540.0,113521.91928571428,114538.0,18.080714285722934,1.592453257505983,0.18486087782087238,55.19693438151668,0.46540880503144655,0.5062893081761006,0.4937106918238994,0.0,2.0,PASS,CANCEL,,,clear,BTCUSDT|long|L:113540.0@20|SWL:113531.7,"v10_1_pass,weak_close_strength,opposite_wick_high,v11_quality_fail,r_abs_bps_low,r_abs_atr_low,close_strength_low"
2025-09-30 09:20:00,CANCEL,SRR-1,long,bullish,lower_edge,L:113177.5@20,SWL:113174.0,113177.5,113161.83357142856,114286.7,15.666428571435972,1.3842352562511075,0.12876768625614954,70.80107600416096,0.5698663426487548,0.6743620899149215,0.32563791008507853,0.0,0.0,PASS,CANCEL,,,clear,BTCUSDT|long|L:113177.5@20|SWL:113174.0,"v10_1_pass,v11_quality_fail,r_abs_bps_low,r_abs_atr_low"
2025-09-30 10:05:00,CANCEL,SRR-1,long,bullish,lower_edge,L:112701.8@20,SWL:112615.3,112701.8,112602.04785714285,114159.1,99.75214285714901,8.850980450813475,0.7527246267450344,14.609209970425828,0.25344597598933516,0.8216985326812258,0.17830146731877416,0.0,1.0,PASS,CANCEL,,,clear,BTCUSDT|long|L:112701.8@20|SWL:112615.3,"v10_1_pass,weak_body_ratio,v11_quality_fail,r_abs_bps_low,body_ratio_low"
2025-09-30 10:10:00,CANCEL,SRR-1,long,bullish,lower_edge,L:112701.8@20,SWL:112615.3,112701.8,112601.41071428571,114159.1,100.38928571429278,8.907513962890812,0.7227822062227195,14.51648938062443,0.6886374815543433,0.7147073290703435,0.2852926709296565,0.0,0.0,PASS,CANCEL,,,clear,BTCUSDT|long|L:112701.8@20|SWL:112615.3,"v10_1_pass,v11_quality_fail,r_abs_bps_low"
2025-09-30 13:50:00,CANCEL,SRR-1,short,bearish,upper_edge,H:113532.1@20,SWH:113623.8,113532.1,113639.61857142857,112615.3,107.5185714285617,9.47032349692833,0.6796983653932402,8.526899007481234,0.2977099236640766,0.9280835676978381,0.07191643230216192,0.0,1.0,PASS,CANCEL,,,clear,BTCUSDT|short|H:113532.1@20|SWH:113623.8,"v10_1_pass,weak_body_ratio,v11_quality_fail,r_abs_bps_low,r_abs_atr_low,body_ratio_low"
2025-09-30 13:55:00,CANCEL,SRR-1,short,bearish,upper_edge,H:113532.1@20,SWH:113623.8,113532.1,113641.56714285715,112615.3,109.46714285714552,9.641955258217324,0.6161212511055885,8.37511582079406,0.6469363474122602,0.6469363474122602,0.3530636525877398,0.0,0.0,PASS,CANCEL,,,clear,BTCUSDT|short|H:113532.1@20|SWH:113623.8,"v10_1_pass,v11_quality_fail,r_abs_bps_low,r_abs_atr_low"
2025-09-30 19:20:00,CANCEL,SRR-1,short,bearish,upper_edge,H:113877.6@20,SWH:113888.0,113877.6,113901.02714285714,112743.6,23.42714285713737,2.0572213373953585,0.17983331505643307,48.40539057260723,0.30358350236643644,0.7464503042596249,0.2535496957403751,0.0,0.0,PASS,CANCEL,,,clear,BTCUSDT|short|H:113877.6@20|SWH:113888.0,"v10_1_pass,v11_quality_fail,r_abs_bps_low,r_abs_atr_low"
2025-09-30 19:25:00,CANCEL,SRR-1,short,bearish,upper_edge,H:113877.6@20,SWH:113932.7,113877.6,113945.57714285715,112743.6,67.97714285714028,5.969316428967617,0.5278899489682549,16.682078009415562,0.2946486137975478,0.704706640876912,0.000644745325540132,0.0,2.0,PASS,CANCEL,,,clear,BTCUSDT|short|H:113877.6@20|SWH:113932.7,"v10_1_pass,weak_body_ratio,body_not_aligned,v11_quality_fail,r_abs_bps_low,r_abs_atr_low,body_ratio_low"
2025-10-01 04:35:00,CANCEL,SRR-1,short,bullish,upper_edge,H:114553.5@20,SWH:114669.0,114553.5,114682.90857142858,113786.5,129.40857142857567,11.296780231819687,0.9304231717338034,5.926964431589676,0.4228903976721548,1.0,0.0,0.0,0.0,PASS,CANCEL,,,clear,BTCUSDT|short|H:114553.5@20|SWH:114669.0,"v10_1_pass,v11_quality_fail,r_abs_bps_low"
2025-10-01 04:40:00,CANCEL,SRR-1,short,bullish,upper_edge,H:114553.5@20,SWH:114669.0,114553.5,114683.42357142858,113786.5,129.9235714285751,11.341737391574688,0.9007725449413404,5.903470721797814,0.13850547358396223,0.8005711565921322,0.060923369823905546,0.0,2.0,PASS,CANCEL,,,clear,BTCUSDT|short|H:114553.5@20|SWH:114669.0,"v10_1_pass,weak_body_ratio,body_not_aligned,v11_quality_fail,r_abs_bps_low,body_ratio_low"
2025-10-01 11:55:00,CANCEL,SRR-1,short,bullish,upper_edge,H:116599.8@20,SWH:116664.0,116599.8,116673.40214285714,114170.0,73.60214285714028,6.312372993533461,0.7828230646508862,33.01262579699856,0.23646960865939054,0.7626977518734503,0.0008326394671591666,0.0,2.0,PASS,CANCEL,,,clear,BTCUSDT|short|H:116599.8@20|SWH:116664.0,"v10_1_pass,weak_body_ratio,body_not_aligned,v11_quality_fail,r_abs_bps_low,body_ratio_low"
2025-10-01 12:05:00,CANCEL,SRR-1,short,bullish,upper_edge,H:116750.0@20,SWH:116838.3,116750.0,116848.96142857143,114184.9,98.96142857143423,8.476353624962247,0.9282192147930192,25.920199789238254,0.3366066557555707,0.8903436988543071,0.10965630114569286,0.0,0.0,PASS,CANCEL,,,clear,BTCUSDT|short|H:116750.0@20|SWH:116838.3,"v10_1_pass,v11_quality_fail,r_abs_bps_low"
2025-10-01 12:10:00,CANCEL,SRR-1,short,bullish,upper_edge,H:116750.0@20,SWH:116838.3,116750.0,116849.55428571429,114184.9,99.55428571428638,8.527133680024528,0.8845899974612791,25.765842038801402,0.4204028589994418,0.6887589343729955,0.3112410656270045,0.0,0.0,PASS,CANCEL,,,clear,BTCUSDT|short|H:116750.0@20|SWH:116838.3,"v10_1_pass,v11_quality_fail,r_abs_bps_low"
2025-10-01 12:25:00,CANCEL,SRR-1,short,bullish,upper_edge,H:116838.3@20,SWH:116850.0,116838.3,116863.4,114306.0,25.09999999999127,2.1482681620659725,0.18731343283575427,100.88844621517465,0.3670661340435445,0.8038171327119551,0.1961828672880449,0.0,0.0,PASS,CANCEL,,,clear,BTCUSDT|short|H:116838.3@20|SWH:116850.0,"v10_1_pass,v11_quality_fail,r_abs_bps_low,r_abs_atr_low"
2025-10-01 14:25:00,CANCEL,SRR-1,short,bullish,upper_edge,H:117231.4@20,SWH:117400.0,117231.4,117423.37214285714,116075.7,191.97214285715017,16.37548838085617,0.8213715962226392,6.020144291768278,0.708029197080292,0.708029197080292,0.291970802919708,0.0,0.0,PASS,CANCEL,,,clear,BTCUSDT|short|H:117231.4@20|SWH:117400.0,"v10_1_pass,v11_quality_fail,r_abs_bps_low"
2025-10-01 16:20:00,CANCEL,SRR-1,short,bullish,upper_edge,H:117750.0@20,SWH:117787.9,117750.0,117804.6057142857,116238.2,54.60571428570256,4.637427964815505,0.3268684795621001,27.68574717455602,0.5955435516543031,0.8521269412559388,0.14787305874406123,0.0,0.0,PASS,CANCEL,,,clear,BTCUSDT|short|H:117750.0@20|SWH:117787.9,"v10_1_pass,v11_quality_fail,r_abs_bps_low,r_abs_atr_low"
2025-10-02 09:40:00,CANCEL,SRR-1,short,bullish,upper_edge,H:118648.5@20,SWH:118724.8,118648.5,118731.2342857143,118226.4,82.73428571429395,6.9730578738284885,1.2858348134992357,5.101875194253111,0.5032563647128219,1.0,0.0,0.0,0.0,PASS,CANCEL,,,clear,BTCUSDT|short|H:118648.5@20|SWH:118724.8,"v10_1_pass,v11_quality_fail,r_abs_bps_low"
2025-10-02 10:05:00,CANCEL,SRR-1,short,bullish,upper_edge,H:118827.7@20,SWH:118885.8,118827.7,118894.99,118226.4,67.29000000000815,5.6628210425690435,0.7322089227421881,8.935948877989746,0.681419807186687,0.9991235758107051,0.0008764241892948824,0.0,0.0,PASS,CANCEL,,,clear,BTCUSDT|short|H:118827.7@20|SWH:118885.8,"v10_1_pass,v11_quality_fail,r_abs_bps_low"
2025-10-02 10:10:00,CANCEL,SRR-1,short,bullish,upper_edge,H:118827.7@20,SWH:118885.8,118827.7,118895.22285714286,118226.4,67.52285714285972,5.682417243021595,0.7165858095815856,8.9051326534927,0.030915576694310807,0.7586206896552857,0.2104637336504034,0.0,2.0,PASS,CANCEL,,,clear,BTCUSDT|short|H:118827.7@20|SWH:118885.8,"v10_1_pass,weak_body_ratio,body_not_aligned,v11_quality_fail,r_abs_bps_low,body_ratio_low"
2025-10-02 14:35:00,CANCEL,SRR-1,short,bullish,upper_edge,H:119733.0@20,SWH:119747.2,119733.0,119771.815,118481.6,38.81500000000233,3.2417963301681514,0.1576884013812808,32.24011335823571,0.4302921578677857,0.6965658636596743,0.3034341363403256,0.0,0.0,PASS,CANCEL,,,clear,BTCUSDT|short|H:119733.0@20|SWH:119747.2,"v10_1_pass,v11_quality_fail,r_abs_bps_low,r_abs_atr_low"
2025-10-02 14:40:00,CANCEL,SRR-1,short,bullish,upper_edge,H:119733.0@20,SWH:119747.2,119733.0,119772.7507142857,118481.6,39.750714285706636,3.31994640455903,0.15557574571577312,31.48119530646941,0.43661366566397547,0.43661366566397547,0.5633863343360246,0.0,2.0,PASS,CANCEL,,,clear,BTCUSDT|short|H:119733.0@20|SWH:119747.2,"v10_1_pass,weak_close_strength,opposite_wick_high,v11_quality_fail,r_abs_bps_low,r_abs_atr_low,close_strength_low"
2025-10-03 05:55:00,CANCEL,SRR-1,long,bullish,lower_edge,L:119766.0@20,SWL:119700.0,119766.0,119691.82428571429,120447.2,74.17571428570955,6.193386627733209,0.9072689149047307,9.183598790517275,0.5641975308641616,1.0,0.0,0.0,0.0,PASS,CANCEL,,,clear,BTCUSDT|long|L:119766.0@20|SWL:119700.0,"v10_1_pass,v11_quality_fail,r_abs_bps_low"
2025-10-03 08:25:00,CANCEL,SRR-1,long,bullish,lower_edge,L:119404.6@20,SWL:119200.0,119404.6,119188.04214285714,120374.6,216.5578571428632,18.136475239887176,1.8110089003047332,4.479172507511889,0.8811830698623693,0.8816930137684951,0.11830698623150496,0.0,0.0,PASS,CANCEL,,,clear,BTCUSDT|long|L:119404.6@20|SWL:119200.0,"v10_1_pass,v11_quality_fail,r_abs_bps_low"
2025-10-03 13:35:00,CANCEL,SRR-1,short,bullish,upper_edge,H:120540.0@20,SWH:120687.3,120540.0,120701.62642857143,119610.3,161.62642857142782,13.408530659650559,1.128169716308509,5.752153334187752,0.20594536689878665,0.7027316550616031,0.2972683449383969,0.0,1.0,PASS,CANCEL,,,clear,BTCUSDT|short|H:120540.0@20|SWH:120687.3,"v10_1_pass,weak_body_ratio,v11_quality_fail,r_abs_bps_low,body_ratio_low"
2025-10-04 01:35:00,CANCEL,SRR-1,long,bullish,lower_edge,L:121900.0@20,SWL:121810.2,121900.0,121799.10285714286,122694.1,100.89714285713853,8.27704207195558,0.90921730175073,7.870391346208698,0.5022148394241095,0.9994462901439324,0.0005537098560676497,0.0,0.0,PASS,CANCEL,,,clear,BTCUSDT|long|L:121900.0@20|SWL:121810.2,"v10_1_pass,v11_quality_fail,r_abs_bps_low"
2025-10-04 02:40:00,CANCEL,SRR-1,long,bullish,lower_edge,L:121636.5@20,SWL:121636.4,121636.5,121621.54142857142,122622.7,14.95857142857858,1.2297765414639996,0.10067301221041196,65.9287556107027,0.20487264673310523,0.6013289036544979,0.19379844961239687,0.0,2.0,PASS,CANCEL,,,clear,BTCUSDT|long|L:121636.5@20|SWL:121636.4,"v10_1_pass,weak_body_ratio,body_not_aligned,v11_quality_fail,r_abs_bps_low,r_abs_atr_low,body_ratio_low"
2025-10-04 11:05:00,CANCEL,SRR-1,long,bullish,lower_edge,L:122062.1@20,SWL:122050.0,122062.1,122044.66857142857,122551.3,17.43142857143539,1.4280787051374169,0.3269560557343276,28.064251761995084,0.6862499999999272,1.0,0.0,0.0,0.0,PASS,CANCEL,,,clear,BTCUSDT|long|L:122062.1@20|SWL:122050.0,"v10_1_pass,v11_quality_fail,r_abs_bps_low,r_abs_atr_low"
2025-10-04 11:25:00,CANCEL,SRR-1,long,bullish,lower_edge,L:121938.1@20,SWL:121908.3,121938.1,121901.28071428572,122551.3,36.8192857142858,3.019506267055645,0.5245446219599246,16.65431547907723,0.08908045977027476,0.6609195402298298,0.3390804597701702,0.0,1.0,PASS,CANCEL,,,clear,BTCUSDT|long|L:121938.1@20|SWL:121908.3,"v10_1_pass,weak_body_ratio,v11_quality_fail,r_abs_bps_low,r_abs_atr_low,body_ratio_low"
2025-10-04 15:05:00,CANCEL,SRR-1,long,bullish,lower_edge,L:121891.2@20,SWL:121817.0,121891.2,121807.81285714285,122480.9,83.38714285714377,6.841112636280861,0.9076504431659477,7.0718336160078366,0.13315926892954444,0.6083550913838205,0.3916449086161795,0.0,1.0,PASS,CANCEL,,,clear,BTCUSDT|long|L:121891.2@20|SWL:121817.0,"v10_1_pass,weak_body_ratio,v11_quality_fail,r_abs_bps_low,body_ratio_low"
2025-10-04 15:20:00,CANCEL,SRR-1,long,bullish,lower_edge,L:121817.0@20,SWL:121750.0,121817.0,121738.78285714285,122480.9,78.21714285714552,6.4208725265886955,0.6973000509424678,8.487909117474798,0.1483305966064929,0.6573617952928721,0.3426382047071279,0.0,1.0,PASS,CANCEL,,,clear,BTCUSDT|long|L:121817.0@20|SWL:121750.0,"v10_1_pass,weak_body_ratio,v11_quality_fail,r_abs_bps_low,r_abs_atr_low,body_ratio_low"
2025-10-04 22:40:00,CANCEL,SRR-1,short,bullish,upper_edge,H:122310.7@20,SWH:122322.2,122310.7,122328.90714285713,121432.0,18.207142857136205,1.4885977152560002,0.2714589989349423,48.26127893293234,0.8871733966745804,0.8871733966745804,0.11282660332541958,0.0,0.0,PASS,CANCEL,,,clear,BTCUSDT|short|H:122310.7@20|SWH:122322.2,"v10_1_pass,v11_quality_fail,r_abs_bps_low,r_abs_atr_low"
2025-10-04 23:55:00,CANCEL,SRR-1,short,bullish,upper_edge,H:122322.2@20,SWH:122374.8,122322.2,122379.74500000001,121432.0,57.545000000012806,4.704379090632184,1.163700707785896,15.469632461548336,0.9967845659162121,1.0,0.0,0.0,0.0,PASS,CANCEL,,,clear,BTCUSDT|short|H:122322.2@20|SWH:122374.8,"v10_1_pass,v11_quality_fail,r_abs_bps_low"
2025-10-05 09:50:00,CANCEL,SRR-1,long,bullish,lower_edge,L:122828.1@20,SWL:122720.4,122828.1,122690.76785714286,125877.3,137.33214285715076,11.180840773174115,0.46345667108595806,22.20310508932853,0.4432697753445304,0.886161978478381,0.113838021521619,0.0,0.0,PASS,CANCEL,,,clear,BTCUSDT|long|L:122828.1@20|SWL:122720.4,"v10_1_pass,v11_quality_fail,r_abs_bps_low,r_abs_atr_low"
2025-10-05 09:55:00,CANCEL,SRR-1,long,bullish,lower_edge,L:122828.1@20,SWL:122720.4,122828.1,122689.4657142857,125877.3,138.63428571430268,11.286854206350393,0.44815738431703683,21.994559169034012,0.23963133640549958,0.6359447004608305,0.12442396313366991,0.0,2.0,PASS,CANCEL,,,clear,BTCUSDT|long|L:122828.1@20|SWL:122720.4,"v10_1_pass,weak_body_ratio,body_not_aligned,v11_quality_fail,r_abs_bps_low,r_abs_atr_low,body_ratio_low"
2025-10-05 17:10:00,CANCEL,SRR-1,short,bullish,upper_edge,H:123413.3@20,SWH:123422.0,123413.3,123442.96357142857,122160.0,29.663571428565774,2.4035960004769157,0.14150056219970686,42.25047557129569,0.5219206680584393,0.8209812108559401,0.17901878914405986,0.0,0.0,PASS,CANCEL,,,clear,BTCUSDT|short|H:123413.3@20|SWH:123422.0,"v10_1_pass,v11_quality_fail,r_abs_bps_low,r_abs_atr_low"
2025-10-05 23:20:00,CANCEL,SRR-1,short,bearish,upper_edge,H:123436.8@20,SWH:123450.0,123436.8,123461.50571428571,122425.7,24.705714285708382,2.001486937907365,0.21472560218519787,40.92575459698006,0.30588235294114796,0.6009803921568913,0.39901960784310875,0.0,0.0,PASS,CANCEL,,,clear,BTCUSDT|short|H:123436.8@20|SWH:123450.0,"v10_1_pass,v11_quality_fail,r_abs_bps_low,r_abs_atr_low"
2025-10-05 23:25:00,CANCEL,SRR-1,short,bearish,upper_edge,H:123436.8@20,SWH:123450.0,123436.8,123461.28785714286,122425.7,24.487857142856228,1.9838376515638956,0.2169398215528592,41.28985211329408,0.3475091130012735,0.8298906439854252,0.17010935601457478,0.0,0.0,PASS,CANCEL,,,clear,BTCUSDT|short|H:123436.8@20|SWH:123450.0,"v10_1_pass,v11_quality_fail,r_abs_bps_low,r_abs_atr_low"
2025-10-06 11:35:00,CANCEL,SRR-1,short,bullish,upper_edge,H:124404.9@20,SWH:124500.0,124404.9,124515.77714285714,123217.9,110.87714285714901,8.912602546776615,0.7027707352409067,10.705542814440099,0.47577777777775837,0.8548888888888824,0.14511111111111757,0.0,0.0,PASS,CANCEL,,,clear,BTCUSDT|short|H:124404.9@20|SWH:124500.0,"v10_1_pass,v11_quality_fail,r_abs_bps_low"
2025-10-06 13:25:00,CANCEL,SRR-1,short,bullish,upper_edge,H:124773.8@20,SWH:124824.1,124773.8,124840.38214285715,123523.3,66.58214285715076,5.336227866519314,0.4089273963589044,18.781312020595315,0.35821966977740943,0.6417803302225905,0.0,0.0,1.0,PASS,CANCEL,,,clear,BTCUSDT|short|H:124773.8@20|SWH:124824.1,"v10_1_pass,body_not_aligned,v11_quality_fail,r_abs_bps_low,r_abs_atr_low"
2025-10-07 02:25:00,CANCEL,SRR-1,long,bullish,lower_edge,L:124387.6@20,SWL:124100.8,124387.6,124084.22214285715,125245.4,303.37785714285565,24.38971868119134,1.8300185272954297,2.827497062832982,0.08122104115563746,0.918506405015005,0.00027255382935751005,0.0,2.0,PASS,CANCEL,,,clear,BTCUSDT|long|L:124387.6@20|SWL:124100.8,"v10_1_pass,weak_body_ratio,body_not_aligned,v11_quality_fail,body_ratio_low"
2025-10-07 03:35:00,CANCEL,SRR-1,long,bullish,lower_edge,L:124074.4@20,SWL:124055.0,124074.4,124040.77785714285,125136.9,33.622142857144354,2.7098372313018926,0.2364070111998491,31.60119818996694,0.1707509881423385,0.6205533596837944,0.3794466403162055,0.0,1.0,PASS,CANCEL,,,clear,BTCUSDT|long|L:124074.4@20|SWL:124055.0,"v10_1_pass,weak_body_ratio,v11_quality_fail,r_abs_bps_low,r_abs_atr_low,body_ratio_low"
2025-10-07 03:40:00,CANCEL,SRR-1,long,bullish,lower_edge,L:124074.4@20,SWL:124055.0,124074.4,124040.64285714286,125136.9,33.757142857139115,2.7207177997346044,0.23512437810942496,31.47482014388838,0.46256895193071396,0.46256895193071396,0.537431048069286,0.0,2.0,PASS,CANCEL,,,clear,BTCUSDT|long|L:124074.4@20|SWL:124055.0,"v10_1_pass,weak_close_strength,opposite_wick_high,v11_quality_fail,r_abs_bps_low,r_abs_atr_low,close_strength_low"
2025-10-07 06:40:00,CANCEL,SRR-1,long,bearish,lower_edge,L:123797.5@20,SWL:123720.3,123797.5,123706.26857142858,124751.6,91.23142857142375,7.369407990583312,0.6501934432905494,10.458018853152726,0.17283950617286856,0.7650063856960474,0.062154108131084,0.0,2.0,PASS,CANCEL,,,clear,BTCUSDT|long|L:123797.5@20|SWL:123720.3,"v10_1_pass,weak_body_ratio,body_not_aligned,v11_quality_fail,r_abs_bps_low,r_abs_atr_low,body_ratio_low"
2025-10-07 08:10:00,CANCEL,SRR-1,long,bearish,lower_edge,L:123503.9@20,SWL:123459.0,123503.9,123445.20642857143,124631.9,58.69357142856461,4.7523658304364975,0.42551395577645296,19.21845906706969,0.5399556048834877,0.9655937846837004,0.03440621531629961,0.0,0.0,PASS,CANCEL,,,clear,BTCUSDT|long|L:123503.9@20|SWL:123459.0,"v10_1_pass,v11_quality_fail,r_abs_bps_low,r_abs_atr_low"
2025-10-07 11:40:00,CANCEL,SRR-1,short,bearish,upper_edge,H:124372.0@20,SWH:124436.4,124372.0,124446.72071428571,123261.6,74.7207142857078,6.007840533697922,0.7239878192261986,14.860671643932422,0.7025183630639564,0.7025183630639564,0.2974816369360436,0.0,0.0,PASS,CANCEL,,,clear,BTCUSDT|short|H:124372.0@20|SWH:124436.4,"v10_1_pass,v11_quality_fail,r_abs_bps_low"
2025-10-07 13:50:00,CANCEL,SRR-1,long,bearish,lower_edge,L:123500.1@20,SWL:123300.1,123500.1,123272.44857142858,125098.0,227.651428571422,18.433299128617872,0.8232899359371509,7.019064233540176,0.2953236581432842,0.7046763418567158,0.0,0.0,2.0,PASS,CANCEL,,,clear,BTCUSDT|long|L:123500.1@20|SWL:123300.1,"v10_1_pass,weak_body_ratio,body_not_aligned,v11_quality_fail,r_abs_bps_low,body_ratio_low"
2025-10-07 14:35:00,CANCEL,SRR-1,long,bearish,lower_edge,L:122705.5@20,SWL:122660.0,122705.5,122618.91571428571,125098.0,86.58428571428522,7.056267707175735,0.2107479397753744,27.632034846310113,0.36397171841375076,0.9329849369812397,0.06701506301876027,0.0,0.0,PASS,CANCEL,,,clear,BTCUSDT|long|L:122705.5@20|SWL:122660.0,"v10_1_pass,v11_quality_fail,r_abs_bps_low,r_abs_atr_low"
2025-10-07 20:55:00,CANCEL,SRR-1,short,bearish,upper_edge,H:122134.7@20,SWH:122142.6,122134.7,122160.68857142857,120516.0,25.988571428577416,2.1278614045457527,0.14367398515245636,62.2850703605836,0.7425249169433297,0.762458471760795,0.23754152823920507,0.0,0.0,PASS,CANCEL,,,clear,BTCUSDT|short|H:122134.7@20|SWH:122142.6,"v10_1_pass,v11_quality_fail,r_abs_bps_low,r_abs_atr_low"
2025-10-08 03:50:00,CANCEL,SRR-1,long,bearish,lower_edge,L:121218.0@20,SWL:121137.0,121218.0,121121.195,122196.9,96.80499999999302,7.986025177778302,0.6124960455551486,10.112080987552964,0.2653707052441133,0.8924050632911247,0.10759493670887534,0.0,1.0,PASS,CANCEL,,,clear,BTCUSDT|long|L:121218.0@20|SWL:121137.0,"v10_1_pass,weak_body_ratio,v11_quality_fail,r_abs_bps_low,r_abs_atr_low,body_ratio_low"
2025-10-08 08:50:00,CANCEL,SRR-1,short,bearish,upper_edge,H:122800.0@20,SWH:122820.0,122800.0,122844.06714285714,121005.3,44.06714285713679,3.588529548626774,0.183100848815788,40.726488799564656,0.7810574116120682,0.8595523840415099,0.14044761595849012,0.0,0.0,PASS,CANCEL,,,clear,BTCUSDT|short|H:122800.0@20|SWH:122820.0,"v10_1_pass,v11_quality_fail,r_abs_bps_low,r_abs_atr_low"
2025-10-08 08:55:00,CANCEL,SRR-1,short,bearish,upper_edge,H:122800.0@20,SWH:122820.0,122800.0,122844.78857142857,121005.3,44.788571428565774,3.6472778036291347,0.18068234209310796,40.070489920903185,0.46184210526313874,0.8042763157894737,0.19572368421052633,0.0,0.0,PASS,CANCEL,,,clear,BTCUSDT|short|H:122800.0@20|SWH:122820.0,"v10_1_pass,v11_quality_fail,r_abs_bps_low,r_abs_atr_low"
2025-10-08 13:50:00,CANCEL,SRR-1,long,bullish,lower_edge,L:121626.4@20,SWL:121607.8,121626.4,121582.83571428571,123150.0,43.56428571428114,3.581811655551849,0.17450643776822128,34.97360222987756,0.4649122807017544,0.8810526315789423,0.11894736842105774,0.0,0.0,PASS,CANCEL,,,clear,BTCUSDT|long|L:121626.4@20|SWL:121607.8,"v10_1_pass,v11_quality_fail,r_abs_bps_low,r_abs_atr_low"
2025-10-08 13:55:00,CANCEL,SRR-1,long,bullish,lower_edge,L:121626.4@20,SWL:121607.8,121626.4,121581.94285714286,123150.0,44.457142857136205,3.6552214697743426,0.17193370165743213,34.27120822622634,0.32786885245901637,0.7786885245901639,0.22131147540983606,0.0,0.0,PASS,CANCEL,,,clear,BTCUSDT|long|L:121626.4@20|SWL:121607.8,"v10_1_pass,v11_quality_fail,r_abs_bps_low,r_abs_atr_low"
2025-10-08 17:35:00,CANCEL,SRR-1,short,bullish,upper_edge,H:123923.0@20,SWH:123996.0,123923.0,124018.83785714286,121607.8,95.83785714286205,7.733661801510781,0.41964470021583006,24.157468343108004,0.24135156878519146,0.7586484312148085,0.0,0.0,2.0,PASS,CANCEL,,,clear,BTCUSDT|short|H:123923.0@20|SWH:123996.0,"v10_1_pass,weak_body_ratio,body_not_aligned,v11_quality_fail,r_abs_bps_low,r_abs_atr_low,body_ratio_low"
2025-10-08 17:40:00,CANCEL,SRR-1,short,bullish,upper_edge,H:123923.0@20,SWH:123996.0,123923.0,124019.945,121607.8,96.94500000000698,7.823002993795098,0.4048653163499993,23.881582340500596,0.4705454545454334,0.6429090909090486,0.3570909090909514,0.0,0.0,PASS,CANCEL,,,clear,BTCUSDT|short|H:123923.0@20|SWH:123996.0,"v10_1_pass,v11_quality_fail,r_abs_bps_low,r_abs_atr_low"
2025-10-09 01:25:00,CANCEL,SRR-1,long,bullish,lower_edge,L:122535.0@20,SWL:122424.2,122535.0,122407.53,123671.5,127.47000000000116,10.402742073693325,0.7646670665866935,8.915823330979757,0.4233390119249863,0.47103918228278363,0.5289608177172164,0.0,2.0,PASS,CANCEL,,,clear,BTCUSDT|long|L:122535.0@20|SWL:122424.2,"v10_1_pass,weak_close_strength,opposite_wick_high,v11_quality_fail,r_abs_bps_low,close_strength_low"
2025-10-09 08:35:00,CANCEL,SRR-1,long,bearish,lower_edge,L:121136.0@20,SWL:121102.0,121136.0,121085.275,122221.0,50.72500000000582,4.187442213710691,0.30328849028404076,21.38984721537458,0.7612732095490716,0.85172413793105,0.14827586206895008,0.0,0.0,PASS,CANCEL,,,clear,BTCUSDT|long|L:121136.0@20|SWL:121102.0,"v10_1_pass,v11_quality_fail,r_abs_bps_low,r_abs_atr_low"
2025-10-09 10:50:00,CANCEL,SRR-1,short,bearish,upper_edge,H:122286.7@20,SWH:122287.2,122286.7,122301.51642857143,121081.5,14.816428571430151,1.2116140652605845,0.10349249114405121,81.34213951693661,0.10495156081808232,0.7443487621097995,0.2556512378902005,0.0,1.0,PASS,CANCEL,,,clear,BTCUSDT|short|H:122286.7@20|SWH:122287.2,"v10_1_pass,weak_body_ratio,v11_quality_fail,r_abs_bps_low,r_abs_atr_low,body_ratio_low"
2025-10-09 10:55:00,CANCEL,SRR-1,short,bearish,upper_edge,H:122286.7@20,SWH:122287.2,122286.7,122301.64928571429,121081.5,14.949285714290454,1.2224784636669772,0.1034603786643262,80.61923646612169,0.3037423846822972,0.3037423846822972,0.6962576153177028,0.0,2.0,PASS,CANCEL,,,clear,BTCUSDT|short|H:122286.7@20|SWH:122287.2,"v10_1_pass,weak_close_strength,opposite_wick_high,v11_quality_fail,r_abs_bps_low,r_abs_atr_low,close_strength_low"
2025-10-09 11:10:00,CANCEL,SRR-1,short,bearish,upper_edge,H:122287.2@20,SWH:122297.0,122287.2,122311.47785714286,121081.5,24.277857142864377,1.9853146644018653,0.16768957521342928,49.6625378798874,0.7430051813471201,0.8310880829015242,0.16891191709847575,0.0,0.0,PASS,CANCEL,,,clear,BTCUSDT|short|H:122287.2@20|SWH:122297.0,"v10_1_pass,v11_quality_fail,r_abs_bps_low,r_abs_atr_low"
2025-10-09 15:50:00,CANCEL,SRR-1,long,bearish,lower_edge,L:120666.9@20,SWL:120595.5,120666.9,120563.92857142857,123740.1,102.97142857142899,8.533527302966181,0.32615384615384746,29.845172031076576,0.6203421607687215,0.9575814389501022,0.0424185610498978,0.0,0.0,PASS,CANCEL,,,active,BTCUSDT|long|L:120666.9@20|SWL:120595.5,"v10_1_pass,v11_quality_fail,r_abs_bps_low,r_abs_atr_low"
2025-10-09 15:55:00,CANCEL,SRR-1,long,bearish,lower_edge,L:120666.9@20,SWL:120595.5,120666.9,120566.47071428571,123740.1,100.42928571428638,8.322852887932514,0.34595851480032663,30.600635841850256,0.5991543340380426,1.0,0.0,0.0,0.0,PASS,CANCEL,,,active,BTCUSDT|long|L:120666.9@20|SWL:120595.5,"v10_1_pass,v11_quality_fail,r_abs_bps_low,r_abs_atr_low"
2025-10-09 17:05:00,CANCEL,SRR-1,long,bearish,lower_edge,L:119619.0@20,SWL:119572.8,119619.0,119539.83928571429,123740.1,79.16071428571013,6.617737507060762,0.24016686531583883,52.05991427927193,0.24895738893923547,0.574070716228452,0.42592928377154804,0.0,2.0,PASS,CANCEL,,,clear,BTCUSDT|long|L:119619.0@20|SWL:119572.8,"v10_1_pass,weak_body_ratio,weak_close_strength,v11_quality_fail,r_abs_bps_low,r_abs_atr_low,close_strength_low,body_ratio_low"
2025-10-09 17:10:00,CANCEL,SRR-1,long,bearish,lower_edge,L:119619.0@20,SWL:119572.8,119619.0,119538.22,123740.1,80.77999999999884,6.75310778388039,0.23360323886639284,51.01634067838655,0.4515376458112592,0.7227995758218514,0.27720042417814866,0.0,0.0,PASS,CANCEL,,,clear,BTCUSDT|long|L:119619.0@20|SWL:119572.8,"v10_1_pass,v11_quality_fail,r_abs_bps_low,r_abs_atr_low"
2025-10-09 21:25:00,CANCEL,SRR-1,short,bearish,upper_edge,H:121426.7@20,SWH:121442.6,121426.7,121454.76214285714,119572.8,28.062142857146682,2.311035617137473,0.2307335408469201,66.06409244787432,0.07562500000003639,0.7412500000000364,0.18312499999992723,0.0,2.0,PASS,CANCEL,,,clear,BTCUSDT|short|H:121426.7@20|SWH:121442.6,"v10_1_pass,weak_body_ratio,body_not_aligned,v11_quality_fail,r_abs_bps_low,r_abs_atr_low,body_ratio_low"
2025-10-09 22:55:00,CANCEL,SRR-1,short,bearish,upper_edge,H:121636.5@20,SWH:121712.4,121636.5,121722.65,120319.0,86.14999999999418,7.0825780090675226,0.840487804877992,15.293093441672536,0.5107398568019264,1.0,0.0,0.0,0.0,PASS,CANCEL,,,clear,BTCUSDT|short|H:121636.5@20|SWH:121712.4,"v10_1_pass,v11_quality_fail,r_abs_bps_low"
2025-10-10 01:10:00,CANCEL,SRR-1,short,bearish,upper_edge,H:121808.0@20,SWH:121835.5,121808.0,121846.14214285715,120787.9,38.14214285714843,3.1313331519398093,0.35840660447014894,26.744695593546687,0.6842751842751363,0.9705159705159532,0.029484029484046832,0.0,0.0,PASS,CANCEL,,,clear,BTCUSDT|short|H:121808.0@20|SWH:121835.5,"v10_1_pass,v11_quality_fail,r_abs_bps_low,r_abs_atr_low"
2025-10-10 13:25:00,CANCEL,SRR-1,short,bearish,upper_edge,H:121870.1@20,SWH:121956.8,121870.1,121969.81714285715,121108.5,99.71714285714552,8.182248382264847,0.7660447761194319,7.637603507062689,0.1819380355965181,0.8121292023731012,0.1878707976268988,0.0,1.0,PASS,CANCEL,,,clear,BTCUSDT|short|H:121870.1@20|SWH:121956.8,"v10_1_pass,weak_body_ratio,v11_quality_fail,r_abs_bps_low,body_ratio_low"
2025-10-10 18:05:00,CANCEL,SRR-1,long,bearish,lower_edge,L:117517.6@20,SWL:117480.0,117517.6,117450.23071428572,122497.0,67.36928571428871,5.732697546094262,0.22630467644025223,73.91202010241719,0.16047197640116276,0.8141592920353983,0.18584070796460178,0.0,1.0,PASS,CANCEL,,,clear,BTCUSDT|long|L:117517.6@20|SWL:117480.0,"v10_1_pass,weak_body_ratio,v11_quality_fail,r_abs_bps_low,r_abs_atr_low,body_ratio_low"
2025-10-11 13:20:00,CANCEL,SRR-1,short,bearish,upper_edge,H:112464.5@20,SWH:112466.2,112464.5,112482.86,110207.8,18.360000000000582,1.6325151492249181,0.11020408163265615,122.91394335511578,0.44785276073619634,0.5466257668711121,0.4533742331288879,0.0,2.0,PASS,CANCEL,,,clear,BTCUSDT|short|H:112464.5@20|SWH:112466.2,"v10_1_pass,weak_close_strength,opposite_wick_high,v11_quality_fail,r_abs_bps_low,r_abs_atr_low,close_strength_low"
2025-10-11 13:25:00,CANCEL,SRR-1,short,bearish,upper_edge,H:112464.5@20,SWH:112466.2,112464.5,112483.37428571428,110207.8,18.874285714278813,1.678243864888815,0.109898519381094,119.56478958526912,0.8278894472362143,0.908919597989948,0.09108040201005192,0.0,0.0,PASS,CANCEL,,,clear,BTCUSDT|short|H:112464.5@20|SWH:112466.2,"v10_1_pass,v11_quality_fail,r_abs_bps_low,r_abs_atr_low"
2025-10-12 16:50:00,CANCEL,SRR-1,short,bullish,upper_edge,H:114243.8@20,SWH:114654.5,114243.8,114698.12071428572,111111.0,454.3207142857136,39.76764728464158,1.0415251600648467,6.895569366511087,0.09881513861727124,0.6544346025537701,0.34556539744623,0.0,1.0,PASS,CANCEL,,,clear,BTCUSDT|short|H:114243.8@20|SWH:114654.5,"v10_1_pass,weak_body_ratio,v11_quality_fail,body_ratio_low"
2025-10-12 20:10:00,CANCEL,SRR-1,short,bullish,upper_edge,H:114654.5@20,SWH:114762.9,114654.5,114781.78142857143,111996.9,127.28142857142666,11.101302484545018,0.6741091019142038,20.87971536639878,0.5405532114393305,0.7641819034224515,0.23581809657754854,0.0,0.0,PASS,CANCEL,,,clear,BTCUSDT|short|H:114654.5@20|SWH:114762.9,"v10_1_pass,v11_quality_fail,r_abs_bps_low,r_abs_atr_low"
2025-10-12 20:40:00,CANCEL,SRR-1,short,bullish,upper_edge,H:115305.8@20,SWH:115400.0,115305.8,115424.51785714286,112331.2,118.71785714285215,10.29591374786456,0.48420975965038227,25.056045245330665,0.6804415510897034,0.7650721766204378,0.23492782337956217,0.0,0.0,PASS,CANCEL,,,clear,BTCUSDT|short|H:115305.8@20|SWH:115400.0,"v10_1_pass,v11_quality_fail,r_abs_bps_low,r_abs_atr_low"
2025-10-13 02:05:00,CANCEL,SRR-1,short,bullish,upper_edge,H:115844.8@20,SWH:115912.0,115844.8,115937.00357142858,114200.0,92.20357142857392,7.959232648213293,0.36876160548494225,17.838788395242993,0.49104683195592286,0.8684573002754821,0.1315426997245179,0.0,0.0,PASS,CANCEL,,,clear,BTCUSDT|short|H:115844.8@20|SWH:115912.0,"v10_1_pass,v11_quality_fail,r_abs_bps_low,r_abs_atr_low"
2025-10-13 02:10:00,CANCEL,SRR-1,short,bullish,upper_edge,H:115844.8@20,SWH:115912.0,115844.8,115936.74142857143,114200.0,91.94142857143015,7.9366038502746905,0.37160921531267005,17.889650243166958,0.044327931363216305,0.8183984747378203,0.18160152526217965,0.0,1.0,PASS,CANCEL,,,clear,BTCUSDT|short|H:115844.8@20|SWH:115912.0,"v10_1_pass,weak_body_ratio,v11_quality_fail,r_abs_bps_low,r_abs_atr_low,body_ratio_low"
2025-10-13 04:25:00,CANCEL,SRR-1,long,bullish,lower_edge,L:114566.1@20,SWL:114560.0,114566.1,114539.64928571429,115912.0,26.450714285718277,2.308773213517635,0.12997437787373253,50.88331398017087,0.44599109131396814,0.4821826280623776,0.0718262806236543,0.0,2.0,PASS,CANCEL,,,clear,BTCUSDT|long|L:114566.1@20|SWL:114560.0,"v10_1_pass,weak_close_strength,body_not_aligned,v11_quality_fail,r_abs_bps_low,r_abs_atr_low,close_strength_low"
2025-10-13 04:40:00,CANCEL,SRR-1,long,bullish,lower_edge,L:114560.0@20,SWL:114542.8,114560.0,114520.925,115912.0,39.07499999999709,3.4108763966477906,0.17862857142855643,34.60012795905568,0.16446345256610959,0.9292379471228721,0.0707620528771279,0.0,1.0,PASS,CANCEL,,,clear,BTCUSDT|long|L:114560.0@20|SWL:114542.8,"v10_1_pass,weak_body_ratio,v11_quality_fail,r_abs_bps_low,r_abs_atr_low,body_ratio_low"
2025-10-14 00:50:00,CANCEL,SRR-1,long,bullish,lower_edge,L:114930.1@20,SWL:114800.1,114930.1,114781.65785714287,115827.6,148.4421428571368,12.915863020839344,0.8049072388550801,6.0461266775417615,0.4163145921352195,0.5836854078647805,0.0,0.0,2.0,PASS,CANCEL,,,clear,BTCUSDT|long|L:114930.1@20|SWL:114800.1,"v10_1_pass,weak_close_strength,body_not_aligned,v11_quality_fail,r_abs_bps_low,close_strength_low"
2025-10-14 16:05:00,CANCEL,SRR-1,short,bearish,upper_edge,H:112839.9@20,SWH:112848.8,112839.9,112885.39,109802.0,45.49000000000524,4.0313754266004524,0.12432358567916113,66.78171026598471,0.726185390858612,0.7815036309269778,0.2184963690730222,0.0,0.0,PASS,CANCEL,,,active,BTCUSDT|short|H:112839.9@20|SWH:112848.8,"v10_1_pass,v11_quality_fail,r_abs_bps_low,r_abs_atr_low"
2025-10-14 16:10:00,CANCEL,SRR-1,short,bearish,upper_edge,H:112839.9@20,SWH:112848.8,112839.9,112885.575,109802.0,45.67500000000291,4.047770336556742,0.12420122365738351,66.51122058018173,0.763571428571439,0.763571428571439,0.23642857142856102,0.0,0.0,PASS,CANCEL,,,clear,BTCUSDT|short|H:112839.9@20|SWH:112848.8,"v10_1_pass,v11_quality_fail,r_abs_bps_low,r_abs_atr_low"
2025-10-14 16:25:00,CANCEL,SRR-1,short,bearish,upper_edge,H:112848.8@20,SWH:113233.2,112848.8,113273.09928571428,109802.0,424.2992857142817,37.598918704876056,1.0634257684526995,7.180780412747815,0.08245132627728417,0.7659741277930157,0.15157454592970018,0.0,2.0,PASS,CANCEL,,,clear,BTCUSDT|short|H:112848.8@20|SWH:113233.2,"v10_1_pass,weak_body_ratio,body_not_aligned,v11_quality_fail,body_ratio_low"
2025-10-15 01:40:00,CANCEL,SRR-1,long,bullish,lower_edge,L:112341.7@20,SWL:112270.4,112341.7,112244.78214285713,113557.9,96.9178571428638,8.627059866715904,0.37832148334032983,12.548771050594237,0.31693989071037043,0.45901639344257805,0.540983606557422,0.0,2.0,PASS,CANCEL,,,clear,BTCUSDT|long|L:112341.7@20|SWL:112270.4,"v10_1_pass,weak_close_strength,opposite_wick_high,v11_quality_fail,r_abs_bps_low,r_abs_atr_low,close_strength_low"
2025-10-15 02:35:00,CANCEL,SRR-1,short,bullish,upper_edge,H:113557.9@20,SWH:113576.1,113557.9,113599.20571428572,112270.4,41.305714285728754,3.6374144190521975,0.178768393718375,31.170021442888714,0.8272792879480373,0.9843637238393076,0.01563627616069237,0.0,0.0,PASS,CANCEL,,,clear,BTCUSDT|short|H:113557.9@20|SWH:113576.1,"v10_1_pass,v11_quality_fail,r_abs_bps_low,r_abs_atr_low"
2025-10-15 02:40:00,CANCEL,SRR-1,short,bullish,upper_edge,H:113557.9@20,SWH:113576.1,113557.9,113598.33428571429,112270.4,40.434285714291036,3.5606757182275333,0.1818555641223565,31.84178914640621,0.6744186046511305,0.738372093023259,0.26162790697674104,0.0,0.0,PASS,CANCEL,,,clear,BTCUSDT|short|H:113557.9@20|SWH:113576.1,"v10_1_pass,v11_quality_fail,r_abs_bps_low,r_abs_atr_low"
2025-10-15 03:50:00,CANCEL,SRR-1,long,bullish,lower_edge,L:111815.8@20,SWL:111758.5,111815.8,111738.63642857142,113576.1,77.16357142858033,6.900954196864873,0.38846776223529117,22.81257810402503,0.11243611584330666,1.0,0.0,0.0,1.0,PASS,CANCEL,,,clear,BTCUSDT|long|L:111815.8@20|SWL:111758.5,"v10_1_pass,weak_body_ratio,v11_quality_fail,r_abs_bps_low,r_abs_atr_low,body_ratio_low"
2025-10-15 13:35:00,CANCEL,SRR-1,long,bearish,lower_edge,L:111289.7@20,SWL:111100.0,111289.7,111076.23285714285,113477.9,213.46714285714552,19.18121289365912,0.8981607260924573,10.250757895159367,0.3034374999999955,0.7401562499999954,0.25984375000000454,0.0,0.0,PASS,CANCEL,,,clear,BTCUSDT|long|L:111289.7@20|SWL:111100.0,"v10_1_pass,v11_quality_fail,r_abs_bps_low"
2025-10-15 15:20:00,CANCEL,SRR-1,long,bearish,lower_edge,L:110666.0@20,SWL:110500.0,110666.0,110464.345,112557.0,201.65499999999884,18.221947120163268,0.5655728509325467,9.377401998462775,0.25954692556633363,0.668608414239501,0.07184466019416534,0.0,2.0,PASS,CANCEL,,,clear,BTCUSDT|long|L:110666.0@20|SWL:110500.0,"v10_1_pass,weak_body_ratio,body_not_aligned,v11_quality_fail,r_abs_bps_low,r_abs_atr_low,body_ratio_low"
2025-10-15 15:25:00,CANCEL,SRR-1,long,bearish,lower_edge,L:110666.0@20,SWL:110500.0,110666.0,110463.68928571428,112557.0,202.31071428571886,18.281198767979223,0.5571653388413637,9.347008667713878,0.39715964740450393,0.7605288932419092,0.23947110675809086,0.0,0.0,PASS,CANCEL,,,clear,BTCUSDT|long|L:110666.0@20|SWL:110500.0,"v10_1_pass,v11_quality_fail,r_abs_bps_low,r_abs_atr_low"
2025-10-15 15:50:00,CANCEL,SRR-1,long,bearish,lower_edge,L:110500.0@20,SWL:110425.2,110500.0,110384.08428571429,112557.0,115.91571428571478,10.490109890109935,0.2819255759007685,17.745652629373485,0.32580757207358635,0.5779784647447158,0.09621396318169782,0.0,2.0,PASS,CANCEL,,,clear,BTCUSDT|long|L:110500.0@20|SWL:110425.2,"v10_1_pass,weak_close_strength,body_not_aligned,v11_quality_fail,r_abs_bps_low,r_abs_atr_low,close_strength_low"
2025-10-15 15:55:00,CANCEL,SRR-1,long,bearish,lower_edge,L:110500.0@20,SWL:110320.4,110500.0,110280.42499999999,112557.0,219.57500000001164,19.87104072398295,0.5492808005003404,9.368097461003716,0.03001328021249113,0.7500664010624402,0.24993359893755981,0.0,1.0,PASS,CANCEL,,,clear,BTCUSDT|long|L:110500.0@20|SWL:110320.4,"v10_1_pass,weak_body_ratio,v11_quality_fail,r_abs_bps_low,r_abs_atr_low,body_ratio_low"
2025-10-15 17:20:00,CANCEL,SRR-1,long,bearish,lower_edge,L:110181.0@20,SWL:110096.9,110181.0,110072.85357142857,112183.4,108.1464285714319,9.815342806058386,0.4497400861428922,18.515636868002414,0.41657810839532217,0.7335281615302853,0.2664718384697146,0.0,0.0,PASS,CANCEL,,,clear,BTCUSDT|long|L:110181.0@20|SWL:110096.9,"v10_1_pass,v11_quality_fail,r_abs_bps_low,r_abs_atr_low"
2025-10-16 00:50:00,CANCEL,SRR-1,long,bearish,lower_edge,L:110304.7@20,SWL:110300.0,110304.7,110282.075,111499.7,22.625,2.0511365336200544,0.12622036262203773,52.81767955801105,0.7765182186234346,0.9473684210526315,0.05263157894736842,0.0,0.0,PASS,CANCEL,,,clear,BTCUSDT|long|L:110304.7@20|SWL:110300.0,"v10_1_pass,v11_quality_fail,r_abs_bps_low,r_abs_atr_low"
2025-10-16 00:55:00,CANCEL,SRR-1,long,bearish,lower_edge,L:110304.7@20,SWL:110300.0,110304.7,110281.98142857142,111499.7,22.71857142857334,2.0596195292288852,0.1260841988424759,52.60013833867381,0.22095238095239944,0.6463492063492249,0.3536507936507752,0.0,1.0,PASS,CANCEL,,,clear,BTCUSDT|long|L:110304.7@20|SWL:110300.0,"v10_1_pass,weak_body_ratio,v11_quality_fail,r_abs_bps_low,r_abs_atr_low,body_ratio_low"
2025-10-16 03:05:00,CANCEL,SRR-1,short,bearish,upper_edge,H:111524.1@20,SWH:111566.0,111524.1,111582.16142857143,110300.0,58.061428571425495,5.206177729425791,0.3592592592592393,21.082843294049393,0.07363636363628426,0.9990909090908562,0.0009090909091438251,0.0,1.0,PASS,CANCEL,,,clear,BTCUSDT|short|H:111524.1@20|SWH:111566.0,"v10_1_pass,weak_body_ratio,v11_quality_fail,r_abs_bps_low,r_abs_atr_low,body_ratio_low"
2025-10-16 08:10:00,CANCEL,SRR-1,long,bearish,lower_edge,L:110488.0@20,SWL:110330.4,110488.0,110309.38357142857,111827.5,178.61642857143306,16.16613827487447,0.8498895421949063,7.499310173836005,0.4787626962141935,0.999538319482891,0.00046168051710904006,0.0,0.0,PASS,CANCEL,,,clear,BTCUSDT|long|L:110488.0@20|SWL:110330.4,"v10_1_pass,v11_quality_fail,r_abs_bps_low"
2025-10-16 16:10:00,CANCEL,SRR-1,long,bearish,lower_edge,L:108250.0@20,SWL:108115.5,108250.0,108068.13571428572,111960.0,181.86428571428405,16.80039590894079,0.38396923540943617,20.39982718667785,0.6798176050753426,0.6798176050753426,0.32018239492465744,0.0,0.0,PASS,CANCEL,,,clear,BTCUSDT|long|L:108250.0@20|SWL:108115.5,"v10_1_pass,v11_quality_fail,r_abs_bps_low,r_abs_atr_low"
2025-10-16 20:40:00,CANCEL,SRR-1,long,bearish,lower_edge,L:107503.3@20,SWL:107350.0,107503.3,107315.94857142857,110134.5,187.35142857143364,17.427504883239273,0.5502013760698256,14.044195019291081,0.6619136185162363,0.6970448439760425,0.3029551560239575,0.0,0.0,PASS,CANCEL,,,active,BTCUSDT|long|L:107503.3@20|SWL:107350.0,"v10_1_pass,v11_quality_fail,r_abs_bps_low,r_abs_atr_low"
2025-10-17 07:25:00,CANCEL,SRR-1,long,bearish,lower_edge,L:106105.3@20,SWL:106100.0,106105.3,106061.6392857143,109199.8,43.66071428571013,4.1148476358589186,0.11381621822920432,70.87607361963865,0.22352941176471658,0.8481617647058717,0.15183823529412835,0.0,1.0,PASS,CANCEL,,,clear,BTCUSDT|long|L:106105.3@20|SWL:106100.0,"v10_1_pass,weak_body_ratio,v11_quality_fail,r_abs_bps_low,r_abs_atr_low,body_ratio_low"
2025-10-18 20:35:00,CANCEL,SRR-1,short,bullish,upper_edge,H:107220.7@20,SWH:107298.7,107220.7,107309.56285714285,106410.8,88.86285714285623,8.287845270815824,0.8180431351919942,9.114044112918812,0.1982378854625646,0.8359030837004967,0.16409691629950326,0.0,1.0,PASS,CANCEL,,,clear,BTCUSDT|short|H:107220.7@20|SWH:107298.7,"v10_1_pass,weak_body_ratio,v11_quality_fail,r_abs_bps_low,body_ratio_low"
2025-10-18 20:40:00,CANCEL,SRR-1,short,bullish,upper_edge,H:107220.7@20,SWH:107298.7,107220.7,107309.56928571429,106410.8,88.86928571428871,8.28844483521267,0.8176184530459567,9.113384826831973,0.2782340862423346,0.7618069815195584,0.23819301848044158,0.0,1.0,PASS,CANCEL,,,clear,BTCUSDT|short|H:107220.7@20|SWH:107298.7,"v10_1_pass,weak_body_ratio,v11_quality_fail,r_abs_bps_low,body_ratio_low"
2025-10-19 00:55:00,CANCEL,SRR-1,long,bullish,lower_edge,L:106697.8@20,SWL:106692.2,106697.8,106680.59,107298.7,17.210000000006403,1.6129667153405602,0.14823428079247733,34.9157466589059,0.7286166842661259,0.8321013727559744,0.16789862724402554,0.0,0.0,PASS,CANCEL,,,clear,BTCUSDT|long|L:106697.8@20|SWL:106692.2,"v10_1_pass,v11_quality_fail,r_abs_bps_low,r_abs_atr_low"
2025-10-19 03:55:00,CANCEL,SRR-1,short,bullish,upper_edge,H:107236.0@20,SWH:107333.0,107236.0,107342.54785714285,106666.9,106.5478571428539,9.935829119218722,1.115934764719065,5.341261807236402,0.7626811594202806,0.9981884057970839,0.001811594202916062,0.0,0.0,PASS,CANCEL,,,clear,BTCUSDT|short|H:107236.0@20|SWH:107333.0,"v10_1_pass,v11_quality_fail,r_abs_bps_low"
2025-10-19 06:20:00,CANCEL,SRR-1,long,bullish,lower_edge,L:106750.0@20,SWL:106733.8,106750.0,106725.92571428572,107333.0,24.074285714275902,2.255202408831466,0.305732946298857,24.216710182777494,0.08153477218246927,0.669064748201346,0.24940047961618478,0.0,2.0,PASS,CANCEL,,,clear,BTCUSDT|long|L:106750.0@20|SWL:106733.8,"v10_1_pass,weak_body_ratio,body_not_aligned,v11_quality_fail,r_abs_bps_low,r_abs_atr_low,body_ratio_low"
2025-10-19 15:05:00,CANCEL,SRR-1,short,bullish,upper_edge,H:108483.0@20,SWH:108550.2,108483.0,108570.74928571428,106912.0,87.74928571427881,8.088759134083572,0.42701866592509286,17.90327963597728,0.35221562357244346,0.5125628140703521,0.13522156235720445,0.0,2.0,PASS,CANCEL,,,clear,BTCUSDT|short|H:108483.0@20|SWH:108550.2,"v10_1_pass,weak_close_strength,body_not_aligned,v11_quality_fail,r_abs_bps_low,r_abs_atr_low,close_strength_low"
2025-10-19 15:25:00,CANCEL,SRR-1,short,bullish,upper_edge,H:108550.2@20,SWH:108575.6,108550.2,108594.32428571429,107257.4,44.124285714293364,4.064873737155101,0.23565270466167126,29.299057856050933,0.5340659340659181,0.46593406593408193,0.0,0.0,2.0,PASS,CANCEL,,,clear,BTCUSDT|short|H:108550.2@20|SWH:108575.6,"v10_1_pass,weak_close_strength,body_not_aligned,v11_quality_fail,r_abs_bps_low,r_abs_atr_low,close_strength_low"
2025-10-19 17:20:00,CANCEL,SRR-1,short,bullish,upper_edge,H:109120.0@20,SWH:109399.9,109120.0,109419.80142857142,107312.2,299.8014285714162,27.47447109342157,1.5064316990883113,6.029991279942697,0.15160980297931695,0.944497837578073,0.05550216242192692,0.0,1.0,PASS,CANCEL,,,clear,BTCUSDT|short|H:109120.0@20|SWH:109399.9,"v10_1_pass,weak_body_ratio,v11_quality_fail,body_ratio_low"
2025-10-20 00:35:00,CANCEL,SRR-1,long,bullish,lower_edge,L:107430.5@20,SWL:107377.2,107430.5,107355.69357142856,109340.7,74.80642857143539,6.963239356740906,0.34783287389155815,25.535238568111527,0.03126221180148389,0.9574052364204441,0.04259476357955592,0.0,1.0,PASS,CANCEL,,,clear,BTCUSDT|long|L:107430.5@20|SWL:107377.2,"v10_1_pass,weak_body_ratio,v11_quality_fail,r_abs_bps_low,r_abs_atr_low,body_ratio_low"
2025-10-20 00:40:00,CANCEL,SRR-1,long,bullish,lower_edge,L:107430.5@20,SWL:107377.2,107430.5,107354.905,109340.7,75.59500000000116,7.036642294320623,0.33906705539358933,25.268866988557015,0.9128105211884633,0.9995129079395723,0.00048709206042776105,0.0,0.0,PASS,CANCEL,,,clear,BTCUSDT|long|L:107430.5@20|SWL:107377.2,"v10_1_pass,v11_quality_fail,r_abs_bps_low,r_abs_atr_low"
2025-10-20 04:10:00,CANCEL,SRR-1,short,bullish,upper_edge,H:110404.3@20,SWH:110490.4,110404.3,110520.12142857142,107377.2,115.82142857142026,10.490662824855576,0.3896899783705547,26.13592352759983,0.13094938302694822,0.8018131453034529,0.198186854696547,0.0,1.0,PASS,CANCEL,,,clear,BTCUSDT|short|H:110404.3@20|SWH:110490.4,"v10_1_pass,weak_body_ratio,v11_quality_fail,r_abs_bps_low,r_abs_atr_low,body_ratio_low"
2025-10-20 05:20:00,CANCEL,SRR-1,short,bullish,upper_edge,H:110555.0@20,SWH:110565.0,110555.0,110583.45571428571,107377.2,28.455714285708382,2.573896638388891,0.1541837603529372,111.6752849038839,0.3738938053096802,0.8694690265486424,0.13053097345135753,0.0,0.0,PASS,CANCEL,,,clear,BTCUSDT|short|H:110555.0@20|SWH:110565.0,"v10_1_pass,v11_quality_fail,r_abs_bps_low,r_abs_atr_low"
2025-10-20 06:25:00,CANCEL,SRR-1,short,bullish,upper_edge,H:111180.0@20,SWH:111238.2,111180.0,111258.07928571428,107801.9,78.07928571428056,7.022781589699637,0.3927670583162434,43.26499620349572,0.746516257465177,1.0,0.0,0.0,0.0,PASS,CANCEL,,,clear,BTCUSDT|short|H:111180.0@20|SWH:111238.2,"v10_1_pass,v11_quality_fail,r_abs_bps_low,r_abs_atr_low"
2025-10-20 06:40:00,CANCEL,SRR-1,short,bullish,upper_edge,H:111238.2@20,SWH:111321.5,111238.2,111341.88,107801.9,103.68000000000757,9.320539167301122,0.5087340529931708,33.14332561728156,0.6068623398098654,0.9512195121951689,0.048780487804831095,0.0,0.0,PASS,CANCEL,,,clear,BTCUSDT|short|H:111238.2@20|SWH:111321.5,"v10_1_pass,v11_quality_fail,r_abs_bps_low,r_abs_atr_low"
2025-10-20 14:05:00,CANCEL,SRR-1,short,bullish,upper_edge,H:111191.2@20,SWH:111253.8,111191.2,111271.25785714286,110522.9,80.05785714286321,7.20001737033715,0.4585777995990654,8.34771281483867,0.3473201692524611,0.8952750352609433,0.1047249647390567,0.0,0.0,PASS,CANCEL,,,clear,BTCUSDT|short|H:111191.2@20|SWH:111253.8,"v10_1_pass,v11_quality_fail,r_abs_bps_low,r_abs_atr_low"
2025-10-21 03:25:00,CANCEL,SRR-1,long,bearish,lower_edge,L:109250.0@20,SWL:109200.0,109250.0,109182.52428571429,110808.8,67.47571428571246,6.176266753840957,0.3861113381835926,23.10164503631003,0.6677285759796423,0.9550812360624672,0.04491876393753275,0.0,0.0,PASS,CANCEL,,,clear,BTCUSDT|long|L:109250.0@20|SWL:109200.0,"v10_1_pass,v11_quality_fail,r_abs_bps_low,r_abs_atr_low"
2025-10-21 05:10:00,CANCEL,SRR-1,long,bearish,lower_edge,L:107592.0@20,SWL:107489.0,107592.0,107459.85857142857,110486.3,132.14142857142724,12.281715050508147,0.4534486984656078,21.903047600514842,0.45740623013352216,0.8680864589955524,0.13191354100444766,0.0,0.0,PASS,CANCEL,,,clear,BTCUSDT|long|L:107592.0@20|SWL:107489.0,"v10_1_pass,v11_quality_fail,r_abs_bps_low,r_abs_atr_low"
2025-10-21 15:05:00,CANCEL,SRR-1,short,bullish,upper_edge,H:112292.1@20,SWH:112456.3,112292.1,112516.20714285715,107524.3,224.10714285714494,19.957516410962565,0.3740908548944824,21.274645418326507,0.2183964584358171,0.6226020659124505,0.3773979340875495,0.0,1.0,PASS,CANCEL,,,clear,BTCUSDT|short|H:112292.1@20|SWH:112456.3,"v10_1_pass,weak_body_ratio,v11_quality_fail,r_abs_bps_low,r_abs_atr_low,body_ratio_low"
2025-10-21 15:35:00,CANCEL,SRR-1,short,bullish,upper_edge,H:113100.0@20,SWH:113273.4,113100.0,113331.53499999999,107572.3,231.53499999998894,20.471706454464098,0.3982712651586636,23.874144297839468,0.10195058517558295,0.8694408322496446,0.02860858257477243,0.0,2.0,PASS,CANCEL,,,clear,BTCUSDT|short|H:113100.0@20|SWH:113273.4,"v10_1_pass,weak_body_ratio,body_not_aligned,v11_quality_fail,r_abs_bps_low,r_abs_atr_low,body_ratio_low"
2025-10-21 15:55:00,CANCEL,SRR-1,short,bullish,upper_edge,H:113288.2@20,SWH:113480.0,113288.2,113538.12357142857,107677.0,249.9235714285751,22.06086524709326,0.4299866048935227,22.45166379435965,0.565702036441605,0.9331189710610995,0.06688102893890051,0.0,0.0,PASS,CANCEL,,,clear,BTCUSDT|short|H:113288.2@20|SWH:113480.0,"v10_1_pass,v11_quality_fail,r_abs_atr_low"
2025-10-21 16:40:00,CANCEL,SRR-1,short,bullish,upper_edge,H:113800.0@20,SWH:113940.0,113800.0,113971.8607142857,107677.0,171.86071428570722,15.101995982926821,0.53941262190335,35.62768853515244,0.18840579710144928,0.9066666666666751,0.0933333333333249,0.0,1.0,PASS,CANCEL,,,clear,BTCUSDT|short|H:113800.0@20|SWH:113940.0,"v10_1_pass,weak_body_ratio,v11_quality_fail,r_abs_bps_low,r_abs_atr_low,body_ratio_low"
2025-10-22 00:40:00,CANCEL,SRR-1,long,bearish,lower_edge,L:107800.0@20,SWL:107777.1,107800.0,107743.93357142858,111974.3,56.0664285714156,5.200967399945788,0.1690457217926529,74.4527537487592,0.35199355618208955,0.45952476842527834,0.1884816753926321,0.0,2.0,PASS,CANCEL,,,clear,BTCUSDT|long|L:107800.0@20|SWL:107777.1,"v10_1_pass,weak_close_strength,body_not_aligned,v11_quality_fail,r_abs_bps_low,r_abs_atr_low,close_strength_low"
2025-10-22 15:05:00,CANCEL,SRR-1,short,bearish,upper_edge,H:109000.0@20,SWH:109117.0,109000.0,109168.94142857143,106360.3,168.94142857143015,15.499213630406437,0.325253719849285,15.624941864889612,0.2641913602284912,0.627990003570162,0.372009996429838,0.0,1.0,PASS,CANCEL,,,clear,BTCUSDT|short|H:109000.0@20|SWH:109117.0,"v10_1_pass,weak_body_ratio,v11_quality_fail,r_abs_bps_low,r_abs_atr_low,body_ratio_low"
2025-10-22 15:10:00,CANCEL,SRR-1,short,bearish,upper_edge,H:109000.0@20,SWH:109160.0,109000.0,109209.62785714286,106360.3,209.62785714285565,19.231913499344554,0.42239957397198974,12.592314952688342,0.1273400936037491,0.8972308892355757,0.10276911076442431,0.0,1.0,PASS,CANCEL,,,clear,BTCUSDT|short|H:109000.0@20|SWH:109160.0,"v10_1_pass,weak_body_ratio,v11_quality_fail,r_abs_bps_low,r_abs_atr_low,body_ratio_low"
2025-10-23 01:25:00,CANCEL,SRR-1,short,bearish,upper_edge,H:108392.6@20,SWH:108500.0,108392.6,108521.61214285715,106588.0,129.01214285714377,11.902301712215019,0.5969428561985733,13.987830602877859,0.5894182427579574,0.6653100311228061,0.3346899688771939,0.0,0.0,PASS,CANCEL,,,clear,BTCUSDT|short|H:108392.6@20|SWH:108500.0,"v10_1_pass,v11_quality_fail,r_abs_bps_low,r_abs_atr_low"
2025-10-23 03:10:00,CANCEL,SRR-1,short,bearish,upper_edge,H:108500.0@20,SWH:108547.5,108500.0,108558.51928571428,106849.8,58.51928571428289,5.393482554311786,0.5310624230245427,28.19925055232228,0.3086844368014431,0.6913155631985569,0.0,0.0,1.0,PASS,CANCEL,,,clear,BTCUSDT|short|H:108500.0@20|SWH:108547.5,"v10_1_pass,body_not_aligned,v11_quality_fail,r_abs_bps_low,r_abs_atr_low"
2025-10-23 03:40:00,CANCEL,SRR-1,short,bearish,upper_edge,H:108655.0@20,SWH:108660.0,108655.0,108671.015,106933.3,16.014999999999418,1.473931250287554,0.14539264639128013,107.50546362785262,0.46642857142859223,0.9807142857143065,0.019285714285693496,0.0,0.0,PASS,CANCEL,,,clear,BTCUSDT|short|H:108655.0@20|SWH:108660.0,"v10_1_pass,v11_quality_fail,r_abs_bps_low,r_abs_atr_low"
2025-10-23 06:50:00,CANCEL,SRR-1,short,bullish,upper_edge,H:110152.9@20,SWH:110166.9,110152.9,110192.27357142857,108010.8,39.37357142857218,3.5744471029425626,0.1551755200855812,54.40451354244019,0.2827724761426689,0.7167252636866065,0.000502260170724627,0.0,2.0,PASS,CANCEL,,,clear,BTCUSDT|short|H:110152.9@20|SWH:110166.9,"v10_1_pass,weak_body_ratio,body_not_aligned,v11_quality_fail,r_abs_bps_low,r_abs_atr_low,body_ratio_low"
2025-10-23 06:55:00,CANCEL,SRR-1,short,bullish,upper_edge,H:110152.9@20,SWH:110275.9,110152.9,110303.10357142857,108010.8,150.20357142857392,13.63591620634354,0.5521465143757498,14.261312028912847,0.14176117411608288,0.6974649766510987,0.16077384923281843,0.0,2.0,PASS,CANCEL,,,clear,BTCUSDT|short|H:110152.9@20|SWH:110275.9,"v10_1_pass,weak_body_ratio,body_not_aligned,v11_quality_fail,r_abs_bps_low,r_abs_atr_low,body_ratio_low"
2025-10-24 07:10:00,CANCEL,SRR-1,short,bullish,upper_edge,H:111488.0@20,SWH:111498.8,111488.0,111510.29785714285,110220.0,22.2978571428539,2.0000230646216544,0.19393054606445445,56.866450972234944,0.7286101432442701,0.9632210607820368,0.03677893921796319,0.0,0.0,PASS,CANCEL,,,clear,BTCUSDT|short|H:111488.0@20|SWH:111498.8,"v10_1_pass,v11_quality_fail,r_abs_bps_low,r_abs_atr_low"
2025-10-24 13:55:00,CANCEL,SRR-1,long,bullish,lower_edge,L:110496.5@20,SWL:110316.0,110496.5,110289.77071428571,112086.0,206.7292857142893,18.70912524055416,0.7881620870891534,7.688799361483657,0.6739819004524755,0.8891402714932126,0.11085972850678733,0.0,0.0,PASS,CANCEL,,,clear,BTCUSDT|long|L:110496.5@20|SWL:110316.0,"v10_1_pass,v11_quality_fail,r_abs_bps_low"
2025-10-24 22:40:00,CANCEL,SRR-1,short,bullish,upper_edge,H:111068.8@20,SWH:111088.0,111068.8,111097.85071428571,110104.5,29.050714285709546,2.6155602910726996,0.29490972373282925,33.19367608370152,0.7868396663577272,0.7868396663577272,0.21316033364227285,0.0,0.0,PASS,CANCEL,,,clear,BTCUSDT|short|H:111068.8@20|SWH:111088.0,"v10_1_pass,v11_quality_fail,r_abs_bps_low,r_abs_atr_low"
2025-10-25 01:35:00,CANCEL,SRR-1,short,bullish,upper_edge,H:111107.1@20,SWH:111187.5,111107.1,111199.67214285715,110530.0,92.57214285714144,8.33179363489295,0.7605246170999342,6.234056835981362,0.48327430145606276,0.9874065328610327,0.01259346713896721,0.0,0.0,PASS,CANCEL,,,clear,BTCUSDT|short|H:111107.1@20|SWH:111187.5,"v10_1_pass,v11_quality_fail,r_abs_bps_low"
2025-10-25 01:40:00,CANCEL,SRR-1,short,bullish,upper_edge,H:111107.1@20,SWH:111187.5,111107.1,111200.17714285714,110530.0,93.07714285713155,8.377245275696291,0.7342123056118216,6.200233293428695,0.12396694214876695,0.6326905417814312,0.36730945821856875,0.0,1.0,PASS,CANCEL,,,clear,BTCUSDT|short|H:111107.1@20|SWH:111187.5,"v10_1_pass,weak_body_ratio,v11_quality_fail,r_abs_bps_low,body_ratio_low"
2025-10-25 07:35:00,CANCEL,SRR-1,short,bullish,upper_edge,H:111671.5@20,SWH:111775.1,111671.5,111784.8892857143,110923.2,113.38928571429278,10.153824898411214,1.1582998905509414,6.599388957132122,0.16542014958200962,0.9890013198416191,0.010998680158380854,0.0,1.0,PASS,CANCEL,,,clear,BTCUSDT|short|H:111671.5@20|SWH:111775.1,"v10_1_pass,weak_body_ratio,v11_quality_fail,r_abs_bps_low,body_ratio_low"
2025-10-25 09:05:00,CANCEL,SRR-1,short,bullish,upper_edge,H:111775.1@20,SWH:111787.1,111775.1,111796.06714285715,110962.3,20.967142857145518,1.8758330663220626,0.2338218894376575,38.7654152755965,0.5247326203208352,1.0,0.0,0.0,0.0,PASS,CANCEL,,,clear,BTCUSDT|short|H:111775.1@20|SWH:111787.1,"v10_1_pass,v11_quality_fail,r_abs_bps_low,r_abs_atr_low"
2025-10-26 00:50:00,CANCEL,SRR-1,short,bullish,upper_edge,H:111838.5@20,SWH:111866.7,111838.5,111875.64428571428,111291.0,37.14428571428289,3.3212431957047786,0.4152850982270896,14.739817699320378,0.546591619762335,1.0,0.0,0.0,0.0,PASS,CANCEL,,,clear,BTCUSDT|short|H:111838.5@20|SWH:111866.7,"v10_1_pass,v11_quality_fail,r_abs_bps_low,r_abs_atr_low"
2025-10-26 03:10:00,CANCEL,SRR-1,long,bullish,lower_edge,L:111353.2@20,SWL:111316.0,111353.2,111307.52571428572,111866.7,45.67428571428172,4.101748823947738,0.5389750505731115,11.24264981859225,0.025755879059382255,0.8309070548711609,0.14333706606945681,0.0,2.0,PASS,CANCEL,,,clear,BTCUSDT|long|L:111353.2@20|SWL:111316.0,"v10_1_pass,weak_body_ratio,body_not_aligned,v11_quality_fail,r_abs_bps_low,r_abs_atr_low,body_ratio_low"
2025-10-26 03:50:00,CANCEL,SRR-1,long,bullish,lower_edge,L:111215.6@20,SWL:111200.0,111215.6,111192.96857142857,111866.7,22.63142857143248,2.034914937421772,0.32186103210083433,28.769726044685974,0.6634615384615519,0.9752747252746863,0.024725274725313714,0.0,0.0,PASS,CANCEL,,,clear,BTCUSDT|long|L:111215.6@20|SWL:111200.0,"v10_1_pass,v11_quality_fail,r_abs_bps_low,r_abs_atr_low"
2025-10-26 03:55:00,CANCEL,SRR-1,long,bullish,lower_edge,L:111215.6@20,SWL:111200.0,111215.6,111193.1,111866.7,22.5,2.0230974791306258,0.326086956521744,28.93777777777739,0.012544802867330701,0.9283154121863837,0.07168458781361634,0.0,1.0,PASS,CANCEL,,,clear,BTCUSDT|long|L:111215.6@20|SWL:111200.0,"v10_1_pass,weak_body_ratio,v11_quality_fail,r_abs_bps_low,r_abs_atr_low,body_ratio_low"
2025-10-26 07:55:00,CANCEL,SRR-1,short,bullish,upper_edge,H:111655.0@20,SWH:111677.9,111655.0,111681.765,111200.0,26.764999999999418,2.397116116609146,0.6924967658473254,16.999813188866426,0.18024691358031877,0.6888888888891045,0.3111111111108955,0.0,1.0,PASS,CANCEL,,,clear,BTCUSDT|short|H:111655.0@20|SWH:111677.9,"v10_1_pass,weak_body_ratio,v11_quality_fail,r_abs_bps_low,r_abs_atr_low,body_ratio_low"
2025-10-26 08:55:00,CANCEL,SRR-1,short,bullish,upper_edge,H:111795.9@20,SWH:111797.0,111795.9,111801.61928571429,111200.0,5.719285714294529,0.5115827784645527,0.12381320550506505,104.19133258382742,0.27181208053708156,1.0,0.0,0.0,1.0,PASS,CANCEL,,,clear,BTCUSDT|short|H:111795.9@20|SWH:111797.0,"v10_1_pass,weak_body_ratio,v11_quality_fail,r_abs_bps_low,r_abs_atr_low,body_ratio_low"
2025-10-26 09:35:00,CANCEL,SRR-1,short,bullish,upper_edge,H:112762.8@20,SWH:112765.3,112762.8,112780.99857142857,111300.0,18.198571428569267,1.613880768176142,0.115925015925002,80.37993563074996,0.5608801955990078,0.8899755501222494,0.1100244498777506,0.0,0.0,PASS,CANCEL,,,clear,BTCUSDT|short|H:112762.8@20|SWH:112765.3,"v10_1_pass,v11_quality_fail,r_abs_bps_low,r_abs_atr_low"
2025-10-26 09:40:00,CANCEL,SRR-1,short,bullish,upper_edge,H:112762.8@20,SWH:112765.3,112762.8,112782.18785714285,111300.0,19.387857142850407,1.7193486808460243,0.11480353593025647,75.44928710904158,0.4926900584794966,0.9463937621832351,0.05360623781676489,0.0,0.0,PASS,CANCEL,,,clear,BTCUSDT|short|H:112762.8@20|SWH:112765.3,"v10_1_pass,v11_quality_fail,r_abs_bps_low,r_abs_atr_low"
2025-10-27 07:10:00,CANCEL,SRR-1,short,bullish,upper_edge,H:116098.9@20,SWH:116380.2,116098.9,116402.18428571428,114769.3,303.2842857142823,26.122924998796915,1.3795503281564652,4.38400557703995,0.21506258978042742,0.9331007592858493,0.06689924071415068,0.0,1.0,PASS,CANCEL,,,clear,BTCUSDT|short|H:116098.9@20|SWH:116380.2,"v10_1_pass,weak_body_ratio,v11_quality_fail,body_ratio_low"
2025-10-27 09:05:00,CANCEL,SRR-1,long,bullish,lower_edge,L:114860.0@20,SWL:114788.0,114860.0,114771.09857142858,116380.2,88.901428571422,7.739981592497127,0.5259994928577019,17.099837701468346,0.46901408450708326,0.4798122065727563,0.05117370892016047,0.0,2.0,PASS,CANCEL,,,clear,BTCUSDT|long|L:114860.0@20|SWL:114788.0,"v10_1_pass,weak_close_strength,body_not_aligned,v11_quality_fail,r_abs_bps_low,r_abs_atr_low,close_strength_low"
2025-10-27 20:05:00,CANCEL,SRR-1,long,bullish,lower_edge,L:114712.4@20,SWL:114668.0,114712.4,114650.35214285714,115744.8,62.0478571428539,5.408993024542586,0.35158861861009666,16.63876961331792,0.4991181657848132,0.5008818342151868,0.0,0.0,2.0,PASS,CANCEL,,,clear,BTCUSDT|long|L:114712.4@20|SWL:114668.0,"v10_1_pass,weak_close_strength,body_not_aligned,v11_quality_fail,r_abs_bps_low,r_abs_atr_low,close_strength_low"
2025-10-27 22:50:00,CANCEL,SRR-1,long,bullish,lower_edge,L:114067.5@20,SWL:114066.7,114067.5,114050.31714285714,115744.8,17.182857142863213,1.506376237128298,0.10488315312176814,97.61473229128593,0.3907407407407587,0.904320987654321,0.09567901234567901,0.0,0.0,PASS,CANCEL,,,clear,BTCUSDT|long|L:114067.5@20|SWL:114066.7,"v10_1_pass,v11_quality_fail,r_abs_bps_low,r_abs_atr_low"
2025-10-27 23:05:00,CANCEL,SRR-1,long,bearish,lower_edge,L:114012.0@20,SWL:113909.2,114012.0,113893.21642857142,115744.8,118.78357142857567,10.418514843049474,0.7431603878983158,14.587875908765145,0.25880993645284145,0.7215482380127356,0.019641825534422973,0.0,2.0,PASS,CANCEL,,,clear,BTCUSDT|long|L:114012.0@20|SWL:113909.2,"v10_1_pass,weak_body_ratio,body_not_aligned,v11_quality_fail,r_abs_bps_low,body_ratio_low"
2025-10-27 23:20:00,CANCEL,SRR-1,long,bearish,lower_edge,L:113904.1@20,SWL:113792.4,113904.1,113777.20999999999,115690.7,126.89000000001397,11.140073096579838,0.8353522053983837,14.079911734571633,0.06823760432004607,0.9793814432989131,0.0206185567010869,0.0,1.0,PASS,CANCEL,,,clear,BTCUSDT|long|L:113904.1@20|SWL:113792.4,"v10_1_pass,weak_body_ratio,v11_quality_fail,r_abs_bps_low,body_ratio_low"
2025-10-28 00:50:00,CANCEL,SRR-1,long,bearish,lower_edge,L:113792.4@20,SWL:113710.0,113792.4,113695.10214285714,114990.8,97.2978571428539,8.550470606372123,0.6530996787649022,12.316818018309522,0.3593163818257573,0.6048353480617313,0.03584827011251137,0.0,1.0,PASS,CANCEL,,,clear,BTCUSDT|long|L:113792.4@20|SWL:113710.0,"v10_1_pass,body_not_aligned,v11_quality_fail,r_abs_bps_low,r_abs_atr_low"
2025-10-28 00:55:00,CANCEL,SRR-1,long,bearish,lower_edge,L:113792.4@20,SWL:113710.0,113792.4,113694.85142857143,114990.8,97.54857142856054,8.572503210105468,0.6439456808750686,12.285161970594865,0.2428015564202108,0.6233463035019908,0.37665369649800917,0.0,1.0,PASS,CANCEL,,,clear,BTCUSDT|long|L:113792.4@20|SWL:113710.0,"v10_1_pass,weak_body_ratio,v11_quality_fail,r_abs_bps_low,r_abs_atr_low,body_ratio_low"
2025-10-28 07:55:00,CANCEL,SRR-1,short,bearish,upper_edge,H:114272.7@20,SWH:114320.6,114272.7,114333.93571428572,113422.0,61.23571428572177,5.358735225974513,0.45918585966796904,13.892219759708974,0.9992101105844722,0.9992101105844722,0.0007898894155277739,0.0,0.0,PASS,CANCEL,,,clear,BTCUSDT|short|H:114272.7@20|SWH:114320.6,"v10_1_pass,v11_quality_fail,r_abs_bps_low,r_abs_atr_low"
2025-10-28 08:55:00,CANCEL,SRR-1,short,bearish,upper_edge,H:114424.0@20,SWH:114430.3,114424.0,114439.48785714286,113422.0,15.487857142856228,1.353549704857043,0.16856876311901514,64.69584467094418,0.9979338842977008,1.0,0.0,0.0,0.0,PASS,CANCEL,,,clear,BTCUSDT|short|H:114424.0@20|SWH:114430.3,"v10_1_pass,v11_quality_fail,r_abs_bps_low,r_abs_atr_low"
2025-10-28 09:10:00,CANCEL,SRR-1,short,bearish,upper_edge,H:114430.3@20,SWH:114588.0,114430.3,114598.38571428572,113422.0,168.08571428571304,14.688916684279691,1.6184319119669917,5.998725140234636,0.9784649364991242,0.9784649364991242,0.021535063500875792,0.0,0.0,PASS,CANCEL,,,clear,BTCUSDT|short|H:114430.3@20|SWH:114588.0,"v10_1_pass,v11_quality_fail,r_abs_bps_low"
2025-10-28 11:40:00,CANCEL,SRR-1,short,bearish,upper_edge,H:114588.0@20,SWH:114619.2,114588.0,114626.85214285714,113735.3,38.85214285714028,3.3905943778703076,0.5077289274712614,21.94730939643107,0.40964995269634913,0.5477767265846336,0.04257332071901725,0.0,2.0,PASS,CANCEL,,,clear,BTCUSDT|short|H:114588.0@20|SWH:114619.2,"v10_1_pass,weak_close_strength,body_not_aligned,v11_quality_fail,r_abs_bps_low,r_abs_atr_low,close_strength_low"
2025-10-28 13:35:00,CANCEL,SRR-1,short,bearish,upper_edge,H:115140.3@20,SWH:115171.3,115140.3,115187.63857142857,114080.8,47.338571428568684,4.111381629939186,0.2897350703855727,22.381326010201377,0.03961848862803624,0.6258253851797585,0.37417461482024145,0.0,1.0,PASS,CANCEL,,,clear,BTCUSDT|short|H:115140.3@20|SWH:115171.3,"v10_1_pass,weak_body_ratio,v11_quality_fail,r_abs_bps_low,r_abs_atr_low,body_ratio_low"
2025-10-28 14:10:00,CANCEL,SRR-1,short,bullish,upper_edge,H:115470.0@20,SWH:115526.1,115470.0,115548.74071428573,114080.8,78.74071428572643,6.819149067786128,0.347783701927678,17.642715240796612,0.46727803251355454,0.5331388078366156,0.46686119216338445,0.0,2.0,PASS,CANCEL,,,clear,BTCUSDT|short|H:115470.0@20|SWH:115526.1,"v10_1_pass,weak_close_strength,opposite_wick_high,v11_quality_fail,r_abs_bps_low,r_abs_atr_low,close_strength_low"
2025-10-28 19:35:00,CANCEL,SRR-1,long,bullish,lower_edge,L:113656.3@20,SWL:113517.1,113656.3,113491.08714285716,115919.1,165.2128571428475,14.536181200940687,0.6351199956065382,13.696270611938663,0.5852703055628342,0.9490728649778002,0.05092713502219978,0.0,0.0,PASS,CANCEL,,,clear,BTCUSDT|long|L:113656.3@20|SWL:113517.1,"v10_1_pass,v11_quality_fail,r_abs_bps_low,r_abs_atr_low"
2025-10-28 19:40:00,CANCEL,SRR-1,long,bullish,lower_edge,L:113656.3@20,SWL:113517.1,113656.3,113491.49071428573,115919.1,164.80928571427648,14.500673144759812,0.6435528407664343,13.729808913333514,0.39134275618371706,0.39134275618371706,0.608657243816283,0.0,2.0,PASS,CANCEL,,,clear,BTCUSDT|long|L:113656.3@20|SWL:113517.1,"v10_1_pass,weak_close_strength,opposite_wick_high,v11_quality_fail,r_abs_bps_low,r_abs_atr_low,close_strength_low"
2025-10-28 20:35:00,CANCEL,SRR-1,long,bullish,lower_edge,L:112350.0@20,SWL:112268.1,112350.0,112231.35642857144,115554.5,118.6435714285617,10.560175472057116,0.322896133434395,27.009470141663012,0.2297899427116415,0.9439847231062827,0.056015276893717325,0.0,1.0,PASS,CANCEL,,,clear,BTCUSDT|long|L:112350.0@20|SWL:112268.1,"v10_1_pass,weak_body_ratio,v11_quality_fail,r_abs_bps_low,r_abs_atr_low,body_ratio_low"
2025-10-28 20:40:00,CANCEL,SRR-1,long,bullish,lower_edge,L:112350.0@20,SWL:112268.1,112350.0,112229.38642857144,115554.5,120.61357142856286,10.735520376374085,0.31155371870327614,26.568320314583875,0.6765529741308209,0.993903443730438,0.006096556269561913,0.0,0.0,PASS,CANCEL,,,clear,BTCUSDT|long|L:112350.0@20|SWL:112268.1,"v10_1_pass,v11_quality_fail,r_abs_bps_low,r_abs_atr_low"
2025-10-29 08:10:00,CANCEL,SRR-1,short,bearish,upper_edge,H:113525.0@20,SWH:113581.7,113525.0,113593.00714285714,112276.0,68.00714285713912,5.990499260703732,0.6014529374604849,18.36571788677761,0.9594356261023284,0.9594356261023284,0.040564373897671625,0.0,0.0,PASS,CANCEL,,,clear,BTCUSDT|short|H:113525.0@20|SWH:113581.7,"v10_1_pass,v11_quality_fail,r_abs_bps_low,r_abs_atr_low"
2025-10-29 13:20:00,CANCEL,SRR-1,short,bearish,upper_edge,H:113386.4@20,SWH:113477.1,113386.4,113488.0792857143,112666.0,101.67928571430093,8.967502779372213,0.9261010994731423,7.085022233773144,0.3566717402333883,0.5205479452054936,0.12278031456111808,0.0,2.0,PASS,CANCEL,,,clear,BTCUSDT|short|H:113386.4@20|SWH:113477.1,"v10_1_pass,weak_close_strength,body_not_aligned,v11_quality_fail,r_abs_bps_low,close_strength_low"
2025-10-29 14:10:00,CANCEL,SRR-1,long,bearish,lower_edge,L:112647.2@20,SWL:112482.6,112647.2,112460.09214285715,113593.0,187.10785714285157,16.610076161933147,0.831300180889187,5.054838500330381,0.5812124016659067,0.9222582137899007,0.07774178621009929,0.0,0.0,PASS,CANCEL,,,clear,BTCUSDT|long|L:112647.2@20|SWL:112482.6,"v10_1_pass,v11_quality_fail,r_abs_bps_low"
2025-10-30 11:20:00,CANCEL,SRR-1,long,bearish,lower_edge,L:109752.4@20,SWL:109645.8,109752.4,109628.48142857144,111565.1,123.91857142855588,11.290739102612415,0.7155242101789157,14.628154433212678,0.21234647705240103,0.787330316742068,0.0003232062055309332,0.0,2.0,PASS,CANCEL,,,clear,BTCUSDT|long|L:109752.4@20|SWL:109645.8,"v10_1_pass,weak_body_ratio,body_not_aligned,v11_quality_fail,r_abs_bps_low,body_ratio_low"
2025-10-30 12:20:00,CANCEL,SRR-1,long,bearish,lower_edge,L:109300.0@20,SWL:109132.9,109300.0,109113.36428571428,111565.1,186.63571428571595,17.07554568030338,0.9553564899451639,12.136476711699567,0.09516570386136236,0.8023715415019815,0.19762845849801847,0.0,1.0,PASS,CANCEL,,,clear,BTCUSDT|long|L:109300.0@20|SWL:109132.9,"v10_1_pass,weak_body_ratio,v11_quality_fail,r_abs_bps_low,body_ratio_low"
2025-10-30 13:20:00,CANCEL,SRR-1,long,bearish,lower_edge,L:108216.5@20,SWL:108112.0,108216.5,108082.105,110910.0,134.39500000000407,12.419085814086028,0.4495567820705937,20.041668216822934,0.41675257731958015,0.5404639175257657,0.04278350515465418,0.0,2.0,PASS,CANCEL,,,clear,BTCUSDT|long|L:108216.5@20|SWL:108112.0,"v10_1_pass,weak_close_strength,body_not_aligned,v11_quality_fail,r_abs_bps_low,r_abs_atr_low,close_strength_low"
2025-10-30 15:55:00,CANCEL,SRR-1,long,bearish,lower_edge,L:107350.0@20,SWL:107254.1,107350.0,107228.20857142858,110151.5,121.79142857142142,11.34526581941513,0.4703928492606265,23.00243976822337,0.6253602305475059,0.7384726224783706,0.2615273775216293,0.0,0.0,PASS,CANCEL,,,clear,BTCUSDT|long|L:107350.0@20|SWL:107254.1,"v10_1_pass,v11_quality_fail,r_abs_bps_low,r_abs_atr_low"
2025-10-30 19:05:00,CANCEL,SRR-1,long,bearish,lower_edge,L:106736.8@20,SWL:106666.0,106736.8,106643.24642857142,108320.9,93.55357142857974,8.764884409929822,0.41115994349399165,16.932544378696626,0.6090769568077162,0.8890594167945512,0.11094058320544875,0.0,0.0,PASS,CANCEL,,,clear,BTCUSDT|long|L:106736.8@20|SWL:106666.0,"v10_1_pass,v11_quality_fail,r_abs_bps_low,r_abs_atr_low"
2025-10-30 19:10:00,CANCEL,SRR-1,long,bearish,lower_edge,L:106736.8@20,SWL:106666.0,106736.8,106642.21571428572,108320.9,94.58428571428522,8.861450382088016,0.39767553606822814,16.748025192949594,0.11888586956521974,0.7887228260869622,0.09239130434781803,0.0,2.0,PASS,CANCEL,,,clear,BTCUSDT|long|L:106736.8@20|SWL:106666.0,"v10_1_pass,weak_body_ratio,body_not_aligned,v11_quality_fail,r_abs_bps_low,r_abs_atr_low,body_ratio_low"
2025-10-30 19:25:00,CANCEL,SRR-1,long,bearish,lower_edge,L:106666.0@20,SWL:106605.7,106666.0,106580.08857142857,108320.9,85.91142857143132,8.054246767613984,0.3354417670682819,19.262862083873074,0.28189457601223106,1.0,0.0,0.0,1.0,PASS,CANCEL,,,clear,BTCUSDT|long|L:106666.0@20|SWL:106605.7,"v10_1_pass,weak_body_ratio,v11_quality_fail,r_abs_bps_low,r_abs_atr_low,body_ratio_low"
2025-10-31 00:20:00,CANCEL,SRR-1,short,bearish,upper_edge,H:108620.0@20,SWH:108632.9,108620.0,108653.15357142857,106200.0,33.15357142857101,3.0522529394744073,0.16369247046376265,72.9936442960259,0.3552894211576804,0.4286427145708417,0.5713572854291583,0.0,2.0,PASS,CANCEL,,,clear,BTCUSDT|short|H:108620.0@20|SWH:108632.9,"v10_1_pass,weak_close_strength,opposite_wick_high,v11_quality_fail,r_abs_bps_low,r_abs_atr_low,close_strength_low"
2025-10-31 00:25:00,CANCEL,SRR-1,short,bearish,upper_edge,H:108620.0@20,SWH:108632.9,108620.0,108653.63857142857,106200.0,33.638571428571595,3.0969040166241575,0.16220293449059917,71.94122393510816,0.7660747091243331,0.8567054500918937,0.14329454990810633,0.0,0.0,PASS,CANCEL,,,clear,BTCUSDT|short|H:108620.0@20|SWH:108632.9,"v10_1_pass,v11_quality_fail,r_abs_bps_low,r_abs_atr_low"
2025-10-31 09:05:00,CANCEL,SRR-1,short,bullish,upper_edge,H:110200.0@20,SWH:110318.0,110200.0,110339.94714285714,109062.7,139.94714285714144,12.699377754731527,0.6376554058452019,8.126639649663751,0.07771394012699522,1.0,0.0,0.0,1.0,PASS,CANCEL,,,clear,BTCUSDT|short|H:110200.0@20|SWH:110318.0,"v10_1_pass,weak_body_ratio,v11_quality_fail,r_abs_bps_low,r_abs_atr_low,body_ratio_low"
2025-10-31 09:25:00,CANCEL,SRR-1,short,bullish,upper_edge,H:110318.0@20,SWH:110410.0,110318.0,110431.735,109159.0,113.73500000000058,10.309740930763846,0.5232804232804219,10.190354772057802,0.7527709359605844,0.7527709359605844,0.2472290640394156,0.0,0.0,PASS,CANCEL,,,clear,BTCUSDT|short|H:110318.0@20|SWH:110410.0,"v10_1_pass,v11_quality_fail,r_abs_bps_low,r_abs_atr_low"
2025-10-31 12:10:00,CANCEL,SRR-1,short,bullish,upper_edge,H:110500.0@20,SWH:110666.0,110500.0,110690.24714285714,109159.0,190.24714285714435,17.216936005171434,0.7846167442408546,7.0487260931269295,0.7493417588204414,0.7814639283833613,0.21853607161663866,0.0,0.0,PASS,CANCEL,,,clear,BTCUSDT|short|H:110500.0@20|SWH:110666.0,"v10_1_pass,v11_quality_fail,r_abs_bps_low"
2025-10-31 17:05:00,CANCEL,SRR-1,long,bullish,lower_edge,L:108627.2@20,SWL:108600.0,108627.2,108568.53071428572,111233.0,58.669285714277066,5.400975604109934,0.1864334838958348,44.41506263925566,0.4466744457409432,0.9432905484247307,0.05670945157526933,0.0,0.0,PASS,CANCEL,,,clear,BTCUSDT|long|L:108627.2@20|SWL:108600.0,"v10_1_pass,v11_quality_fail,r_abs_bps_low,r_abs_atr_low"
2025-10-31 17:10:00,CANCEL,SRR-1,long,bullish,lower_edge,L:108627.2@20,SWL:108600.0,108627.2,108567.77142857143,111233.0,59.42857142856519,5.470873908980918,0.1843971631205486,43.8475961538508,0.36958934517202896,0.7744173140954378,0.2255826859045622,0.0,0.0,PASS,CANCEL,,,clear,BTCUSDT|long|L:108627.2@20|SWL:108600.0,"v10_1_pass,v11_quality_fail,r_abs_bps_low,r_abs_atr_low"
2025-11-01 01:35:00,CANCEL,SRR-1,short,bullish,upper_edge,H:109900.0@20,SWH:110052.5,109900.0,110063.80071428571,109277.7,163.80071428570955,14.90452359287621,1.4494722204664212,3.799128732213924,0.3961218836565373,0.9996042738425356,0.0003957261574644638,0.0,0.0,PASS,CANCEL,,,clear,BTCUSDT|short|H:109900.0@20|SWH:110052.5,"v10_1_pass,v11_quality_fail,r_abs_bps_low"
2025-11-01 01:40:00,CANCEL,SRR-1,short,bullish,upper_edge,H:109900.0@20,SWH:110052.5,109900.0,110063.91214285714,109277.7,163.91214285713795,14.91466268035832,1.4362959253926986,3.796546059082305,0.694603903559081,1.0,0.0,0.0,0.0,PASS,CANCEL,,,clear,BTCUSDT|short|H:109900.0@20|SWH:110052.5,"v10_1_pass,v11_quality_fail,r_abs_bps_low"
2025-11-01 16:50:00,CANCEL,SRR-1,short,bullish,upper_edge,H:110400.0@20,SWH:110486.4,110400.0,110497.28642857142,109654.5,97.28642857141676,8.812176501034127,0.8936487107144252,7.662939332311265,0.04353741496604579,0.6326530612244898,0.3673469387755102,0.0,2.0,PASS,CANCEL,,,clear,BTCUSDT|short|H:110400.0@20|SWH:110486.4,"v10_1_pass,weak_body_ratio,weak_retest,v11_quality_fail,r_abs_bps_low,body_ratio_low"
2025-11-01 20:35:00,CANCEL,SRR-1,short,bullish,upper_edge,H:110486.4@20,SWH:110487.0,110486.4,110492.46071428571,109957.8,6.060714285718859,0.5485484444889923,0.11098757357758539,87.21744254560157,0.31916376306622235,0.9324041811846893,0.06759581881531072,0.0,0.0,PASS,CANCEL,,,clear,BTCUSDT|short|H:110486.4@20|SWH:110487.0,"v10_1_pass,v11_quality_fail,r_abs_bps_low,r_abs_atr_low"
2025-11-02 04:50:00,CANCEL,SRR-1,short,bullish,upper_edge,H:110450.0@20,SWH:110550.0,110450.0,110558.94571428571,109836.7,108.94571428571362,9.863803919032469,1.2178537208559406,5.629409142167851,0.20187499999992725,0.7193750000000364,0.07875000000003637,0.0,2.0,PASS,CANCEL,,,clear,BTCUSDT|short|H:110450.0@20|SWH:110550.0,"v10_1_pass,weak_body_ratio,body_not_aligned,v11_quality_fail,r_abs_bps_low,body_ratio_low"
2025-11-02 12:10:00,CANCEL,SRR-1,short,bullish,upper_edge,H:111193.5@20,SWH:111216.0,111193.5,111229.04857142858,110302.1,35.54857142857509,3.197000852439674,0.2724326691482693,25.075550554570476,0.6029132362254629,0.9246358454718517,0.0753641545281483,0.0,0.0,PASS,CANCEL,,,clear,BTCUSDT|short|H:111193.5@20|SWH:111216.0,"v10_1_pass,v11_quality_fail,r_abs_bps_low,r_abs_atr_low"
2025-11-02 16:20:00,CANCEL,SRR-1,long,bullish,lower_edge,L:109728.0@20,SWL:109661.2,109728.0,109647.00142857143,111216.0,80.99857142857218,7.38175957172027,0.5704698661837293,18.370694368507213,0.11401172083116176,0.7543953116675973,0.24560468833240268,0.0,1.0,PASS,CANCEL,,,clear,BTCUSDT|long|L:109728.0@20|SWL:109661.2,"v10_1_pass,weak_body_ratio,v11_quality_fail,r_abs_bps_low,r_abs_atr_low,body_ratio_low"
2025-11-02 16:25:00,CANCEL,SRR-1,long,bullish,lower_edge,L:109728.0@20,SWL:109661.2,109728.0,109646.21142857142,111216.0,81.78857142858033,7.453755780528245,0.5456728936333053,18.193250890796595,0.6945533769062927,0.6949891067538126,0.30501089324618735,0.0,0.0,PASS,CANCEL,,,clear,BTCUSDT|long|L:109728.0@20|SWL:109661.2,"v10_1_pass,v11_quality_fail,r_abs_bps_low,r_abs_atr_low"
2025-11-03 01:40:00,CANCEL,SRR-1,long,bearish,lower_edge,L:109368.9@20,SWL:109310.0,109368.9,109289.60785714285,110711.0,79.29214285714261,7.249971688216907,0.38883673683841774,16.926015007792287,0.053516819571866235,0.7283384301733108,0.218144750254823,0.0,2.0,PASS,CANCEL,,,clear,BTCUSDT|long|L:109368.9@20|SWL:109310.0,"v10_1_pass,weak_body_ratio,body_not_aligned,v11_quality_fail,r_abs_bps_low,r_abs_atr_low,body_ratio_low"
2025-11-03 02:55:00,CANCEL,SRR-1,long,bearish,lower_edge,L:108750.0@20,SWL:108600.0,108750.0,108576.77428571429,110711.0,173.22571428571246,15.928801313628732,0.745835896174182,11.320490194461517,0.8441654357458966,0.999630723781367,0.00036927621863301217,0.0,0.0,PASS,CANCEL,,,clear,BTCUSDT|long|L:108750.0@20|SWL:108600.0,"v10_1_pass,v11_quality_fail,r_abs_bps_low"
2025-11-03 04:25:00,CANCEL,SRR-1,long,bearish,lower_edge,L:107448.2@20,SWL:107435.0,107448.2,107407.89428571428,110711.0,40.3057142857142,3.751176314327667,0.14869821861494636,80.95130077266629,0.6458278145695441,0.7748344370860927,0.2251655629139073,0.0,0.0,PASS,CANCEL,,,clear,BTCUSDT|long|L:107448.2@20|SWL:107435.0,"v10_1_pass,v11_quality_fail,r_abs_bps_low,r_abs_atr_low"
2025-11-03 05:50:00,CANCEL,SRR-1,long,bearish,lower_edge,L:107435.0@20,SWL:107333.0,107435.0,107313.47928571429,110267.7,121.52071428571071,11.311091756477005,0.6225218632222012,23.310429144943615,0.40585241730278165,0.5691263782866642,0.025021204410554106,0.0,2.0,PASS,CANCEL,,,clear,BTCUSDT|long|L:107435.0@20|SWL:107333.0,"v10_1_pass,weak_close_strength,body_not_aligned,v11_quality_fail,r_abs_bps_low,r_abs_atr_low,close_strength_low"
2025-11-03 05:55:00,CANCEL,SRR-1,long,bearish,lower_edge,L:107435.0@20,SWL:107333.0,107435.0,107313.87928571428,110267.7,121.12071428571653,11.273859941891985,0.6334528745937597,23.387411614150714,0.5012827090815803,0.6685479733196114,0.33145202668038865,0.0,0.0,PASS,CANCEL,,,clear,BTCUSDT|long|L:107435.0@20|SWL:107333.0,"v10_1_pass,v11_quality_fail,r_abs_bps_low,r_abs_atr_low"
2025-11-03 06:50:00,CANCEL,SRR-1,long,bearish,lower_edge,L:107239.3@20,SWL:106946.7,107239.3,106926.0007142857,109846.2,313.2992857142963,29.214969298969336,1.5135753476655975,8.320797776657804,0.06628379995213331,0.9643455372098386,0.03565446279016133,0.0,1.0,PASS,CANCEL,,,clear,BTCUSDT|long|L:107239.3@20|SWL:106946.7,"v10_1_pass,weak_body_ratio,v11_quality_fail,body_ratio_low"
2025-11-03 06:55:00,CANCEL,SRR-1,long,bearish,lower_edge,L:107239.3@20,SWL:106946.7,107239.3,106925.705,109846.2,313.59500000000116,29.242544477630975,1.4936651583710447,8.31295141823047,0.4089689536220754,0.461096205442664,0.538903794557336,0.0,2.0,PASS,CANCEL,,,clear,BTCUSDT|long|L:107239.3@20|SWL:106946.7,"v10_1_pass,weak_close_strength,opposite_wick_high,v11_quality_fail,close_strength_low"
2025-11-03 08:55:00,CANCEL,SRR-1,long,bearish,lower_edge,L:106946.7@20,SWL:106925.7,106946.7,106906.87071428572,108207.6,39.82928571428056,3.7242182988610737,0.21152839421870553,31.657610157641376,0.8964546989307615,0.8966422809979268,0.10335771900207319,0.0,0.0,PASS,CANCEL,,,clear,BTCUSDT|long|L:106946.7@20|SWL:106925.7,"v10_1_pass,v11_quality_fail,r_abs_bps_low,r_abs_atr_low"
2025-11-03 12:10:00,CANCEL,SRR-1,short,bearish,upper_edge,H:107881.4@20,SWH:108216.9,107881.4,108241.665,106618.7,360.2649999999994,33.39454252540284,1.4547345043407989,3.5049199894522065,0.3798539023452545,0.3798539023452545,0.6201460976547455,0.0,2.0,PASS,CANCEL,,,clear,BTCUSDT|short|H:107881.4@20|SWH:108216.9,"v10_1_pass,weak_close_strength,opposite_wick_high,v11_quality_fail,close_strength_low"
2025-11-03 15:35:00,CANCEL,SRR-1,long,bearish,lower_edge,L:105600.0@20,SWL:105500.0,105600.0,105459.92285714285,108280.0,140.0771428571461,13.26488095238126,0.34951878519997853,19.132314846920643,0.03639999999999418,0.8146000000000059,0.149,0.0,2.0,PASS,CANCEL,,,clear,BTCUSDT|long|L:105600.0@20|SWL:105500.0,"v10_1_pass,weak_body_ratio,body_not_aligned,v11_quality_fail,r_abs_bps_low,r_abs_atr_low,body_ratio_low"
2025-11-03 15:40:00,CANCEL,SRR-1,long,bearish,lower_edge,L:105600.0@20,SWL:105500.0,105600.0,105456.015,108280.0,143.98500000000058,13.634943181818237,0.3273502330339897,18.61304997048296,0.6928659455018458,0.7672189511159807,0.23278104888401935,0.0,0.0,PASS,CANCEL,,,clear,BTCUSDT|long|L:105600.0@20|SWL:105500.0,"v10_1_pass,v11_quality_fail,r_abs_bps_low,r_abs_atr_low"
2025-11-03 22:35:00,CANCEL,SRR-1,long,bearish,lower_edge,L:106038.0@20,SWL:105750.1,106038.0,105723.52357142858,107634.9,314.4764285714191,29.65695586218328,1.183290778616883,5.077964053631226,0.21343797856049243,0.9473583460949458,0.05264165390505419,0.0,1.0,PASS,CANCEL,,,clear,BTCUSDT|long|L:106038.0@20|SWL:105750.1,"v10_1_pass,weak_body_ratio,v11_quality_fail,body_ratio_low"
2025-11-04 06:05:00,CANCEL,SRR-1,long,bearish,lower_edge,L:104131.8@20,SWL:104125.3,104131.8,104087.32214285714,107271.9,44.47785714286147,4.271303976581742,0.11711523632192843,70.59917454912654,0.773465198731115,0.8462399701436927,0.1537600298563073,0.0,0.0,PASS,CANCEL,,,clear,BTCUSDT|long|L:104131.8@20|SWL:104125.3,"v10_1_pass,v11_quality_fail,r_abs_bps_low,r_abs_atr_low"
2025-11-04 08:25:00,CANCEL,SRR-1,long,bearish,lower_edge,L:103800.0@20,SWL:103700.2,103800.0,103670.54357142857,107247.8,129.45642857142957,12.471717588769708,0.4365206291095668,26.632899100083133,0.8879627013280551,0.9087312800225974,0.09126871997740259,0.0,0.0,PASS,CANCEL,,,clear,BTCUSDT|long|L:103800.0@20|SWL:103700.2,"v10_1_pass,v11_quality_fail,r_abs_bps_low,r_abs_atr_low"
2025-11-04 10:40:00,CANCEL,SRR-1,long,bearish,lower_edge,L:103600.0@20,SWL:103550.0,103600.0,103526.97357142858,105620.9,73.026428571422,7.048883066739576,0.3171417935911911,27.673542846525685,0.1262401642148266,0.9815258296270658,0.018474170372934237,0.0,1.0,PASS,CANCEL,,,clear,BTCUSDT|long|L:103600.0@20|SWL:103550.0,"v10_1_pass,weak_body_ratio,v11_quality_fail,r_abs_bps_low,r_abs_atr_low,body_ratio_low"
2025-11-04 15:10:00,CANCEL,SRR-1,short,bearish,upper_edge,H:104656.0@20,SWH:104800.0,104656.0,104839.865,102870.0,183.86500000000524,17.568510166641687,0.4612191145114913,9.713648600875366,0.7840347757360399,0.9049594941711281,0.09504050582887195,0.0,0.0,PASS,CANCEL,,,clear,BTCUSDT|short|H:104656.0@20|SWH:104800.0,"v10_1_pass,v11_quality_fail,r_abs_bps_low,r_abs_atr_low"
2025-11-04 16:55:00,CANCEL,SRR-1,long,bearish,lower_edge,L:102456.0@20,SWL:102167.2,102456.0,102129.78428571428,104800.0,326.2157142857177,31.839591071847202,0.8718681989996708,7.185429448524346,0.04486626402072462,0.9571469657751098,0.042853034224890146,0.0,1.0,PASS,CANCEL,,,clear,BTCUSDT|long|L:102456.0@20|SWL:102167.2,"v10_1_pass,weak_body_ratio,v11_quality_fail,body_ratio_low"
2025-11-04 18:10:00,CANCEL,SRR-1,long,bearish,lower_edge,L:100725.0@20,SWL:100585.0,100725.0,100539.18714285715,104800.0,185.81285714285332,18.44754104173277,0.4055910692569081,21.930667568752423,0.8108542713567722,0.8621105527638074,0.1378894472361926,0.0,0.0,PASS,CANCEL,,,clear,BTCUSDT|long|L:100725.0@20|SWL:100585.0,"v10_1_pass,v11_quality_fail,r_abs_bps_low,r_abs_atr_low"
2025-11-04 18:35:00,CANCEL,SRR-1,long,bearish,lower_edge,L:100250.0@20,SWL:100000.0,100250.0,99957.04214285714,104800.0,292.9578571428574,29.2227288920556,0.6819657139056583,15.531244133115184,0.39233817701453105,0.49114927344782416,0.11651254953764477,0.0,2.0,PASS,CANCEL,,,active,BTCUSDT|long|L:100250.0@20|SWL:100000.0,"v10_1_pass,weak_close_strength,body_not_aligned,v11_quality_fail,r_abs_atr_low,close_strength_low"
2025-11-04 20:25:00,CANCEL,SRR-1,long,bearish,lower_edge,L:99980.0@20,SWL:99482.6,99980.0,99438.22285714286,104800.0,541.7771428571432,54.188551996113546,1.2208472830285892,8.89664701353218,0.14043583535111043,0.6724316845382053,0.18713248011068426,0.0,2.0,PASS,CANCEL,,,clear,BTCUSDT|long|L:99980.0@20|SWL:99482.6,"v10_1_pass,weak_body_ratio,body_not_aligned,v11_quality_fail,body_ratio_low"
2025-11-05 02:50:00,CANCEL,SRR-1,short,bearish,upper_edge,H:101859.5@20,SWH:101918.1,101859.5,101968.11857142858,98909.7,108.61857142858207,10.663568094147534,0.21715648473426222,27.15741848933752,0.5105279698302793,0.8650219987429171,0.1349780012570829,0.0,0.0,PASS,CANCEL,,,clear,BTCUSDT|short|H:101859.5@20|SWH:101918.1,"v10_1_pass,v11_quality_fail,r_abs_bps_low,r_abs_atr_low"
2025-11-05 03:50:00,CANCEL,SRR-1,short,bearish,upper_edge,H:102195.9@20,SWH:102222.0,102195.9,102253.40071428572,98909.7,57.50071428572119,5.626518704343441,0.18311912831830446,57.15059440254709,0.680489101541712,0.9936204146729846,0.006379585327015441,0.0,0.0,PASS,CANCEL,,,clear,BTCUSDT|short|H:102195.9@20|SWH:102222.0,"v10_1_pass,v11_quality_fail,r_abs_bps_low,r_abs_atr_low"
2025-11-05 13:50:00,CANCEL,SRR-1,short,bearish,upper_edge,H:102940.1@20,SWH:103060.0,102940.1,103082.12428571428,101163.8,142.024285714273,13.796789172953298,0.6419383999482814,12.507015902713956,0.3196576151121664,0.5067886658795621,0.17355371900827157,0.0,2.0,PASS,CANCEL,,,clear,BTCUSDT|short|H:102940.1@20|SWH:103060.0,"v10_1_pass,weak_close_strength,body_not_aligned,v11_quality_fail,r_abs_bps_low,r_abs_atr_low,close_strength_low"
2025-11-05 14:55:00,CANCEL,SRR-1,short,bearish,upper_edge,H:103338.1@20,SWH:103440.0,103338.1,103475.51071428572,101250.0,137.41071428571013,13.297197673047028,0.38695564718896547,15.196049382716552,0.2405063291139104,0.6548317381908294,0.10466193269526022,0.0,2.0,PASS,CANCEL,,,clear,BTCUSDT|short|H:103338.1@20|SWH:103440.0,"v10_1_pass,weak_body_ratio,body_not_aligned,v11_quality_fail,r_abs_bps_low,r_abs_atr_low,body_ratio_low"
2025-11-05 16:05:00,CANCEL,SRR-1,short,bullish,upper_edge,H:103750.0@20,SWH:103790.0,103750.0,103821.81142857143,101338.0,71.8114285714255,6.921583476763903,0.22574097359438555,33.58796848890094,0.4939664218258246,0.8134837355718998,0.18651626442810024,0.0,0.0,PASS,CANCEL,,,clear,BTCUSDT|short|H:103750.0@20|SWH:103790.0,"v10_1_pass,v11_quality_fail,r_abs_bps_low,r_abs_atr_low"
2025-11-05 19:20:00,CANCEL,SRR-1,short,bullish,upper_edge,H:104383.6@20,SWH:104496.6,104383.6,104514.89857142858,102120.0,131.2985714285751,12.578467443983067,0.7175345460223391,17.24009618209272,0.4052942688254812,0.5947057311745189,0.0,0.0,2.0,PASS,CANCEL,,,clear,BTCUSDT|short|H:104383.6@20|SWH:104496.6,"v10_1_pass,weak_close_strength,body_not_aligned,v11_quality_fail,r_abs_bps_low,close_strength_low"
2025-11-05 19:25:00,CANCEL,SRR-1,short,bullish,upper_edge,H:104383.6@20,SWH:104496.6,104383.6,104515.10357142858,102120.0,131.50357142857683,12.598106544378314,0.7106929164254218,17.213220716438325,0.3932225063938765,0.5581841432224527,0.44181585677754726,0.0,1.0,PASS,CANCEL,,,clear,BTCUSDT|short|H:104383.6@20|SWH:104496.6,"v10_1_pass,weak_close_strength,v11_quality_fail,r_abs_bps_low,close_strength_low"
2025-11-06 04:55:00,CANCEL,SRR-1,short,bullish,upper_edge,H:104045.9@20,SWH:104210.2,104045.9,104223.45214285715,102684.7,177.55214285715192,17.064789949162044,1.3397994933434714,7.6664802693772,0.8212512413108191,0.8212512413108191,0.17874875868918094,0.0,0.0,PASS,CANCEL,,,clear,BTCUSDT|short|H:104045.9@20|SWH:104210.2,"v10_1_pass,v11_quality_fail,r_abs_bps_low"
2025-11-06 12:50:00,CANCEL,SRR-1,long,bearish,lower_edge,L:102386.1@20,SWL:102329.0,102386.1,102309.03571428571,103406.0,77.06428571429569,7.526830860272604,0.38601073345264186,13.234405412918779,0.48413793103442926,0.8110344827585939,0.18896551724140606,0.0,0.0,PASS,CANCEL,,,clear,BTCUSDT|long|L:102386.1@20|SWL:102329.0,"v10_1_pass,v11_quality_fail,r_abs_bps_low,r_abs_atr_low"
2025-11-06 15:10:00,CANCEL,SRR-1,long,bearish,lower_edge,L:102001.0@20,SWL:101860.0,102001.0,101821.80428571429,103585.0,179.19571428571362,17.56803504727538,0.4691513632793482,8.839497118075242,0.4442110177404084,0.478057889822575,0.521942110177425,0.0,2.0,PASS,CANCEL,,,clear,BTCUSDT|long|L:102001.0@20|SWL:101860.0,"v10_1_pass,weak_close_strength,opposite_wick_high,v11_quality_fail,r_abs_bps_low,r_abs_atr_low,close_strength_low"
2025-11-06 15:50:00,CANCEL,SRR-1,long,bearish,lower_edge,L:101715.0@20,SWL:101570.5,101715.0,101530.43928571428,103585.0,184.56071428571886,18.14488662298765,0.4607025051261616,10.132167114963853,0.11008174386919395,0.6376021798365122,0.36239782016348776,0.0,1.0,PASS,CANCEL,,,clear,BTCUSDT|long|L:101715.0@20|SWL:101570.5,"v10_1_pass,weak_body_ratio,v11_quality_fail,r_abs_bps_low,r_abs_atr_low,body_ratio_low"
2025-11-06 15:55:00,CANCEL,SRR-1,long,bearish,lower_edge,L:101715.0@20,SWL:101570.5,101715.0,101530.08285714286,103585.0,184.9171428571426,18.179928511737955,0.45752156086526446,10.112637320189751,0.5658986175115207,0.8440552995391598,0.15594470046084022,0.0,0.0,PASS,CANCEL,,,clear,BTCUSDT|long|L:101715.0@20|SWL:101570.5,"v10_1_pass,v11_quality_fail,r_abs_bps_low,r_abs_atr_low"
2025-11-06 16:25:00,CANCEL,SRR-1,long,bearish,lower_edge,L:101570.5@20,SWL:101501.8,101570.5,101465.11142857143,103585.0,105.3885714285716,10.375903577177585,0.28725177166887556,19.114975871604372,0.7680430879712538,0.9177737881507766,0.08222621184922345,0.0,0.0,PASS,CANCEL,,,clear,BTCUSDT|long|L:101570.5@20|SWL:101501.8,"v10_1_pass,v11_quality_fail,r_abs_bps_low,r_abs_atr_low"
2025-11-07 08:55:00,CANCEL,SRR-1,long,bearish,lower_edge,L:101458.1@20,SWL:101388.0,101458.1,101374.79142857142,102480.4,83.3085714285844,8.211130646896049,0.6307159852910408,12.271246313188154,0.05464480874316691,0.7416081186572653,0.20374707259956779,0.0,2.0,PASS,CANCEL,,,clear,BTCUSDT|long|L:101458.1@20|SWL:101388.0,"v10_1_pass,weak_body_ratio,body_not_aligned,v11_quality_fail,r_abs_bps_low,r_abs_atr_low,body_ratio_low"
2025-11-07 10:20:00,CANCEL,SRR-1,long,bearish,lower_edge,L:100700.8@20,SWL:100637.6,100700.8,100617.75714285715,102450.0,83.04285714284924,8.246494282354186,0.4185025197983785,21.06382246688654,0.5045408678103124,0.46047763202152553,0.03498150016816208,0.0,2.0,PASS,CANCEL,,,clear,BTCUSDT|long|L:100700.8@20|SWL:100637.6,"v10_1_pass,weak_close_strength,body_not_aligned,v11_quality_fail,r_abs_bps_low,r_abs_atr_low,close_strength_low"
2025-11-07 10:35:00,CANCEL,SRR-1,long,bearish,lower_edge,L:100592.0@20,SWL:100568.0,100592.0,100549.45571428571,102450.0,42.54428571429162,4.229390579200296,0.2294199214236525,43.672139954998805,0.3970714900946508,0.8199827734710794,0.1800172265289206,0.0,0.0,PASS,CANCEL,,,clear,BTCUSDT|long|L:100592.0@20|SWL:100568.0,"v10_1_pass,v11_quality_fail,r_abs_bps_low,r_abs_atr_low"
2025-11-07 10:40:00,CANCEL,SRR-1,long,bearish,lower_edge,L:100592.0@20,SWL:100568.0,100592.0,100549.50857142857,102450.0,42.49142857143306,4.224135972187954,0.22978986402969287,43.72646584184584,0.998483699772577,0.9992418498862333,0.0007581501137666806,0.0,0.0,PASS,CANCEL,,,clear,BTCUSDT|long|L:100592.0@20|SWL:100568.0,"v10_1_pass,v11_quality_fail,r_abs_bps_low,r_abs_atr_low"
2025-11-07 10:55:00,CANCEL,SRR-1,long,bearish,lower_edge,L:100568.0@20,SWL:100516.2,100568.0,100496.80785714285,102450.0,71.19214285715134,7.079005534280421,0.3671184942355616,26.435501509994943,0.5182207931403755,0.4817792068596245,0.0,0.0,2.0,PASS,CANCEL,,,clear,BTCUSDT|long|L:100568.0@20|SWL:100516.2,"v10_1_pass,weak_close_strength,body_not_aligned,v11_quality_fail,r_abs_bps_low,r_abs_atr_low,close_strength_low"
2025-11-07 12:35:00,CANCEL,SRR-1,long,bearish,lower_edge,L:99750.0@20,SWL:99658.9,99750.0,99634.93357142857,102024.7,115.06642857143015,11.53548156104563,0.4801150418740541,19.76858088185056,0.5023177412557759,0.49768225874422406,0.0,0.0,2.0,PASS,CANCEL,,,clear,BTCUSDT|long|L:99750.0@20|SWL:99658.9,"v10_1_pass,weak_close_strength,body_not_aligned,v11_quality_fail,r_abs_bps_low,r_abs_atr_low,close_strength_low"
2025-11-07 15:20:00,CANCEL,SRR-1,short,bearish,upper_edge,H:101167.6@20,SWH:101230.0,101167.6,101276.42571428571,99200.0,108.82571428570373,10.756973011685927,0.23440827127821007,18.080285646776467,0.6410596026490122,0.850709555345328,0.14929044465467206,0.0,0.0,PASS,CANCEL,,,clear,BTCUSDT|short|H:101167.6@20|SWH:101230.0,"v10_1_pass,v11_quality_fail,r_abs_bps_low,r_abs_atr_low"
2025-11-07 15:25:00,CANCEL,SRR-1,short,bearish,upper_edge,H:101167.6@20,SWH:101230.0,101167.6,101275.89428571428,99200.0,108.29428571427707,10.704443489247256,0.23596463923300123,18.169010368573915,0.38982501620220555,0.9001944264419885,0.09980557355801144,0.0,0.0,PASS,CANCEL,,,clear,BTCUSDT|short|H:101167.6@20|SWH:101230.0,"v10_1_pass,v11_quality_fail,r_abs_bps_low,r_abs_atr_low"
2025-11-07 19:20:00,CANCEL,SRR-1,short,bullish,upper_edge,H:102818.0@20,SWH:102963.5,102818.0,102990.12285714285,99451.1,172.122857142851,16.74053737116565,0.6465228589825892,19.561027837259765,0.13914434226310315,0.9276289484206102,0.07237105157938985,0.0,1.0,PASS,CANCEL,,,clear,BTCUSDT|short|H:102818.0@20|SWH:102963.5,"v10_1_pass,weak_body_ratio,v11_quality_fail,r_abs_bps_low,r_abs_atr_low,body_ratio_low"
2025-11-07 19:50:00,CANCEL,SRR-1,short,bullish,upper_edge,H:103262.4@20,SWH:103300.0,103262.4,103322.96714285715,100283.0,60.56714285715134,5.865362693211793,0.2637121353486709,49.19168809113154,0.5075313807531503,0.897489539748954,0.10251046025104603,0.0,0.0,PASS,CANCEL,,,clear,BTCUSDT|short|H:103262.4@20|SWH:103300.0,"v10_1_pass,v11_quality_fail,r_abs_bps_low,r_abs_atr_low"
2025-11-07 20:10:00,CANCEL,SRR-1,short,bullish,upper_edge,H:103350.7@20,SWH:103377.2,103350.7,103399.44857142857,100319.4,48.74857142857218,4.716810958084674,0.21910877102864063,62.18233501347935,0.3095134665508293,0.3205907906168716,0.6794092093831284,0.0,2.0,PASS,CANCEL,,,clear,BTCUSDT|short|H:103350.7@20|SWH:103377.2,"v10_1_pass,weak_close_strength,opposite_wick_high,v11_quality_fail,r_abs_bps_low,r_abs_atr_low,close_strength_low"
2025-11-07 20:50:00,CANCEL,SRR-1,short,bullish,upper_edge,H:103830.8@20,SWH:103849.9,103830.8,103873.995,100468.9,43.19499999999243,4.160133601974793,0.1792695579995534,77.83076744995017,0.6931969764340274,0.9826589595375976,0.017341040462402313,0.0,0.0,PASS,CANCEL,,,clear,BTCUSDT|short|H:103830.8@20|SWH:103849.9,"v10_1_pass,v11_quality_fail,r_abs_bps_low,r_abs_atr_low"
2025-11-07 20:55:00,CANCEL,SRR-1,short,bullish,upper_edge,H:103830.8@20,SWH:103849.9,103830.8,103874.52071428571,100468.9,43.7207142857078,4.21076542660827,0.1775769532043025,76.89490107665067,0.01886792452832666,0.7481542247744171,0.23297785069725624,0.0,2.0,PASS,CANCEL,,,clear,BTCUSDT|short|H:103830.8@20|SWH:103849.9,"v10_1_pass,weak_body_ratio,body_not_aligned,v11_quality_fail,r_abs_bps_low,r_abs_atr_low,body_ratio_low"
2025-11-07 22:05:00,CANCEL,SRR-1,short,bullish,upper_edge,H:103849.9@20,SWH:103919.0,103849.9,103935.09285714285,100888.3,85.19285714285797,8.203460681508405,0.5293830448291253,34.7634778234254,0.36986899563317505,0.6938864628820707,0.3061135371179293,0.0,0.0,PASS,CANCEL,,,clear,BTCUSDT|short|H:103849.9@20|SWH:103919.0,"v10_1_pass,v11_quality_fail,r_abs_bps_low,r_abs_atr_low"
2025-11-08 04:25:00,CANCEL,SRR-1,long,bullish,lower_edge,L:102488.0@20,SWL:102450.4,102488.0,102435.86571428571,103632.9,52.134285714288126,5.086867312689107,0.3586986436013477,21.96059626239817,0.3410364145659009,0.5602240896358429,0.09873949579825617,0.0,2.0,PASS,CANCEL,,,clear,BTCUSDT|long|L:102488.0@20|SWL:102450.4,"v10_1_pass,weak_close_strength,body_not_aligned,v11_quality_fail,r_abs_bps_low,r_abs_atr_low,close_strength_low"
2025-11-08 04:35:00,CANCEL,SRR-1,long,bullish,lower_edge,L:102407.0@20,SWL:102341.9,102407.0,102327.72857142857,103587.9,79.2714285714319,7.7408212887236125,0.5593750000000153,14.896918363668432,0.40428380187410073,0.9069611780454624,0.09303882195453761,0.0,0.0,PASS,CANCEL,,,clear,BTCUSDT|long|L:102407.0@20|SWL:102341.9,"v10_1_pass,v11_quality_fail,r_abs_bps_low,r_abs_atr_low"
2025-11-08 04:40:00,CANCEL,SRR-1,long,bullish,lower_edge,L:102407.0@20,SWL:102341.9,102407.0,102327.15357142857,103587.9,79.84642857142899,7.796969794196587,0.5414628239283071,14.78964082837575,0.47715247715251313,0.6166426166426467,0.38335738335735325,0.0,0.0,PASS,CANCEL,,,clear,BTCUSDT|long|L:102407.0@20|SWL:102341.9,"v10_1_pass,v11_quality_fail,r_abs_bps_low,r_abs_atr_low"
2025-11-08 14:25:00,CANCEL,SRR-1,long,bearish,lower_edge,L:101511.0@20,SWL:101400.1,101511.0,101382.80214285715,102594.0,128.19785714284808,12.628962096999151,0.7411198744683061,8.44787911543043,0.6858660130719637,0.6862745098039542,0.3137254901960458,0.0,0.0,PASS,CANCEL,,,clear,BTCUSDT|long|L:101511.0@20|SWL:101400.1,"v10_1_pass,v11_quality_fail,r_abs_bps_low"
2025-11-08 21:55:00,CANCEL,SRR-1,short,bearish,upper_edge,H:102278.0@20,SWH:102328.9,102278.0,102337.78571428571,101471.1,59.78571428571013,5.845412922203224,0.6728295819935382,13.496535244923184,0.5440821256038407,0.6207729468598658,0.37922705314013416,0.0,0.0,PASS,CANCEL,,,clear,BTCUSDT|short|H:102278.0@20|SWH:102328.9,"v10_1_pass,v11_quality_fail,r_abs_bps_low,r_abs_atr_low"
2025-11-08 23:35:00,CANCEL,SRR-1,short,bearish,upper_edge,H:102410.0@20,SWH:102443.9,102410.0,102450.79428571428,101471.1,40.794285714277066,3.983427957648381,0.5917115623703784,23.015478358318227,0.34788359788367657,0.7962962962963498,0.20370370370365024,0.0,0.0,PASS,CANCEL,,,clear,BTCUSDT|short|H:102410.0@20|SWH:102443.9,"v10_1_pass,v11_quality_fail,r_abs_bps_low,r_abs_atr_low"
2025-11-08 23:40:00,CANCEL,SRR-1,short,bearish,upper_edge,H:102410.0@20,SWH:102443.9,102410.0,102451.04928571428,101471.1,41.04928571428172,4.008327869766792,0.5741732440802753,22.872505176706046,0.637773722627783,0.637773722627783,0.36222627737221696,0.0,0.0,PASS,CANCEL,,,clear,BTCUSDT|short|H:102410.0@20|SWH:102443.9,"v10_1_pass,v11_quality_fail,r_abs_bps_low,r_abs_atr_low"
2025-11-09 03:10:00,CANCEL,SRR-1,long,bearish,lower_edge,L:101523.9@20,SWL:101500.0,101523.9,101487.36857142857,102443.9,36.53142857142666,3.5983082379052282,0.2892105858402887,25.18379477553706,0.19054146675798128,1.0,0.0,0.0,1.0,PASS,CANCEL,,,clear,BTCUSDT|long|L:101523.9@20|SWL:101500.0,"v10_1_pass,weak_body_ratio,v11_quality_fail,r_abs_bps_low,r_abs_atr_low,body_ratio_low"
2025-11-09 10:05:00,CANCEL,SRR-1,long,bearish,lower_edge,L:101566.7@20,SWL:101485.2,101566.7,101473.69928571428,102087.1,93.00071428572119,9.156614745356617,0.8086516365443784,5.595655947342633,0.16727272727272727,0.6843636363636787,0.14836363636359404,0.0,2.0,PASS,CANCEL,,,clear,BTCUSDT|long|L:101566.7@20|SWL:101485.2,"v10_1_pass,weak_body_ratio,body_not_aligned,v11_quality_fail,r_abs_bps_low,body_ratio_low"
2025-11-09 11:25:00,CANCEL,SRR-1,short,bearish,upper_edge,H:102161.5@20,SWH:102274.9,102161.5,102289.43999999999,101457.0,127.93999999998778,12.52330868281963,0.8799174690508076,5.506487415976765,0.26247600767753654,0.8632437619961574,0.1367562380038426,0.0,1.0,PASS,CANCEL,,,clear,BTCUSDT|short|H:102161.5@20|SWH:102274.9,"v10_1_pass,weak_body_ratio,v11_quality_fail,r_abs_bps_low,body_ratio_low"
2025-11-09 12:25:00,CANCEL,SRR-1,short,bearish,upper_edge,H:102274.9@20,SWH:102390.0,102274.9,102402.49285714286,101457.0,127.5928571428667,12.475480997084006,1.021326472269945,6.4102334434300285,0.4621164683781447,0.7758296806511987,0.22417031934880127,0.0,1.0,PASS,CANCEL,,,clear,BTCUSDT|short|H:102274.9@20|SWH:102390.0,"v10_1_pass,weak_retest,v11_quality_fail,r_abs_bps_low"
2025-11-09 14:35:00,CANCEL,SRR-1,short,bullish,upper_edge,H:103850.0@20,SWH:104031.4,103850.0,104057.55071428571,101457.0,207.55071428570955,19.985624871036066,0.7936713009750943,11.529712187383037,0.6149436647558705,0.9737102194109447,0.026289780589055275,0.0,0.0,PASS,CANCEL,,,clear,BTCUSDT|short|H:103850.0@20|SWH:104031.4,"v10_1_pass,v11_quality_fail,r_abs_bps_low"
2025-11-09 14:40:00,CANCEL,SRR-1,short,bullish,upper_edge,H:103850.0@20,SWH:104031.4,103850.0,104058.66071428571,101457.0,208.66071428571013,20.092509801223894,0.7654264378356951,11.468378262730225,0.7171979243884281,0.9336545589325649,0.06634544106743509,0.0,0.0,PASS,CANCEL,,,clear,BTCUSDT|short|H:103850.0@20|SWH:104031.4,"v10_1_pass,v11_quality_fail,r_abs_bps_low"
2025-11-09 15:55:00,CANCEL,SRR-1,short,bullish,upper_edge,H:104031.4@20,SWH:104180.0,104031.4,104205.52285714286,101720.9,174.12285714286554,16.73752897133611,0.682223217284266,13.269366457180661,0.0664483821263486,0.8343605546995368,0.16563944530046318,0.0,1.0,PASS,CANCEL,,,clear,BTCUSDT|short|H:104031.4@20|SWH:104180.0,"v10_1_pass,weak_body_ratio,v11_quality_fail,r_abs_bps_low,r_abs_atr_low,body_ratio_low"
2025-11-09 19:05:00,CANCEL,SRR-1,short,bullish,upper_edge,H:104573.7@20,SWH:104644.6,104573.7,104662.81142857144,102718.7,89.11142857144296,8.521399603479935,0.48931597113280456,20.8166340697007,0.06336996336997403,0.6670329670329883,0.33296703296701163,0.0,1.0,PASS,CANCEL,,,clear,BTCUSDT|short|H:104573.7@20|SWH:104644.6,"v10_1_pass,weak_body_ratio,v11_quality_fail,r_abs_bps_low,r_abs_atr_low,body_ratio_low"
2025-11-09 19:10:00,CANCEL,SRR-1,short,bullish,upper_edge,H:104573.7@20,SWH:104644.6,104573.7,104663.85714285714,102718.7,90.15714285714785,8.621397431395069,0.4681750741840021,20.575186182854193,0.8140301318267369,0.9585687382297403,0.04143126177025966,0.0,0.0,PASS,CANCEL,,,clear,BTCUSDT|short|H:104573.7@20|SWH:104644.6,"v10_1_pass,v11_quality_fail,r_abs_bps_low,r_abs_atr_low"
2025-11-09 19:35:00,CANCEL,SRR-1,short,bullish,upper_edge,H:104711.0@20,SWH:104766.6,104711.0,104788.9992857143,102857.8,77.99928571429336,7.449005903323755,0.3482222009630757,23.7591919339897,0.5599832214764896,0.8393456375838863,0.1606543624161137,0.0,0.0,PASS,CANCEL,,,clear,BTCUSDT|short|H:104711.0@20|SWH:104766.6,"v10_1_pass,v11_quality_fail,r_abs_bps_low,r_abs_atr_low"
2025-11-10 01:05:00,CANCEL,SRR-1,short,bullish,upper_edge,H:106484.8@20,SWH:106588.0,106484.8,106619.72142857143,103999.5,134.92142857142608,12.670487109092198,0.42533213240260415,18.42035046852702,0.020478800115390484,0.9027978079030938,0.07672339198151569,0.0,2.0,PASS,CANCEL,,,clear,BTCUSDT|short|H:106484.8@20|SWH:106588.0,"v10_1_pass,weak_body_ratio,body_not_aligned,v11_quality_fail,r_abs_bps_low,r_abs_atr_low,body_ratio_low"
2025-11-10 01:10:00,CANCEL,SRR-1,short,bullish,upper_edge,H:106484.8@20,SWH:106588.0,106484.8,106621.09714285714,103999.5,136.2971428571327,12.799680598276254,0.4118093922651635,18.23442478618283,0.3169523809523699,0.574095238095227,0.425904761904773,0.0,1.0,PASS,CANCEL,,,clear,BTCUSDT|short|H:106484.8@20|SWH:106588.0,"v10_1_pass,weak_close_strength,v11_quality_fail,r_abs_bps_low,r_abs_atr_low,close_strength_low"
2025-11-10 08:10:00,CANCEL,SRR-1,short,bullish,upper_edge,H:106499.0@20,SWH:106525.0,106499.0,106537.79928571428,105797.7,38.79928571428172,3.6431596272529996,0.30313633573299065,18.075075019792433,0.8694968553458682,0.8694968553458682,0.13050314465413182,0.0,0.0,PASS,CANCEL,,,clear,BTCUSDT|short|H:106499.0@20|SWH:106525.0,"v10_1_pass,v11_quality_fail,r_abs_bps_low,r_abs_atr_low"
2025-11-10 09:20:00,CANCEL,SRR-1,long,bullish,lower_edge,L:105800.0@20,SWL:105780.1,105800.0,105765.45071428572,106525.0,34.54928571428172,3.2655279503101817,0.23584280072160113,20.984514875232428,0.6371656232213941,0.9997154240181962,0.0002845759818037064,0.0,0.0,PASS,CANCEL,,,clear,BTCUSDT|long|L:105800.0@20|SWL:105780.1,"v10_1_pass,v11_quality_fail,r_abs_bps_low,r_abs_atr_low"
2025-11-10 09:25:00,CANCEL,SRR-1,long,bullish,lower_edge,L:105800.0@20,SWL:105780.1,105800.0,105766.06857142858,106525.0,33.93142857142084,3.207129354576639,0.2418244756668105,21.366621758172602,0.4178027265437613,0.6046511627907818,0.3953488372092182,0.0,0.0,PASS,CANCEL,,,clear,BTCUSDT|long|L:105800.0@20|SWL:105780.1,"v10_1_pass,v11_quality_fail,r_abs_bps_low,r_abs_atr_low"
2025-11-10 09:40:00,CANCEL,SRR-1,short,bullish,upper_edge,H:106525.0@20,SWH:106535.9,106525.0,106551.57714285713,105780.1,26.57714285713155,2.4949207094232855,0.16952797521406904,28.027843474533316,0.510352546166752,0.48964745383324804,0.0,0.0,2.0,PASS,CANCEL,,,clear,BTCUSDT|short|H:106525.0@20|SWH:106535.9,"v10_1_pass,weak_close_strength,body_not_aligned,v11_quality_fail,r_abs_bps_low,r_abs_atr_low,close_strength_low"
2025-11-10 09:55:00,CANCEL,SRR-1,short,bullish,upper_edge,H:106535.9@20,SWH:106570.0,106535.9,106584.34357142857,105780.1,48.44357142857916,4.547159354600577,0.33773716448388846,15.601657303782233,0.8029366306027954,0.9211746522411406,0.07882534775885937,0.0,0.0,PASS,CANCEL,,,clear,BTCUSDT|short|H:106535.9@20|SWH:106570.0,"v10_1_pass,v11_quality_fail,r_abs_bps_low,r_abs_atr_low"
2025-11-11 05:20:00,CANCEL,SRR-1,long,bullish,lower_edge,L:105310.8@20,SWL:105072.0,105310.8,105054.64857142857,107473.7,256.15142857143655,24.323376953877144,1.4762555573851774,8.443833446733231,0.1024521330198196,0.9140073899899512,0.08599261001004876,0.0,1.0,PASS,CANCEL,,,clear,BTCUSDT|long|L:105310.8@20|SWL:105072.0,"v10_1_pass,weak_body_ratio,v11_quality_fail,body_ratio_low"
2025-11-11 06:50:00,CANCEL,SRR-1,long,bullish,lower_edge,L:104838.3@20,SWL:104830.5,104838.3,104814.48285714285,107099.9,23.81714285715134,2.2717978884769536,0.1486978237603102,94.95681381954356,0.2257839721254964,0.622996515679402,0.15121951219510166,0.0,2.0,PASS,CANCEL,,,clear,BTCUSDT|long|L:104838.3@20|SWL:104830.5,"v10_1_pass,weak_body_ratio,body_not_aligned,v11_quality_fail,r_abs_bps_low,r_abs_atr_low,body_ratio_low"
2025-11-11 06:55:00,CANCEL,SRR-1,long,bullish,lower_edge,L:104838.3@20,SWL:104830.5,104838.3,104813.73857142858,107099.9,24.561428571425495,2.3427915724907304,0.14653541293784972,92.07933461293504,0.8558352402745996,0.8929061784897292,0.10709382151027085,0.0,0.0,PASS,CANCEL,,,clear,BTCUSDT|long|L:104838.3@20|SWL:104830.5,"v10_1_pass,v11_quality_fail,r_abs_bps_low,r_abs_atr_low"
2025-11-11 07:55:00,CANCEL,SRR-1,long,bullish,lower_edge,L:104751.2@20,SWL:104700.0,104751.2,104681.68857142857,107041.5,69.51142857142258,6.635859882409231,0.3796068029333392,32.94853878088167,0.5662921348313953,0.7752808988764045,0.2247191011235955,0.0,0.0,PASS,CANCEL,,,clear,BTCUSDT|long|L:104751.2@20|SWL:104700.0,"v10_1_pass,v11_quality_fail,r_abs_bps_low,r_abs_atr_low"
2025-11-11 15:50:00,CANCEL,SRR-1,long,bearish,lower_edge,L:103315.0@20,SWL:103135.2,103315.0,103101.42928571429,105464.2,213.57071428571362,20.671801218188417,0.6324139681465332,10.063177468820983,0.34620024125452353,0.520627261761165,0.13317249698431144,0.0,2.0,PASS,CANCEL,,,clear,BTCUSDT|long|L:103315.0@20|SWL:103135.2,"v10_1_pass,weak_close_strength,body_not_aligned,v11_quality_fail,r_abs_bps_low,r_abs_atr_low,close_strength_low"
2025-11-11 15:55:00,CANCEL,SRR-1,long,bearish,lower_edge,L:103315.0@20,SWL:103135.2,103315.0,103101.64357142856,105464.2,213.3564285714383,20.651060211144394,0.6358138742842845,10.07328447701485,0.3894736842105263,0.9326315789473684,0.06736842105263158,0.0,0.0,PASS,CANCEL,,,clear,BTCUSDT|long|L:103315.0@20|SWL:103135.2,"v10_1_pass,v11_quality_fail,r_abs_bps_low,r_abs_atr_low"
2025-11-11 20:40:00,CANCEL,SRR-1,long,bearish,lower_edge,L:102729.0@20,SWL:102671.6,102729.0,102652.20214285715,103694.8,76.7978571428539,7.475771899157386,0.39590897374524275,12.575871722611877,0.3508180943214546,0.6515880654475542,0.3484119345524458,0.0,0.0,PASS,CANCEL,,,clear,BTCUSDT|long|L:102729.0@20|SWL:102671.6,"v10_1_pass,v11_quality_fail,r_abs_bps_low,r_abs_atr_low"
2025-11-11 21:10:00,CANCEL,SRR-1,long,bearish,lower_edge,L:102602.0@20,SWL:102600.9,102602.0,102580.8707142857,103694.8,21.12928571429802,2.059344429377402,0.10549195820411902,51.71968493286613,0.5670055452865083,0.7989833641404752,0.2010166358595248,0.0,0.0,PASS,CANCEL,,,clear,BTCUSDT|long|L:102602.0@20|SWL:102600.9,"v10_1_pass,v11_quality_fail,r_abs_bps_low,r_abs_atr_low"
2025-11-12 02:20:00,CANCEL,SRR-1,short,bearish,upper_edge,H:103325.0@20,SWH:103360.2,103325.0,103375.24071428571,102400.0,50.240714285711874,4.862396737063816,0.33403143847649824,18.411362440821506,0.10072595281312263,0.7704174228674812,0.12885662431939623,0.0,2.0,PASS,CANCEL,,,clear,BTCUSDT|short|H:103325.0@20|SWH:103360.2,"v10_1_pass,weak_body_ratio,body_not_aligned,v11_quality_fail,r_abs_bps_low,r_abs_atr_low,body_ratio_low"
2025-11-12 04:20:00,CANCEL,SRR-1,short,bearish,upper_edge,H:103400.0@20,SWH:103426.1,103400.0,103437.21714285715,102629.5,37.21714285714552,3.599336833379644,0.3347725520432018,20.702825118991303,0.7839459864966071,0.9797449362340808,0.02025506376591921,0.0,0.0,PASS,CANCEL,,,clear,BTCUSDT|short|H:103400.0@20|SWH:103426.1,"v10_1_pass,v11_quality_fail,r_abs_bps_low,r_abs_atr_low"
2025-11-12 15:25:00,CANCEL,SRR-1,long,bullish,lower_edge,L:103508.8@20,SWL:103300.0,103508.8,103262.00928571429,105297.0,246.79071428571478,23.842486270318542,0.649607986914099,7.245815569583224,0.4785005512679284,0.6890848952590904,0.3109151047409096,0.0,0.0,PASS,CANCEL,,,clear,BTCUSDT|long|L:103508.8@20|SWL:103300.0,"v10_1_pass,v11_quality_fail,r_abs_atr_low"
2025-11-12 19:10:00,CANCEL,SRR-1,long,bearish,lower_edge,L:101274.8@20,SWL:101000.0,101274.8,100980.35785714285,104993.8,294.44214285715134,29.07358423390136,1.4990326920979329,12.630664767999171,0.23208191126279318,0.7679180887372068,0.0,0.0,2.0,PASS,CANCEL,,,clear,BTCUSDT|long|L:101274.8@20|SWL:101000.0,"v10_1_pass,weak_body_ratio,body_not_aligned,v11_quality_fail,body_ratio_low"
2025-11-13 07:05:00,CANCEL,SRR-1,short,bearish,upper_edge,H:103666.6@20,SWH:103773.5,103666.6,103796.505,100850.0,129.90499999999884,12.53103699745133,0.5646815909584801,21.681998383434287,0.11853546910752485,0.8814645308924751,0.0,0.0,2.0,PASS,CANCEL,,,clear,BTCUSDT|short|H:103666.6@20|SWH:103773.5,"v10_1_pass,weak_body_ratio,body_not_aligned,v11_quality_fail,r_abs_bps_low,r_abs_atr_low,body_ratio_low"
2025-11-13 07:20:00,CANCEL,SRR-1,short,bearish,upper_edge,H:103793.8@20,SWH:103890.2,103793.8,103909.42571428571,100850.0,115.62571428570664,11.139944224578601,0.6014117996730126,25.459734611679785,0.12296564195297219,0.7933996383363576,0.20660036166364237,0.0,1.0,PASS,CANCEL,,,clear,BTCUSDT|short|H:103793.8@20|SWH:103890.2,"v10_1_pass,weak_body_ratio,v11_quality_fail,r_abs_bps_low,r_abs_atr_low,body_ratio_low"
2025-11-13 13:40:00,CANCEL,SRR-1,long,bullish,lower_edge,L:102350.0@20,SWL:102100.0,102350.0,102081.05928571429,103765.4,268.94071428570896,26.276571986879237,1.419907983557691,5.262869936815685,0.1993896236011852,1.0,0.0,0.0,1.0,PASS,CANCEL,,,clear,BTCUSDT|long|L:102350.0@20|SWL:102100.0,"v10_1_pass,weak_body_ratio,v11_quality_fail,body_ratio_low"
2025-11-13 14:20:00,CANCEL,SRR-1,long,bullish,lower_edge,L:102088.0@20,SWL:102000.1,102088.0,101974.98142857144,103261.6,113.0185714285617,11.070700907899235,0.4499402832280767,10.384134086687078,0.35466237942123124,0.9347266881028845,0.06527331189711547,0.0,0.0,PASS,CANCEL,,,clear,BTCUSDT|long|L:102088.0@20|SWL:102000.1,"v10_1_pass,v11_quality_fail,r_abs_bps_low,r_abs_atr_low"
2025-11-13 14:25:00,CANCEL,SRR-1,long,bullish,lower_edge,L:102088.0@20,SWL:102000.1,102088.0,101974.2992857143,103261.6,113.70071428570373,11.137520010745996,0.4406882422966833,10.321834892356254,0.7607632093933681,0.7866927592954644,0.21330724070453552,0.0,0.0,PASS,CANCEL,,,clear,BTCUSDT|long|L:102088.0@20|SWL:102000.1,"v10_1_pass,v11_quality_fail,r_abs_bps_low,r_abs_atr_low"
2025-11-13 16:10:00,CANCEL,SRR-1,long,bearish,lower_edge,L:101135.0@20,SWL:101023.3,101135.0,100979.83428571429,103456.0,155.16571428571478,15.342434793663399,0.3569841582856755,14.958201369963861,0.4845532980796115,0.8257723350960052,0.17422766490399474,0.0,0.0,PASS,CANCEL,,,clear,BTCUSDT|long|L:101135.0@20|SWL:101023.3,"v10_1_pass,v11_quality_fail,r_abs_bps_low,r_abs_atr_low"
2025-11-13 17:55:00,CANCEL,SRR-1,long,bearish,lower_edge,L:99789.4@20,SWL:99743.3,99789.4,99713.74142857143,103456.0,75.65857142856112,7.581824465179781,0.2559615291672352,48.46245350352814,0.39305148597744255,0.5445793218919818,0.062369192130575735,0.0,2.0,PASS,CANCEL,,,clear,BTCUSDT|long|L:99789.4@20|SWL:99743.3,"v10_1_pass,weak_close_strength,body_not_aligned,v11_quality_fail,r_abs_bps_low,r_abs_atr_low,close_strength_low"
2025-11-13 20:10:00,CANCEL,SRR-1,long,bearish,lower_edge,L:98100.0@20,SWL:98039.0,98100.0,97997.97214285714,102969.8,102.02785714286438,10.400393184797592,0.24867946865371945,47.73010172291546,0.42051377513029675,0.8190618019359687,0.1809381980640313,0.0,0.0,PASS,CANCEL,,,clear,BTCUSDT|long|L:98100.0@20|SWL:98039.0,"v10_1_pass,v11_quality_fail,r_abs_bps_low,r_abs_atr_low"
2025-11-13 20:25:00,CANCEL,SRR-1,long,bearish,lower_edge,L:98039.0@20,SWL:97959.0,98039.0,97920.77142857143,102969.8,118.2285714285681,12.059340816263742,0.30926756352764534,41.705654905752766,0.508513341804335,0.7293519695044473,0.27064803049555275,0.0,0.0,PASS,CANCEL,,,clear,BTCUSDT|long|L:98039.0@20|SWL:97959.0,"v10_1_pass,v11_quality_fail,r_abs_bps_low,r_abs_atr_low"
2025-11-14 06:55:00,CANCEL,SRR-1,long,bearish,lower_edge,L:96600.0@20,SWL:95840.9,96600.0,95807.55571428571,99862.8,792.4442857142858,82.03356994971902,2.37655199006041,4.117387252100647,0.2331034482758487,0.902068965517228,0.097931034482772,0.0,1.0,PASS,CANCEL,,,clear,BTCUSDT|long|L:96600.0@20|SWL:95840.9,"v10_1_pass,weak_body_ratio,v11_quality_fail,body_ratio_low"
2025-11-14 15:55:00,CANCEL,SRR-1,short,bearish,upper_edge,H:97170.5@20,SWH:97280.0,97170.5,97328.59857142858,94500.0,158.098571428578,16.270223105631647,0.32531526499898245,16.891360724321377,0.48724562912009983,0.7709945543135698,0.22900544568643025,0.0,0.0,PASS,CANCEL,,,clear,BTCUSDT|short|H:97170.5@20|SWH:97280.0,"v10_1_pass,v11_quality_fail,r_abs_bps_low,r_abs_atr_low"
2025-11-14 16:40:00,CANCEL,SRR-1,short,bearish,upper_edge,H:97280.0@20,SWH:97377.6,97280.0,97415.64071428572,94500.0,135.6407142857206,13.943330004699897,0.3565672118219379,20.49532114777916,0.1349892008639277,0.6144708423326146,0.2505399568034577,0.0,2.0,PASS,CANCEL,,,clear,BTCUSDT|short|H:97280.0@20|SWH:97377.6,"v10_1_pass,weak_body_ratio,body_not_aligned,v11_quality_fail,r_abs_bps_low,r_abs_atr_low,body_ratio_low"
2025-11-14 19:10:00,CANCEL,SRR-1,long,bearish,lower_edge,L:94905.2@20,SWL:94741.2,94905.2,94707.055,97377.6,198.14500000000407,20.87820266961179,0.580304583394361,12.47773095460374,0.9028351224882945,1.0,0.0,0.0,0.0,PASS,CANCEL,,,clear,BTCUSDT|long|L:94905.2@20|SWL:94741.2,"v10_1_pass,v11_quality_fail,r_abs_bps_low,r_abs_atr_low"
2025-11-15 12:05:00,CANCEL,SRR-1,long,bearish,lower_edge,L:95587.3@20,SWL:95534.1,95587.3,95523.52785714286,96337.5,63.77214285713853,6.67161253190942,0.6032092426187164,11.763757126377024,0.43552311435524865,0.5636658556367118,0.0008110300080395644,0.0,2.0,PASS,CANCEL,,,clear,BTCUSDT|long|L:95587.3@20|SWL:95534.1,"v10_1_pass,weak_close_strength,body_not_aligned,v11_quality_fail,r_abs_bps_low,r_abs_atr_low,close_strength_low"
2025-11-15 14:05:00,CANCEL,SRR-1,short,bearish,upper_edge,H:96330.0@20,SWH:96364.7,96330.0,96379.71785714285,95534.1,49.717857142852154,5.161201821120332,0.33105826397142935,16.008332734718824,0.5812310797174203,0.9747729566094832,0.025227043390516853,0.0,0.0,PASS,CANCEL,,,clear,BTCUSDT|short|H:96330.0@20|SWH:96364.7,"v10_1_pass,v11_quality_fail,r_abs_bps_low,r_abs_atr_low"
2025-11-15 14:10:00,CANCEL,SRR-1,short,bearish,upper_edge,H:96330.0@20,SWH:96386.6,96330.0,96401.77857142857,95534.1,71.77857142857101,7.451320609215303,0.47289411764705286,11.088267489302401,0.24747866563221116,0.6726144297905801,0.07990690457720878,0.0,2.0,PASS,CANCEL,,,clear,BTCUSDT|short|H:96330.0@20|SWH:96386.6,"v10_1_pass,weak_body_ratio,body_not_aligned,v11_quality_fail,r_abs_bps_low,r_abs_atr_low,body_ratio_low"
2025-11-16 03:05:00,CANCEL,SRR-1,short,bearish,upper_edge,H:95937.7@20,SWH:95946.4,95937.7,95965.29857142856,94800.0,27.598571428563446,2.8767180606334577,0.1460352256405972,41.22314819608822,0.40953716690040504,0.49509116409534076,0.5049088359046593,0.0,2.0,PASS,CANCEL,,,clear,BTCUSDT|short|H:95937.7@20|SWH:95946.4,"v10_1_pass,weak_close_strength,opposite_wick_high,v11_quality_fail,r_abs_bps_low,r_abs_atr_low,close_strength_low"
2025-11-16 03:10:00,CANCEL,SRR-1,short,bearish,upper_edge,H:95937.7@20,SWH:95946.4,95937.7,95964.98999999999,94800.0,27.289999999993597,2.8445543305701095,0.14679935449162906,41.68926346648091,0.46797153024912574,0.46797153024912574,0.5320284697508743,0.0,2.0,PASS,CANCEL,,,clear,BTCUSDT|short|H:95937.7@20|SWH:95946.4,"v10_1_pass,weak_close_strength,opposite_wick_high,v11_quality_fail,r_abs_bps_low,r_abs_atr_low,close_strength_low"
2025-11-16 05:20:00,CANCEL,SRR-1,short,bearish,upper_edge,H:96000.0@20,SWH:96170.6,96000.0,96181.94928571429,94800.0,181.94928571429045,18.95305059523859,1.603178299452543,6.5952443577290225,0.21909909909905714,0.8342342342342343,0.16576576576576577,0.0,1.0,PASS,CANCEL,,,clear,BTCUSDT|short|H:96000.0@20|SWH:96170.6,"v10_1_pass,weak_body_ratio,v11_quality_fail,r_abs_bps_low,body_ratio_low"
2025-11-16 05:25:00,CANCEL,SRR-1,short,bearish,upper_edge,H:96000.0@20,SWH:96170.6,96000.0,96182.57571428572,94800.0,182.57571428571828,19.018303571428987,1.5245496838841188,6.57261566629877,0.29105263157896266,0.8747368421052478,0.12526315789475215,0.0,1.0,PASS,CANCEL,,,clear,BTCUSDT|short|H:96000.0@20|SWH:96170.6,"v10_1_pass,weak_body_ratio,v11_quality_fail,r_abs_bps_low,body_ratio_low"
2025-11-16 08:05:00,CANCEL,SRR-1,short,bullish,upper_edge,H:96170.6@20,SWH:96222.0,96170.6,96233.45357142857,95580.5,62.8535714285681,6.535632659936415,0.5487683193014988,9.38848798227231,0.2342912810521439,1.0,0.0,0.0,1.0,PASS,CANCEL,,,clear,BTCUSDT|short|H:96170.6@20|SWH:96222.0,"v10_1_pass,weak_body_ratio,v11_quality_fail,r_abs_bps_low,r_abs_atr_low,body_ratio_low"
2025-11-16 08:10:00,CANCEL,SRR-1,short,bullish,upper_edge,H:96170.6@20,SWH:96222.0,96170.6,96232.93571428572,95580.5,62.33571428571304,6.481784899513265,0.5700195950359128,9.466483327604271,0.4711111111110464,0.4718518518518303,0.5281481481481697,0.0,2.0,PASS,CANCEL,,,clear,BTCUSDT|short|H:96170.6@20|SWH:96222.0,"v10_1_pass,weak_close_strength,opposite_wick_high,v11_quality_fail,r_abs_bps_low,r_abs_atr_low,close_strength_low"
2025-11-16 13:35:00,CANCEL,SRR-1,long,bullish,lower_edge,L:95300.7@20,SWL:95270.1,95300.7,95251.22357142858,96600.0,49.47642857141909,5.191612293657768,0.26210693608804325,26.260990081862253,0.6393520724154398,0.999523582658381,0.00047641734161897825,0.0,0.0,PASS,CANCEL,,,clear,BTCUSDT|long|L:95300.7@20|SWL:95270.1,"v10_1_pass,v11_quality_fail,r_abs_bps_low,r_abs_atr_low"
2025-11-16 13:50:00,CANCEL,SRR-1,long,bullish,lower_edge,L:95163.4@20,SWL:95073.0,95163.4,95054.02,96600.0,109.3799999999901,11.493914677280351,0.5762908324551645,13.134028158713987,0.4729609929077763,0.9472517730496081,0.05274822695039195,0.0,0.0,PASS,CANCEL,,,clear,BTCUSDT|long|L:95163.4@20|SWL:95073.0,"v10_1_pass,v11_quality_fail,r_abs_bps_low,r_abs_atr_low"
2025-11-16 16:20:00,CANCEL,SRR-1,long,bearish,lower_edge,L:94300.0@20,SWL:94231.6,94300.0,94205.77642857144,96060.1,94.22357142856345,9.991895167398033,0.3648742842917318,18.68003911669219,0.2504427913567643,0.749202975557948,0.250797024442052,0.0,1.0,PASS,CANCEL,,,clear,BTCUSDT|long|L:94300.0@20|SWL:94231.6,"v10_1_pass,weak_body_ratio,v11_quality_fail,r_abs_bps_low,r_abs_atr_low,body_ratio_low"
2025-11-17 01:05:00,CANCEL,SRR-1,short,bearish,upper_edge,H:95354.3@20,SWH:95470.2,95354.3,95504.61357142856,92922.8,150.31357142855995,15.763690932507496,0.4367857365241776,16.17618407234524,0.018518518518518517,0.7080808080808179,0.2734006734006636,0.0,2.0,PASS,CANCEL,,,clear,BTCUSDT|short|H:95354.3@20|SWH:95470.2,"v10_1_pass,weak_body_ratio,body_not_aligned,v11_quality_fail,r_abs_bps_low,r_abs_atr_low,body_ratio_low"
2025-11-17 01:10:00,CANCEL,SRR-1,short,bearish,upper_edge,H:95354.3@20,SWH:95470.2,95354.3,95504.135,92922.8,149.83499999999185,15.71350217032602,0.44153528805066167,16.22785063570015,0.4910519423832575,0.4914884329986711,0.5085115670013288,0.0,2.0,PASS,CANCEL,,,clear,BTCUSDT|short|H:95354.3@20|SWH:95470.2,"v10_1_pass,weak_close_strength,opposite_wick_high,v11_quality_fail,r_abs_bps_low,r_abs_atr_low,close_strength_low"
2025-11-17 04:05:00,CANCEL,SRR-1,short,bearish,upper_edge,H:95539.3@20,SWH:95541.6,95539.3,95559.81071428572,92922.8,20.51071428571595,2.1468353113028824,0.11262992743676144,127.56747344592384,0.34805568891022076,0.6821891502640607,0.3178108497359393,0.0,0.0,PASS,CANCEL,,,clear,BTCUSDT|short|H:95539.3@20|SWH:95541.6,"v10_1_pass,v11_quality_fail,r_abs_bps_low,r_abs_atr_low"
2025-11-17 04:10:00,CANCEL,SRR-1,short,bearish,upper_edge,H:95539.3@20,SWH:95541.6,95539.3,95559.89928571429,92922.8,20.599285714284633,2.156105991386229,0.11256879659626992,127.01896737058124,0.724580454096664,0.724580454096664,0.27541954590333595,0.0,0.0,PASS,CANCEL,,,clear,BTCUSDT|short|H:95539.3@20|SWH:95541.6,"v10_1_pass,v11_quality_fail,r_abs_bps_low,r_abs_atr_low"
2025-11-17 07:55:00,CANCEL,SRR-1,short,bullish,upper_edge,H:95774.3@20,SWH:95838.0,95774.3,95854.88785714285,94850.0,80.5878571428475,8.414350942042645,0.47719409550389397,11.46946987759729,0.5300153925090098,0.707029245767096,0.2929707542329039,0.0,0.0,PASS,CANCEL,,,clear,BTCUSDT|short|H:95774.3@20|SWH:95838.0,"v10_1_pass,v11_quality_fail,r_abs_bps_low,r_abs_atr_low"
2025-11-17 16:25:00,CANCEL,SRR-1,long,bearish,lower_edge,L:93119.7@20,SWL:93016.0,93119.7,92976.11571428571,96012.2,143.58428571428522,15.419324344288611,0.3600021490741058,20.14496214269376,0.41892293960126725,0.5709610235048821,0.42903897649511796,0.0,1.0,PASS,CANCEL,,,clear,BTCUSDT|long|L:93119.7@20|SWL:93016.0,"v10_1_pass,weak_close_strength,v11_quality_fail,r_abs_bps_low,r_abs_atr_low,close_strength_low"
2025-11-17 17:50:00,CANCEL,SRR-1,long,bearish,lower_edge,L:92707.3@20,SWL:92640.0,92707.3,92606.38642857142,96012.2,100.91357142858033,10.885180717007218,0.3002167491872183,32.74980711924337,0.1900500131613535,0.6114767043959107,0.3885232956040893,0.0,1.0,PASS,CANCEL,,,clear,BTCUSDT|long|L:92707.3@20|SWL:92640.0,"v10_1_pass,weak_body_ratio,v11_quality_fail,r_abs_bps_low,r_abs_atr_low,body_ratio_low"
2025-11-17 18:05:00,CANCEL,SRR-1,long,bearish,lower_edge,L:92620.1@20,SWL:92555.1,92620.1,92523.5942857143,96012.2,96.50571428571129,10.419521711346812,0.3063117801759241,35.1492139621646,0.27875468434707035,0.7656385125396244,0.23436148746037555,0.0,1.0,PASS,CANCEL,,,clear,BTCUSDT|long|L:92620.1@20|SWL:92555.1,"v10_1_pass,weak_body_ratio,v11_quality_fail,r_abs_bps_low,r_abs_atr_low,body_ratio_low"
2025-11-17 18:35:00,CANCEL,SRR-1,long,bearish,lower_edge,L:92400.1@20,SWL:92366.8,92400.1,92333.43214285714,96012.2,66.6678571428638,7.215128245842135,0.19979663919514176,54.1805324904857,0.36685214626393525,0.5504769475357901,0.4495230524642098,0.0,1.0,PASS,CANCEL,,,clear,BTCUSDT|long|L:92400.1@20|SWL:92366.8,"v10_1_pass,weak_close_strength,v11_quality_fail,r_abs_bps_low,r_abs_atr_low,close_strength_low"
2025-11-17 18:40:00,CANCEL,SRR-1,long,bearish,lower_edge,L:92400.1@20,SWL:92366.8,92400.1,92333.65285714286,96012.2,66.44714285714144,7.191241444234524,0.20046114726543718,54.36050136521075,0.3625730994152036,0.7364243943191164,0.26357560568088356,0.0,0.0,PASS,CANCEL,,,clear,BTCUSDT|long|L:92400.1@20|SWL:92366.8,"v10_1_pass,v11_quality_fail,r_abs_bps_low,r_abs_atr_low"
2025-11-17 19:10:00,CANCEL,SRR-1,long,bearish,lower_edge,L:92366.8@20,SWL:92262.4,92366.8,92231.86714285714,96012.2,134.9328571428632,14.60837196296323,0.4419267299864552,27.016399690850275,0.21484992101105846,0.641390205371248,0.358609794628752,0.0,1.0,PASS,CANCEL,,,clear,BTCUSDT|long|L:92366.8@20|SWL:92262.4,"v10_1_pass,weak_body_ratio,v11_quality_fail,r_abs_bps_low,r_abs_atr_low,body_ratio_low"
2025-11-17 19:35:00,CANCEL,SRR-1,long,bearish,lower_edge,L:92070.0@20,SWL:91901.1,92070.0,91874.95714285715,96012.2,195.04285714284924,21.18419215193323,0.7460655737704676,20.211968065627406,0.06998966942150316,0.8331611570247771,0.09684917355371973,0.0,2.0,PASS,CANCEL,,,clear,BTCUSDT|long|L:92070.0@20|SWL:91901.1,"v10_1_pass,weak_body_ratio,body_not_aligned,v11_quality_fail,r_abs_bps_low,body_ratio_low"
2025-11-17 19:50:00,CANCEL,SRR-1,long,bearish,lower_edge,L:91718.1@20,SWL:91550.2,91718.1,91520.02642857142,95539.7,198.07357142858382,21.595908705978843,0.6564472220249983,19.293841033092512,0.20677270395075736,0.9463827603899589,0.053617239610041105,0.0,1.0,PASS,CANCEL,,,clear,BTCUSDT|long|L:91718.1@20|SWL:91550.2,"v10_1_pass,weak_body_ratio,v11_quality_fail,r_abs_bps_low,r_abs_atr_low,body_ratio_low"
2025-11-18 00:50:00,CANCEL,SRR-1,long,bearish,lower_edge,L:91250.0@20,SWL:91126.0,91250.0,91101.24071428571,92370.9,148.75928571428813,16.302387475538424,0.6008222023483295,7.534991813235988,0.6067756393356174,0.9408120221460474,0.05918797785395253,0.0,0.0,PASS,CANCEL,,,clear,BTCUSDT|long|L:91250.0@20|SWL:91126.0,"v10_1_pass,v11_quality_fail,r_abs_bps_low,r_abs_atr_low"
2025-11-18 00:55:00,CANCEL,SRR-1,long,bearish,lower_edge,L:91250.0@20,SWL:91126.0,91250.0,91100.12714285715,92370.9,149.872857142851,16.424422700586412,0.5792667439677265,7.479006014622186,0.4243697478991459,0.5162064825930417,0.48379351740695825,0.0,2.0,PASS,CANCEL,,,clear,BTCUSDT|long|L:91250.0@20|SWL:91126.0,"v10_1_pass,weak_close_strength,opposite_wick_high,v11_quality_fail,r_abs_bps_low,r_abs_atr_low,close_strength_low"
2025-11-18 04:50:00,CANCEL,SRR-1,long,bearish,lower_edge,L:89666.1@20,SWL:89012.0,89666.1,88979.67571428571,92335.4,686.4242857142963,76.55337811216238,2.1235559287577006,3.8887027390388766,0.03151217515858716,0.8569674647022824,0.14303253529771762,0.0,1.0,PASS,CANCEL,,,clear,BTCUSDT|long|L:89666.1@20|SWL:89012.0,"v10_1_pass,weak_body_ratio,v11_quality_fail,body_ratio_low"
2025-11-18 08:25:00,CANCEL,SRR-1,short,bearish,upper_edge,H:90900.0@20,SWH:91152.9,90900.0,91175.79071428571,89012.0,275.7907142857148,30.340012572685893,1.204814803257724,6.84577073194735,0.553405994550385,0.553405994550385,0.4465940054496151,0.0,1.0,PASS,CANCEL,,,clear,BTCUSDT|short|H:90900.0@20|SWH:91152.9,"v10_1_pass,weak_close_strength,v11_quality_fail,close_strength_low"
2025-11-18 10:10:00,CANCEL,SRR-1,short,bearish,upper_edge,H:91453.5@20,SWH:91555.9,91453.5,91577.51928571428,89299.7,124.01928571428289,13.56091190761238,0.5736511712425867,17.36665380384429,0.585397096498689,0.8637916310845042,0.13620836891549584,0.0,0.0,PASS,CANCEL,,,clear,BTCUSDT|short|H:91453.5@20|SWH:91555.9,"v10_1_pass,v11_quality_fail,r_abs_bps_low,r_abs_atr_low"
2025-11-19 04:25:00,CANCEL,SRR-1,long,bullish,lower_edge,L:91600.0@20,SWL:91585.0,91600.0,91564.54785714285,93003.0,35.4521428571461,3.870321272614203,0.1733419481018571,39.57447665867105,0.4020494273659673,0.841470765521463,0.15852923447853695,0.0,0.0,PASS,CANCEL,,,clear,BTCUSDT|long|L:91600.0@20|SWL:91585.0,"v10_1_pass,v11_quality_fail,r_abs_bps_low,r_abs_atr_low"
2025-11-19 17:25:00,CANCEL,SRR-1,long,bearish,lower_edge,L:89300.0@20,SWL:89266.1,89300.0,89233.72,92348.2,66.27999999999884,7.422172452407485,0.20469425571339922,45.989740494871015,0.4373601789709116,0.5363534675615018,0.4636465324384982,0.0,2.0,PASS,CANCEL,,,clear,BTCUSDT|long|L:89300.0@20|SWL:89266.1,"v10_1_pass,weak_close_strength,opposite_wick_high,v11_quality_fail,r_abs_bps_low,r_abs_atr_low,close_strength_low"
2025-11-19 18:50:00,CANCEL,SRR-1,long,bearish,lower_edge,L:88800.0@20,SWL:88765.0,88800.0,88731.33285714286,92348.2,68.66714285714261,7.732786357786329,0.20395892561632617,51.67245719516523,0.21175884404584264,0.7458893871449889,0.2541106128550112,0.0,1.0,PASS,CANCEL,,,clear,BTCUSDT|long|L:88800.0@20|SWL:88765.0,"v10_1_pass,weak_body_ratio,v11_quality_fail,r_abs_bps_low,r_abs_atr_low,body_ratio_low"
2025-11-19 18:55:00,CANCEL,SRR-1,long,bearish,lower_edge,L:88800.0@20,SWL:88765.0,88800.0,88733.68714285715,92348.2,66.31285714285332,7.467664092663662,0.2117751722249972,53.50696912902349,0.4795952782461959,0.612141652613828,0.38785834738617203,0.0,0.0,PASS,CANCEL,,,clear,BTCUSDT|long|L:88800.0@20|SWL:88765.0,"v10_1_pass,v11_quality_fail,r_abs_bps_low,r_abs_atr_low"
2025-11-19 19:50:00,CANCEL,SRR-1,long,bearish,lower_edge,L:88640.2@20,SWL:88600.0,88640.2,88575.78214285715,92348.2,64.41785714284924,7.267341132223217,0.265993216339738,57.56167877142138,0.5287958115183246,1.0,0.0,0.0,0.0,PASS,CANCEL,,,clear,BTCUSDT|long|L:88640.2@20|SWL:88600.0,"v10_1_pass,v11_quality_fail,r_abs_bps_low,r_abs_atr_low"
2025-11-19 19:55:00,CANCEL,SRR-1,long,bearish,lower_edge,L:88640.2@20,SWL:88600.0,88640.2,88575.24357142857,92348.2,64.95642857142957,7.328100407200071,0.26238206526443575,57.08441922607374,0.706081081081081,0.7597972972972776,0.24020270270272237,0.0,0.0,PASS,CANCEL,,,clear,BTCUSDT|long|L:88640.2@20|SWL:88600.0,"v10_1_pass,v11_quality_fail,r_abs_bps_low,r_abs_atr_low"
2025-11-20 01:25:00,CANCEL,SRR-1,short,bearish,upper_edge,H:92300.5@20,SWH:92478.0,92300.5,92500.99571428572,88689.3,200.49571428571653,21.722061558249035,0.8718829595576968,18.011357563752483,0.7029702970297096,0.9310738766184105,0.06892612338158956,0.0,0.0,PASS,CANCEL,,,clear,BTCUSDT|short|H:92300.5@20|SWH:92478.0,"v10_1_pass,v11_quality_fail,r_abs_bps_low"
2025-11-20 02:10:00,CANCEL,SRR-1,short,bullish,upper_edge,H:92689.4@20,SWH:92760.0,92689.4,92783.28714285714,89401.7,93.88714285714377,10.129221125300605,0.40317158456537017,35.017574291322035,0.6984640258690192,0.9927243330638329,0.007275666936167068,0.0,0.0,PASS,CANCEL,,,clear,BTCUSDT|short|H:92689.4@20|SWH:92760.0,"v10_1_pass,v11_quality_fail,r_abs_bps_low,r_abs_atr_low"
2025-11-20 05:10:00,CANCEL,SRR-1,short,bullish,upper_edge,H:92960.0@20,SWH:93150.0,92960.0,93169.21357142857,91140.2,209.21357142856868,22.505762847307302,1.088884345142942,8.698288488523476,0.29921568627446415,0.9878431372548792,0.012156862745120865,0.0,1.0,PASS,CANCEL,,,clear,BTCUSDT|short|H:92960.0@20|SWH:93150.0,"v10_1_pass,weak_body_ratio,v11_quality_fail,body_ratio_low"
2025-11-20 06:55:00,CANCEL,SRR-1,long,bullish,lower_edge,L:91746.3@20,SWL:91640.2,91746.3,91622.05,93150.0,124.25,13.542780471801041,0.6845730027548209,11.297384305834987,0.3551890587288851,0.6423974255832395,0.0024135156878753285,0.0,1.0,PASS,CANCEL,,,clear,BTCUSDT|long|L:91746.3@20|SWL:91640.2,"v10_1_pass,body_not_aligned,v11_quality_fail,r_abs_bps_low,r_abs_atr_low"
2025-11-20 15:20:00,CANCEL,SRR-1,long,bullish,lower_edge,L:90320.0@20,SWL:90222.0,90320.0,90179.81785714286,92498.6,140.18214285714203,15.520609262305362,0.3323257979849265,15.541209141168512,0.3481619605753839,0.7690463505594075,0.23095364944059252,0.0,0.0,PASS,CANCEL,,,clear,BTCUSDT|long|L:90320.0@20|SWL:90222.0,"v10_1_pass,v11_quality_fail,r_abs_bps_low,r_abs_atr_low"
2025-11-20 15:25:00,CANCEL,SRR-1,long,bullish,lower_edge,L:90320.0@20,SWL:90222.0,90320.0,90179.90928571428,92498.6,140.0907142857177,15.510486524105147,0.33283045123628285,15.55135193012657,0.5804026194518584,0.8127577007033797,0.18724229929662028,0.0,0.0,PASS,CANCEL,,,clear,BTCUSDT|long|L:90320.0@20|SWL:90222.0,"v10_1_pass,v11_quality_fail,r_abs_bps_low,r_abs_atr_low"
2025-11-20 15:40:00,CANCEL,SRR-1,long,bullish,lower_edge,L:90222.0@20,SWL:90171.6,90222.0,90130.50071428572,92498.6,91.49928571427881,10.141571425403871,0.22262986843704297,24.881068548546427,0.46197411003238553,0.6644417475728234,0.33555825242717663,0.0,0.0,PASS,CANCEL,,,clear,BTCUSDT|long|L:90222.0@20|SWL:90171.6,"v10_1_pass,v11_quality_fail,r_abs_bps_low,r_abs_atr_low"
2025-11-20 16:25:00,CANCEL,SRR-1,long,bearish,lower_edge,L:88382.4@20,SWL:88200.0,88382.4,88158.50214285715,92498.6,223.89785714284517,25.33285553943378,0.5395407680258592,18.384275993199463,0.08669322709164738,0.697051792828676,0.21625498007967664,0.0,2.0,PASS,CANCEL,,,clear,BTCUSDT|long|L:88382.4@20|SWL:88200.0,"v10_1_pass,weak_body_ratio,body_not_aligned,v11_quality_fail,r_abs_atr_low,body_ratio_low"
2025-11-20 17:40:00,CANCEL,SRR-1,long,bearish,lower_edge,L:86700.0@20,SWL:86281.9,86700.0,86231.36499999999,92498.6,468.6350000000093,54.05247981545667,0.9273473830018952,12.373382269783287,0.15117014547752997,0.9247311827956908,0.07526881720430924,0.0,1.0,PASS,CANCEL,,,clear,BTCUSDT|long|L:86700.0@20|SWL:86281.9,"v10_1_pass,weak_body_ratio,v11_quality_fail,body_ratio_low"
2025-11-20 19:10:00,CANCEL,SRR-1,long,bearish,lower_edge,L:86260.9@20,SWL:86066.6,86260.9,86033.84142857144,91651.5,227.0585714285553,26.32230494100517,0.6931272077100336,23.741010815335706,0.813234142521542,0.929522317932653,0.07047768206734695,0.0,0.0,PASS,CANCEL,,,clear,BTCUSDT|long|L:86260.9@20|SWL:86066.6,"v10_1_pass,v11_quality_fail,r_abs_atr_low"
2025-11-20 22:35:00,CANCEL,SRR-1,short,bearish,upper_edge,H:88100.0@20,SWH:88214.1,88100.0,88236.76714285715,86066.6,136.76714285714843,15.524079779472013,0.6033717779038484,14.867606045728799,0.5456266565694913,0.9848542218856497,0.015145778114350292,0.0,0.0,PASS,CANCEL,,,clear,BTCUSDT|short|H:88100.0@20|SWH:88214.1,"v10_1_pass,v11_quality_fail,r_abs_bps_low,r_abs_atr_low"
2025-11-20 22:40:00,CANCEL,SRR-1,short,bearish,upper_edge,H:88100.0@20,SWH:88214.1,88100.0,88237.24428571429,86066.6,137.2442857142887,15.578239014107686,0.5929942596136148,14.815917394426673,0.5099833610648675,0.5285635052690038,0.47143649473099625,0.0,2.0,PASS,CANCEL,,,clear,BTCUSDT|short|H:88100.0@20|SWH:88214.1,"v10_1_pass,weak_close_strength,opposite_wick_high,v11_quality_fail,r_abs_bps_low,r_abs_atr_low,close_strength_low"
2025-11-21 13:50:00,CANCEL,SRR-1,short,bearish,upper_edge,H:84315.2@20,SWH:84378.8,84315.2,84424.72071428572,80600.0,109.52071428572526,12.989438948816495,0.23849958779886943,33.92234997945251,0.17420873659431158,0.8862150143866082,0.11378498561339176,0.0,1.0,PASS,CANCEL,,,clear,BTCUSDT|short|H:84315.2@20|SWH:84378.8,"v10_1_pass,weak_body_ratio,v11_quality_fail,r_abs_bps_low,r_abs_atr_low,body_ratio_low"
2025-11-22 04:40:00,CANCEL,SRR-1,long,bearish,lower_edge,L:83868.0@20,SWL:83792.0,83868.0,83772.72857142857,85599.9,95.2714285714319,11.359687672465292,0.4943661971831132,18.178587494376274,0.4861045690061716,0.5058878944888964,0.008007536504932012,0.0,2.0,PASS,CANCEL,,,clear,BTCUSDT|long|L:83868.0@20|SWL:83792.0,"v10_1_pass,weak_close_strength,body_not_aligned,v11_quality_fail,r_abs_bps_low,r_abs_atr_low,close_strength_low"
2025-11-22 10:55:00,CANCEL,SRR-1,long,bearish,lower_edge,L:83512.9@20,SWL:83456.0,83512.9,83437.95428571428,84764.3,74.94571428571362,8.97414821970182,0.415310322989231,16.697419084289844,0.20743753631607137,0.5531667635095519,0.44683323649044815,0.0,2.0,PASS,CANCEL,,,clear,BTCUSDT|long|L:83512.9@20|SWL:83456.0,"v10_1_pass,weak_body_ratio,weak_close_strength,v11_quality_fail,r_abs_bps_low,r_abs_atr_low,close_strength_low,body_ratio_low"
2025-11-22 14:20:00,CANCEL,SRR-1,short,bearish,upper_edge,H:84411.3@20,SWH:84712.7,84411.3,84733.22071428571,83456.0,321.9207142857049,38.13715868440658,1.5687597897594259,2.9675008708888906,0.03588681849552778,0.7292385553255167,0.27076144467448326,0.0,2.0,PASS,CANCEL,,,clear,BTCUSDT|short|H:84411.3@20|SWH:84712.7,"v10_1_pass,weak_body_ratio,weak_retest,v11_quality_fail,body_ratio_low"
2025-11-22 16:50:00,CANCEL,SRR-1,short,bearish,upper_edge,H:84800.0@20,SWH:84888.0,84800.0,84905.415,83578.5,105.4149999999936,12.43101415094264,0.6053115130634273,11.587534980790913,0.5643397813288287,0.9348191757779655,0.06518082422203453,0.0,0.0,PASS,CANCEL,,,clear,BTCUSDT|short|H:84800.0@20|SWH:84888.0,"v10_1_pass,v11_quality_fail,r_abs_bps_low,r_abs_atr_low"
2025-11-23 01:55:00,CANCEL,SRR-1,short,bullish,upper_edge,H:85892.5@20,SWH:86200.0,85892.5,86221.30571428571,84193.8,328.8057142857142,38.28107393377934,1.5432747753788367,5.166272744651632,0.1877192982456197,0.7680311890838206,0.044249512670559626,0.0,2.0,PASS,CANCEL,,,clear,BTCUSDT|short|H:85892.5@20|SWH:86200.0,"v10_1_pass,weak_body_ratio,body_not_aligned,v11_quality_fail,body_ratio_low"
2025-11-23 04:05:00,CANCEL,SRR-1,short,bullish,upper_edge,H:86300.0@20,SWH:86378.4,86300.0,86394.29285714285,84618.0,94.29285714284924,10.926171163713702,0.5933033707864632,17.83804257253388,0.24001947419671035,0.8115871470301939,0.18841285296980617,0.0,1.0,PASS,CANCEL,,,clear,BTCUSDT|short|H:86300.0@20|SWH:86378.4,"v10_1_pass,weak_body_ratio,v11_quality_fail,r_abs_bps_low,r_abs_atr_low,body_ratio_low"
2025-11-23 07:10:00,CANCEL,SRR-1,long,bullish,lower_edge,L:85629.3@20,SWL:85544.7,85629.3,85530.53285714285,86826.8,98.76714285714843,11.534269561604313,0.6971563981043118,12.124477486728564,0.19191427179733864,0.8865075499269236,0.11349245007307637,0.0,1.0,PASS,CANCEL,,,clear,BTCUSDT|long|L:85629.3@20|SWL:85544.7,"v10_1_pass,weak_body_ratio,v11_quality_fail,r_abs_bps_low,r_abs_atr_low,body_ratio_low"
2025-11-23 12:10:00,CANCEL,SRR-1,short,bullish,upper_edge,H:86438.5@20,SWH:86472.8,86438.5,86487.48785714286,85348.7,48.98785714285623,5.66736548446077,0.3335262364440966,22.246329265270294,0.26402188782494246,0.7893296853625925,0.21067031463740746,0.0,1.0,PASS,CANCEL,,,clear,BTCUSDT|short|H:86438.5@20|SWH:86472.8,"v10_1_pass,weak_body_ratio,v11_quality_fail,r_abs_bps_low,r_abs_atr_low,body_ratio_low"
2025-11-23 12:40:00,CANCEL,SRR-1,short,bullish,upper_edge,H:86805.7@20,SWH:86858.0,86805.7,86875.25785714286,85411.1,69.55785714286321,8.01305180913963,0.4030503704317265,20.04949630831289,0.0723281756027049,0.7779776898164865,0.22202231018351343,0.0,1.0,PASS,CANCEL,,,clear,BTCUSDT|short|H:86805.7@20|SWH:86858.0,"v10_1_pass,weak_body_ratio,v11_quality_fail,r_abs_bps_low,r_abs_atr_low,body_ratio_low"
2025-11-23 13:55:00,CANCEL,SRR-1,short,bullish,upper_edge,H:86858.0@20,SWH:86899.0,86858.0,86919.31142857143,85777.9,61.311428571425495,7.058811919618861,0.30185680123785325,17.61661773614898,0.3924783027965816,0.7078109932497928,0.2921890067502072,0.0,0.0,PASS,CANCEL,,,clear,BTCUSDT|short|H:86858.0@20|SWH:86899.0,"v10_1_pass,v11_quality_fail,r_abs_bps_low,r_abs_atr_low"
2025-11-23 22:05:00,CANCEL,SRR-1,short,bullish,upper_edge,H:87950.0@20,SWH:88100.0,87950.0,88118.20357142857,86458.0,168.20357142857392,19.124908633152238,0.9240141259564534,8.870204046966766,0.4903529411764569,0.8552941176470589,0.14470588235294118,0.0,0.0,PASS,CANCEL,,,clear,BTCUSDT|short|H:87950.0@20|SWH:88100.0,"v10_1_pass,v11_quality_fail,r_abs_bps_low"
2025-11-23 22:10:00,CANCEL,SRR-1,short,bullish,upper_edge,H:87950.0@20,SWH:88100.0,87950.0,88118.905,86458.0,168.90499999999884,19.204661739624655,0.8934408886537901,8.833367869512509,0.29614873837986033,0.8247011952191576,0.17529880478084237,0.0,1.0,PASS,CANCEL,,,clear,BTCUSDT|short|H:87950.0@20|SWH:88100.0,"v10_1_pass,weak_body_ratio,v11_quality_fail,r_abs_bps_low,body_ratio_low"
2025-11-24 09:40:00,CANCEL,SRR-1,long,bullish,lower_edge,L:85809.2@20,SWL:85785.4,85809.2,85764.56142857143,87795.9,44.638571428571595,5.2020729046036545,0.21421128402001582,44.50635260985032,0.7158715871587271,0.740174017401725,0.259825982598275,0.0,0.0,PASS,CANCEL,,,clear,BTCUSDT|long|L:85809.2@20|SWL:85785.4,"v10_1_pass,v11_quality_fail,r_abs_bps_low,r_abs_atr_low"
2025-11-24 10:40:00,CANCEL,SRR-1,long,bullish,lower_edge,L:85703.5@20,SWL:85654.1,85703.5,85633.72142857143,87608.9,69.77857142857101,8.141857850446133,0.34241149667017323,27.30637731599967,0.6156365124846188,0.8170282439623555,0.1829717560376445,0.0,0.0,PASS,CANCEL,,,clear,BTCUSDT|long|L:85703.5@20|SWL:85654.1,"v10_1_pass,v11_quality_fail,r_abs_bps_low,r_abs_atr_low"
2025-11-24 14:55:00,CANCEL,SRR-1,long,bearish,lower_edge,L:85347.7@20,SWL:85226.4,85347.7,85194.2157142857,86634.1,153.48428571429395,17.983412056129684,0.4768920058591402,8.381314047971014,0.4734266914121575,0.8090096170069017,0.1909903829930984,0.0,0.0,PASS,CANCEL,,,clear,BTCUSDT|long|L:85347.7@20|SWL:85226.4,"v10_1_pass,v11_quality_fail,r_abs_bps_low,r_abs_atr_low"
2025-11-24 16:50:00,CANCEL,SRR-1,short,bearish,upper_edge,H:87487.8@20,SWH:87678.7,87487.8,87707.12357142857,85226.4,219.32357142856927,25.069046361729207,0.7716256628050135,10.310793250676735,0.21142229544206648,0.8174080175727607,0.18259198242723923,0.0,1.0,PASS,CANCEL,,,clear,BTCUSDT|short|H:87487.8@20|SWH:87678.7,"v10_1_pass,weak_body_ratio,v11_quality_fail,body_ratio_low"
2025-11-24 18:05:00,CANCEL,SRR-1,short,bullish,upper_edge,H:88402.7@20,SWH:88500.0,88402.7,88524.91642857142,85226.4,122.21642857142433,13.824965591709793,0.49050540377832935,25.98914104369975,0.3373561605388608,0.8565815324164878,0.1434184675835122,0.0,0.0,PASS,CANCEL,,,clear,BTCUSDT|short|H:88402.7@20|SWH:88500.0,"v10_1_pass,v11_quality_fail,r_abs_bps_low,r_abs_atr_low"
2025-11-24 18:10:00,CANCEL,SRR-1,short,bullish,upper_edge,H:88402.7@20,SWH:88558.1,88402.7,88585.11642857143,85226.4,182.41642857143597,20.634712352839447,0.6752055627528492,17.412357126354628,0.3614149406562688,0.4840586455666613,0.15452641377706988,0.0,2.0,PASS,CANCEL,,,clear,BTCUSDT|short|H:88402.7@20|SWH:88558.1,"v10_1_pass,weak_close_strength,body_not_aligned,v11_quality_fail,r_abs_bps_low,r_abs_atr_low,close_strength_low"
2025-11-24 20:25:00,CANCEL,SRR-1,short,bullish,upper_edge,H:88788.0@20,SWH:88841.8,88788.0,88863.18857142857,85858.8,75.1885714285745,8.468325835537968,0.3515362009083722,38.958048335611686,0.22210636079251916,0.8305526590198149,0.16944734098018513,0.0,1.0,PASS,CANCEL,,,clear,BTCUSDT|short|H:88788.0@20|SWH:88841.8,"v10_1_pass,weak_body_ratio,v11_quality_fail,r_abs_bps_low,r_abs_atr_low,body_ratio_low"
2025-11-25 00:20:00,CANCEL,SRR-1,long,bullish,lower_edge,L:87940.3@20,SWL:87880.0,87940.3,87867.11428571428,89177.3,73.18571428571886,8.3222043006129,0.567960088691827,16.902205738823852,0.26648599819332225,0.7326106594399996,0.0009033423666781525,0.0,2.0,PASS,CANCEL,,,clear,BTCUSDT|long|L:87940.3@20|SWL:87880.0,"v10_1_pass,weak_body_ratio,body_not_aligned,v11_quality_fail,r_abs_bps_low,r_abs_atr_low,body_ratio_low"
2025-11-25 02:05:00,CANCEL,SRR-1,long,bullish,lower_edge,L:87666.0@20,SWL:87539.8,87666.0,87521.62285714287,89073.3,144.37714285713446,16.46900085063017,0.7942785287644923,9.747387793873777,0.30399777901166264,0.7143253747917961,0.2856746252082038,0.0,0.0,PASS,CANCEL,,,clear,BTCUSDT|long|L:87666.0@20|SWL:87539.8,"v10_1_pass,v11_quality_fail,r_abs_bps_low"
2025-11-25 02:10:00,CANCEL,SRR-1,long,bullish,lower_edge,L:87666.0@20,SWL:87539.8,87666.0,87521.55142857143,89073.3,144.44857142856927,16.47714865838173,0.7915609832472036,9.742567794766469,0.17054908485855252,0.7296173044925387,0.0998336106489088,0.0,2.0,PASS,CANCEL,,,clear,BTCUSDT|long|L:87666.0@20|SWL:87539.8,"v10_1_pass,weak_body_ratio,body_not_aligned,v11_quality_fail,r_abs_bps_low,body_ratio_low"
2025-11-25 09:20:00,CANCEL,SRR-1,long,bullish,lower_edge,L:86780.1@20,SWL:86701.7,86780.1,86686.43857142857,88477.6,93.66142857143132,10.792961585828007,0.6137133763924196,18.123789332397315,0.4486564299423996,0.9121880998080512,0.08781190019194887,0.0,0.0,PASS,CANCEL,,,clear,BTCUSDT|long|L:86780.1@20|SWL:86701.7,"v10_1_pass,v11_quality_fail,r_abs_bps_low,r_abs_atr_low"
2025-11-26 10:40:00,CANCEL,SRR-1,long,bearish,lower_edge,L:86700.9@20,SWL:86630.0,86700.9,86617.145,87947.0,83.7549999999901,9.660222673581256,0.6515363671722358,14.877917736256379,0.5493300852618678,0.8063337393422444,0.19366626065775563,0.0,0.0,PASS,CANCEL,,,clear,BTCUSDT|long|L:86700.9@20|SWL:86630.0,"v10_1_pass,v11_quality_fail,r_abs_bps_low,r_abs_atr_low"
2025-11-26 14:35:00,CANCEL,SRR-1,short,bearish,upper_edge,H:87300.0@20,SWH:87437.2,87300.0,87456.02642857142,86260.9,156.026428571422,17.872443135328982,0.8287627575216824,6.659769178298866,0.3470487386725351,0.778594170952711,0.22140582904728898,0.0,0.0,PASS,CANCEL,,,clear,BTCUSDT|short|H:87300.0@20|SWH:87437.2,"v10_1_pass,v11_quality_fail,r_abs_bps_low"
2025-11-26 16:20:00,CANCEL,SRR-1,short,bearish,upper_edge,H:87646.8@20,SWH:87811.2,87646.8,87836.22785714286,86260.9,189.42785714285856,21.612638127445443,0.7568680613031263,7.316241765617509,0.2543741588155855,0.7452893674293478,0.000336473755066695,0.0,2.0,PASS,CANCEL,,,clear,BTCUSDT|short|H:87646.8@20|SWH:87811.2,"v10_1_pass,weak_body_ratio,body_not_aligned,v11_quality_fail,r_abs_bps_low,body_ratio_low"
2025-11-26 16:40:00,CANCEL,SRR-1,short,bearish,upper_edge,H:87811.2@20,SWH:87939.3,87811.2,87961.33785714286,86260.9,150.13785714286496,17.09780268836606,0.6812724856578315,10.325843391549153,0.28846978139735135,0.7115302186026486,0.0,0.0,2.0,PASS,CANCEL,,,clear,BTCUSDT|short|H:87811.2@20|SWH:87939.3,"v10_1_pass,weak_body_ratio,body_not_aligned,v11_quality_fail,r_abs_bps_low,r_abs_atr_low,body_ratio_low"
2025-11-26 18:05:00,CANCEL,SRR-1,short,bullish,upper_edge,H:89927.6@20,SWH:89961.9,89927.6,89993.495,86517.9,65.89499999998952,7.32756128263064,0.20856148124699878,51.74444191517647,0.1634844868734774,0.8377088305489107,0.16229116945108932,0.0,1.0,PASS,CANCEL,,,clear,BTCUSDT|short|H:89927.6@20|SWH:89961.9,"v10_1_pass,weak_body_ratio,v11_quality_fail,r_abs_bps_low,r_abs_atr_low,body_ratio_low"
2025-11-26 18:10:00,CANCEL,SRR-1,short,bullish,upper_edge,H:89927.6@20,SWH:90090.2,89927.6,90123.50499999999,86517.9,195.90499999998428,21.784746840790174,0.5882149827352764,17.40486460274258,0.0350076103500892,0.7719069362905077,0.22809306370949228,0.0,1.0,PASS,CANCEL,,,clear,BTCUSDT|short|H:89927.6@20|SWH:90090.2,"v10_1_pass,weak_body_ratio,v11_quality_fail,r_abs_bps_low,r_abs_atr_low,body_ratio_low"
2025-11-26 21:35:00,CANCEL,SRR-1,short,bullish,upper_edge,H:90362.7@20,SWH:90468.4,90362.7,90486.33071428571,87454.1,123.63071428571129,13.681609146883758,0.689491295861031,23.526516180099065,0.12778348749573024,1.0,0.0,0.0,1.0,PASS,CANCEL,,,clear,BTCUSDT|short|H:90362.7@20|SWH:90468.4,"v10_1_pass,weak_body_ratio,v11_quality_fail,r_abs_bps_low,r_abs_atr_low,body_ratio_low"
2025-11-26 21:40:00,CANCEL,SRR-1,short,bullish,upper_edge,H:90362.7@20,SWH:90468.4,90362.7,90486.72714285714,87454.1,124.02714285714319,13.72547996652858,0.6767401979889285,23.451318259827783,0.03994490358125332,0.6515151515151161,0.3484848484848839,0.0,1.0,PASS,CANCEL,,,clear,BTCUSDT|short|H:90362.7@20|SWH:90468.4,"v10_1_pass,weak_body_ratio,v11_quality_fail,r_abs_bps_low,r_abs_atr_low,body_ratio_low"
2025-11-27 02:25:00,CANCEL,SRR-1,short,bullish,upper_edge,H:91195.1@20,SWH:91273.9,91195.1,91292.0107142857,89759.0,96.91071428569558,10.626745766570306,0.5351015578780273,14.818794914320224,0.22554112554108774,0.7532467532467533,0.02121212121215901,0.0,2.0,PASS,CANCEL,,,clear,BTCUSDT|short|H:91195.1@20|SWH:91273.9,"v10_1_pass,weak_body_ratio,body_not_aligned,v11_quality_fail,r_abs_bps_low,r_abs_atr_low,body_ratio_low"
2025-11-27 02:35:00,CANCEL,SRR-1,short,bullish,upper_edge,H:91431.9@20,SWH:91550.0,91431.9,91569.92071428572,90024.4,138.02071428572526,15.095466055690112,0.6928502276883889,10.197744644954138,0.40722785368002007,0.9550462758924753,0.044953724107524684,0.0,0.0,PASS,CANCEL,,,clear,BTCUSDT|short|H:91431.9@20|SWH:91550.0,"v10_1_pass,v11_quality_fail,r_abs_bps_low,r_abs_atr_low"
2025-11-27 02:55:00,CANCEL,SRR-1,short,bullish,upper_edge,H:91794.6@20,SWH:91850.0,91794.6,91875.09,90024.4,80.48999999999069,8.768489649716942,0.32080510163407683,21.992794135920196,0.5679561793905884,0.9370078740157194,0.0629921259842806,0.0,0.0,PASS,CANCEL,,,clear,BTCUSDT|short|H:91794.6@20|SWH:91850.0,"v10_1_pass,v11_quality_fail,r_abs_bps_low,r_abs_atr_low"
2025-11-27 12:50:00,CANCEL,SRR-1,long,bullish,lower_edge,L:91058.0@20,SWL:91051.8,91058.0,91041.34642857143,91931.9,16.653571428571013,1.8288971236542657,0.15930987359070484,52.47523053828104,0.7565485362095138,0.9144838212634393,0.08551617873656064,0.0,0.0,PASS,CANCEL,,,clear,BTCUSDT|long|L:91058.0@20|SWL:91051.8,"v10_1_pass,v11_quality_fail,r_abs_bps_low,r_abs_atr_low"
2025-11-27 17:20:00,CANCEL,SRR-1,short,bullish,upper_edge,H:91520.0@20,SWH:91546.6,91520.0,91565.02571428572,90410.6,45.02571428571537,4.91976773226785,0.24436346720422164,24.639253759755608,0.07853403141360572,0.859386686611808,0.062079281974586294,0.0,2.0,PASS,CANCEL,,,clear,BTCUSDT|short|H:91520.0@20|SWH:91546.6,"v10_1_pass,weak_body_ratio,body_not_aligned,v11_quality_fail,r_abs_bps_low,r_abs_atr_low,body_ratio_low"
2025-11-27 17:25:00,CANCEL,SRR-1,short,bullish,upper_edge,H:91520.0@20,SWH:91597.8,91520.0,91614.38285714286,90410.6,94.3828571428603,10.312812187812533,0.569159200551358,11.754253193678784,0.2951490356516557,0.6756282875511507,0.02922267679719363,0.0,2.0,PASS,CANCEL,,,clear,BTCUSDT|short|H:91520.0@20|SWH:91597.8,"v10_1_pass,weak_body_ratio,body_not_aligned,v11_quality_fail,r_abs_bps_low,r_abs_atr_low,body_ratio_low"
2025-11-27 22:50:00,CANCEL,SRR-1,long,bullish,lower_edge,L:91156.4@20,SWL:91058.4,91156.4,91046.81999999999,91800.0,109.58000000000175,12.02109780553003,0.9462867012090064,5.873334550100343,0.35971467391306244,0.800611413043494,0.19938858695650594,0.0,0.0,PASS,CANCEL,,,clear,BTCUSDT|long|L:91156.4@20|SWL:91058.4,"v10_1_pass,v11_quality_fail,r_abs_bps_low"
2025-11-28 00:20:00,CANCEL,SRR-1,long,bullish,lower_edge,L:91058.4@20,SWL:91023.4,91058.4,91012.50357142856,91697.9,45.8964285714319,5.040328906661209,0.421206161914153,13.933546027545484,0.1698872785829617,0.6167471819645624,0.21336553945247597,0.0,2.0,PASS,CANCEL,,,clear,BTCUSDT|long|L:91058.4@20|SWL:91023.4,"v10_1_pass,weak_body_ratio,body_not_aligned,v11_quality_fail,r_abs_bps_low,r_abs_atr_low,body_ratio_low"
2025-11-28 00:25:00,CANCEL,SRR-1,long,bullish,lower_edge,L:91058.4@20,SWL:91023.4,91058.4,91012.58142857143,91697.9,45.81857142856461,5.031778663864577,0.42351776046474043,13.95722258597782,0.6971340046475286,0.6971340046475286,0.3028659953524714,0.0,0.0,PASS,CANCEL,,,clear,BTCUSDT|long|L:91058.4@20|SWL:91023.4,"v10_1_pass,v11_quality_fail,r_abs_bps_low,r_abs_atr_low"
2025-11-28 01:25:00,CANCEL,SRR-1,long,bullish,lower_edge,L:90826.2@20,SWL:90750.0,90826.2,90736.72428571428,91562.8,89.47571428571246,9.851310996795249,0.673980415366389,8.23240144971524,0.7909669947886137,0.8419224088013701,0.15807759119862982,0.0,0.0,PASS,CANCEL,,,clear,BTCUSDT|long|L:90826.2@20|SWL:90750.0,"v10_1_pass,v11_quality_fail,r_abs_bps_low,r_abs_atr_low"
2025-11-28 02:10:00,CANCEL,SRR-1,long,bullish,lower_edge,L:90750.0@20,SWL:90693.9,90750.0,90680.11642857142,91562.8,69.88357142858149,7.700669027942864,0.5070062704048076,11.630773633695231,0.1,0.6206666666667054,0.37933333333329455,0.0,1.0,PASS,CANCEL,,,clear,BTCUSDT|long|L:90750.0@20|SWL:90693.9,"v10_1_pass,weak_body_ratio,v11_quality_fail,r_abs_bps_low,r_abs_atr_low,body_ratio_low"
2025-11-28 02:35:00,CANCEL,SRR-1,long,bullish,lower_edge,L:90637.0@20,SWL:90612.2,90637.0,90598.83,91562.8,38.169999999998254,4.211304434171282,0.28548990276738057,24.254650248887746,0.344551282051274,0.5921474358974921,0.407852564102508,0.0,1.0,PASS,CANCEL,,,clear,BTCUSDT|long|L:90637.0@20|SWL:90612.2,"v10_1_pass,weak_close_strength,v11_quality_fail,r_abs_bps_low,r_abs_atr_low,close_strength_low"
2025-11-28 02:40:00,CANCEL,SRR-1,long,bullish,lower_edge,L:90637.0@20,SWL:90612.2,90637.0,90598.56,91562.8,38.44000000000233,4.241093593124478,0.28181818181820234,24.084287200831085,0.8487394957983193,0.849579831932822,0.15042016806717798,0.0,0.0,PASS,CANCEL,,,clear,BTCUSDT|long|L:90637.0@20|SWL:90612.2,"v10_1_pass,v11_quality_fail,r_abs_bps_low,r_abs_atr_low"
2025-11-28 04:35:00,CANCEL,SRR-1,short,bullish,upper_edge,H:91397.6@20,SWH:91422.0,91397.6,91430.54357142857,90612.2,32.94357142856461,3.604424123671148,0.3855948499288493,23.84076667895839,0.004175365344406754,0.5678496868475211,0.43215031315247887,0.0,2.0,PASS,CANCEL,,,clear,BTCUSDT|short|H:91397.6@20|SWH:91422.0,"v10_1_pass,weak_body_ratio,weak_close_strength,v11_quality_fail,r_abs_bps_low,r_abs_atr_low,close_strength_low,body_ratio_low"
2025-11-28 05:20:00,CANCEL,SRR-1,short,bullish,upper_edge,H:91532.1@20,SWH:91540.1,91532.1,91550.22428571428,90612.2,18.124285714278813,1.9801015943345355,0.17901792013539186,50.75510364942471,0.40775988286965387,1.0,0.0,0.0,0.0,PASS,CANCEL,,,clear,BTCUSDT|short|H:91532.1@20|SWH:91540.1,"v10_1_pass,v11_quality_fail,r_abs_bps_low,r_abs_atr_low"
2025-11-28 05:25:00,CANCEL,SRR-1,short,bullish,upper_edge,H:91532.1@20,SWH:91540.1,91532.1,91549.64714285715,90612.2,17.547142857147264,1.9170479926875121,0.183794702977754,52.42448913130704,0.14243323442131972,0.7398615232444052,0.11770524233427504,0.0,2.0,PASS,CANCEL,,,clear,BTCUSDT|short|H:91532.1@20|SWH:91540.1,"v10_1_pass,weak_body_ratio,body_not_aligned,v11_quality_fail,r_abs_bps_low,r_abs_atr_low,body_ratio_low"
2025-11-28 05:35:00,CANCEL,SRR-1,short,bullish,upper_edge,H:91540.1@20,SWH:91562.9,91540.1,91572.73857142856,90612.2,32.63857142855704,3.565494403934127,0.3317409612311676,28.42955311420722,0.027896995708219283,0.6080114449213668,0.3919885550786332,0.0,1.0,PASS,CANCEL,,,clear,BTCUSDT|short|H:91540.1@20|SWH:91562.9,"v10_1_pass,weak_body_ratio,v11_quality_fail,r_abs_bps_low,r_abs_atr_low,body_ratio_low"
2025-11-28 05:40:00,CANCEL,SRR-1,short,bullish,upper_edge,H:91540.1@20,SWH:91562.9,91540.1,91572.51428571428,90612.2,32.41428571427241,3.5409930417677504,0.3371471025258719,28.626267078019954,0.3078602620085234,0.936681222707237,0.06331877729276303,0.0,0.0,PASS,CANCEL,,,clear,BTCUSDT|short|H:91540.1@20|SWH:91562.9,"v10_1_pass,v11_quality_fail,r_abs_bps_low,r_abs_atr_low"
2025-11-28 09:05:00,CANCEL,SRR-1,short,bullish,upper_edge,H:91690.0@20,SWH:91742.9,91690.0,91761.24928571428,90824.1,71.24928571427881,7.770671361574743,0.3882946008018629,12.153104291773444,0.5273408239699938,0.8756554307115669,0.12434456928843311,0.0,0.0,PASS,CANCEL,,,clear,BTCUSDT|short|H:91690.0@20|SWH:91742.9,"v10_1_pass,v11_quality_fail,r_abs_bps_low,r_abs_atr_low"
2025-11-28 11:05:00,CANCEL,SRR-1,short,bullish,upper_edge,H:91855.0@20,SWH:92000.0,91855.0,92011.45714285714,90824.1,156.4571428571362,17.0330567587106,1.3655860349126725,6.5890248356467005,0.3628808864265814,0.9701446598953608,0.02985534010463916,0.0,0.0,PASS,CANCEL,,,clear,BTCUSDT|short|H:91855.0@20|SWH:92000.0,"v10_1_pass,v11_quality_fail,r_abs_bps_low"
2025-11-28 11:10:00,CANCEL,SRR-1,short,bullish,upper_edge,H:91855.0@20,SWH:92000.0,91855.0,92012.26642857143,90824.1,157.26642857142724,17.121161457887677,1.2820881616490982,6.555118020829093,0.8477765108323947,0.8483466362600219,0.15165336373997806,0.0,0.0,PASS,CANCEL,,,clear,BTCUSDT|short|H:91855.0@20|SWH:92000.0,"v10_1_pass,v11_quality_fail,r_abs_bps_low"
2025-11-28 14:35:00,CANCEL,SRR-1,short,bullish,upper_edge,H:92942.9@20,SWH:93080.0,92942.9,93109.94071428571,91007.4,167.04071428571478,17.972401795695507,0.5579049073168405,11.58699547159158,0.6448275862068965,0.9270689655172364,0.07293103448276364,0.0,0.0,PASS,CANCEL,,,clear,BTCUSDT|short|H:92942.9@20|SWH:93080.0,"v10_1_pass,v11_quality_fail,r_abs_bps_low,r_abs_atr_low"
2025-11-28 14:40:00,CANCEL,SRR-1,short,bullish,upper_edge,H:92942.9@20,SWH:93080.0,92942.9,93112.03214285715,91007.4,169.13214285715367,18.197424747576598,0.5280075816702293,11.443714762336409,0.6636466591166368,0.8485277463193646,0.15147225368063544,0.0,0.0,PASS,CANCEL,,,clear,BTCUSDT|short|H:92942.9@20|SWH:93080.0,"v10_1_pass,v11_quality_fail,r_abs_bps_low,r_abs_atr_low"
2025-11-28 17:05:00,CANCEL,SRR-1,long,bullish,lower_edge,L:90815.2@20,SWL:90772.0,90815.2,90742.07928571428,93080.0,73.12071428571653,8.051594257978458,0.24438157988971723,30.973439224764398,0.254493464052237,0.696078431372517,0.30392156862748304,0.0,1.0,PASS,CANCEL,,,active,BTCUSDT|long|L:90815.2@20|SWL:90772.0,"v10_1_pass,weak_body_ratio,v11_quality_fail,r_abs_bps_low,r_abs_atr_low,body_ratio_low"
2025-11-28 17:10:00,CANCEL,SRR-1,long,bullish,lower_edge,L:90815.2@20,SWL:90772.0,90815.2,90742.33214285714,93080.0,72.86785714286088,8.023751215970552,0.2456121343445422,31.08091947262502,0.8482570061516664,0.8482570061516664,0.15174299384833356,0.0,0.0,PASS,CANCEL,,,active,BTCUSDT|long|L:90815.2@20|SWL:90772.0,"v10_1_pass,v11_quality_fail,r_abs_bps_low,r_abs_atr_low"
2025-11-29 13:40:00,CANCEL,SRR-1,short,bearish,upper_edge,H:90769.3@20,SWH:90769.8,90769.3,90777.60285714286,90335.2,8.302857142858556,0.9147208519685132,0.10640790919078988,52.283207157596756,0.5868596881961017,0.5868596881961017,0.41314031180389826,0.0,1.0,PASS,CANCEL,,,clear,BTCUSDT|short|H:90769.3@20|SWH:90769.8,"v10_1_pass,weak_close_strength,v11_quality_fail,r_abs_bps_low,r_abs_atr_low,close_strength_low"
2025-11-29 16:25:00,CANCEL,SRR-1,short,bearish,upper_edge,H:91068.1@20,SWH:91130.0,91068.1,91141.665,90451.1,73.56499999998778,8.078020733932933,0.6306472353192243,8.387140623939407,0.3206751054852321,0.8447257383966736,0.1552742616033264,0.0,0.0,PASS,CANCEL,,,clear,BTCUSDT|short|H:91068.1@20|SWH:91130.0,"v10_1_pass,v11_quality_fail,r_abs_bps_low,r_abs_atr_low"
2025-11-29 18:10:00,CANCEL,SRR-1,long,bearish,lower_edge,L:90381.1@20,SWL:90314.6,90381.1,90301.09857142858,91130.0,80.00142857142782,8.851566153922427,0.5925404719077163,9.361082837806483,0.5341551104263048,0.7750385208012144,0.22496147919878565,0.0,0.0,PASS,CANCEL,,,clear,BTCUSDT|long|L:90381.1@20|SWL:90314.6,"v10_1_pass,v11_quality_fail,r_abs_bps_low,r_abs_atr_low"
2025-11-30 03:25:00,CANCEL,SRR-1,long,bullish,lower_edge,L:90550.1@20,SWL:90414.0,90550.1,90404.49214285714,91016.0,145.60785714286612,16.08036403525409,1.5314476748554873,3.1996899696344467,0.8951367781155335,0.9908814589665874,0.009118541033412636,0.0,0.0,PASS,CANCEL,,,clear,BTCUSDT|long|L:90550.1@20|SWL:90414.0,"v10_1_pass,v11_quality_fail,r_abs_bps_low"
2025-11-30 07:55:00,CANCEL,SRR-1,short,bullish,upper_edge,H:90940.0@20,SWH:90999.4,90940.0,91005.06642857142,90414.0,65.0664285714156,7.154874485530635,1.1482793394677906,8.084045974994202,0.8977272727272929,0.9982517482517737,0.0017482517482263968,0.0,0.0,PASS,CANCEL,,,clear,BTCUSDT|short|H:90940.0@20|SWH:90999.4,"v10_1_pass,v11_quality_fail,r_abs_bps_low"
2025-11-30 09:25:00,CANCEL,SRR-1,short,bullish,upper_edge,H:91550.0@20,SWH:91580.0,91550.0,91598.36642857143,90626.2,48.36642857143306,5.283061558867621,0.2633415004083794,19.100025105960214,0.907894736842049,0.907894736842049,0.09210526315795094,0.0,0.0,PASS,CANCEL,,,clear,BTCUSDT|short|H:91550.0@20|SWH:91580.0,"v10_1_pass,v11_quality_fail,r_abs_bps_low,r_abs_atr_low"
2025-11-30 23:25:00,CANCEL,SRR-1,long,bullish,lower_edge,L:90819.5@20,SWL:90750.1,90819.5,90737.71857142857,91592.3,81.78142857142666,9.004831404205778,0.6605169031960066,9.44957814383312,0.019923371647442675,0.6727969348658112,0.32720306513418884,0.0,1.0,PASS,CANCEL,,,clear,BTCUSDT|long|L:90819.5@20|SWL:90750.1,"v10_1_pass,weak_body_ratio,v11_quality_fail,r_abs_bps_low,r_abs_atr_low,body_ratio_low"
2025-12-01 01:05:00,CANCEL,SRR-1,long,bearish,lower_edge,L:86939.6@20,SWL:86900.0,86939.6,86848.1,91592.3,91.5,10.524548077055794,0.17630057803468208,50.84918032786882,0.6463100469768204,0.7532959539324294,0.24670404606757054,0.0,0.0,PASS,CANCEL,,,clear,BTCUSDT|long|L:86939.6@20|SWL:86900.0,"v10_1_pass,v11_quality_fail,r_abs_bps_low,r_abs_atr_low"
2025-12-01 02:55:00,CANCEL,SRR-1,long,bearish,lower_edge,L:86537.8@20,SWL:86428.7,86537.8,86403.29714285713,91300.0,134.5028571428702,15.542671196040365,0.5294792486784912,35.405939332140306,0.8680012511729825,0.9928057553957198,0.007194244604280199,0.0,0.0,PASS,CANCEL,,,clear,BTCUSDT|long|L:86537.8@20|SWL:86428.7,"v10_1_pass,v11_quality_fail,r_abs_bps_low,r_abs_atr_low"
2025-12-01 03:25:00,CANCEL,SRR-1,long,bearish,lower_edge,L:86357.0@20,SWL:86281.6,86357.0,86256.56071428572,91300.0,100.43928571428114,11.630705757990798,0.40112680074167667,49.2138107598785,0.4020397208803726,0.5110037573805852,0.4889962426194147,0.0,2.0,PASS,CANCEL,,,clear,BTCUSDT|long|L:86357.0@20|SWL:86281.6,"v10_1_pass,weak_close_strength,opposite_wick_high,v11_quality_fail,r_abs_bps_low,r_abs_atr_low,close_strength_low"
2025-12-01 04:20:00,CANCEL,SRR-1,long,bearish,lower_edge,L:85894.9@20,SWL:85855.0,85894.9,85834.75357142858,90930.1,60.146428571417346,7.0023282606321615,0.2970717939671345,83.71569384242423,0.08407572383076466,0.7622494432070699,0.15367483296216553,0.0,2.0,PASS,CANCEL,,,clear,BTCUSDT|long|L:85894.9@20|SWL:85855.0,"v10_1_pass,weak_body_ratio,body_not_aligned,v11_quality_fail,r_abs_bps_low,r_abs_atr_low,body_ratio_low"
2025-12-01 08:55:00,CANCEL,SRR-1,short,bearish,upper_edge,H:86756.8@20,SWH:86805.9,86756.8,86820.11928571427,85563.7,63.319285714271246,7.298481008321105,0.4453056713717814,18.842600426414766,0.18213866039954865,0.7438307873089877,0.2561692126910123,0.0,2.0,PASS,CANCEL,,,clear,BTCUSDT|short|H:86756.8@20|SWH:86805.9,"v10_1_pass,weak_body_ratio,weak_retest,v11_quality_fail,r_abs_bps_low,r_abs_atr_low,body_ratio_low"
2025-12-01 09:05:00,CANCEL,SRR-1,short,bearish,upper_edge,H:86842.0@20,SWH:86886.0,86842.0,86900.28857142857,85563.7,58.288571428565774,6.712025451805091,0.407938412317504,21.93054262046196,0.40577041129532343,0.8661755678330931,0.13382443216690693,0.0,0.0,PASS,CANCEL,,,clear,BTCUSDT|short|H:86842.0@20|SWH:86886.0,"v10_1_pass,v11_quality_fail,r_abs_bps_low,r_abs_atr_low"
2025-12-01 09:10:00,CANCEL,SRR-1,short,bearish,upper_edge,H:86842.0@20,SWH:86886.0,86842.0,86901.05714285714,85563.7,59.057142857142026,6.800527723583292,0.39222011385199235,21.645137880987292,0.3195067264573835,0.8963004484304984,0.10369955156950166,0.0,0.0,PASS,CANCEL,,,clear,BTCUSDT|short|H:86842.0@20|SWH:86886.0,"v10_1_pass,v11_quality_fail,r_abs_bps_low,r_abs_atr_low"
2025-12-01 15:50:00,CANCEL,SRR-1,long,bearish,lower_edge,L:83847.4@20,SWL:83786.0,83847.4,83744.82642857142,86658.0,102.57357142856927,12.233363399290768,0.2491247853165118,27.40082031712493,0.595655806182122,0.8203842940685045,0.1796157059314954,0.0,0.0,PASS,CANCEL,,,active,BTCUSDT|long|L:83847.4@20|SWL:83786.0,"v10_1_pass,v11_quality_fail,r_abs_bps_low,r_abs_atr_low"
2025-12-01 15:55:00,CANCEL,SRR-1,long,bearish,lower_edge,L:83847.4@20,SWL:83786.0,83847.4,83743.91428571429,86658.0,103.48571428570722,12.34214946267949,0.2458927359130851,27.1593042517965,0.712566844919766,0.7127339572192409,0.28726604278075907,0.0,0.0,PASS,CANCEL,,,active,BTCUSDT|long|L:83847.4@20|SWL:83786.0,"v10_1_pass,v11_quality_fail,r_abs_bps_low,r_abs_atr_low"
2025-12-01 22:55:00,CANCEL,SRR-1,short,bearish,upper_edge,H:86787.4@20,SWH:86817.0,86787.4,86838.01857142858,84566.4,50.61857142858207,5.832479303283896,0.24082783932581647,43.87717664323295,0.8159327065808483,0.9005442850073961,0.09945571499260387,0.0,0.0,PASS,CANCEL,,,clear,BTCUSDT|short|H:86787.4@20|SWH:86817.0,"v10_1_pass,v11_quality_fail,r_abs_bps_low,r_abs_atr_low"
2025-12-02 14:40:00,CANCEL,SRR-1,short,bullish,upper_edge,H:88765.0@20,SWH:88855.0,88765.0,88882.89571428571,86588.4,117.89571428571071,13.28177933709353,0.4226302043324522,18.462079077151117,0.500187476565413,1.0,0.0,0.0,0.0,PASS,CANCEL,,,clear,BTCUSDT|short|H:88765.0@20|SWH:88855.0,"v10_1_pass,v11_quality_fail,r_abs_bps_low,r_abs_atr_low"
2025-12-02 16:10:00,CANCEL,SRR-1,short,bullish,upper_edge,H:91211.3@20,SWH:91309.4,91211.3,91357.30285714286,86908.8,146.00285714285565,16.007101876944592,0.30478945484909586,29.468601397233233,0.30912289519980346,0.4687107313395394,0.5312892686604606,0.0,2.0,PASS,CANCEL,,,clear,BTCUSDT|short|H:91211.3@20|SWH:91309.4,"v10_1_pass,weak_close_strength,opposite_wick_high,v11_quality_fail,r_abs_bps_low,r_abs_atr_low,close_strength_low"
2025-12-02 18:25:00,CANCEL,SRR-1,short,bullish,upper_edge,H:92000.0@20,SWH:92253.7,92000.0,92286.47142857143,87124.1,286.471428571429,31.138198757764023,0.8741499564080305,17.02054555428111,0.0527850685331179,0.9008457276173795,0.04636920384950262,0.0,2.0,PASS,CANCEL,,,clear,BTCUSDT|short|H:92000.0@20|SWH:92253.7,"v10_1_pass,weak_body_ratio,body_not_aligned,v11_quality_fail,body_ratio_low"
2025-12-03 01:40:00,CANCEL,SRR-1,short,bullish,upper_edge,H:91970.4@20,SWH:91977.3,91970.4,91999.06071428572,90643.5,28.66071428572468,3.116297665958252,0.1317085179714904,46.29682242988955,0.8639736191261368,1.0,0.0,0.0,0.0,PASS,CANCEL,,,clear,BTCUSDT|short|H:91970.4@20|SWH:91977.3,"v10_1_pass,v11_quality_fail,r_abs_bps_low,r_abs_atr_low"
2025-12-03 02:20:00,CANCEL,SRR-1,short,bullish,upper_edge,H:92869.6@20,SWH:92880.5,92869.6,92909.37857142858,90954.8,39.77857142857101,4.283271536495366,0.13774424931980958,48.13646974322198,0.8160028198801634,0.9552344025379019,0.04476559746209806,0.0,0.0,PASS,CANCEL,,,active,BTCUSDT|short|H:92869.6@20|SWH:92880.5,"v10_1_pass,v11_quality_fail,r_abs_bps_low,r_abs_atr_low"
2025-12-03 03:05:00,CANCEL,SRR-1,short,bullish,upper_edge,H:93020.0@20,SWH:93068.9,93020.0,93100.42785714286,90954.8,80.42785714285856,8.64629726326151,0.2551009311493277,25.677670316787406,0.1433341895710367,0.8749036732597006,0.12509632674029939,0.0,1.0,PASS,CANCEL,,,clear,BTCUSDT|short|H:93020.0@20|SWH:93068.9,"v10_1_pass,weak_body_ratio,v11_quality_fail,r_abs_bps_low,r_abs_atr_low,body_ratio_low"
2025-12-03 11:20:00,CANCEL,SRR-1,long,bullish,lower_edge,L:92636.6@20,SWL:92602.8,92636.6,92585.98142857144,93932.7,50.61857142856752,5.4642086851814,0.3009683173362521,25.60522676601089,0.4456834532373891,0.7974820143884788,0.20251798561152126,0.0,0.0,PASS,CANCEL,,,clear,BTCUSDT|long|L:92636.6@20|SWL:92602.8,"v10_1_pass,v11_quality_fail,r_abs_bps_low,r_abs_atr_low"
2025-12-03 11:25:00,CANCEL,SRR-1,long,bullish,lower_edge,L:92636.6@20,SWL:92602.8,92636.6,92585.24285714286,93932.7,51.357142857144936,5.543936506428877,0.29251423921888725,25.236995827537054,0.6191387559808333,0.8751196172248525,0.12488038277514747,0.0,0.0,PASS,CANCEL,,,clear,BTCUSDT|long|L:92636.6@20|SWL:92602.8,"v10_1_pass,v11_quality_fail,r_abs_bps_low,r_abs_atr_low"
2025-12-03 22:05:00,CANCEL,SRR-1,short,bullish,upper_edge,H:93725.0@20,SWH:93779.8,93725.0,93798.38642857144,92159.9,73.38642857143714,7.829973707275235,0.39483878405907663,21.326831547286403,0.4267708595916414,0.7665742374590574,0.23342576254094266,0.0,0.0,PASS,CANCEL,,,clear,BTCUSDT|short|H:93725.0@20|SWH:93779.8,"v10_1_pass,v11_quality_fail,r_abs_bps_low,r_abs_atr_low"
2025-12-03 22:10:00,CANCEL,SRR-1,short,bullish,upper_edge,H:93725.0@20,SWH:93779.8,93725.0,93797.05357142858,92159.9,72.05357142857974,7.687764356210162,0.41761540053824153,21.7213382899604,0.07932263814624743,0.7219251336898583,0.2780748663101417,0.0,1.0,PASS,CANCEL,,,clear,BTCUSDT|short|H:93725.0@20|SWH:93779.8,"v10_1_pass,weak_body_ratio,v11_quality_fail,r_abs_bps_low,r_abs_atr_low,body_ratio_low"
2025-12-03 22:50:00,CANCEL,SRR-1,short,bullish,upper_edge,H:93779.8@20,SWH:94185.0,93779.8,94208.35285714286,92315.3,428.55285714285856,45.69777896123243,1.8351195938092792,3.4173147503058354,0.2810975609756009,0.7189024390243991,0.0,0.0,2.0,PASS,CANCEL,,,clear,BTCUSDT|short|H:93779.8@20|SWH:94185.0,"v10_1_pass,weak_body_ratio,body_not_aligned,v11_quality_fail,body_ratio_low"
2025-12-05 04:50:00,CANCEL,SRR-1,long,bearish,lower_edge,L:91786.5@20,SWL:91750.6,91786.5,91735.4542857143,92665.5,51.04571428570489,5.561353171294786,0.33703074891523793,17.21985894996399,0.3752151462995431,0.9251290877797134,0.07487091222028663,0.0,0.0,PASS,CANCEL,,,clear,BTCUSDT|long|L:91786.5@20|SWL:91750.6,"v10_1_pass,v11_quality_fail,r_abs_bps_low,r_abs_atr_low"
2025-12-05 04:55:00,CANCEL,SRR-1,long,bearish,lower_edge,L:91786.5@20,SWL:91750.6,91786.5,91734.58714285716,92665.5,51.91285714284459,5.65582707073966,0.3241948434293103,16.932221580124626,0.8579545454545497,0.882747933884316,0.11725206611568392,0.0,0.0,PASS,CANCEL,,,clear,BTCUSDT|long|L:91786.5@20|SWL:91750.6,"v10_1_pass,v11_quality_fail,r_abs_bps_low,r_abs_atr_low"
2025-12-05 13:20:00,CANCEL,SRR-1,long,bearish,lower_edge,L:90940.4@20,SWL:90909.4,90940.4,90895.35071428571,92132.2,45.04928571428172,4.953715368997907,0.3206517870760774,26.455469406525424,0.2662790697673742,0.6610465116279747,0.07267441860465117,0.0,2.0,PASS,CANCEL,,,clear,BTCUSDT|long|L:90940.4@20|SWL:90909.4,"v10_1_pass,weak_body_ratio,body_not_aligned,v11_quality_fail,r_abs_bps_low,r_abs_atr_low,body_ratio_low"
2025-12-05 13:50:00,CANCEL,SRR-1,long,bearish,lower_edge,L:90253.0@20,SWL:90195.3,90253.0,90174.10428571429,92120.0,78.89571428571071,8.74161682001825,0.37222484329714456,23.664149781810696,0.3416793893129593,0.9135877862595331,0.0864122137404669,0.0,0.0,PASS,CANCEL,,,clear,BTCUSDT|long|L:90253.0@20|SWL:90195.3,"v10_1_pass,v11_quality_fail,r_abs_bps_low,r_abs_atr_low"
2025-12-05 13:55:00,CANCEL,SRR-1,long,bearish,lower_edge,L:90253.0@20,SWL:90195.3,90253.0,90173.51928571428,92120.0,79.48071428571711,8.806434610009319,0.3649132587807164,23.48997510626933,0.4648397104447334,0.7150982419855588,0.2849017580144412,0.0,0.0,PASS,CANCEL,,,clear,BTCUSDT|long|L:90253.0@20|SWL:90195.3,"v10_1_pass,v11_quality_fail,r_abs_bps_low,r_abs_atr_low"
2025-12-06 13:40:00,CANCEL,SRR-1,short,bearish,upper_edge,H:89679.0@20,SWH:89730.0,89679.0,89734.81357142857,89165.9,55.813571428574505,6.223705820601758,1.1595043775042047,9.193104595656056,0.05854241338122941,0.9307048984467967,0.010752688171973841,0.0,2.0,PASS,CANCEL,,,clear,BTCUSDT|short|H:89679.0@20|SWH:89730.0,"v10_1_pass,weak_body_ratio,body_not_aligned,v11_quality_fail,r_abs_bps_low,body_ratio_low"
2025-12-07 03:55:00,CANCEL,SRR-1,short,bearish,upper_edge,H:89695.1@20,SWH:89704.5,89695.1,89711.47785714286,88870.1,16.377857142855646,1.8259478101764361,0.23471184358683633,50.372890226355516,0.510282776349745,0.86246786632395,0.13753213367605,0.0,0.0,PASS,CANCEL,,,clear,BTCUSDT|short|H:89695.1@20|SWH:89704.5,"v10_1_pass,v11_quality_fail,r_abs_bps_low,r_abs_atr_low"
2025-12-07 04:10:00,CANCEL,SRR-1,short,bearish,upper_edge,H:89704.5@20,SWH:89750.0,89704.5,89756.15928571428,88870.1,51.659285714282305,5.7588287894456025,0.8387220224979124,16.15198484576233,0.18267716535442238,0.970078740157572,0.02992125984242802,0.0,1.0,PASS,CANCEL,,,clear,BTCUSDT|short|H:89704.5@20|SWH:89750.0,"v10_1_pass,weak_body_ratio,v11_quality_fail,r_abs_bps_low,body_ratio_low"
2025-12-07 07:50:00,CANCEL,SRR-1,long,bearish,lower_edge,L:89164.5@20,SWL:89155.0,89164.5,89145.33285714286,89750.0,19.167142857142608,2.149638349022605,0.19827102113196435,30.547067153611486,0.6370510396975909,0.9596723377442073,0.04032766225579267,0.0,0.0,PASS,CANCEL,,,clear,BTCUSDT|long|L:89164.5@20|SWL:89155.0,"v10_1_pass,v11_quality_fail,r_abs_bps_low,r_abs_atr_low"
2025-12-07 08:20:00,CANCEL,SRR-1,long,bearish,lower_edge,L:89151.0@20,SWL:89140.3,89151.0,89130.57285714286,89750.0,20.42714285713737,2.2912971090775613,0.21000146864438657,29.32372893210103,0.2706935123042356,0.6991051454139158,0.3008948545860842,0.0,1.0,PASS,CANCEL,,,clear,BTCUSDT|long|L:89151.0@20|SWL:89140.3,"v10_1_pass,weak_body_ratio,v11_quality_fail,r_abs_bps_low,r_abs_atr_low,body_ratio_low"
2025-12-07 08:25:00,CANCEL,SRR-1,long,bearish,lower_edge,L:89151.0@20,SWL:89140.3,89151.0,89130.93000000001,89750.0,20.069999999992433,2.2512366658806333,0.2141942369262795,29.8455406078837,0.9104477611940947,0.911513859275025,0.08848614072497497,0.0,0.0,PASS,CANCEL,,,clear,BTCUSDT|long|L:89151.0@20|SWL:89140.3,"v10_1_pass,v11_quality_fail,r_abs_bps_low,r_abs_atr_low"
2025-12-07 14:40:00,CANCEL,SRR-1,long,bearish,lower_edge,L:87780.0@20,SWL:87688.0,87780.0,87663.43357142857,89557.9,116.56642857143015,13.279383523744606,0.47449480999041305,15.252247339040022,0.7790591250228611,0.8524620172066532,0.14753798279334687,0.0,0.0,PASS,CANCEL,,,clear,BTCUSDT|long|L:87780.0@20|SWL:87688.0,"v10_1_pass,v11_quality_fail,r_abs_bps_low,r_abs_atr_low"
2025-12-07 17:05:00,CANCEL,SRR-1,short,bearish,upper_edge,H:89880.0@20,SWH:89900.0,89880.0,89924.05071428571,87688.0,44.050714285709546,4.9010585542623,0.18315761337647685,49.76082761752412,0.43016116653876946,0.6247122026093602,0.3752877973906398,0.0,0.0,PASS,CANCEL,,,clear,BTCUSDT|short|H:89880.0@20|SWH:89900.0,"v10_1_pass,v11_quality_fail,r_abs_bps_low,r_abs_atr_low"
2025-12-07 17:10:00,CANCEL,SRR-1,short,bearish,upper_edge,H:89880.0@20,SWH:89900.0,89880.0,89921.32642857142,87688.0,41.32642857142491,4.597956004831432,0.19378035301602617,53.041118620050675,0.7911585365853394,0.9171747967479539,0.08282520325204608,0.0,0.0,PASS,CANCEL,,,clear,BTCUSDT|short|H:89880.0@20|SWH:89900.0,"v10_1_pass,v11_quality_fail,r_abs_bps_low,r_abs_atr_low"
2025-12-07 18:35:00,CANCEL,SRR-1,short,bullish,upper_edge,H:91668.0@20,SWH:91722.0,91668.0,91750.90071428572,87688.0,82.90071428571537,9.043582742692692,0.28684659301550075,48.00923652217306,0.1385350318470917,0.8614649681529083,0.0,0.0,2.0,PASS,CANCEL,,,clear,BTCUSDT|short|H:91668.0@20|SWH:91722.0,"v10_1_pass,weak_body_ratio,body_not_aligned,v11_quality_fail,r_abs_bps_low,r_abs_atr_low,body_ratio_low"
2025-12-07 18:40:00,CANCEL,SRR-1,short,bullish,upper_edge,H:91668.0@20,SWH:91722.0,91668.0,91750.575,87688.0,82.57499999999709,9.008050791988163,0.2889763779527468,48.19860732667442,0.5844679778114752,0.9430156328795309,0.056984367120469094,0.0,0.0,PASS,CANCEL,,,clear,BTCUSDT|short|H:91668.0@20|SWH:91722.0,"v10_1_pass,v11_quality_fail,r_abs_bps_low,r_abs_atr_low"
2025-12-08 06:55:00,CANCEL,SRR-1,short,bullish,upper_edge,H:91575.5@20,SWH:91612.9,91575.5,91623.07214285714,90737.5,47.57214285714144,5.1948548309473,0.4676708096341343,17.615351120854566,0.5997782705100617,0.9312638580931565,0.06873614190684357,0.0,0.0,PASS,CANCEL,,,clear,BTCUSDT|short|H:91575.5@20|SWH:91612.9,"v10_1_pass,v11_quality_fail,r_abs_bps_low,r_abs_atr_low"
2025-12-08 15:05:00,CANCEL,SRR-1,long,bullish,lower_edge,L:90723.0@20,SWL:90574.0,90723.0,90539.90928571428,92181.8,183.0907142857177,20.181289671386274,0.5370691642047565,7.967635091113952,0.32636103151860796,1.0,0.0,0.0,0.0,PASS,CANCEL,,,clear,BTCUSDT|long|L:90723.0@20|SWL:90574.0,"v10_1_pass,v11_quality_fail,r_abs_bps_low,r_abs_atr_low"
2025-12-09 01:40:00,CANCEL,SRR-1,long,bearish,lower_edge,L:90125.4@20,SWL:90038.5,90125.4,90021.2642857143,91338.2,104.1357142857014,11.55453560102939,0.6041856610028226,11.646340626930614,0.22254844392245174,0.842043452730427,0.15795654726957295,0.0,1.0,PASS,CANCEL,,,clear,BTCUSDT|long|L:90125.4@20|SWL:90038.5,"v10_1_pass,weak_body_ratio,v11_quality_fail,r_abs_bps_low,r_abs_atr_low,body_ratio_low"
2025-12-09 01:55:00,CANCEL,SRR-1,long,bearish,lower_edge,L:89965.7@20,SWL:89922.4,89965.7,89905.74857142857,91338.2,59.95142857142491,6.663809493109587,0.36003774879887585,22.89353285993563,0.44007155635058864,0.9311270125223892,0.06887298747761081,0.0,0.0,PASS,CANCEL,,,clear,BTCUSDT|long|L:89965.7@20|SWL:89922.4,"v10_1_pass,v11_quality_fail,r_abs_bps_low,r_abs_atr_low"
2025-12-09 03:25:00,CANCEL,SRR-1,long,bearish,lower_edge,L:89922.4@20,SWL:89774.1,89922.4,89759.90357142857,91019.4,162.49642857142317,18.070739723519743,1.1446289308175719,6.750917602584897,0.8226099600145769,0.979643765903339,0.02035623409666102,0.0,0.0,PASS,CANCEL,,,clear,BTCUSDT|long|L:89922.4@20|SWL:89774.1,"v10_1_pass,v11_quality_fail,r_abs_bps_low"
2025-12-09 05:20:00,CANCEL,SRR-1,long,bearish,lower_edge,L:89653.5@20,SWL:89368.9,89653.5,89351.08499999999,90810.8,302.41500000000815,33.731533068983154,1.697530171204093,3.8268604401235775,0.12116788321166062,0.8832116788321168,0.11678832116788321,0.0,1.0,PASS,CANCEL,,,clear,BTCUSDT|long|L:89653.5@20|SWL:89368.9,"v10_1_pass,weak_body_ratio,v11_quality_fail,body_ratio_low"
2025-12-09 08:05:00,CANCEL,SRR-1,short,bearish,upper_edge,H:90485.8@20,SWH:90519.5,90485.8,90530.745,89368.9,44.94499999999243,4.967077707219523,0.39968875055573455,24.850372677721587,0.04601571268227835,0.8271604938270738,0.1728395061729262,0.0,1.0,PASS,CANCEL,,,clear,BTCUSDT|short|H:90485.8@20|SWH:90519.5,"v10_1_pass,weak_body_ratio,v11_quality_fail,r_abs_bps_low,r_abs_atr_low,body_ratio_low"
2025-12-09 08:25:00,CANCEL,SRR-1,short,bearish,upper_edge,H:90519.5@20,SWH:90568.0,90519.5,90576.56785714286,89368.9,57.067857142857974,6.304482143942242,0.6660691954981339,20.16196257588065,0.8623655913979746,0.8860215053762815,0.11397849462371851,0.0,1.0,PASS,CANCEL,,,clear,BTCUSDT|short|H:90519.5@20|SWH:90568.0,"v10_1_pass,weak_retest,v11_quality_fail,r_abs_bps_low,r_abs_atr_low"
2025-12-09 08:50:00,CANCEL,SRR-1,short,bearish,upper_edge,H:90568.0@20,SWH:90584.8,90568.0,90593.09071428572,89368.9,25.090714285717695,2.7703730109660913,0.3026363401396128,47.79058843623936,0.034515819750773925,0.9031639501437628,0.06232023010546327,0.0,2.0,PASS,CANCEL,,,clear,BTCUSDT|short|H:90568.0@20|SWH:90584.8,"v10_1_pass,weak_body_ratio,body_not_aligned,v11_quality_fail,r_abs_bps_low,r_abs_atr_low,body_ratio_low"
2025-12-09 13:35:00,CANCEL,SRR-1,short,bearish,upper_edge,H:90701.9@20,SWH:90820.8,90701.9,90830.96357142857,89868.0,129.0635714285745,14.229423135411112,1.2698643615152638,6.461157015645468,0.21246819338424597,0.9368108566582104,0.06318914334178963,0.0,1.0,PASS,CANCEL,,,clear,BTCUSDT|short|H:90701.9@20|SWH:90820.8,"v10_1_pass,weak_body_ratio,v11_quality_fail,r_abs_bps_low,body_ratio_low"
2025-12-09 13:40:00,CANCEL,SRR-1,short,bearish,upper_edge,H:90701.9@20,SWH:90820.8,90701.9,90831.27,89868.0,129.3700000000099,14.263207275703143,1.235625596943765,6.445852979824769,0.8175105485232445,0.8175105485232445,0.1824894514767556,0.0,0.0,PASS,CANCEL,,,clear,BTCUSDT|short|H:90701.9@20|SWH:90820.8,"v10_1_pass,v11_quality_fail,r_abs_bps_low"
2025-12-09 15:50:00,CANCEL,SRR-1,short,bearish,upper_edge,H:92085.5@20,SWH:92134.4,92085.5,92176.59214285713,89953.0,91.09214285713097,9.89212664937813,0.215898356159719,23.410361564823607,0.3408949658172811,0.674642635177126,0.3253573648228741,0.0,0.0,PASS,CANCEL,,,clear,BTCUSDT|short|H:92085.5@20|SWH:92134.4,"v10_1_pass,v11_quality_fail,r_abs_bps_low,r_abs_atr_low"
2025-12-09 16:20:00,CANCEL,SRR-1,short,bullish,upper_edge,H:93490.5@20,SWH:93690.1,93490.5,93734.81357142857,89953.0,244.3135714285745,26.132448904281663,0.5463969072988486,14.479342998897604,0.23504273504273196,0.8551506972559754,0.1448493027440246,0.0,1.0,PASS,CANCEL,,,clear,BTCUSDT|short|H:93490.5@20|SWH:93690.1,"v10_1_pass,weak_body_ratio,v11_quality_fail,r_abs_atr_low,body_ratio_low"
2025-12-09 16:55:00,CANCEL,SRR-1,short,bullish,upper_edge,H:94295.0@20,SWH:94439.0,94295.0,94477.85928571428,89953.0,182.8592857142794,19.392256823190984,0.47056779956986017,23.745034237880844,0.1778193729527399,0.6972391202620591,0.3027608797379409,0.0,2.0,PASS,CANCEL,,,clear,BTCUSDT|short|H:94295.0@20|SWH:94439.0,"v10_1_pass,weak_body_ratio,weak_retest,v11_quality_fail,r_abs_bps_low,r_abs_atr_low,body_ratio_low"
2025-12-09 17:10:00,CANCEL,SRR-1,short,bullish,upper_edge,H:94439.0@20,SWH:94555.0,94439.0,94588.30285714286,89953.0,149.30285714285856,15.809449183373241,0.4483184625943754,30.046310471524517,0.06888686131389608,0.6090328467153365,0.39096715328466347,0.0,2.0,PASS,CANCEL,,,clear,BTCUSDT|short|H:94439.0@20|SWH:94555.0,"v10_1_pass,weak_body_ratio,weak_retest,v11_quality_fail,r_abs_bps_low,r_abs_atr_low,body_ratio_low"
2025-12-10 01:40:00,CANCEL,SRR-1,long,bullish,lower_edge,L:91999.3@20,SWL:91900.0,91999.3,91881.39571428571,93246.6,117.9042857142922,12.815780741189572,0.6337479843354435,10.57891994717209,0.6152416356876269,0.8190830235439277,0.18091697645607224,0.0,0.0,PASS,CANCEL,,,active,BTCUSDT|long|L:91999.3@20|SWL:91900.0,"v10_1_pass,v11_quality_fail,r_abs_bps_low,r_abs_atr_low"
2025-12-10 05:25:00,CANCEL,SRR-1,short,bullish,upper_edge,H:92660.3@20,SWH:92695.5,92660.3,92707.71357142857,91900.0,47.413571428565774,5.116924014768544,0.38820398853728977,16.035493152956974,0.5512736773351112,0.5512736773351112,0.4487263226648888,0.0,1.0,PASS,CANCEL,,,clear,BTCUSDT|short|H:92660.3@20|SWH:92695.5,"v10_1_pass,weak_close_strength,v11_quality_fail,r_abs_bps_low,r_abs_atr_low,close_strength_low"
2025-12-10 08:05:00,CANCEL,SRR-1,short,bullish,upper_edge,H:92749.8@20,SWH:92759.0,92749.8,92768.19357142856,92300.0,18.3935714285617,1.9831386621385383,0.2000699246366804,24.454195953568295,0.5314443676571923,0.6302695231513402,0.36973047684865984,0.0,0.0,PASS,CANCEL,,,clear,BTCUSDT|short|H:92749.8@20|SWH:92759.0,"v10_1_pass,v11_quality_fail,r_abs_bps_low,r_abs_atr_low"
2025-12-10 11:50:00,CANCEL,SRR-1,long,bullish,lower_edge,L:91777.0@20,SWL:91721.0,91777.0,91705.35714285714,93278.9,71.64285714285506,7.806188603120069,0.45799086757989843,20.963708873380387,0.06583476764201072,0.9771944922547827,0.02280550774521726,0.0,1.0,PASS,CANCEL,,,clear,BTCUSDT|long|L:91777.0@20|SWL:91721.0,"v10_1_pass,weak_body_ratio,v11_quality_fail,r_abs_bps_low,r_abs_atr_low,body_ratio_low"
2025-12-10 11:55:00,CANCEL,SRR-1,long,bullish,lower_edge,L:91777.0@20,SWL:91721.0,91777.0,91706.09428571428,93278.9,70.90571428572002,7.725869693465685,0.4756948437799913,21.181649675623785,0.39664378337145456,0.6575133485889231,0.3424866514110769,0.0,0.0,PASS,CANCEL,,,clear,BTCUSDT|long|L:91777.0@20|SWL:91721.0,"v10_1_pass,v11_quality_fail,r_abs_bps_low,r_abs_atr_low"
2025-12-10 14:55:00,CANCEL,SRR-1,long,bullish,lower_edge,L:91721.0@20,SWL:91555.8,91721.0,91539.83142857143,93278.9,181.16857142857043,19.752136525830554,1.1345321166577187,8.599173618886924,0.062382445141047585,0.7028213166144109,0.2347962382445415,0.0,2.0,PASS,CANCEL,,,clear,BTCUSDT|long|L:91721.0@20|SWL:91555.8,"v10_1_pass,weak_body_ratio,body_not_aligned,v11_quality_fail,r_abs_bps_low,body_ratio_low"
2025-12-10 20:20:00,CANCEL,SRR-1,short,bullish,upper_edge,H:94238.7@20,SWH:94443.7,94238.7,94498.46357142857,91520.0,259.7635714285716,27.56442644354937,0.4743364332389881,10.466055671503465,0.7213740458015221,1.0,0.0,0.0,0.0,PASS,CANCEL,,,clear,BTCUSDT|short|H:94238.7@20|SWH:94443.7,"v10_1_pass,v11_quality_fail,r_abs_atr_low"
2025-12-10 20:25:00,CANCEL,SRR-1,short,bullish,upper_edge,H:94238.7@20,SWH:94443.7,94238.7,94501.63714285714,91520.0,262.9371428571467,27.901185272838728,0.4538317388302661,10.339733559351341,0.3085962447311376,0.6244731127857936,0.3755268872142064,0.0,0.0,PASS,CANCEL,,,clear,BTCUSDT|short|H:94238.7@20|SWH:94443.7,"v10_1_pass,v11_quality_fail,r_abs_atr_low"
2025-12-11 00:55:00,CANCEL,SRR-1,long,bullish,lower_edge,L:91162.5@20,SWL:91011.0,91162.5,90991.30285714286,94443.7,171.19714285714144,18.779338308749917,0.8691470844212269,19.16620771374703,0.674742580254362,0.9996971532404427,0.0003028467595573036,0.0,0.0,PASS,CANCEL,,,clear,BTCUSDT|long|L:91162.5@20|SWL:91011.0,"v10_1_pass,v11_quality_fail,r_abs_bps_low"
2025-12-11 02:20:00,CANCEL,SRR-1,long,bearish,lower_edge,L:90120.1@20,SWL:89888.0,90120.1,89863.96214285714,92733.3,256.13785714286496,28.42183454555254,1.0655602769441421,10.202318505938164,0.016330696606299634,0.8019903036489093,0.19800969635109064,0.0,1.0,PASS,CANCEL,,,clear,BTCUSDT|long|L:90120.1@20|SWL:89888.0,"v10_1_pass,weak_body_ratio,v11_quality_fail,body_ratio_low"
2025-12-11 02:40:00,CANCEL,SRR-1,long,bearish,lower_edge,L:89888.0@20,SWL:89838.0,89888.0,89815.50571428571,92733.3,72.49428571428871,8.064957025886516,0.32227867394895154,39.24861072793757,0.3178160919540397,0.5735632183908214,0.4264367816091787,0.0,1.0,PASS,CANCEL,,,clear,BTCUSDT|long|L:89888.0@20|SWL:89838.0,"v10_1_pass,weak_close_strength,v11_quality_fail,r_abs_bps_low,r_abs_atr_low,close_strength_low"
2025-12-11 02:50:00,CANCEL,SRR-1,long,bearish,lower_edge,L:89838.0@20,SWL:89820.0,89838.0,89797.88142857143,92733.3,40.11857142856752,4.465657230633754,0.18137957760122292,72.16857173379623,0.13039796782389199,1.0,0.0,0.0,1.0,PASS,CANCEL,,,clear,BTCUSDT|long|L:89838.0@20|SWL:89820.0,"v10_1_pass,weak_body_ratio,v11_quality_fail,r_abs_bps_low,r_abs_atr_low,body_ratio_low"
2025-12-11 09:35:00,CANCEL,SRR-1,short,bearish,upper_edge,H:90448.0@20,SWH:90494.7,90448.0,90506.345,89914.2,58.345000000001164,6.450667787015873,0.5010304851867756,9.149027337389532,0.4418362023995742,0.9994783515909973,0.0005216484090027245,0.0,0.0,PASS,CANCEL,,,clear,BTCUSDT|short|H:90448.0@20|SWH:90494.7,"v10_1_pass,v11_quality_fail,r_abs_bps_low,r_abs_atr_low"
2025-12-11 13:40:00,CANCEL,SRR-1,long,bearish,lower_edge,L:89931.0@20,SWL:89827.9,89931.0,89816.71928571428,90494.7,114.28071428572002,12.70759963591198,1.0221235545902143,4.932590800847264,0.585178490736549,0.6416629010393047,0.35833709896069527,0.0,0.0,PASS,CANCEL,,,clear,BTCUSDT|long|L:89931.0@20|SWL:89827.9,"v10_1_pass,v11_quality_fail,r_abs_bps_low"
2025-12-11 18:50:00,CANCEL,SRR-1,short,bearish,upper_edge,H:91108.0@20,SWH:91150.0,91108.0,91172.96,89200.0,64.9600000000064,7.129999560961322,0.2829268292683211,29.371921182263115,0.71984732824426,0.8269720101781171,0.17302798982188294,0.0,0.0,PASS,CANCEL,,,clear,BTCUSDT|short|H:91108.0@20|SWH:91150.0,"v10_1_pass,v11_quality_fail,r_abs_bps_low,r_abs_atr_low"
2025-12-11 18:55:00,CANCEL,SRR-1,short,bearish,upper_edge,H:91108.0@20,SWH:91150.0,91108.0,91175.06285714285,89200.0,67.06285714285332,7.360808835980739,0.2675786593707106,28.450920245400397,0.500311655931824,0.633077082900468,0.366922917099532,0.0,0.0,PASS,CANCEL,,,clear,BTCUSDT|short|H:91108.0@20|SWH:91150.0,"v10_1_pass,v11_quality_fail,r_abs_bps_low,r_abs_atr_low"
2025-12-12 14:35:00,CANCEL,SRR-1,long,bullish,lower_edge,L:92036.4@20,SWL:91851.0,92036.4,91837.56071428572,92600.0,198.83928571427532,21.60441800355895,1.4795376029762597,2.8344499326449912,0.3967213114754151,0.8216757741348011,0.17832422586519886,0.0,0.0,PASS,CANCEL,,,clear,BTCUSDT|long|L:92036.4@20|SWL:91851.0,"v10_1_pass,v11_quality_fail,r_abs_bps_low"
2025-12-12 16:10:00,CANCEL,SRR-1,long,bearish,lower_edge,L:89688.0@20,SWL:89600.0,89688.0,89556.10928571428,92630.0,131.8907142857206,14.70550288619666,0.3004979901378569,22.306346704792404,0.6694991055456411,0.8298300536672814,0.17016994633271862,0.0,0.0,PASS,CANCEL,,,clear,BTCUSDT|long|L:89688.0@20|SWL:89600.0,"v10_1_pass,v11_quality_fail,r_abs_bps_low,r_abs_atr_low"
2025-12-13 11:50:00,CANCEL,SRR-1,long,bearish,lower_edge,L:90274.5@20,SWL:90239.0,90274.5,90233.34214285715,90599.0,41.15785714285448,4.559189709481026,0.7274460295416989,7.884278301314267,0.22975641869657715,0.7676102699144851,0.2323897300855149,0.0,1.0,PASS,CANCEL,,,clear,BTCUSDT|long|L:90274.5@20|SWL:90239.0,"v10_1_pass,weak_body_ratio,v11_quality_fail,r_abs_bps_low,body_ratio_low"
2025-12-13 13:35:00,CANCEL,SRR-1,long,bearish,lower_edge,L:90166.2@20,SWL:90153.6,90166.2,90146.28785714286,90599.0,19.91214285713795,2.2083821717160035,0.2723161082347719,21.735480862365154,0.3974358974360192,0.7575757575758604,0.24242424242413962,0.0,0.0,PASS,CANCEL,,,clear,BTCUSDT|long|L:90166.2@20|SWL:90153.6,"v10_1_pass,v11_quality_fail,r_abs_bps_low,r_abs_atr_low"
2025-12-13 14:35:00,CANCEL,SRR-1,long,bearish,lower_edge,L:89921.9@20,SWL:89888.0,89921.9,89879.35857142857,90599.0,42.54142857142142,4.73093079343535,0.4922962473135216,15.91624970617159,0.7807959570436105,0.9949463044851364,0.005053695514863523,0.0,0.0,PASS,CANCEL,,,clear,BTCUSDT|long|L:89921.9@20|SWL:89888.0,"v10_1_pass,v11_quality_fail,r_abs_bps_low,r_abs_atr_low"
2025-12-13 14:40:00,CANCEL,SRR-1,long,bearish,lower_edge,L:89921.9@20,SWL:89888.0,89921.9,89878.98071428572,90599.0,42.919285714277066,4.77295138495484,0.47586124970292254,15.776124619305326,1.0,1.0,0.0,0.0,0.0,PASS,CANCEL,,,clear,BTCUSDT|long|L:89921.9@20|SWL:89888.0,"v10_1_pass,v11_quality_fail,r_abs_bps_low,r_abs_atr_low"
2025-12-13 21:35:00,CANCEL,SRR-1,long,bearish,lower_edge,L:89869.5@20,SWL:89711.9,89869.5,89705.70999999999,90195.6,163.79000000000815,18.225315596504725,2.6460420032311314,1.9909640393185761,0.06509392747922067,0.9995631280034696,0.00043687199653043665,0.0,1.0,PASS,CANCEL,,,clear,BTCUSDT|long|L:89869.5@20|SWL:89711.9,"v10_1_pass,weak_body_ratio,v11_sub2r_fail"
2025-12-13 21:40:00,CANCEL,SRR-1,long,bearish,lower_edge,L:89869.5@20,SWL:89711.9,89869.5,89705.09642857143,90195.6,164.403571428571,18.293589196398223,2.4164304461941826,1.9835335520170716,0.9091858037577101,0.9091858037577101,0.09081419624228995,0.0,0.0,PASS,CANCEL,,,clear,BTCUSDT|long|L:89869.5@20|SWL:89711.9,"v10_1_pass,v11_sub2r_fail"
2025-12-13 22:10:00,CANCEL,SRR-1,short,bearish,upper_edge,H:90195.6@20,SWH:90227.4,90195.6,90235.55928571428,89711.9,39.95928571427066,4.43029213334915,0.48973999824896075,12.10482097850082,0.8128342245991608,0.9233511586454719,0.07664884135452812,0.0,0.0,PASS,CANCEL,,,clear,BTCUSDT|short|H:90195.6@20|SWH:90227.4,"v10_1_pass,v11_quality_fail,r_abs_bps_low,r_abs_atr_low"
2025-12-13 23:50:00,CANCEL,SRR-1,short,bearish,upper_edge,H:90227.4@20,SWH:90248.0,90227.4,90254.39642857143,89711.9,26.99642857143772,2.9920432785869617,0.4220547180347537,19.095118401898546,0.15968063872253635,0.7844311377245179,0.05588822355294581,0.0,2.0,PASS,CANCEL,,,clear,BTCUSDT|short|H:90227.4@20|SWH:90248.0,"v10_1_pass,weak_body_ratio,body_not_aligned,v11_quality_fail,r_abs_bps_low,r_abs_atr_low,body_ratio_low"
2025-12-14 00:25:00,CANCEL,SRR-1,short,bearish,upper_edge,H:90248.0@20,SWH:90287.1,90248.0,90293.53071428572,89711.9,45.53071428572002,5.0450662935156485,0.7080195490392847,11.774469353496283,0.7630098452882639,0.8966244725737662,0.10337552742623374,0.0,0.0,PASS,CANCEL,,,clear,BTCUSDT|short|H:90248.0@20|SWH:90287.1,"v10_1_pass,v11_quality_fail,r_abs_bps_low"
2025-12-14 00:50:00,CANCEL,SRR-1,short,bearish,upper_edge,H:90430.3@20,SWH:90440.0,90430.3,90448.79785714285,89711.9,18.49785714285099,2.0455375181605047,0.21025412032143492,38.83693091865261,0.7584415584414829,0.8978354978354727,0.10216450216452737,0.0,0.0,PASS,CANCEL,,,clear,BTCUSDT|short|H:90430.3@20|SWH:90440.0,"v10_1_pass,v11_quality_fail,r_abs_bps_low,r_abs_atr_low"
2025-12-14 00:55:00,CANCEL,SRR-1,short,bearish,upper_edge,H:90430.3@20,SWH:90440.0,90430.3,90448.72,89711.9,18.419999999998254,2.0369278881081065,0.21123853211007124,39.00108577633425,0.4195250659633555,0.6754617414250594,0.32453825857494056,0.0,0.0,PASS,CANCEL,,,clear,BTCUSDT|short|H:90430.3@20|SWH:90440.0,"v10_1_pass,v11_quality_fail,r_abs_bps_low,r_abs_atr_low"
2025-12-14 05:25:00,CANCEL,SRR-1,long,bearish,lower_edge,L:90065.1@20,SWL:90005.8,90065.1,90000.34071428572,90440.0,64.75928571428813,7.190275224730569,1.186222687426443,5.789131178098809,0.001569858712807305,0.9544740973313295,0.045525902668670515,0.0,2.0,PASS,CANCEL,,,clear,BTCUSDT|long|L:90065.1@20|SWL:90005.8,"v10_1_pass,weak_body_ratio,weak_retest,v11_quality_fail,r_abs_bps_low,body_ratio_low"
2025-12-14 23:35:00,CANCEL,SRR-1,long,bearish,lower_edge,L:87871.5@20,SWL:87504.3,87871.5,87480.62000000001,88973.8,390.8799999999901,44.48313730845498,1.6506756756756353,2.820047073270648,0.14159125188538205,0.7562217194570054,0.10218702865761253,0.0,2.0,PASS,CANCEL,,,clear,BTCUSDT|long|L:87871.5@20|SWL:87504.3,"v10_1_pass,weak_body_ratio,body_not_aligned,v11_quality_fail,body_ratio_low"
2025-12-14 23:40:00,CANCEL,SRR-1,long,bearish,lower_edge,L:87871.5@20,SWL:87504.3,87871.5,87478.71357142857,88973.8,392.7864285714313,44.70009372452176,1.535135814187217,2.806359690198769,0.2721983303820011,0.8633948899569956,0.1366051100430043,0.0,1.0,PASS,CANCEL,,,clear,BTCUSDT|long|L:87871.5@20|SWL:87504.3,"v10_1_pass,weak_body_ratio,v11_quality_fail,body_ratio_low"
2025-12-15 01:55:00,CANCEL,SRR-1,short,bearish,upper_edge,H:89258.5@20,SWH:89291.9,89258.5,89310.405,87504.3,51.904999999998836,5.815132452371353,0.28049175898405393,33.79635873230009,0.03662691652472848,0.8662691652470369,0.09710391822823462,0.0,2.0,PASS,CANCEL,,,clear,BTCUSDT|short|H:89258.5@20|SWH:89291.9,"v10_1_pass,weak_body_ratio,body_not_aligned,v11_quality_fail,r_abs_bps_low,r_abs_atr_low,body_ratio_low"
2025-12-15 14:40:00,CANCEL,SRR-1,long,bullish,lower_edge,L:89230.2@20,SWL:89012.3,89230.2,88992.0142857143,89940.0,238.1857142857043,26.693396886447,1.1741549295774156,2.980027589516121,0.46041382728286845,0.4636352372692466,0.5363647627307534,0.0,2.0,PASS,CANCEL,,,clear,BTCUSDT|long|L:89230.2@20|SWL:89012.3,"v10_1_pass,weak_close_strength,opposite_wick_high,v11_quality_fail,close_strength_low"
2025-12-15 15:10:00,CANCEL,SRR-1,long,bearish,lower_edge,L:87800.0@20,SWL:87322.9,87800.0,87281.51142857142,89940.0,518.4885714285774,59.053368044257105,1.2527336738920525,4.127381234467167,0.48914597686207467,0.5716885480306707,0.42831145196932924,0.0,1.0,PASS,CANCEL,,,clear,BTCUSDT|long|L:87800.0@20|SWL:87322.9,"v10_1_pass,weak_close_strength,v11_quality_fail,close_strength_low"
2025-12-15 17:55:00,CANCEL,SRR-1,long,bearish,lower_edge,L:85661.7@20,SWL:85560.0,85661.7,85534.64642857143,89845.0,127.05357142856519,14.832016108548535,0.5011269192843858,32.92548137737339,0.25434439178513,0.6639020537125109,0.08175355450235912,0.0,2.0,PASS,CANCEL,,,clear,BTCUSDT|long|L:85661.7@20|SWL:85560.0,"v10_1_pass,weak_body_ratio,body_not_aligned,v11_quality_fail,r_abs_bps_low,r_abs_atr_low,body_ratio_low"
2025-12-16 03:35:00,CANCEL,SRR-1,long,bearish,lower_edge,L:85555.5@20,SWL:85340.1,85555.5,85324.90785714287,86478.6,230.59214285713097,26.95234588742173,1.517838168225993,4.003171957909837,0.02669530530836835,0.9708499539736111,0.0024547407180206342,0.0,2.0,PASS,CANCEL,,,clear,BTCUSDT|long|L:85555.5@20|SWL:85340.1,"v10_1_pass,weak_body_ratio,body_not_aligned,v11_quality_fail,body_ratio_low"
2025-12-16 07:10:00,CANCEL,SRR-1,short,bearish,upper_edge,H:86575.8@20,SWH:86577.0,86575.8,86586.87142857142,85226.0,11.071428571420256,1.2788133140462181,0.11215629522422836,121.91741935493054,0.1895124195032785,0.7644894204232571,0.2355105795767429,0.0,1.0,PASS,CANCEL,,,clear,BTCUSDT|short|H:86575.8@20|SWH:86577.0,"v10_1_pass,weak_body_ratio,v11_quality_fail,r_abs_bps_low,r_abs_atr_low,body_ratio_low"
2025-12-16 10:50:00,CANCEL,SRR-1,short,bearish,upper_edge,H:87287.9@20,SWH:87299.7,87287.9,87316.05642857142,85807.6,28.15642857142666,3.2256966396747613,0.17214288833572614,52.57413937441651,0.2990088105727057,0.8480176211453813,0.15198237885461877,0.0,1.0,PASS,CANCEL,,,clear,BTCUSDT|short|H:87287.9@20|SWH:87299.7,"v10_1_pass,weak_body_ratio,v11_quality_fail,r_abs_bps_low,r_abs_atr_low,body_ratio_low"
2025-12-16 12:55:00,CANCEL,SRR-1,short,bearish,upper_edge,H:87299.7@20,SWH:87450.0,87299.7,87464.59142857142,85807.6,164.89142857142724,18.88797195997549,1.1300567848051506,9.04898461325203,0.5743405275779327,0.5895283772981683,0.4104716227018317,0.0,1.0,PASS,CANCEL,,,clear,BTCUSDT|short|H:87299.7@20|SWH:87450.0,"v10_1_pass,weak_close_strength,v11_quality_fail,r_abs_bps_low,close_strength_low"
2025-12-16 14:05:00,CANCEL,SRR-1,long,bearish,lower_edge,L:86151.4@20,SWL:86055.9,86151.4,86021.355,87776.3,130.04499999999825,15.094937516975726,0.3764510059342833,12.494905609596913,0.039546137160039255,0.6310695811780574,0.3689304188219426,0.0,1.0,PASS,CANCEL,,,clear,BTCUSDT|long|L:86151.4@20|SWL:86055.9,"v10_1_pass,weak_body_ratio,v11_quality_fail,r_abs_bps_low,r_abs_atr_low,body_ratio_low"
2025-12-16 14:10:00,CANCEL,SRR-1,long,bearish,lower_edge,L:86151.4@20,SWL:86055.9,86151.4,86017.97571428571,87776.3,133.42428571428172,15.487187174472117,0.35181753117111936,12.178442562395368,0.7238749046529357,0.7778413424866552,0.2221586575133449,0.0,0.0,PASS,CANCEL,,,active,BTCUSDT|long|L:86151.4@20|SWL:86055.9,"v10_1_pass,v11_quality_fail,r_abs_bps_low,r_abs_atr_low"
2025-12-17 02:20:00,CANCEL,SRR-1,long,bullish,lower_edge,L:87206.0@20,SWL:87150.0,87206.0,87134.29785714285,87925.8,71.7021428571461,8.222157059966756,0.4566392212164115,10.038751581442659,0.014934660858707049,0.5812072184193894,0.4187927815806106,0.0,2.0,PASS,CANCEL,,,clear,BTCUSDT|long|L:87206.0@20|SWL:87150.0,"v10_1_pass,weak_body_ratio,weak_close_strength,v11_quality_fail,r_abs_bps_low,r_abs_atr_low,close_strength_low,body_ratio_low"
2025-12-17 14:25:00,CANCEL,SRR-1,short,bearish,upper_edge,H:87838.5@20,SWH:87862.0,87838.5,87884.13071428571,86201.0,45.63071428571129,5.194842157563175,0.20618726398345916,35.88591644099605,0.2805089647195005,0.6836321573163741,0.316367842683626,0.0,1.0,PASS,CANCEL,,,clear,BTCUSDT|short|H:87838.5@20|SWH:87862.0,"v10_1_pass,weak_body_ratio,v11_quality_fail,r_abs_bps_low,r_abs_atr_low,body_ratio_low"
2025-12-17 14:35:00,CANCEL,SRR-1,short,bearish,upper_edge,H:87862.0@20,SWH:87880.0,87862.0,87903.305,86201.0,41.304999999993015,4.701122214380849,0.1772366444968577,40.21304926764994,0.33105413105412274,0.9207977207977125,0.07920227920228749,0.0,0.0,PASS,CANCEL,,,clear,BTCUSDT|short|H:87862.0@20|SWH:87880.0,"v10_1_pass,v11_quality_fail,r_abs_bps_low,r_abs_atr_low"
2025-12-17 14:40:00,CANCEL,SRR-1,short,bearish,upper_edge,H:87862.0@20,SWH:87880.0,87862.0,87905.16,86201.0,43.16000000000349,4.912248753727833,0.1715421303656725,38.4847080630182,0.4467131474103538,0.8670318725099717,0.13296812749002823,0.0,0.0,PASS,CANCEL,,,clear,BTCUSDT|short|H:87862.0@20|SWH:87880.0,"v10_1_pass,v11_quality_fail,r_abs_bps_low,r_abs_atr_low"
2025-12-17 15:05:00,CANCEL,SRR-1,short,bullish,upper_edge,H:89665.1@20,SWH:89980.0,89665.1,90023.72214285715,86201.0,358.62214285714435,39.99573332959472,0.820230024015294,9.659470473299569,0.12216002634178104,0.6918011195258497,0.3081988804741503,0.0,1.0,PASS,CANCEL,,,clear,BTCUSDT|short|H:89665.1@20|SWH:89980.0,"v10_1_pass,weak_body_ratio,v11_quality_fail,body_ratio_low"
2025-12-17 16:35:00,CANCEL,SRR-1,long,bullish,lower_edge,L:86285.8@20,SWL:86128.5,86285.8,86071.8607142857,90363.2,213.9392857142957,24.794263449408326,0.37772242890473984,19.058678196416626,0.19680338917776058,0.575004814172933,0.4249951858270669,0.0,2.0,PASS,CANCEL,,,clear,BTCUSDT|long|L:86285.8@20|SWL:86128.5,"v10_1_pass,weak_body_ratio,weak_close_strength,v11_quality_fail,r_abs_atr_low,close_strength_low,body_ratio_low"
2025-12-17 18:55:00,CANCEL,SRR-1,long,bullish,lower_edge,L:85750.0@20,SWL:85615.0,85750.0,85589.34785714286,90363.2,160.6521428571432,18.734943773427776,0.6262718235736346,28.71545886631712,0.33861992209237357,0.75904284919312,0.24095715080688,0.0,0.0,PASS,CANCEL,,,clear,BTCUSDT|long|L:85750.0@20|SWL:85615.0,"v10_1_pass,v11_quality_fail,r_abs_bps_low,r_abs_atr_low"
2025-12-18 08:05:00,CANCEL,SRR-1,short,bearish,upper_edge,H:86859.1@20,SWH:86940.3,86859.1,86950.825,86200.0,91.72499999999127,10.560206126933306,0.8714964370545488,7.185609157809415,0.4519368723098949,1.0,0.0,0.0,0.0,PASS,CANCEL,,,clear,BTCUSDT|short|H:86859.1@20|SWH:86940.3,"v10_1_pass,v11_quality_fail,r_abs_bps_low"
2025-12-18 09:50:00,CANCEL,SRR-1,short,bullish,upper_edge,H:87348.7@20,SWH:87350.0,87348.7,87363.86214285715,86323.7,15.162142857152503,1.7358178034879173,0.1093780594631509,67.60258161770797,0.4240384615383776,0.6365384615384335,0.3634615384615664,0.0,0.0,PASS,CANCEL,,,clear,BTCUSDT|short|H:87348.7@20|SWH:87350.0,"v10_1_pass,v11_quality_fail,r_abs_bps_low,r_abs_atr_low"
2025-12-18 09:55:00,CANCEL,SRR-1,short,bullish,upper_edge,H:87348.7@20,SWH:87350.0,87348.7,87363.62928571428,86323.7,14.92928571428638,1.7091594625090447,0.10953828415702022,68.65700205731477,0.5830784913353078,0.9979612640161913,0.002038735983808661,0.0,0.0,PASS,CANCEL,,,clear,BTCUSDT|short|H:87348.7@20|SWH:87350.0,"v10_1_pass,v11_quality_fail,r_abs_bps_low,r_abs_atr_low"
2025-12-18 10:40:00,CANCEL,SRR-1,short,bullish,upper_edge,H:87386.7@20,SWH:87417.6,87386.7,87429.615,86323.7,42.91500000000815,4.910930381855379,0.35717852684151785,24.769893976460402,0.7253141831238831,0.7253141831238831,0.27468581687611693,0.0,0.0,PASS,CANCEL,,,clear,BTCUSDT|short|H:87386.7@20|SWH:87417.6,"v10_1_pass,v11_quality_fail,r_abs_bps_low,r_abs_atr_low"
2025-12-18 19:20:00,CANCEL,SRR-1,long,bullish,lower_edge,L:85427.5@20,SWL:85013.9,85427.5,84976.20285714285,89333.0,451.29714285714726,52.828087308787836,1.1971653782022236,8.653943553186286,0.18127430451689505,0.7348190248279968,0.08390667065510818,0.0,2.0,PASS,CANCEL,,,clear,BTCUSDT|long|L:85427.5@20|SWL:85013.9,"v10_1_pass,weak_body_ratio,body_not_aligned,v11_quality_fail,body_ratio_low"
2025-12-18 19:50:00,CANCEL,SRR-1,long,bullish,lower_edge,L:84601.0@20,SWL:84429.9,84601.0,84388.32428571428,89333.0,212.6757142857241,25.13867617235306,0.5115383293818725,22.249837109481554,0.17569700157811904,0.7582851130983537,0.24171488690164628,0.0,1.0,PASS,CANCEL,,,clear,BTCUSDT|long|L:84601.0@20|SWL:84429.9,"v10_1_pass,weak_body_ratio,v11_quality_fail,r_abs_atr_low,body_ratio_low"
2025-12-18 19:55:00,CANCEL,SRR-1,long,bullish,lower_edge,L:84601.0@20,SWL:84429.9,84601.0,84387.19714285714,89333.0,213.80285714285856,25.271906613734892,0.5006757660912632,22.13253865376634,0.07444243520191945,0.9008438818565146,0.09915611814348536,0.0,1.0,PASS,CANCEL,,,clear,BTCUSDT|long|L:84601.0@20|SWL:84429.9,"v10_1_pass,weak_body_ratio,v11_quality_fail,r_abs_atr_low,body_ratio_low"
2025-12-18 20:05:00,CANCEL,SRR-1,long,bearish,lower_edge,L:84429.9@20,SWL:84408.6,84429.9,84365.05857142858,89333.0,64.84142857140978,7.679912989522643,0.14891892778630111,75.61677939591088,0.8710996667676588,0.9292638594365384,0.07073614056346152,0.0,0.0,PASS,CANCEL,,,clear,BTCUSDT|long|L:84429.9@20|SWL:84408.6,"v10_1_pass,v11_quality_fail,r_abs_bps_low,r_abs_atr_low"
2025-12-19 03:40:00,CANCEL,SRR-1,short,bearish,upper_edge,H:87125.0@20,SWH:87550.0,87125.0,87588.15071428572,85062.7,463.15071428571537,53.15933592949388,1.2140027335193206,4.452762214089517,0.42895391088163204,0.5771658060814807,0.4228341939185193,0.0,1.0,PASS,CANCEL,,,clear,BTCUSDT|short|H:87125.0@20|SWH:87550.0,"v10_1_pass,weak_close_strength,v11_quality_fail,close_strength_low"
2025-12-19 15:20:00,CANCEL,SRR-1,short,bullish,upper_edge,H:88797.6@20,SWH:89374.6,88797.6,89417.38500000001,87488.0,619.7850000000035,69.79749452687949,1.4486034825289296,2.1129907951951057,0.13339574069740137,0.8945705593259944,0.10542944067400563,0.0,1.0,PASS,CANCEL,,,clear,BTCUSDT|short|H:88797.6@20|SWH:89374.6,"v10_1_pass,weak_body_ratio,v11_quality_fail,body_ratio_low"
2025-12-20 05:10:00,CANCEL,SRR-1,short,bullish,upper_edge,H:88294.8@20,SWH:88318.6,88294.8,88324.71642857144,87926.7,29.916428571435972,3.3882435399860436,0.48911596403140845,12.304276197977238,0.38009592326138253,0.5359712230215853,0.46402877697841477,0.0,2.0,PASS,CANCEL,,,clear,BTCUSDT|short|H:88294.8@20|SWH:88318.6,"v10_1_pass,weak_close_strength,opposite_wick_high,v11_quality_fail,r_abs_bps_low,r_abs_atr_low,close_strength_low"
2025-12-20 22:25:00,CANCEL,SRR-1,long,bullish,lower_edge,L:88111.5@20,SWL:88111.1,88111.5,88106.12857142858,88434.9,5.371428571423166,0.6096171976896508,0.1080459770113923,60.20744680857014,0.2357142857144936,0.7571428571422335,0.007142857143272912,0.0,2.0,PASS,CANCEL,,,clear,BTCUSDT|long|L:88111.5@20|SWL:88111.1,"v10_1_pass,weak_body_ratio,body_not_aligned,v11_quality_fail,r_abs_bps_low,r_abs_atr_low,body_ratio_low"
2025-12-21 02:20:00,CANCEL,SRR-1,long,bullish,lower_edge,L:87954.7@20,SWL:87904.4,87954.7,87897.05857142857,88434.9,57.64142857142724,6.553535919220603,0.785152753453959,8.330813650896074,0.2550251256281586,0.7449748743718414,0.0,0.0,2.0,PASS,CANCEL,,,clear,BTCUSDT|long|L:87954.7@20|SWL:87904.4,"v10_1_pass,weak_body_ratio,body_not_aligned,v11_quality_fail,r_abs_bps_low,body_ratio_low"
2025-12-21 09:20:00,CANCEL,SRR-1,short,bullish,upper_edge,H:88766.7@20,SWH:88791.1,88766.7,88805.7642857143,88012.8,39.06428571429569,4.400781567220105,0.26639064783251026,19.298957761925806,0.03816371681412648,0.7787610619469062,0.22123893805309378,0.0,1.0,PASS,CANCEL,,,clear,BTCUSDT|short|H:88766.7@20|SWH:88791.1,"v10_1_pass,weak_body_ratio,v11_quality_fail,r_abs_bps_low,r_abs_atr_low,body_ratio_low"
2025-12-21 09:25:00,CANCEL,SRR-1,short,bullish,upper_edge,H:88766.7@20,SWH:88791.1,88766.7,88806.04642857144,88012.8,39.34642857144354,4.432566330779847,0.2632497013143194,19.160570028130895,0.0,1.0,0.0,0.0,2.0,PASS,CANCEL,,,clear,BTCUSDT|short|H:88766.7@20|SWH:88791.1,"v10_1_pass,weak_body_ratio,body_not_aligned,v11_quality_fail,r_abs_bps_low,r_abs_atr_low,body_ratio_low"
2025-12-21 09:50:00,CANCEL,SRR-1,short,bullish,upper_edge,H:88923.2@20,SWH:88941.9,88923.2,88958.86,88012.8,35.66000000000349,4.010202062004459,0.21025943396228525,25.530005608522295,0.43245227606457737,0.5506607929515536,0.016886930983869012,0.0,2.0,PASS,CANCEL,,,clear,BTCUSDT|short|H:88923.2@20|SWH:88941.9,"v10_1_pass,weak_close_strength,body_not_aligned,v11_quality_fail,r_abs_bps_low,r_abs_atr_low,close_strength_low"
2025-12-21 13:55:00,CANCEL,SRR-1,long,bullish,lower_edge,L:87670.0@20,SWL:87548.5,87670.0,87528.47357142858,89050.0,141.526428571422,16.143085271064447,0.706698291543293,9.75082897187345,0.37021716649435354,0.6292657704239956,0.0005170630816508369,0.0,2.0,PASS,CANCEL,,,clear,BTCUSDT|long|L:87670.0@20|SWL:87548.5,"v10_1_pass,body_not_aligned,weak_retest,v11_quality_fail,r_abs_bps_low"
2025-12-21 19:10:00,CANCEL,SRR-1,short,bullish,upper_edge,H:88453.9@20,SWH:88479.9,88453.9,88492.63142857142,87575.7,38.73142857142375,4.37871349611761,0.3042190305206144,22.674092652702658,0.22144985104259188,0.7358490566037081,0.26415094339629186,0.0,1.0,PASS,CANCEL,,,clear,BTCUSDT|short|H:88453.9@20|SWH:88479.9,"v10_1_pass,weak_body_ratio,v11_quality_fail,r_abs_bps_low,r_abs_atr_low,body_ratio_low"
2025-12-22 00:20:00,CANCEL,SRR-1,short,bullish,upper_edge,H:89450.0@20,SWH:89600.0,89450.0,89618.73357142857,88047.4,168.73357142857276,18.8634512497007,0.9007015670873608,8.312512964225057,0.6357421875,0.9287109375,0.0712890625,0.0,0.0,PASS,CANCEL,,,clear,BTCUSDT|short|H:89450.0@20|SWH:89600.0,"v10_1_pass,v11_quality_fail,r_abs_bps_low"
2025-12-22 00:25:00,CANCEL,SRR-1,short,bullish,upper_edge,H:89450.0@20,SWH:89600.0,89450.0,89620.10285714286,88047.4,170.10285714286147,19.01652958556305,0.8461625923820585,8.245599301262926,0.8307386551838614,0.9128850612785577,0.08711493872144226,0.0,0.0,PASS,CANCEL,,,clear,BTCUSDT|short|H:89450.0@20|SWH:89600.0,"v10_1_pass,v11_quality_fail,r_abs_bps_low"
2025-12-22 07:40:00,CANCEL,SRR-1,short,bullish,upper_edge,H:89160.0@20,SWH:89173.8,89160.0,89183.96857142857,88230.1,23.96857142857334,2.6882650772289525,0.23571227872999576,38.79663845511646,0.8433734939758354,0.9694161260426075,0.03058387395739243,0.0,0.0,PASS,CANCEL,,,clear,BTCUSDT|short|H:89160.0@20|SWH:89173.8,"v10_1_pass,v11_quality_fail,r_abs_bps_low,r_abs_atr_low"
2025-12-22 08:10:00,CANCEL,SRR-1,short,bullish,upper_edge,H:89173.8@20,SWH:89244.4,89173.8,89255.41785714285,88230.1,81.61785714284633,9.152672325598587,0.7407779578605108,11.562420688751331,0.6521739130435217,0.8550724637681063,0.14492753623189372,0.0,0.0,PASS,CANCEL,,,clear,BTCUSDT|short|H:89173.8@20|SWH:89244.4,"v10_1_pass,v11_quality_fail,r_abs_bps_low"
2025-12-22 08:35:00,CANCEL,SRR-1,short,bullish,upper_edge,H:89873.0@20,SWH:89887.9,89873.0,89905.02357142857,88567.6,32.023571428566356,3.563202678064197,0.18701455804443798,40.76372315036427,0.553622271433106,0.8740904776969186,0.12590952230308133,0.0,0.0,PASS,CANCEL,,,clear,BTCUSDT|short|H:89873.0@20|SWH:89887.9,"v10_1_pass,v11_quality_fail,r_abs_bps_low,r_abs_atr_low"
2025-12-22 11:40:00,CANCEL,SRR-1,short,bullish,upper_edge,H:89887.9@20,SWH:90050.0,89887.9,90061.82285714286,88793.4,173.92285714286845,19.348861987305128,1.471072982117076,6.293019893877008,0.3660130718954248,0.7722222222222317,0.22777777777776825,0.0,0.0,PASS,CANCEL,,,clear,BTCUSDT|short|H:89887.9@20|SWH:90050.0,"v10_1_pass,v11_quality_fail,r_abs_bps_low"
2025-12-22 11:55:00,CANCEL,SRR-1,short,bullish,upper_edge,H:90050.0@20,SWH:90085.0,90050.0,90098.87214285714,88844.8,48.872142857144354,5.427222971365281,0.3523042067864833,24.66026512328005,0.14251497005986863,0.6123752495009748,0.38762475049902523,0.0,1.0,PASS,CANCEL,,,clear,BTCUSDT|short|H:90050.0@20|SWH:90085.0,"v10_1_pass,weak_body_ratio,v11_quality_fail,r_abs_bps_low,r_abs_atr_low,body_ratio_low"
2025-12-22 12:35:00,CANCEL,SRR-1,short,bullish,upper_edge,H:90286.7@20,SWH:90599.0,90286.7,90618.29642857143,88982.8,331.596428571429,36.72705155592452,1.7184342032204352,3.9321895160855806,0.14642032332562166,0.9099307159353349,0.09006928406466513,0.0,1.0,PASS,CANCEL,,,clear,BTCUSDT|short|H:90286.7@20|SWH:90599.0,"v10_1_pass,weak_body_ratio,v11_quality_fail,body_ratio_low"
2025-12-22 12:40:00,CANCEL,SRR-1,short,bullish,upper_edge,H:90286.7@20,SWH:90599.0,90286.7,90618.22428571428,88982.8,331.52428571428754,36.71906113683273,1.7245076911644537,3.933045198153942,0.3190751445087378,0.5670520231214209,0.43294797687857905,0.0,1.0,PASS,CANCEL,,,clear,BTCUSDT|short|H:90286.7@20|SWH:90599.0,"v10_1_pass,weak_close_strength,v11_quality_fail,close_strength_low"
2025-12-22 15:25:00,CANCEL,SRR-1,long,bullish,lower_edge,L:89381.3@20,SWL:89109.1,89381.3,89068.44357142858,90599.0,312.85642857142375,35.002447779504635,0.769512816458465,3.8922006671248615,0.16740478299379266,0.6169176262178886,0.2156775907883187,0.0,2.0,PASS,CANCEL,,,clear,BTCUSDT|long|L:89381.3@20|SWL:89109.1,"v10_1_pass,weak_body_ratio,body_not_aligned,v11_quality_fail,body_ratio_low"
2025-12-22 20:20:00,CANCEL,SRR-1,long,bullish,lower_edge,L:87906.7@20,SWL:87872.6,87906.7,87851.80857142858,90088.0,54.89142857141269,6.244282696473953,0.2640098941870897,39.73844472206027,0.07027818448022435,0.8144216691068901,0.11530014641288557,0.0,2.0,PASS,CANCEL,,,clear,BTCUSDT|long|L:87906.7@20|SWL:87872.6,"v10_1_pass,weak_body_ratio,body_not_aligned,v11_quality_fail,r_abs_bps_low,r_abs_atr_low,body_ratio_low"
2025-12-23 02:50:00,CANCEL,SRR-1,long,bearish,lower_edge,L:88100.0@20,SWL:88070.0,88100.0,88055.84071428572,88904.9,44.159285714282305,5.0124047348788086,0.3118750945870736,18.227196997882324,0.09646464646467587,0.8994949494949789,0.1005050505050211,0.0,1.0,PASS,CANCEL,,,clear,BTCUSDT|long|L:88100.0@20|SWL:88070.0,"v10_1_pass,weak_body_ratio,v11_quality_fail,r_abs_bps_low,r_abs_atr_low,body_ratio_low"
2025-12-23 12:50:00,CANCEL,SRR-1,short,bearish,upper_edge,H:87900.0@20,SWH:87914.0,87900.0,87925.36428571428,87256.3,25.36428571428405,2.8855842678366384,0.2231929604022481,25.378203323009153,0.03812316715536724,0.7341153470186088,0.22776148582602393,0.0,2.0,PASS,CANCEL,,,clear,BTCUSDT|short|H:87900.0@20|SWH:87914.0,"v10_1_pass,weak_body_ratio,body_not_aligned,v11_quality_fail,r_abs_bps_low,r_abs_atr_low,body_ratio_low"
2025-12-23 12:55:00,CANCEL,SRR-1,short,bearish,upper_edge,H:87900.0@20,SWH:87914.0,87900.0,87925.00142857143,87256.3,25.001428571427823,2.84430359174378,0.22725620049343603,25.74652876978524,0.9985507246375968,1.0,0.0,0.0,0.0,PASS,CANCEL,,,clear,BTCUSDT|short|H:87900.0@20|SWH:87914.0,"v10_1_pass,v11_quality_fail,r_abs_bps_low,r_abs_atr_low"
2025-12-23 17:10:00,CANCEL,SRR-1,short,bearish,upper_edge,H:88178.7@20,SWH:88247.8,88178.7,88274.99857142857,86536.0,96.29857142857509,10.92084272376153,0.3540574610011175,17.058404664064952,0.007194244604328263,0.8249400479616752,0.1750599520383248,0.0,1.0,PASS,CANCEL,,,clear,BTCUSDT|short|H:88178.7@20|SWH:88247.8,"v10_1_pass,weak_body_ratio,v11_quality_fail,r_abs_bps_low,r_abs_atr_low,body_ratio_low"
2025-12-23 20:50:00,CANCEL,SRR-1,short,bearish,upper_edge,H:88273.0@20,SWH:88349.2,88273.0,88366.29,87121.4,93.2899999999936,10.568350458236788,0.545874780573396,12.344302711974326,0.14690721649486688,0.7094072164948493,0.2905927835051507,0.0,1.0,PASS,CANCEL,,,clear,BTCUSDT|short|H:88273.0@20|SWH:88349.2,"v10_1_pass,weak_body_ratio,v11_quality_fail,r_abs_bps_low,r_abs_atr_low,body_ratio_low"
2025-12-23 20:55:00,CANCEL,SRR-1,short,bearish,upper_edge,H:88273.0@20,SWH:88349.2,88273.0,88367.69285714286,87121.4,94.69285714285797,10.727273021519375,0.5120509849362704,12.16142415327747,0.928768066070211,0.9604267033723339,0.0395732966276661,0.0,0.0,PASS,CANCEL,,,clear,BTCUSDT|short|H:88273.0@20|SWH:88349.2,"v10_1_pass,v11_quality_fail,r_abs_bps_low,r_abs_atr_low"
2025-12-24 02:50:00,CANCEL,SRR-1,long,bearish,lower_edge,L:86958.0@20,SWL:86888.0,86958.0,86874.63571428572,87849.9,83.36428571428405,9.586729882734659,0.6237840726884041,10.69882615028718,0.04260089686102057,0.9523542600896845,0.005044843049294891,0.0,2.0,PASS,CANCEL,,,clear,BTCUSDT|long|L:86958.0@20|SWL:86888.0,"v10_1_pass,weak_body_ratio,body_not_aligned,v11_quality_fail,r_abs_bps_low,r_abs_atr_low,body_ratio_low"
2025-12-24 02:55:00,CANCEL,SRR-1,long,bearish,lower_edge,L:86958.0@20,SWL:86888.0,86958.0,86874.93714285715,87849.9,83.06285714285332,9.552066186302964,0.6358705161854618,10.737651348376868,0.9191616766467914,1.0,0.0,0.0,0.0,PASS,CANCEL,,,clear,BTCUSDT|long|L:86958.0@20|SWL:86888.0,"v10_1_pass,v11_quality_fail,r_abs_bps_low,r_abs_atr_low"
2025-12-24 05:50:00,CANCEL,SRR-1,long,bearish,lower_edge,L:86777.0@20,SWL:86738.8,86777.0,86728.26357142857,87849.9,48.736428571428405,5.616284104247486,0.4625516914107484,22.01433366065274,0.5699059561129074,0.9235109717868522,0.0764890282131479,0.0,0.0,PASS,CANCEL,,,clear,BTCUSDT|long|L:86777.0@20|SWL:86738.8,"v10_1_pass,v11_quality_fail,r_abs_bps_low,r_abs_atr_low"
2025-12-24 05:55:00,CANCEL,SRR-1,long,bearish,lower_edge,L:86777.0@20,SWL:86738.8,86777.0,86728.09857142858,87849.9,48.901428571422,5.635298359176049,0.4569616873581026,21.940054336715164,0.6308290155440275,0.6308290155440275,0.36917098445597246,0.0,0.0,PASS,CANCEL,,,clear,BTCUSDT|long|L:86777.0@20|SWL:86738.8,"v10_1_pass,v11_quality_fail,r_abs_bps_low,r_abs_atr_low"
2025-12-24 10:55:00,CANCEL,SRR-1,short,bearish,upper_edge,H:87147.1@20,SWH:87160.0,87147.1,87167.81285714285,86671.7,20.712857142847497,2.376769524499094,0.2651124520020665,22.951927719164154,0.4225575853852228,0.5266084193805082,0.05083399523426906,0.0,2.0,PASS,CANCEL,,,clear,BTCUSDT|short|H:87147.1@20|SWH:87160.0,"v10_1_pass,weak_close_strength,body_not_aligned,v11_quality_fail,r_abs_bps_low,r_abs_atr_low,close_strength_low"
2025-12-24 11:25:00,CANCEL,SRR-1,short,bearish,upper_edge,H:87280.0@20,SWH:87316.7,87280.0,87324.53214285713,86671.7,44.532142857133294,5.102216184364494,0.5685818513450597,13.65979629481413,0.23371251292664427,0.7156153050672096,0.28438469493279034,0.0,1.0,PASS,CANCEL,,,clear,BTCUSDT|short|H:87280.0@20|SWH:87316.7,"v10_1_pass,weak_body_ratio,v11_quality_fail,r_abs_bps_low,r_abs_atr_low,body_ratio_low"
2025-12-24 12:20:00,CANCEL,SRR-1,short,bearish,upper_edge,H:87316.7@20,SWH:87366.0,87316.7,87373.79071428571,86671.7,57.090714285717695,6.538349970362795,0.7328046208857057,11.297809250940809,0.010033444816053512,0.7264214046823132,0.2635451505016333,0.0,2.0,PASS,CANCEL,,,clear,BTCUSDT|short|H:87316.7@20|SWH:87366.0,"v10_1_pass,weak_body_ratio,body_not_aligned,v11_quality_fail,r_abs_bps_low,body_ratio_low"
2025-12-24 21:40:00,CANCEL,SRR-1,short,bullish,upper_edge,H:87740.0@20,SWH:87763.2,87740.0,87769.31571428571,86939.7,29.315714285708964,3.3412029046853164,0.4793506190141555,27.299351883441535,0.43224932249312903,0.5514905149050878,0.016260162601783118,0.0,2.0,PASS,CANCEL,,,clear,BTCUSDT|short|H:87740.0@20|SWH:87763.2,"v10_1_pass,weak_close_strength,body_not_aligned,v11_quality_fail,r_abs_bps_low,r_abs_atr_low,close_strength_low"
2025-12-25 15:05:00,CANCEL,SRR-1,short,bullish,upper_edge,H:87730.9@20,SWH:87780.0,87730.9,87786.735,87219.0,55.8350000000064,6.3643482513010134,0.8290274684485041,9.16808453478885,0.03523809523806752,0.9647619047619325,0.0,0.0,2.0,PASS,CANCEL,,,clear,BTCUSDT|short|H:87730.9@20|SWH:87780.0,"v10_1_pass,weak_body_ratio,body_not_aligned,v11_quality_fail,r_abs_bps_low,body_ratio_low"
2025-12-25 15:10:00,CANCEL,SRR-1,short,bullish,upper_edge,H:87730.9@20,SWH:87780.0,87730.9,87787.05428571429,87219.0,56.1542857142922,6.400742009291163,0.7960307816931038,9.115956039481901,0.08899876390602729,0.7305315203956746,0.18046971569829814,0.0,2.0,PASS,CANCEL,,,clear,BTCUSDT|short|H:87730.9@20|SWH:87780.0,"v10_1_pass,weak_body_ratio,body_not_aligned,v11_quality_fail,r_abs_bps_low,body_ratio_low"
2025-12-25 15:50:00,CANCEL,SRR-1,short,bullish,upper_edge,H:88518.0@20,SWH:88594.0,88518.0,88609.79642857143,87257.0,91.79642857142608,10.37036857717369,0.5811214108071286,13.73691786950977,0.3747346072186553,0.792639773531477,0.20736022646852306,0.0,0.0,PASS,CANCEL,,,clear,BTCUSDT|short|H:88518.0@20|SWH:88594.0,"v10_1_pass,v11_quality_fail,r_abs_bps_low,r_abs_atr_low"
2025-12-25 15:55:00,CANCEL,SRR-1,short,bullish,upper_edge,H:88518.0@20,SWH:88594.0,88518.0,88610.69285714286,87257.0,92.69285714285797,10.471639343733248,0.5552845528455335,13.604068736996101,0.008278145695364371,0.9646799116998108,0.03532008830018919,0.0,1.0,PASS,CANCEL,,,clear,BTCUSDT|short|H:88518.0@20|SWH:88594.0,"v10_1_pass,weak_body_ratio,v11_quality_fail,r_abs_bps_low,r_abs_atr_low,body_ratio_low"
2025-12-25 23:50:00,CANCEL,SRR-1,long,bullish,lower_edge,L:86974.5@20,SWL:86902.1,86974.5,86882.57714285715,88255.6,91.9228571428539,10.568943442371488,0.4708473584077111,13.93668604109091,0.43596730245232185,0.9482288828337472,0.05177111716625287,0.0,0.0,PASS,CANCEL,,,clear,BTCUSDT|long|L:86974.5@20|SWL:86902.1,"v10_1_pass,v11_quality_fail,r_abs_bps_low,r_abs_atr_low"
2025-12-25 23:55:00,CANCEL,SRR-1,long,bullish,lower_edge,L:86974.5@20,SWL:86902.1,86974.5,86882.34214285715,88255.6,92.15785714285448,10.595962856107764,0.4664364990419605,13.90114787515257,0.45474516695959566,0.6410369068541291,0.35896309314587094,0.0,0.0,PASS,CANCEL,,,clear,BTCUSDT|long|L:86974.5@20|SWL:86902.1,"v10_1_pass,v11_quality_fail,r_abs_bps_low,r_abs_atr_low"
2025-12-26 02:35:00,CANCEL,SRR-1,short,bearish,upper_edge,H:89296.1@20,SWH:89432.0,89296.1,89455.43857142857,86824.8,159.33857142856868,17.843844404018615,0.6798134942402467,15.509741162125858,0.15713955102983862,0.842629021059942,0.0002314279102194386,0.0,2.0,PASS,CANCEL,,,clear,BTCUSDT|short|H:89296.1@20|SWH:89432.0,"v10_1_pass,weak_body_ratio,body_not_aligned,v11_quality_fail,r_abs_bps_low,r_abs_atr_low,body_ratio_low"
2025-12-26 02:40:00,CANCEL,SRR-1,short,bearish,upper_edge,H:89296.1@20,SWH:89432.0,89296.1,89457.34428571428,86824.8,161.24428571427416,18.05725957956441,0.6362155459105496,15.326434602334754,0.011440305074827314,0.872689938398335,0.11586975652683774,0.0,2.0,PASS,CANCEL,,,clear,BTCUSDT|short|H:89296.1@20|SWH:89432.0,"v10_1_pass,weak_body_ratio,body_not_aligned,v11_quality_fail,r_abs_bps_low,r_abs_atr_low,body_ratio_low"
2025-12-26 15:20:00,CANCEL,SRR-1,long,bullish,lower_edge,L:86726.2@20,SWL:86619.9,86726.2,86591.83642857142,89037.0,134.36357142857742,15.492846617121172,0.4787828654330931,17.198113859516877,0.37227045514337764,0.6753485924756846,0.3246514075243154,0.0,0.0,PASS,CANCEL,,,clear,BTCUSDT|long|L:86726.2@20|SWL:86619.9,"v10_1_pass,v11_quality_fail,r_abs_bps_low,r_abs_atr_low"
2025-12-26 15:25:00,CANCEL,SRR-1,long,bullish,lower_edge,L:86726.2@20,SWL:86619.9,86726.2,86589.50285714286,89037.0,136.69714285714144,15.761920026144516,0.4497039195413035,16.9045230331914,0.2606723585912389,0.7233191035218882,0.2766808964781117,0.0,1.0,PASS,CANCEL,,,clear,BTCUSDT|long|L:86726.2@20|SWL:86619.9,"v10_1_pass,weak_body_ratio,v11_quality_fail,r_abs_bps_low,r_abs_atr_low,body_ratio_low"
2025-12-26 20:55:00,CANCEL,SRR-1,short,bearish,upper_edge,H:87640.9@20,SWH:87750.0,87640.9,87759.60428571429,86760.4,118.70428571429511,13.544393737888944,1.2359512122565124,7.417592336297296,0.13397548161123732,0.6952714535901594,0.3047285464098406,0.0,2.0,PASS,CANCEL,,,clear,BTCUSDT|short|H:87640.9@20|SWH:87750.0,"v10_1_pass,weak_body_ratio,weak_retest,v11_quality_fail,r_abs_bps_low,body_ratio_low"
2025-12-27 07:20:00,CANCEL,SRR-1,short,bearish,upper_edge,H:87526.5@20,SWH:87531.4,87526.5,87534.7607142857,87338.7,8.260714285701397,0.9437957973529613,0.24580233793797995,22.734111543485888,0.23399014778330154,0.7586206896550488,0.2413793103449512,0.0,1.0,PASS,CANCEL,,,clear,BTCUSDT|short|H:87526.5@20|SWH:87531.4,"v10_1_pass,weak_body_ratio,v11_quality_fail,r_abs_bps_low,r_abs_atr_low,body_ratio_low"
2025-12-27 13:40:00,CANCEL,SRR-1,long,bearish,lower_edge,L:87324.6@20,SWL:87264.8,87324.6,87260.57571428572,87622.7,64.02428571428754,7.3317582576144105,1.5156239431857566,4.656045696945086,0.7358665430954445,0.7840593141797575,0.2159406858202425,0.0,0.0,PASS,CANCEL,,,clear,BTCUSDT|long|L:87324.6@20|SWL:87264.8,"v10_1_pass,v11_quality_fail,r_abs_bps_low"
2025-12-27 15:55:00,CANCEL,SRR-1,short,bearish,upper_edge,H:87554.9@20,SWH:87555.0,87554.9,87558.65,87264.8,3.75,0.42830269922071756,0.10273972602739725,77.35999999999767,0.13742690058472193,0.862573099415278,0.0,0.0,2.0,PASS,CANCEL,,,clear,BTCUSDT|short|H:87554.9@20|SWH:87555.0,"v10_1_pass,weak_body_ratio,body_not_aligned,v11_quality_fail,r_abs_bps_low,r_abs_atr_low,body_ratio_low"
2025-12-27 22:20:00,CANCEL,SRR-1,short,bearish,upper_edge,H:87887.9@20,SWH:87937.0,87887.9,87942.32928571428,87414.5,54.42928571428638,6.193035186218625,1.0213242192735803,8.697523654545003,0.4226033421284445,0.9195250659631098,0.08047493403689018,0.0,0.0,PASS,CANCEL,,,clear,BTCUSDT|short|H:87887.9@20|SWH:87937.0,"v10_1_pass,v11_quality_fail,r_abs_bps_low"
2025-12-27 22:25:00,CANCEL,SRR-1,short,bearish,upper_edge,H:87887.9@20,SWH:87937.0,87887.9,87942.78214285715,87414.5,54.88214285715367,6.24456186314085,0.9491661519458324,8.6257564911806,0.3846938775509907,0.6918367346939073,0.3081632653060927,0.0,0.0,PASS,CANCEL,,,clear,BTCUSDT|short|H:87887.9@20|SWH:87937.0,"v10_1_pass,v11_quality_fail,r_abs_bps_low"
2025-12-28 10:40:00,CANCEL,SRR-1,short,bullish,upper_edge,H:87948.0@20,SWH:87980.9,87948.0,87987.61499999999,87571.6,39.61499999999069,4.504366216399542,0.589947877885189,9.501451470404712,0.4560615779346278,0.9749839640795745,0.025016035920425433,0.0,0.0,PASS,CANCEL,,,clear,BTCUSDT|short|H:87948.0@20|SWH:87980.9,"v10_1_pass,v11_quality_fail,r_abs_bps_low,r_abs_atr_low"
2025-12-28 18:20:00,CANCEL,SRR-1,long,bullish,lower_edge,L:87574.2@20,SWL:87448.4,87574.2,87442.63857142857,88078.3,131.5614285714255,15.022852457850085,2.2834862385320815,3.8316701595128,0.19321533923297282,0.7974434611602983,0.009341199606728858,0.0,2.0,PASS,CANCEL,,,clear,BTCUSDT|long|L:87574.2@20|SWL:87448.4,"v10_1_pass,weak_body_ratio,body_not_aligned,v11_quality_fail,r_abs_bps_low,body_ratio_low"
2025-12-28 18:25:00,CANCEL,SRR-1,long,bullish,lower_edge,L:87574.2@20,SWL:87448.4,87574.2,87442.51,88078.3,131.69000000000233,15.037533885551033,2.235823429541659,3.827929227731771,0.4287833827892682,0.6038575667655876,0.3961424332344124,0.0,0.0,PASS,CANCEL,,,clear,BTCUSDT|long|L:87574.2@20|SWL:87448.4,"v10_1_pass,v11_quality_fail,r_abs_bps_low"
2025-12-28 20:10:00,CANCEL,SRR-1,long,bearish,lower_edge,L:87448.4@20,SWL:87411.0,87448.4,87403.605,87967.3,44.794999999998254,5.122449352989679,0.6057471264367563,11.583882129702623,0.3794871794872008,0.7509157509157509,0.2490842490842491,0.0,0.0,PASS,CANCEL,,,clear,BTCUSDT|long|L:87448.4@20|SWL:87411.0,"v10_1_pass,v11_quality_fail,r_abs_bps_low,r_abs_atr_low"
2025-12-28 21:10:00,CANCEL,SRR-1,long,bearish,lower_edge,L:87411.0@20,SWL:87402.6,87411.0,87396.8,87902.7,14.19999999999709,1.624509501092207,0.24482758620685516,34.62676056338717,0.3365664403491758,0.941804073714835,0.05819592628516497,0.0,0.0,PASS,CANCEL,,,clear,BTCUSDT|long|L:87411.0@20|SWL:87402.6,"v10_1_pass,v11_quality_fail,r_abs_bps_low,r_abs_atr_low"
2025-12-28 23:05:00,CANCEL,SRR-1,short,bearish,upper_edge,H:87968.4@20,SWH:88023.4,87968.4,88032.54642857143,87402.6,64.1464285714319,7.291985368772411,0.7013276064038088,8.820444295973973,0.41039823008851073,0.9808259587020755,0.019174041297924577,0.0,0.0,PASS,CANCEL,,,clear,BTCUSDT|short|H:87968.4@20|SWH:88023.4,"v10_1_pass,v11_quality_fail,r_abs_bps_low"
2025-12-28 23:10:00,CANCEL,SRR-1,short,bearish,upper_edge,H:87968.4@20,SWH:88023.4,87968.4,88032.98214285713,87402.6,64.5821428571362,7.341516141834592,0.6739843458814284,8.760935685451145,0.6562860438294191,0.6574394463668041,0.34256055363319593,0.0,0.0,PASS,CANCEL,,,clear,BTCUSDT|short|H:87968.4@20|SWH:88023.4,"v10_1_pass,v11_quality_fail,r_abs_bps_low,r_abs_atr_low"
2025-12-29 00:55:00,CANCEL,SRR-1,short,bullish,upper_edge,H:88308.9@20,SWH:88414.0,88308.9,88429.26142857142,87402.6,120.3614285714284,13.629592099032875,0.7886642328933734,7.529820896585198,0.26997672614431745,0.636539953452304,0.36346004654769604,0.0,1.0,PASS,CANCEL,,,clear,BTCUSDT|short|H:88308.9@20|SWH:88414.0,"v10_1_pass,weak_body_ratio,v11_quality_fail,r_abs_bps_low,body_ratio_low"
2025-12-29 02:20:00,CANCEL,SRR-1,short,bullish,upper_edge,H:89270.0@20,SWH:89368.6,89270.0,89389.91071428572,87440.8,119.91071428572468,13.432364096082074,0.5626780626781115,15.25468354430245,0.48810029749255046,0.761368465788352,0.23863153421164796,0.0,0.0,PASS,CANCEL,,,clear,BTCUSDT|short|H:89270.0@20|SWH:89368.6,"v10_1_pass,v11_quality_fail,r_abs_bps_low,r_abs_atr_low"
2025-12-29 02:25:00,CANCEL,SRR-1,short,bullish,upper_edge,H:89270.0@20,SWH:89368.6,89270.0,89391.16785714286,87440.8,121.1678571428638,13.573188881243842,0.5369045735084961,15.096412886490732,0.5113583681038684,0.8516458043579025,0.1483541956420975,0.0,0.0,PASS,CANCEL,,,clear,BTCUSDT|short|H:89270.0@20|SWH:89368.6,"v10_1_pass,v11_quality_fail,r_abs_bps_low,r_abs_atr_low"
2025-12-29 04:25:00,CANCEL,SRR-1,short,bullish,upper_edge,H:90156.5@20,SWH:90180.0,90156.5,90199.03928571429,87603.3,42.53928571428696,4.718382558582793,0.22342900018758496,60.019813617662514,0.5378217821781717,0.8154455445544324,0.18455445544556762,0.0,0.0,PASS,CANCEL,,,clear,BTCUSDT|short|H:90156.5@20|SWH:90180.0,"v10_1_pass,v11_quality_fail,r_abs_bps_low,r_abs_atr_low"
2025-12-29 09:20:00,CANCEL,SRR-1,long,bullish,lower_edge,L:89423.0@20,SWL:89368.9,89423.0,89356.50214285713,90373.4,66.49785714286554,7.436325905288968,0.5363657314052609,14.292189866481452,0.24174757281547746,0.7466019417476576,0.011650485436864947,0.0,2.0,PASS,CANCEL,,,clear,BTCUSDT|long|L:89423.0@20|SWL:89368.9,"v10_1_pass,weak_body_ratio,body_not_aligned,v11_quality_fail,r_abs_bps_low,r_abs_atr_low,body_ratio_low"
2025-12-29 11:10:00,CANCEL,SRR-1,long,bullish,lower_edge,L:87599.3@20,SWL:87558.1,87599.3,87543.65571428572,90097.6,55.64428571428289,6.352138169401226,0.3852339036692493,44.89769197196711,0.1901776384534759,0.8746081504702157,0.12539184952978438,0.0,1.0,PASS,CANCEL,,,clear,BTCUSDT|long|L:87599.3@20|SWL:87558.1,"v10_1_pass,weak_body_ratio,v11_quality_fail,r_abs_bps_low,r_abs_atr_low,body_ratio_low"
2025-12-29 11:50:00,CANCEL,SRR-1,long,bullish,lower_edge,L:87542.9@20,SWL:87530.6,87542.9,87520.15285714286,89869.5,22.747142857129802,2.598399511225902,0.21773553945016816,102.28097720284738,0.08056872037901454,0.9040284360188817,0.09597156398111824,0.0,1.0,PASS,CANCEL,,,clear,BTCUSDT|long|L:87542.9@20|SWL:87530.6,"v10_1_pass,weak_body_ratio,v11_quality_fail,r_abs_bps_low,r_abs_atr_low,body_ratio_low"
2025-12-29 11:55:00,CANCEL,SRR-1,long,bullish,lower_edge,L:87542.9@20,SWL:87530.6,87542.9,87520.10071428573,89869.5,22.79928571426717,2.604355774627888,0.21715082658666474,102.04705661213251,0.09751434034399589,0.7323135755258275,0.1701720841301766,0.0,2.0,PASS,CANCEL,,,clear,BTCUSDT|long|L:87542.9@20|SWL:87530.6,"v10_1_pass,weak_body_ratio,body_not_aligned,v11_quality_fail,r_abs_bps_low,r_abs_atr_low,body_ratio_low"
2025-12-29 12:05:00,CANCEL,SRR-1,long,bullish,lower_edge,L:87520.1@20,SWL:87492.9,87520.1,87482.08142857143,89819.4,38.01857142857625,4.343981717179967,0.35141951670412014,60.47833765452176,0.23801065719349,0.5595026642983725,0.4404973357016275,0.0,2.0,PASS,CANCEL,,,clear,BTCUSDT|long|L:87520.1@20|SWL:87492.9,"v10_1_pass,weak_body_ratio,weak_close_strength,v11_quality_fail,r_abs_bps_low,r_abs_atr_low,close_strength_low,body_ratio_low"
2025-12-29 12:25:00,CANCEL,SRR-1,long,bullish,lower_edge,L:86827.2@20,SWL:86760.0,86827.2,86743.01857142858,89791.5,84.18142857142084,9.695283110755712,0.49572642382429855,35.21322992855894,0.5522155421955128,0.8561567579603818,0.14384324203961818,0.0,0.0,PASS,CANCEL,,,clear,BTCUSDT|long|L:86827.2@20|SWL:86760.0,"v10_1_pass,v11_quality_fail,r_abs_bps_low,r_abs_atr_low"
2025-12-30 03:20:00,CANCEL,SRR-1,long,bearish,lower_edge,L:86880.0@20,SWL:86789.0,86880.0,86776.43928571428,87380.4,103.56071428571886,11.919971717969482,0.8244810918396861,4.831948132565168,0.48478597215060765,1.0,0.0,0.0,0.0,PASS,CANCEL,,,clear,BTCUSDT|long|L:86880.0@20|SWL:86789.0,"v10_1_pass,v11_quality_fail,r_abs_bps_low"
2025-12-30 03:25:00,CANCEL,SRR-1,long,bearish,lower_edge,L:86880.0@20,SWL:86789.0,86880.0,86775.84714285715,87380.4,104.15285714284983,11.988128124177006,0.7918648854132257,4.804476936371275,0.9382772915707333,0.9382772915707333,0.06172270842926679,0.0,0.0,PASS,CANCEL,,,clear,BTCUSDT|long|L:86880.0@20|SWL:86789.0,"v10_1_pass,v11_quality_fail,r_abs_bps_low"
2025-12-30 06:35:00,CANCEL,SRR-1,short,bearish,upper_edge,H:87454.4@20,SWH:87481.9,87454.4,87488.26285714285,86789.0,33.86285714285623,3.872058712066658,0.5321957790749987,19.64984812689877,0.4340277777777778,0.45902777777771714,0.10694444444450507,0.0,2.0,PASS,CANCEL,,,clear,BTCUSDT|short|H:87454.4@20|SWH:87481.9,"v10_1_pass,weak_close_strength,body_not_aligned,v11_quality_fail,r_abs_bps_low,r_abs_atr_low,close_strength_low"
2025-12-30 06:50:00,CANCEL,SRR-1,short,bearish,upper_edge,H:87481.9@20,SWH:87487.7,87481.9,87493.78142857143,86789.0,11.88142857143248,1.3581584958068447,0.1953723279305364,58.317903090036836,0.17504332755618332,0.6065857885615558,0.21837088388226095,0.0,2.0,PASS,CANCEL,,,clear,BTCUSDT|short|H:87481.9@20|SWH:87487.7,"v10_1_pass,weak_body_ratio,body_not_aligned,v11_quality_fail,r_abs_bps_low,r_abs_atr_low,body_ratio_low"
2025-12-30 06:55:00,CANCEL,SRR-1,short,bearish,upper_edge,H:87481.9@20,SWH:87487.7,87481.9,87493.68928571428,86789.0,11.789285714286962,1.3476257047785842,0.19683959451403737,58.7737049378909,0.6235565819861013,0.6235565819861013,0.37644341801389875,0.0,0.0,PASS,CANCEL,,,clear,BTCUSDT|short|H:87481.9@20|SWH:87487.7,"v10_1_pass,v11_quality_fail,r_abs_bps_low,r_abs_atr_low"
2025-12-30 07:20:00,CANCEL,SRR-1,short,bearish,upper_edge,H:87496.5@20,SWH:87581.4,87496.5,87588.85357142857,86789.0,92.3535714285681,10.55511608219393,1.2390512697651686,7.660775745388729,0.28903826266809934,0.8593588417787078,0.1406411582212922,0.0,1.0,PASS,CANCEL,,,clear,BTCUSDT|short|H:87496.5@20|SWH:87581.4,"v10_1_pass,weak_body_ratio,v11_quality_fail,r_abs_bps_low,body_ratio_low"
2025-12-30 07:25:00,CANCEL,SRR-1,short,bearish,upper_edge,H:87496.5@20,SWH:87581.4,87496.5,87589.24428571427,86789.0,92.74428571427416,10.599770929611374,1.1823165179383004,7.628502333606409,0.7296726504752686,0.7507919746568955,0.2492080253431045,0.0,0.0,PASS,CANCEL,,,clear,BTCUSDT|short|H:87496.5@20|SWH:87581.4,"v10_1_pass,v11_quality_fail,r_abs_bps_low"
2025-12-30 08:25:00,CANCEL,SRR-1,short,bearish,upper_edge,H:87987.6@20,SWH:88190.6,87987.6,88204.89142857144,86789.0,217.29142857143597,24.69568763910323,1.5204318272691197,5.51609425130158,0.46682464454977224,0.46682464454977224,0.5331753554502278,0.0,2.0,PASS,CANCEL,,,clear,BTCUSDT|short|H:87987.6@20|SWH:88190.6,"v10_1_pass,weak_close_strength,opposite_wick_high,v11_quality_fail,close_strength_low"
2025-12-30 15:05:00,CANCEL,SRR-1,short,bullish,upper_edge,H:88976.3@20,SWH:89032.1,88976.3,89061.56785714286,87722.5,85.26785714285506,9.5832100393987,0.2893588655920404,14.704251308900917,0.6592223103956424,0.8866341684616265,0.11336583153837358,0.0,0.0,PASS,CANCEL,,,clear,BTCUSDT|short|H:88976.3@20|SWH:89032.1,"v10_1_pass,v11_quality_fail,r_abs_bps_low,r_abs_atr_low"
2025-12-30 15:10:00,CANCEL,SRR-1,short,bullish,upper_edge,H:88976.3@20,SWH:89032.1,88976.3,89062.88428571429,87722.5,86.58428571428522,9.731162760677305,0.281261311429761,14.480687686647315,0.09881422924901186,0.658498023715438,0.24268774703555013,0.0,2.0,PASS,CANCEL,,,clear,BTCUSDT|short|H:88976.3@20|SWH:89032.1,"v10_1_pass,weak_body_ratio,body_not_aligned,v11_quality_fail,r_abs_bps_low,r_abs_atr_low,body_ratio_low"
2025-12-30 23:05:00,CANCEL,SRR-1,short,bullish,upper_edge,H:88456.5@20,SWH:88459.6,88456.5,88468.06571428572,87833.2,11.565714285723516,1.307503042255065,0.13661829227145766,53.8920454545027,0.20456217807212013,0.7328918322295763,0.2671081677704237,0.0,1.0,PASS,CANCEL,,,clear,BTCUSDT|short|H:88456.5@20|SWH:88459.6,"v10_1_pass,weak_body_ratio,v11_quality_fail,r_abs_bps_low,r_abs_atr_low,body_ratio_low"
2025-12-30 23:25:00,CANCEL,SRR-1,short,bullish,upper_edge,H:88470.0@20,SWH:88521.7,88470.0,88530.27071428571,87833.2,60.27071428571071,6.812559543993525,0.7032169347445237,10.565662072317247,0.5599999999999105,0.5599999999999105,0.44000000000008954,0.0,1.0,PASS,CANCEL,,,clear,BTCUSDT|short|H:88470.0@20|SWH:88521.7,"v10_1_pass,weak_close_strength,v11_quality_fail,r_abs_bps_low,close_strength_low"
2025-12-31 01:40:00,CANCEL,SRR-1,short,bullish,upper_edge,H:88660.0@20,SWH:88735.0,88660.0,88747.03142857143,87833.2,87.03142857142666,9.81631271953831,0.7233673711707361,9.50001641443181,0.949764521193136,0.949764521193136,0.050235478806863985,0.0,0.0,PASS,CANCEL,,,clear,BTCUSDT|short|H:88660.0@20|SWH:88735.0,"v10_1_pass,v11_quality_fail,r_abs_bps_low"
2025-12-31 01:50:00,CANCEL,SRR-1,short,bullish,upper_edge,H:88735.0@20,SWH:88758.2,88735.0,88770.15142857142,87833.2,35.151428571422,3.961393877435285,0.29411905331097143,25.65471836138015,0.06746463547331319,0.8008705114254182,0.19912948857458182,0.0,1.0,PASS,CANCEL,,,clear,BTCUSDT|short|H:88735.0@20|SWH:88758.2,"v10_1_pass,weak_body_ratio,v11_quality_fail,r_abs_bps_low,r_abs_atr_low,body_ratio_low"
2025-12-31 01:55:00,CANCEL,SRR-1,short,bullish,upper_edge,H:88735.0@20,SWH:88758.2,88735.0,88770.68214285714,87833.2,35.682142857142026,4.021202778739171,0.28586552217453554,25.273145831248794,0.628775834658292,0.8338632750397765,0.16613672496022347,0.0,0.0,PASS,CANCEL,,,clear,BTCUSDT|short|H:88735.0@20|SWH:88758.2,"v10_1_pass,v11_quality_fail,r_abs_bps_low,r_abs_atr_low"
2025-12-31 10:20:00,CANCEL,SRR-1,short,bullish,upper_edge,H:88790.0@20,SWH:88850.0,88790.0,88855.89142857143,88305.5,65.89142857142724,7.421041623091254,1.1184287099902543,7.353004943196749,0.27811244979915134,0.695783132530109,0.026104417670739646,0.0,2.0,PASS,CANCEL,,,clear,BTCUSDT|short|H:88790.0@20|SWH:88850.0,"v10_1_pass,weak_body_ratio,body_not_aligned,v11_quality_fail,r_abs_bps_low,body_ratio_low"
2025-12-31 11:35:00,CANCEL,SRR-1,short,bullish,upper_edge,H:88916.5@20,SWH:88948.5,88916.5,88956.00642857143,88339.9,39.50642857143248,4.443093078498645,0.5263012655819445,14.595093022834046,0.18118948824330208,0.9045643153525802,0.09543568464741982,0.0,1.0,PASS,CANCEL,,,clear,BTCUSDT|short|H:88916.5@20|SWH:88948.5,"v10_1_pass,weak_body_ratio,v11_quality_fail,r_abs_bps_low,r_abs_atr_low,body_ratio_low"
2025-12-31 15:40:00,CANCEL,SRR-1,long,bullish,lower_edge,L:87880.0@20,SWL:87729.2,87880.0,87706.12357142857,89192.8,173.87642857142782,19.78566551791395,0.7534806698238644,7.550189584557226,0.5083172147002272,0.7613152804642279,0.2386847195357721,0.0,0.0,PASS,CANCEL,,,clear,BTCUSDT|long|L:87880.0@20|SWL:87729.2,"v10_1_pass,v11_quality_fail,r_abs_bps_low"
2025-12-31 16:40:00,CANCEL,SRR-1,long,bullish,lower_edge,L:87642.4@20,SWL:87604.8,87642.4,87586.33857142857,89192.8,56.061428571425495,6.396610381667492,0.303667878975451,27.655378029204332,0.07225964482540201,0.9497856705449388,0.050214329455061206,0.0,1.0,PASS,CANCEL,,,clear,BTCUSDT|long|L:87642.4@20|SWL:87604.8,"v10_1_pass,weak_body_ratio,v11_quality_fail,r_abs_bps_low,r_abs_atr_low,body_ratio_low"
2026-01-01 01:20:00,CANCEL,SRR-1,short,bearish,upper_edge,H:87983.3@20,SWH:88021.4,87983.3,88026.32928571428,87189.2,43.02928571427765,4.89061966467246,0.8729314592086025,18.454872927079837,0.45910290237465634,0.9912049252418643,0.008795074758135669,0.0,0.0,PASS,CANCEL,,,clear,BTCUSDT|short|H:87983.3@20|SWH:88021.4,"v10_1_pass,v11_quality_fail,r_abs_bps_low"
2026-01-01 02:20:00,CANCEL,SRR-1,short,bearish,upper_edge,H:88021.4@20,SWH:88065.0,88021.4,88072.02071428571,87583.6,50.62071428571653,5.750955368321401,0.7210194322922221,8.64863339400805,0.03822222222211874,0.8675555555556073,0.09422222222227396,0.0,2.0,PASS,CANCEL,,,clear,BTCUSDT|short|H:88021.4@20|SWH:88065.0,"v10_1_pass,weak_body_ratio,body_not_aligned,v11_quality_fail,r_abs_bps_low,body_ratio_low"
2026-01-01 02:25:00,CANCEL,SRR-1,short,bearish,upper_edge,H:88021.4@20,SWH:88065.0,88021.4,88071.925,87583.6,50.52500000000873,5.740081389299505,0.7296028880867687,8.665017318157599,0.513178294573508,0.9922480620155039,0.007751937984496124,0.0,0.0,PASS,CANCEL,,,clear,BTCUSDT|short|H:88021.4@20|SWH:88065.0,"v10_1_pass,v11_quality_fail,r_abs_bps_low"
2026-01-01 04:25:00,CANCEL,SRR-1,long,bearish,lower_edge,L:87583.6@20,SWL:87508.4,87583.6,87501.98999999999,88065.0,81.61000000001513,9.31795450289953,1.2731669266772703,5.898786913367294,0.8123393316194695,0.8123393316194695,0.18766066838053053,0.0,0.0,PASS,CANCEL,,,clear,BTCUSDT|long|L:87583.6@20|SWL:87508.4,"v10_1_pass,v11_quality_fail,r_abs_bps_low"
2026-01-01 11:20:00,CANCEL,SRR-1,short,bearish,upper_edge,H:87941.2@20,SWH:87949.0,87941.2,87952.52642857142,87558.5,11.326428571424913,1.2879547437861791,0.3211869556409947,33.788232326428016,0.11801242236034949,0.7608695652174601,0.12111801242219043,0.0,2.0,PASS,CANCEL,,,clear,BTCUSDT|short|H:87941.2@20|SWH:87949.0,"v10_1_pass,weak_body_ratio,body_not_aligned,v11_quality_fail,r_abs_bps_low,r_abs_atr_low,body_ratio_low"
2026-01-01 23:05:00,CANCEL,SRR-1,short,bullish,upper_edge,H:88665.4@20,SWH:88739.4,88665.4,88748.95714285714,88034.7,83.55714285714203,9.42387254296964,0.8742899850523083,7.548127885108606,0.4709698345767193,0.9117742458644239,0.08822575413557612,0.0,0.0,PASS,CANCEL,,,clear,BTCUSDT|short|H:88665.4@20|SWH:88739.4,"v10_1_pass,v11_quality_fail,r_abs_bps_low"
2026-01-01 23:35:00,CANCEL,SRR-1,short,bullish,upper_edge,H:88756.0@20,SWH:88780.0,88756.0,88791.00285714286,88034.7,35.002857142855646,3.943717285913701,0.31812516229550125,20.60688923353292,0.44396551724133404,0.556034482758666,0.0,0.0,2.0,PASS,CANCEL,,,clear,BTCUSDT|short|H:88756.0@20|SWH:88780.0,"v10_1_pass,weak_close_strength,body_not_aligned,v11_quality_fail,r_abs_bps_low,r_abs_atr_low,close_strength_low"
2026-01-01 23:40:00,CANCEL,SRR-1,short,bullish,upper_edge,H:88756.0@20,SWH:88786.0,88756.0,88796.96642857142,88034.7,40.96642857142433,4.615623571524667,0.3735621702598517,17.60709989015585,0.37326388888885115,0.6267361111111488,0.0,0.0,2.0,PASS,CANCEL,,,clear,BTCUSDT|short|H:88756.0@20|SWH:88786.0,"v10_1_pass,body_not_aligned,weak_retest,v11_quality_fail,r_abs_bps_low,r_abs_atr_low"
2026-01-01 23:50:00,CANCEL,SRR-1,short,bullish,upper_edge,H:88844.0@20,SWH:88881.4,88844.0,88892.91142857142,88034.7,48.911428571416764,5.505315898813286,0.4248945147678399,16.54623517729245,0.598475967174657,0.8182883939038594,0.1817116060961406,0.0,0.0,PASS,CANCEL,,,clear,BTCUSDT|short|H:88844.0@20|SWH:88881.4,"v10_1_pass,v11_quality_fail,r_abs_bps_low,r_abs_atr_low"
2026-01-02 03:20:00,CANCEL,SRR-1,short,bullish,upper_edge,H:88945.0@20,SWH:88948.2,88945.0,88958.54642857143,88324.4,13.546428571426077,1.523011813078428,0.13092854677250051,45.81281307672914,0.6325934579439529,0.7581775700934879,0.24182242990651218,0.0,0.0,PASS,CANCEL,,,clear,BTCUSDT|short|H:88945.0@20|SWH:88948.2,"v10_1_pass,v11_quality_fail,r_abs_bps_low,r_abs_atr_low"
2026-01-02 03:25:00,CANCEL,SRR-1,short,bullish,upper_edge,H:88945.0@20,SWH:88948.2,88945.0,88958.705,88324.4,13.705000000001746,1.5408398448481362,0.13046168491196355,45.28274352425587,0.6784313725491338,0.7666666666667808,0.2333333333332192,0.0,0.0,PASS,CANCEL,,,clear,BTCUSDT|short|H:88945.0@20|SWH:88948.2,"v10_1_pass,v11_quality_fail,r_abs_bps_low,r_abs_atr_low"
2026-01-02 08:40:00,CANCEL,SRR-1,short,bullish,upper_edge,H:89088.0@20,SWH:89149.0,89088.0,89157.44428571429,88533.6,69.4442857142858,7.795021295156002,0.822381999661671,7.983378247721616,0.3558178752107506,0.7816188870151142,0.21838111298488583,0.0,0.0,PASS,CANCEL,,,clear,BTCUSDT|short|H:89088.0@20|SWH:89149.0,"v10_1_pass,v11_quality_fail,r_abs_bps_low"
2026-01-02 09:05:00,CANCEL,SRR-1,short,bullish,upper_edge,H:89160.0@20,SWH:89173.0,89160.0,89182.10357142857,88533.6,22.103571428568102,2.4790905595074135,0.24280109846995448,28.339311682020483,0.2878787878788352,0.7285353535353436,0.27146464646465646,0.0,1.0,PASS,CANCEL,,,clear,BTCUSDT|short|H:89160.0@20|SWH:89173.0,"v10_1_pass,weak_body_ratio,v11_quality_fail,r_abs_bps_low,r_abs_atr_low,body_ratio_low"
2026-01-02 10:25:00,CANCEL,SRR-1,short,bullish,upper_edge,H:89811.4@20,SWH:89900.0,89811.4,89914.63785714285,88533.6,103.23785714285623,11.494961345982384,0.705279851656651,12.377242567441343,0.7885791978245779,0.9184228416043541,0.08157715839564599,0.0,0.0,PASS,CANCEL,,,clear,BTCUSDT|short|H:89811.4@20|SWH:89900.0,"v10_1_pass,v11_quality_fail,r_abs_bps_low"
2026-01-02 17:25:00,CANCEL,SRR-1,short,bullish,upper_edge,H:90881.3@20,SWH:90945.1,90881.3,90983.62571428572,88401.2,102.32571428571828,11.259270530430163,0.2656036784337093,24.237309432064784,0.7155435150694237,0.945817812394176,0.05418218760582405,0.0,0.0,PASS,CANCEL,,,clear,BTCUSDT|short|H:90881.3@20|SWH:90945.1,"v10_1_pass,v11_quality_fail,r_abs_bps_low,r_abs_atr_low"
2026-01-03 04:10:00,CANCEL,SRR-1,short,bullish,upper_edge,H:90365.9@20,SWH:90456.0,90365.9,90463.09857142858,89850.0,97.19857142858382,10.75611170016387,1.369269470718625,5.307691177118269,0.8299198575244405,0.8299198575244405,0.17008014247555944,0.0,0.0,PASS,CANCEL,,,clear,BTCUSDT|short|H:90365.9@20|SWH:90456.0,"v10_1_pass,v11_quality_fail,r_abs_bps_low"
2026-01-03 07:40:00,CANCEL,SRR-1,long,bullish,lower_edge,L:89366.0@20,SWL:89261.2,89366.0,89249.34999999999,90456.0,116.65000000000873,13.053062686033696,0.9843881856540735,9.344192027431792,0.9073806078147382,0.9992764109985107,0.0007235890014893117,0.0,0.0,PASS,CANCEL,,,clear,BTCUSDT|long|L:89366.0@20|SWL:89261.2,"v10_1_pass,v11_quality_fail,r_abs_bps_low"
2026-01-03 21:10:00,CANCEL,SRR-1,short,bullish,upper_edge,H:90340.0@20,SWH:90384.1,90340.0,90389.52714285714,89866.5,49.52714285714319,5.482304943230373,0.9125822584891136,9.560414202890126,0.11719745222926228,0.8828025477707377,0.0,0.0,2.0,PASS,CANCEL,,,clear,BTCUSDT|short|H:90340.0@20|SWH:90384.1,"v10_1_pass,weak_body_ratio,body_not_aligned,v11_quality_fail,r_abs_bps_low,body_ratio_low"
2026-01-04 12:50:00,CANCEL,SRR-1,long,bullish,lower_edge,L:91057.2@20,SWL:91033.0,91057.2,91025.23285714285,91581.7,31.967142857145518,3.510666137015581,0.4115688798970385,16.40747195781246,0.7240259740259566,1.0,0.0,0.0,0.0,PASS,CANCEL,,,clear,BTCUSDT|long|L:91057.2@20|SWL:91033.0,"v10_1_pass,v11_quality_fail,r_abs_bps_low,r_abs_atr_low"
2026-01-04 12:55:00,CANCEL,SRR-1,long,bullish,lower_edge,L:91057.2@20,SWL:91033.0,91057.2,91025.04214285714,91581.7,32.15785714285448,3.5316105857476927,0.4041019657122038,16.31016636680795,0.2545155993432099,0.9983579638753485,0.0016420361246515338,0.0,1.0,PASS,CANCEL,,,clear,BTCUSDT|long|L:91057.2@20|SWL:91033.0,"v10_1_pass,weak_body_ratio,v11_quality_fail,r_abs_bps_low,r_abs_atr_low,body_ratio_low"
2026-01-05 06:35:00,CANCEL,SRR-1,long,bullish,lower_edge,L:92216.0@20,SWL:92102.0,92216.0,92092.0,93382.5,124.0,13.446690379109915,1.2399999999999742,9.40725806451613,0.24147414741478562,1.0,0.0,0.0,1.0,PASS,CANCEL,,,clear,BTCUSDT|long|L:92216.0@20|SWL:92102.0,"v10_1_pass,weak_body_ratio,v11_quality_fail,r_abs_bps_low,body_ratio_low"
2026-01-05 06:40:00,CANCEL,SRR-1,long,bullish,lower_edge,L:92216.0@20,SWL:92102.0,92216.0,92091.72857142857,93382.5,124.2714285714319,13.476124378788052,1.209874826147447,9.386711116220004,0.2621589561092393,0.6785290628707591,0.32147093712924096,0.0,1.0,PASS,CANCEL,,,clear,BTCUSDT|long|L:92216.0@20|SWL:92102.0,"v10_1_pass,weak_body_ratio,v11_quality_fail,r_abs_bps_low,body_ratio_low"
2026-01-05 09:55:00,CANCEL,SRR-1,short,bullish,upper_edge,H:92745.9@20,SWH:92828.0,92745.9,92839.38285714286,92102.0,93.48285714286612,10.07945980823585,0.8212600401607184,6.887893884286693,0.34229828850854527,0.6124694376528611,0.3875305623471389,0.0,0.0,PASS,CANCEL,,,clear,BTCUSDT|short|H:92745.9@20|SWH:92828.0,"v10_1_pass,v11_quality_fail,r_abs_bps_low"
2026-01-05 12:05:00,CANCEL,SRR-1,short,bullish,upper_edge,H:93131.8@20,SWH:93150.0,93131.8,93160.505,92292.0,28.705000000001746,3.0821910453788877,0.273250832936714,29.256227138127567,0.2219178082191382,0.9986301369862216,0.0013698630137783667,0.0,1.0,PASS,CANCEL,,,clear,BTCUSDT|short|H:93131.8@20|SWH:93150.0,"v10_1_pass,weak_body_ratio,v11_quality_fail,r_abs_bps_low,r_abs_atr_low,body_ratio_low"
2026-01-05 12:10:00,CANCEL,SRR-1,short,bullish,upper_edge,H:93131.8@20,SWH:93150.0,93131.8,93160.52785714285,92292.0,28.727857142846915,3.0846453244591983,0.2728746862065692,29.23294960094539,0.36835748792275713,0.6268115942029164,0.3731884057970836,0.0,0.0,PASS,CANCEL,,,clear,BTCUSDT|short|H:93131.8@20|SWH:93150.0,"v10_1_pass,v11_quality_fail,r_abs_bps_low,r_abs_atr_low"
2026-01-05 12:20:00,CANCEL,SRR-1,short,bullish,upper_edge,H:93150.0@20,SWH:93186.0,93150.0,93197.63214285714,92292.0,47.632142857139115,5.113488229429857,0.409487258213051,18.01304641223805,0.5242179616548723,0.8713420787083734,0.1286579212916265,0.0,0.0,PASS,CANCEL,,,clear,BTCUSDT|short|H:93150.0@20|SWH:93186.0,"v10_1_pass,v11_quality_fail,r_abs_bps_low,r_abs_atr_low"
2026-01-05 12:25:00,CANCEL,SRR-1,short,bullish,upper_edge,H:93150.0@20,SWH:93186.0,93150.0,93197.66571428571,92292.0,47.665714285714785,5.117092247527084,0.40859662013226433,18.000359647545217,0.48967551622428473,0.49041297935106404,0.509587020648936,0.0,2.0,PASS,CANCEL,,,clear,BTCUSDT|short|H:93150.0@20|SWH:93186.0,"v10_1_pass,weak_close_strength,opposite_wick_high,v11_quality_fail,r_abs_bps_low,r_abs_atr_low,close_strength_low"
2026-01-05 14:50:00,CANCEL,SRR-1,short,bullish,upper_edge,H:93307.9@20,SWH:93492.0,93307.9,93514.25785714286,92370.9,206.35785714286612,22.1157969628366,0.927123648149961,4.540655795583756,0.19957293035479537,0.5964191852825297,0.4035808147174703,0.0,2.0,PASS,CANCEL,,,clear,BTCUSDT|short|H:93307.9@20|SWH:93492.0,"v10_1_pass,weak_body_ratio,weak_close_strength,v11_quality_fail,close_strength_low,body_ratio_low"
2026-01-05 15:55:00,CANCEL,SRR-1,short,bullish,upper_edge,H:93931.6@20,SWH:93998.9,93931.6,94032.74285714285,92370.9,101.14285714284051,10.767713649383222,0.2988602785985166,15.430649717516777,0.02121433796636077,0.8332114118507432,0.14557425018289596,0.0,2.0,PASS,CANCEL,,,clear,BTCUSDT|short|H:93931.6@20|SWH:93998.9,"v10_1_pass,weak_body_ratio,body_not_aligned,v11_quality_fail,r_abs_bps_low,r_abs_atr_low,body_ratio_low"
2026-01-05 16:10:00,CANCEL,SRR-1,short,bullish,upper_edge,H:93998.9@20,SWH:94010.0,93998.9,94039.20428571428,92370.9,40.30428571428638,4.2877401452874855,0.13800812013892544,40.39272675716801,0.5614919354838307,0.74227150537631,0.25772849462369,0.0,0.0,PASS,CANCEL,,,clear,BTCUSDT|short|H:93998.9@20|SWH:94010.0,"v10_1_pass,v11_quality_fail,r_abs_bps_low,r_abs_atr_low"
2026-01-05 16:25:00,CANCEL,SRR-1,short,bullish,upper_edge,H:94010.0@20,SWH:94044.6,94010.0,94073.05571428571,92370.9,63.0557142857142,6.707341164313818,0.22159244942015116,25.99447200888116,0.3363979255068546,0.6440358321546538,0.3559641678453462,0.0,0.0,PASS,CANCEL,,,clear,BTCUSDT|short|H:94010.0@20|SWH:94044.6,"v10_1_pass,v11_quality_fail,r_abs_bps_low,r_abs_atr_low"
2026-01-05 20:10:00,CANCEL,SRR-1,short,bullish,upper_edge,H:94475.7@20,SWH:94488.1,94475.7,94503.73071428572,93114.5,28.030714285720023,2.9669760886365513,0.17933098752459772,48.5610172514743,0.5562165377751146,1.0,0.0,0.0,0.0,PASS,CANCEL,,,clear,BTCUSDT|short|H:94475.7@20|SWH:94488.1,"v10_1_pass,v11_quality_fail,r_abs_bps_low,r_abs_atr_low"
2026-01-06 00:20:00,CANCEL,SRR-1,long,bullish,lower_edge,L:93670.9@20,SWL:93644.3,93670.9,93632.645,94760.3,38.254999999990105,4.083979122650696,0.32822822822814096,28.477323225729723,0.16081081081073215,0.6432432432431252,0.35675675675687474,0.0,1.0,PASS,CANCEL,,,clear,BTCUSDT|long|L:93670.9@20|SWL:93644.3,"v10_1_pass,weak_body_ratio,v11_quality_fail,r_abs_bps_low,r_abs_atr_low,body_ratio_low"
2026-01-06 07:35:00,CANCEL,SRR-1,long,bullish,lower_edge,L:93276.0@20,SWL:93250.0,93276.0,93239.44571428571,93966.4,36.55428571428638,3.9189379598488765,0.34634542501354043,18.88697827106406,0.015432098765431406,0.8641975308641587,0.1358024691358413,0.0,1.0,PASS,CANCEL,,,clear,BTCUSDT|long|L:93276.0@20|SWL:93250.0,"v10_1_pass,weak_body_ratio,v11_quality_fail,r_abs_bps_low,r_abs_atr_low,body_ratio_low"
2026-01-06 07:55:00,CANCEL,SRR-1,long,bullish,lower_edge,L:93160.5@20,SWL:93088.0,93160.5,93076.04571428572,93966.4,84.45428571428056,9.065460760116203,0.7064770554492791,9.54244054264404,0.3988764044943575,0.7827715355804894,0.2172284644195106,0.0,0.0,PASS,CANCEL,,,clear,BTCUSDT|long|L:93160.5@20|SWL:93088.0,"v10_1_pass,v11_quality_fail,r_abs_bps_low"
2026-01-06 15:50:00,CANCEL,SRR-1,long,bullish,lower_edge,L:93300.1@20,SWL:93292.0,93300.1,93258.48357142857,94415.4,41.61642857143306,4.46049131473954,0.1241672527332153,26.799512555134736,0.2992474546259742,0.9406817175741721,0.05931828242582791,0.0,1.0,PASS,CANCEL,,,clear,BTCUSDT|long|L:93300.1@20|SWL:93292.0,"v10_1_pass,weak_body_ratio,v11_quality_fail,r_abs_bps_low,r_abs_atr_low,body_ratio_low"
2026-01-06 15:55:00,CANCEL,SRR-1,long,bullish,lower_edge,L:93300.1@20,SWL:93292.0,93300.1,93259.26357142857,94415.4,40.836428571434226,4.376890118170744,0.12474307782943468,27.31139913592149,0.24022346368715083,0.6223463687150513,0.1374301675977979,0.0,2.0,PASS,CANCEL,,,clear,BTCUSDT|long|L:93300.1@20|SWL:93292.0,"v10_1_pass,weak_body_ratio,body_not_aligned,v11_quality_fail,r_abs_bps_low,r_abs_atr_low,body_ratio_low"
2026-01-06 16:50:00,CANCEL,SRR-1,long,bullish,lower_edge,L:92346.3@20,SWL:92280.4,92346.3,92255.78714285714,94415.4,90.51285714286496,9.801460063138963,0.36774624180164656,22.859735791282514,0.16336825766390906,0.7574699262708685,0.07916181606522239,0.0,2.0,PASS,CANCEL,,,clear,BTCUSDT|long|L:92346.3@20|SWL:92280.4,"v10_1_pass,weak_body_ratio,body_not_aligned,v11_quality_fail,r_abs_bps_low,r_abs_atr_low,body_ratio_low"
2026-01-06 16:55:00,CANCEL,SRR-1,long,bullish,lower_edge,L:92346.3@20,SWL:92280.4,92346.3,92255.965,94415.4,90.3350000000064,9.782200261408025,0.3696951094741418,22.904743454916087,0.40313504823145974,0.6487138263665285,0.3512861736334715,0.0,0.0,PASS,CANCEL,,,clear,BTCUSDT|long|L:92346.3@20|SWL:92280.4,"v10_1_pass,v11_quality_fail,r_abs_bps_low,r_abs_atr_low"
2026-01-06 18:05:00,CANCEL,SRR-1,long,bearish,lower_edge,L:91480.2@20,SWL:91209.0,91480.2,91180.6107142857,94415.4,299.5892857142899,32.74908512599337,1.0552899735815895,9.797413125111614,0.23388937664617576,0.8282704126426639,0.1717295873573361,0.0,1.0,PASS,CANCEL,,,clear,BTCUSDT|long|L:91480.2@20|SWL:91209.0,"v10_1_pass,weak_body_ratio,v11_quality_fail,body_ratio_low"
2026-01-07 02:10:00,CANCEL,SRR-1,long,bearish,lower_edge,L:92293.8@20,SWL:92202.9,92293.8,92184.39428571428,93825.0,109.40571428572002,11.854069751783978,0.5911996294581128,13.995612660607199,0.5990453460620366,0.5990453460620366,0.40095465393796337,0.0,1.0,PASS,CANCEL,,,clear,BTCUSDT|long|L:92293.8@20|SWL:92202.9,"v10_1_pass,weak_close_strength,v11_quality_fail,r_abs_bps_low,r_abs_atr_low,close_strength_low"
2026-01-07 09:50:00,CANCEL,SRR-1,long,bearish,lower_edge,L:91615.7@20,SWL:91551.3,91615.7,91536.18214285714,92928.0,79.51785714285506,8.67950112730188,0.5259862981337011,16.50321131821291,0.13319946452482936,0.866131191432391,0.0006693440427796034,0.0,2.0,PASS,CANCEL,,,clear,BTCUSDT|long|L:91615.7@20|SWL:91551.3,"v10_1_pass,weak_body_ratio,body_not_aligned,v11_quality_fail,r_abs_bps_low,r_abs_atr_low,body_ratio_low"
2026-01-07 09:55:00,CANCEL,SRR-1,long,bearish,lower_edge,L:91615.7@20,SWL:91551.3,91615.7,91535.93571428572,92928.0,79.76428571427823,8.706399199512555,0.519153881915343,16.452225306708844,0.3799705449188597,0.8880706921943082,0.11192930780569178,0.0,0.0,PASS,CANCEL,,,clear,BTCUSDT|long|L:91615.7@20|SWL:91551.3,"v10_1_pass,v11_quality_fail,r_abs_bps_low,r_abs_atr_low"
2026-01-07 10:05:00,CANCEL,SRR-1,long,bearish,lower_edge,L:91551.3@20,SWL:91549.9,91551.3,91533.90285714285,92928.0,17.397142857153085,1.9002616955906781,0.10875156277913275,79.13368369185675,0.15451745379879553,0.7813141683778715,0.2186858316221285,0.0,1.0,PASS,CANCEL,,,clear,BTCUSDT|long|L:91551.3@20|SWL:91549.9,"v10_1_pass,weak_body_ratio,v11_quality_fail,r_abs_bps_low,r_abs_atr_low,body_ratio_low"
2026-01-07 10:10:00,CANCEL,SRR-1,long,bearish,lower_edge,L:91551.3@20,SWL:91549.9,91551.3,91533.43714285713,92928.0,17.86285714287078,1.951130911616851,0.10850399166964325,77.07053742796403,0.5333333333333873,0.7370370370370909,0.26296296296290905,0.0,0.0,PASS,CANCEL,,,clear,BTCUSDT|long|L:91551.3@20|SWL:91549.9,"v10_1_pass,v11_quality_fail,r_abs_bps_low,r_abs_atr_low"
2026-01-07 14:35:00,CANCEL,SRR-1,long,bearish,lower_edge,L:91456.2@20,SWL:91321.2,91456.2,91305.52785714285,92249.3,150.67214285714726,16.474787150258514,0.9614010300351261,5.263746734868876,0.25420457678521596,0.7948717948718093,0.20512820512819072,0.0,1.0,PASS,CANCEL,,,clear,BTCUSDT|long|L:91456.2@20|SWL:91321.2,"v10_1_pass,weak_body_ratio,v11_quality_fail,r_abs_bps_low,body_ratio_low"
2026-01-07 14:40:00,CANCEL,SRR-1,long,bearish,lower_edge,L:91456.2@20,SWL:91321.2,91456.2,91304.20857142856,92249.3,151.99142857143306,16.619040433719427,0.8945182444930525,5.218057409252285,0.3627656390302154,0.661777910805154,0.3382220891948459,0.0,0.0,PASS,CANCEL,,,clear,BTCUSDT|long|L:91456.2@20|SWL:91321.2,"v10_1_pass,v11_quality_fail,r_abs_bps_low"
2026-01-07 19:20:00,CANCEL,SRR-1,long,bearish,lower_edge,L:90700.0@20,SWL:90634.1,90700.0,90614.47285714286,92108.1,85.52714285714319,9.42967396440388,0.43575951670427604,16.463779251365484,0.3659101435850029,0.932839277443259,0.06716072255674105,0.0,0.0,PASS,CANCEL,,,clear,BTCUSDT|long|L:90700.0@20|SWL:90634.1,"v10_1_pass,v11_quality_fail,r_abs_bps_low,r_abs_atr_low"
2026-01-08 00:05:00,CANCEL,SRR-1,short,bearish,upper_edge,H:91462.1@20,SWH:91524.1,91462.1,91539.43142857144,90634.1,77.33142857142957,8.455024384026778,0.5043980618710443,10.70716027488348,0.14234234234234233,0.8486486486486486,0.15135135135135136,0.0,1.0,PASS,CANCEL,,,clear,BTCUSDT|short|H:91462.1@20|SWH:91524.1,"v10_1_pass,weak_body_ratio,v11_quality_fail,r_abs_bps_low,r_abs_atr_low,body_ratio_low"
2026-01-08 00:10:00,CANCEL,SRR-1,short,bearish,upper_edge,H:91462.1@20,SWH:91524.1,91462.1,91539.58928571429,90634.1,77.48928571428405,8.472283679719146,0.5002766889554885,10.685348204821173,0.32933478735003324,0.6041439476553537,0.39585605234464627,0.0,0.0,PASS,CANCEL,,,clear,BTCUSDT|short|H:91462.1@20|SWH:91524.1,"v10_1_pass,v11_quality_fail,r_abs_bps_low,r_abs_atr_low"
2026-01-08 02:50:00,CANCEL,SRR-1,long,bearish,lower_edge,L:90830.0@20,SWL:90713.7,90830.0,90699.83428571429,91666.0,130.16571428571478,14.33069627718978,0.9387595301875039,6.4225822029061606,0.12630480167012711,0.8977035490605155,0.10229645093948447,0.0,1.0,PASS,CANCEL,,,clear,BTCUSDT|long|L:90830.0@20|SWL:90713.7,"v10_1_pass,weak_body_ratio,v11_quality_fail,r_abs_bps_low,body_ratio_low"
2026-01-08 02:55:00,CANCEL,SRR-1,long,bearish,lower_edge,L:90830.0@20,SWL:90713.7,90830.0,90699.41571428571,91666.0,130.58428571428522,14.376779226498426,0.9141814181418028,6.401995427146148,0.5754310344829249,0.5765086206897275,0.42349137931027253,0.0,1.0,PASS,CANCEL,,,clear,BTCUSDT|long|L:90830.0@20|SWL:90713.7,"v10_1_pass,weak_close_strength,v11_quality_fail,r_abs_bps_low,close_strength_low"
2026-01-08 03:50:00,CANCEL,SRR-1,long,bearish,lower_edge,L:90700.0@20,SWL:90555.1,90700.0,90542.29071428571,91666.0,157.70928571428522,17.38801386045041,1.2312106172977235,6.125194186409915,0.17652173913039682,0.770434782608683,0.05304347826092018,0.0,2.0,PASS,CANCEL,,,clear,BTCUSDT|long|L:90700.0@20|SWL:90555.1,"v10_1_pass,weak_body_ratio,body_not_aligned,v11_quality_fail,r_abs_bps_low,body_ratio_low"
2026-01-08 07:05:00,CANCEL,SRR-1,long,bearish,lower_edge,L:89828.4@20,SWL:89588.1,89828.4,89567.47357142858,91440.5,260.9264285714162,29.047208741491133,1.2650102157425802,6.178369929126479,0.004107830552004674,0.6611039794608472,0.33889602053915274,0.0,2.0,PASS,CANCEL,,,clear,BTCUSDT|long|L:89828.4@20|SWL:89588.1,"v10_1_pass,weak_body_ratio,weak_retest,v11_quality_fail,body_ratio_low"
2026-01-08 14:50:00,CANCEL,SRR-1,long,bearish,lower_edge,L:89300.0@20,SWL:89242.0,89300.0,89216.675,90466.0,83.32499999999709,9.330907054870895,0.329022704837106,13.993399339934482,0.6645036587049579,0.8688388789175762,0.1311611210824239,0.0,0.0,PASS,CANCEL,,,clear,BTCUSDT|long|L:89300.0@20|SWL:89242.0,"v10_1_pass,v11_quality_fail,r_abs_bps_low,r_abs_atr_low"
2026-01-08 15:20:00,CANCEL,SRR-1,short,bearish,upper_edge,H:90466.0@20,SWH:90488.0,90466.0,90520.33785714286,89242.0,54.33785714286205,6.006439672679465,0.16803171868444228,22.525731862813945,0.3214424195424994,0.5211322217913812,0.15742535866611937,0.0,2.0,PASS,CANCEL,,,clear,BTCUSDT|short|H:90466.0@20|SWH:90488.0,"v10_1_pass,weak_close_strength,body_not_aligned,v11_quality_fail,r_abs_bps_low,r_abs_atr_low,close_strength_low"
2026-01-08 15:35:00,CANCEL,SRR-1,short,bearish,upper_edge,H:90600.0@20,SWH:90648.4,90600.0,90683.73285714285,89242.0,83.73285714285157,9.242037212235273,0.2369829782072395,16.218245099211153,0.46110210696923937,0.896272285251246,0.10372771474875396,0.0,0.0,PASS,CANCEL,,,clear,BTCUSDT|short|H:90600.0@20|SWH:90648.4,"v10_1_pass,v11_quality_fail,r_abs_bps_low,r_abs_atr_low"
2026-01-08 16:05:00,CANCEL,SRR-1,short,bearish,upper_edge,H:90790.0@20,SWH:90868.0,90790.0,90894.45785714286,89242.0,104.45785714285739,11.505436407408018,0.39480845549526544,14.819373499907652,0.45525291828793774,0.9922178988326849,0.007782101167315175,0.0,0.0,PASS,CANCEL,,,clear,BTCUSDT|short|H:90790.0@20|SWH:90868.0,"v10_1_pass,v11_quality_fail,r_abs_bps_low,r_abs_atr_low"
2026-01-08 17:50:00,CANCEL,SRR-1,short,bearish,upper_edge,H:91222.0@20,SWH:91325.0,91222.0,91344.37357142857,89242.0,122.37357142857218,13.414918706953605,0.6316521033808976,16.179964161262546,0.2003329633740644,0.7391786903440579,0.060488346281877665,0.0,2.0,PASS,CANCEL,,,clear,BTCUSDT|short|H:91222.0@20|SWH:91325.0,"v10_1_pass,weak_body_ratio,body_not_aligned,v11_quality_fail,r_abs_bps_low,r_abs_atr_low,body_ratio_low"
2026-01-08 18:05:00,CANCEL,SRR-1,short,bearish,upper_edge,H:91400.0@20,SWH:91425.1,91400.0,91442.74071428573,89242.0,42.740714285726426,4.676226945921928,0.24228448799456093,50.49049918945037,0.10194174757288804,0.8300970873786545,0.16990291262134552,0.0,1.0,PASS,CANCEL,,,clear,BTCUSDT|short|H:91400.0@20|SWH:91425.1,"v10_1_pass,weak_body_ratio,v11_quality_fail,r_abs_bps_low,r_abs_atr_low,body_ratio_low"
2026-01-09 01:35:00,CANCEL,SRR-1,short,bullish,upper_edge,H:91500.0@20,SWH:91600.0,91500.0,91614.28357142858,90545.7,114.28357142857567,12.490007806401714,0.8001050157523879,8.350281567779112,0.7101079489695837,1.0,0.0,0.0,0.0,PASS,CANCEL,,,clear,BTCUSDT|short|H:91500.0@20|SWH:91600.0,"v10_1_pass,v11_quality_fail,r_abs_bps_low"
2026-01-09 01:40:00,CANCEL,SRR-1,short,bullish,upper_edge,H:91500.0@20,SWH:91600.0,91500.0,91615.93714285715,90545.7,115.93714285714668,12.670725995316579,0.7274650412334372,8.231184385627433,0.5445932701731521,0.597517151257757,0.40248284874224305,0.0,1.0,PASS,CANCEL,,,clear,BTCUSDT|short|H:91500.0@20|SWH:91600.0,"v10_1_pass,weak_close_strength,v11_quality_fail,r_abs_bps_low,close_strength_low"
2026-01-09 13:35:00,CANCEL,SRR-1,short,bearish,upper_edge,H:90689.1@20,SWH:91000.0,90689.1,91013.38785714285,89632.8,324.2878571428446,35.75819554310767,2.4222536413593243,3.2572912513795313,0.08513244526107078,0.6035829122645745,0.3112846424743548,0.0,2.0,PASS,CANCEL,,,clear,BTCUSDT|short|H:90689.1@20|SWH:91000.0,"v10_1_pass,weak_body_ratio,body_not_aligned,v11_quality_fail,body_ratio_low"
2026-01-09 13:40:00,CANCEL,SRR-1,short,bearish,upper_edge,H:90689.1@20,SWH:91000.0,90689.1,91013.84785714286,89632.8,324.747857142851,35.8089182870765,2.345112704389463,3.252677351879661,0.03478773584902109,1.0,0.0,0.0,1.0,PASS,CANCEL,,,clear,BTCUSDT|short|H:90689.1@20|SWH:91000.0,"v10_1_pass,weak_body_ratio,v11_quality_fail,body_ratio_low"
2026-01-09 21:10:00,CANCEL,SRR-1,long,bearish,lower_edge,L:90145.0@20,SWL:90082.6,90145.0,90067.77071428573,91749.9,77.22928571427474,8.567228988216177,0.5207889793361946,20.78097686851131,0.46580523164200544,0.9335014182162242,0.06649858178377574,0.0,0.0,PASS,CANCEL,,,clear,BTCUSDT|long|L:90145.0@20|SWL:90082.6,"v10_1_pass,v11_quality_fail,r_abs_bps_low,r_abs_atr_low"
2026-01-10 01:50:00,CANCEL,SRR-1,short,bearish,upper_edge,H:90693.0@20,SWH:90701.0,90693.0,90705.51214285714,90082.6,12.512142857143772,1.3796150592817276,0.27729935095776104,48.78460923673742,0.15476190476222443,0.8095238095240158,0.19047619047598424,0.0,1.0,PASS,CANCEL,,,clear,BTCUSDT|short|H:90693.0@20|SWH:90701.0,"v10_1_pass,weak_body_ratio,v11_quality_fail,r_abs_bps_low,r_abs_atr_low,body_ratio_low"
2026-01-10 01:55:00,CANCEL,SRR-1,short,bearish,upper_edge,H:90693.0@20,SWH:90704.0,90693.0,90708.62571428572,90082.6,15.625714285721187,1.722923961686259,0.3378011117975671,39.063814225617776,0.5662499999998545,0.7737499999999272,0.22625000000007275,0.0,0.0,PASS,CANCEL,,,clear,BTCUSDT|short|H:90693.0@20|SWH:90704.0,"v10_1_pass,v11_quality_fail,r_abs_bps_low,r_abs_atr_low"
2026-01-10 02:10:00,CANCEL,SRR-1,short,bearish,upper_edge,H:90704.0@20,SWH:90709.1,90704.0,90713.44714285714,90082.6,9.447142857141444,1.0415354181889933,0.21731843575416054,65.77650083170437,0.9727272727270081,0.9727272727270081,0.02727272727299185,0.0,0.0,PASS,CANCEL,,,clear,BTCUSDT|short|H:90704.0@20|SWH:90709.1,"v10_1_pass,v11_quality_fail,r_abs_bps_low,r_abs_atr_low"
2026-01-10 04:20:00,CANCEL,SRR-1,long,bearish,lower_edge,L:90474.4@20,SWL:90472.5,90474.4,90468.845,90748.6,5.554999999993015,0.613985834666272,0.15198358413113672,49.36093609367352,0.0036231884060072346,0.9927536231879855,0.0036231884060072346,0.0,2.0,PASS,CANCEL,,,clear,BTCUSDT|long|L:90474.4@20|SWL:90472.5,"v10_1_pass,weak_body_ratio,body_not_aligned,v11_quality_fail,r_abs_bps_low,r_abs_atr_low,body_ratio_low"
2026-01-10 08:10:00,CANCEL,SRR-1,short,bearish,upper_edge,H:90656.4@20,SWH:90710.0,90656.4,90714.71285714286,90351.6,58.31285714286787,6.432293488696647,1.2373143376783062,5.226977632963879,0.7313943541488815,1.0,0.0,0.0,0.0,PASS,CANCEL,,,clear,BTCUSDT|short|H:90656.4@20|SWH:90710.0,"v10_1_pass,v11_quality_fail,r_abs_bps_low"
2026-01-10 10:25:00,CANCEL,SRR-1,short,bearish,upper_edge,H:90730.0@20,SWH:90765.0,90730.0,90769.58071428571,90432.4,39.58071428570838,4.362472642533714,0.8640729767658114,7.518813274864568,0.759358288770016,1.0,0.0,0.0,0.0,PASS,CANCEL,,,clear,BTCUSDT|short|H:90730.0@20|SWH:90765.0,"v10_1_pass,v11_quality_fail,r_abs_bps_low"
2026-01-10 10:55:00,CANCEL,SRR-1,short,bearish,upper_edge,H:90779.2@20,SWH:90800.0,90779.2,90803.71142857143,90432.4,24.511428571437136,2.700115067266195,0.6604311008470286,14.148502156423664,0.3442622950820715,0.8087431693989375,0.19125683060106247,0.0,0.0,PASS,CANCEL,,,clear,BTCUSDT|short|H:90779.2@20|SWH:90800.0,"v10_1_pass,v11_quality_fail,r_abs_bps_low,r_abs_atr_low"
2026-01-10 18:10:00,CANCEL,SRR-1,long,bearish,lower_edge,L:90494.0@20,SWL:90450.0,90494.0,90446.64928571429,90727.1,47.350714285712456,5.232470029583449,1.4131528458750078,4.922840204552967,0.39692701664529695,0.6017925736235147,0.0012804097311883908,0.0,2.0,PASS,CANCEL,,,clear,BTCUSDT|long|L:90494.0@20|SWL:90450.0,"v10_1_pass,body_not_aligned,weak_retest,v11_quality_fail,r_abs_bps_low"
2026-01-10 22:20:00,CANCEL,SRR-1,long,bearish,lower_edge,L:90363.9@20,SWL:90358.5,90363.9,90355.12785714286,90708.0,8.772142857138533,0.9707574437511588,0.2601355644989154,39.226447357727025,0.334710743801633,0.6446280991735711,0.3553719008264289,0.0,0.0,PASS,CANCEL,,,clear,BTCUSDT|long|L:90363.9@20|SWL:90358.5,"v10_1_pass,v11_quality_fail,r_abs_bps_low,r_abs_atr_low"
2026-01-11 04:20:00,CANCEL,SRR-1,short,bullish,upper_edge,H:90699.9@20,SWH:90714.9,90699.9,90718.17142857143,90410.6,18.271428571431898,2.0144926919910495,0.5585152838429142,15.833463643467942,0.2836185819072731,1.0,0.0,0.0,1.0,PASS,CANCEL,,,clear,BTCUSDT|short|H:90699.9@20|SWH:90714.9,"v10_1_pass,weak_body_ratio,v11_quality_fail,r_abs_bps_low,r_abs_atr_low,body_ratio_low"
2026-01-11 04:40:00,CANCEL,SRR-1,short,bullish,upper_edge,H:90714.9@20,SWH:90740.0,90714.9,90742.60428571429,90410.6,27.70428571429511,3.0539950674360123,1.0637959407572954,10.983860155722148,0.08132530120473874,0.9186746987952612,0.0,0.0,2.0,PASS,CANCEL,,,clear,BTCUSDT|short|H:90714.9@20|SWH:90740.0,"v10_1_pass,weak_body_ratio,body_not_aligned,v11_quality_fail,r_abs_bps_low,body_ratio_low"
2026-01-11 05:50:00,CANCEL,SRR-1,short,bullish,upper_edge,H:90778.7@20,SWH:90818.0,90778.7,90820.01857142858,90519.2,41.31857142857916,4.551571175680987,2.046921443736966,6.28046883103295,0.22896281800383086,0.9980430528374598,0.0019569471625403008,0.0,1.0,PASS,CANCEL,,,clear,BTCUSDT|short|H:90778.7@20|SWH:90818.0,"v10_1_pass,weak_body_ratio,v11_quality_fail,r_abs_bps_low,body_ratio_low"
2026-01-11 05:55:00,CANCEL,SRR-1,short,bullish,upper_edge,H:90778.7@20,SWH:90818.0,90778.7,90820.34071428572,90519.2,41.640714285720605,4.587057788415191,1.778974671956264,6.231881571949583,0.8087986463622668,0.8747884940779141,0.12521150592208583,0.0,0.0,PASS,CANCEL,,,clear,BTCUSDT|short|H:90778.7@20|SWH:90818.0,"v10_1_pass,v11_quality_fail,r_abs_bps_low"
2026-01-11 12:35:00,CANCEL,SRR-1,short,bullish,upper_edge,H:90829.9@20,SWH:90844.6,90829.9,90848.26714285715,90555.0,18.36714285715425,2.0221472067187403,0.5008570315546883,14.966944077146813,0.7630522088352224,1.0,0.0,0.0,0.0,PASS,CANCEL,,,clear,BTCUSDT|short|H:90829.9@20|SWH:90844.6,"v10_1_pass,v11_quality_fail,r_abs_bps_low,r_abs_atr_low"
2026-01-11 19:50:00,CANCEL,SRR-1,long,bullish,lower_edge,L:90650.0@20,SWL:90609.5,90650.0,90604.16285714286,91252.5,45.83714285714086,5.056496729965897,0.8588329764453453,13.14436202705287,0.36512455516016307,0.5900355871885706,0.04483985765126627,0.0,2.0,PASS,CANCEL,,,clear,BTCUSDT|long|L:90650.0@20|SWL:90609.5,"v10_1_pass,weak_close_strength,body_not_aligned,v11_quality_fail,r_abs_bps_low,close_strength_low"
2026-01-11 19:55:00,CANCEL,SRR-1,long,bullish,lower_edge,L:90650.0@20,SWL:90609.5,90650.0,90604.00285714286,91252.5,45.997142857144354,5.074147033330871,0.8367463617463669,13.09863966705964,0.18864468864472184,0.6739926739926554,0.32600732600734456,0.0,1.0,PASS,CANCEL,,,clear,BTCUSDT|long|L:90650.0@20|SWL:90609.5,"v10_1_pass,weak_body_ratio,v11_quality_fail,r_abs_bps_low,body_ratio_low"
2026-01-12 02:20:00,CANCEL,SRR-1,short,bullish,upper_edge,H:91770.0@20,SWH:91920.0,91770.0,91937.74428571429,90175.3,167.7442857142887,18.278771462818863,0.9453425650108811,9.506732185895011,0.078125,0.9214285714285454,0.000446428571454557,0.0,2.0,PASS,CANCEL,,,clear,BTCUSDT|short|H:91770.0@20|SWH:91920.0,"v10_1_pass,weak_body_ratio,body_not_aligned,v11_quality_fail,r_abs_bps_low,body_ratio_low"
2026-01-12 02:25:00,CANCEL,SRR-1,short,bullish,upper_edge,H:91770.0@20,SWH:91920.0,91770.0,91937.7,90175.3,167.6999999999971,18.27394573389965,0.9474576271186276,9.509242695289355,0.33519900497520294,0.5609452736318633,0.4390547263681367,0.0,1.0,PASS,CANCEL,,,clear,BTCUSDT|short|H:91770.0@20|SWH:91920.0,"v10_1_pass,weak_close_strength,v11_quality_fail,r_abs_bps_low,close_strength_low"
2026-01-12 03:25:00,CANCEL,SRR-1,short,bullish,upper_edge,H:92450.0@20,SWH:92488.0,92450.0,92506.24785714285,90175.3,56.24785714285099,6.084138144169929,0.30824362938893596,40.440651707371,0.0028985507247009505,0.5673913043478471,0.4326086956521528,0.0,2.0,PASS,CANCEL,,,clear,BTCUSDT|short|H:92450.0@20|SWH:92488.0,"v10_1_pass,weak_body_ratio,weak_close_strength,v11_quality_fail,r_abs_bps_low,r_abs_atr_low,close_strength_low,body_ratio_low"
2026-01-12 08:10:00,CANCEL,SRR-1,long,bullish,lower_edge,L:91342.0@20,SWL:91300.0,91342.0,91285.96571428572,92488.0,56.034285714282305,6.134558660231034,0.3992671009771738,20.451764225985336,0.9349213100808059,0.9349213100808059,0.06507868991919409,0.0,0.0,PASS,CANCEL,,,clear,BTCUSDT|long|L:91342.0@20|SWL:91300.0,"v10_1_pass,v11_quality_fail,r_abs_bps_low,r_abs_atr_low"
2026-01-12 08:50:00,CANCEL,SRR-1,long,bullish,lower_edge,L:90451.0@20,SWL:90341.3,90451.0,90321.62857142858,92245.1,129.37142857142317,14.302929605136832,0.6576615831517448,13.867822438163168,0.3246387028551012,0.9531194924215614,0.04688050757843865,0.0,0.0,PASS,CANCEL,,,clear,BTCUSDT|long|L:90451.0@20|SWL:90341.3,"v10_1_pass,v11_quality_fail,r_abs_bps_low,r_abs_atr_low"
2026-01-12 08:55:00,CANCEL,SRR-1,long,bullish,lower_edge,L:90451.0@20,SWL:90341.3,90451.0,90320.39214285715,92245.1,130.60785714285157,14.439625558904995,0.624683133476786,13.736539586877377,0.3523099850968617,0.9508196721311475,0.04918032786885246,0.0,0.0,PASS,CANCEL,,,clear,BTCUSDT|long|L:90451.0@20|SWL:90341.3,"v10_1_pass,v11_quality_fail,r_abs_bps_low,r_abs_atr_low"
2026-01-12 15:55:00,CANCEL,SRR-1,short,bearish,upper_edge,H:91543.0@20,SWH:91575.5,91543.0,91598.425,90066.0,55.42500000000291,6.054531750106825,0.24176663031626022,26.648624267026115,0.3094594594594791,0.6060810810810614,0.08445945945945946,0.0,1.0,PASS,CANCEL,,,clear,BTCUSDT|short|H:91543.0@20|SWH:91575.5,"v10_1_pass,body_not_aligned,v11_quality_fail,r_abs_bps_low,r_abs_atr_low"
2026-01-12 16:35:00,CANCEL,SRR-1,short,bearish,upper_edge,H:92185.3@20,SWH:92299.0,92185.3,92321.24357142857,90066.0,135.9435714285646,14.746773230500372,0.6111589223210212,15.58955659123351,0.5655172413793377,0.9689655172413976,0.031034482758602443,0.0,0.0,PASS,CANCEL,,,clear,BTCUSDT|short|H:92185.3@20|SWH:92299.0,"v10_1_pass,v11_quality_fail,r_abs_bps_low,r_abs_atr_low"
2026-01-13 04:25:00,CANCEL,SRR-1,short,bullish,upper_edge,H:91524.5@20,SWH:91621.0,91524.5,91629.31571428571,91011.0,104.81571428570896,11.452202884004716,1.2604535303211581,4.899074566245768,0.07925531914890521,1.0,0.0,0.0,1.0,PASS,CANCEL,,,clear,BTCUSDT|short|H:91524.5@20|SWH:91621.0,"v10_1_pass,weak_body_ratio,v11_quality_fail,r_abs_bps_low,body_ratio_low"
2026-01-13 18:50:00,CANCEL,SRR-1,short,bullish,upper_edge,H:93707.0@20,SWH:93840.7,93707.0,93859.38642857142,91700.6,152.38642857142258,16.26201122343289,0.8154925270440349,13.166526827942599,0.14770133681122707,0.7342680143462642,0.11803064884250875,0.0,2.0,PASS,CANCEL,,,clear,BTCUSDT|short|H:93707.0@20|SWH:93840.7,"v10_1_pass,weak_body_ratio,body_not_aligned,v11_quality_fail,r_abs_bps_low,body_ratio_low"
2026-01-13 18:55:00,CANCEL,SRR-1,short,bullish,upper_edge,H:93707.0@20,SWH:93840.7,93707.0,93858.68285714285,91700.6,151.68285714284866,16.18692916674834,0.8434858595487227,13.227598937633733,0.4595931830675863,0.4595931830675863,0.5404068169324138,0.0,2.0,PASS,CANCEL,,,clear,BTCUSDT|short|H:93707.0@20|SWH:93840.7,"v10_1_pass,weak_close_strength,opposite_wick_high,v11_quality_fail,r_abs_bps_low,close_strength_low"
2026-01-13 21:20:00,CANCEL,SRR-1,short,bullish,upper_edge,H:94462.7@20,SWH:94478.3,94462.7,94495.24285714286,93009.8,32.542857142863795,3.4450483781284884,0.19207419898823488,44.645741878831785,0.06838905775075685,0.8338399189462945,0.16616008105370547,0.0,1.0,PASS,CANCEL,,,clear,BTCUSDT|short|H:94462.7@20|SWH:94478.3,"v10_1_pass,weak_body_ratio,v11_quality_fail,r_abs_bps_low,r_abs_atr_low,body_ratio_low"
2026-01-14 06:40:00,CANCEL,SRR-1,long,bullish,lower_edge,L:94559.5@20,SWL:94413.4,94559.5,94397.34642857143,95755.0,162.153571428571,17.148311002973895,1.0100778642936634,7.372640574411402,0.29849585062241724,0.8309128630705496,0.1690871369294505,0.0,1.0,PASS,CANCEL,,,clear,BTCUSDT|long|L:94559.5@20|SWL:94413.4,"v10_1_pass,weak_body_ratio,v11_quality_fail,r_abs_bps_low,body_ratio_low"
2026-01-14 12:05:00,CANCEL,SRR-1,long,bullish,lower_edge,L:94700.0@20,SWL:94643.0,94700.0,94632.84928571428,95288.0,67.15071428571537,7.090888520138899,0.6615368376609747,8.756422120815508,0.2312101910828211,1.0,0.0,0.0,1.0,PASS,CANCEL,,,clear,BTCUSDT|long|L:94700.0@20|SWL:94643.0,"v10_1_pass,weak_body_ratio,v11_quality_fail,r_abs_bps_low,r_abs_atr_low,body_ratio_low"
2026-01-14 12:10:00,CANCEL,SRR-1,long,bullish,lower_edge,L:94700.0@20,SWL:94643.0,94700.0,94632.445,95288.0,67.55499999999302,7.133579725448048,0.6400284225484839,8.704018947525139,0.640478223740361,0.6413321947053978,0.3586678052946021,0.0,0.0,PASS,CANCEL,,,clear,BTCUSDT|long|L:94700.0@20|SWL:94643.0,"v10_1_pass,v11_quality_fail,r_abs_bps_low,r_abs_atr_low"
2026-01-14 16:35:00,CANCEL,SRR-1,short,bullish,upper_edge,H:97438.6@20,SWH:97450.0,97438.6,97479.02857142857,94643.0,40.42857142856519,4.149133036452206,0.1392716535432861,69.14911660778466,0.2689977973568624,0.9832048458150019,0.01679515418499812,0.0,1.0,PASS,CANCEL,,,clear,BTCUSDT|short|H:97438.6@20|SWH:97450.0,"v10_1_pass,weak_body_ratio,v11_quality_fail,r_abs_bps_low,r_abs_atr_low,body_ratio_low"
2026-01-14 16:50:00,CANCEL,SRR-1,short,bullish,upper_edge,H:97496.9@20,SWH:97667.7,97496.9,97695.73071428572,94643.0,198.83071428572293,20.393542182953812,0.7093316005402592,14.353416222701357,0.065231572080889,0.7609262883235798,0.23907371167642025,0.0,1.0,PASS,CANCEL,,,clear,BTCUSDT|short|H:97496.9@20|SWH:97667.7,"v10_1_pass,weak_body_ratio,v11_quality_fail,r_abs_bps_low,body_ratio_low"
2026-01-14 17:20:00,CANCEL,SRR-1,short,bullish,upper_edge,H:97667.7@20,SWH:97733.9,97667.7,97760.74642857142,94844.6,93.04642857142608,9.526837283096262,0.346587734468534,30.340766898246603,0.288515406162495,0.815926370548215,0.184073629451785,0.0,1.0,PASS,CANCEL,,,clear,BTCUSDT|short|H:97667.7@20|SWH:97733.9,"v10_1_pass,weak_body_ratio,v11_quality_fail,r_abs_bps_low,r_abs_atr_low,body_ratio_low"
2026-01-14 17:25:00,CANCEL,SRR-1,short,bullish,upper_edge,H:97667.7@20,SWH:97733.9,97667.7,97759.84928571428,94844.6,92.14928571428754,9.434980624534779,0.3551129951278726,30.636157167328708,0.03907885554784164,0.7383112351709753,0.2616887648290247,0.0,1.0,PASS,CANCEL,,,clear,BTCUSDT|short|H:97667.7@20|SWH:97733.9,"v10_1_pass,weak_body_ratio,v11_quality_fail,r_abs_bps_low,r_abs_atr_low,body_ratio_low"
2026-01-15 01:40:00,CANCEL,SRR-1,long,bullish,lower_edge,L:96338.0@20,SWL:96257.0,96338.0,96239.76142857142,97727.2,98.23857142857742,10.197281594861572,0.5698765227480299,14.141085113498317,0.5782055689240304,0.7366792712272506,0.2633207287727494,0.0,0.0,PASS,CANCEL,,,clear,BTCUSDT|long|L:96338.0@20|SWL:96257.0,"v10_1_pass,v11_quality_fail,r_abs_bps_low,r_abs_atr_low"
2026-01-15 03:35:00,CANCEL,SRR-1,long,bullish,lower_edge,L:95868.3@20,SWL:95860.8,95868.3,95843.88714285714,97331.4,24.41285714285914,2.5464994312884595,0.1443449615677116,59.93153490548951,0.6912125675012515,0.728031418753093,0.2719685812469071,0.0,0.0,PASS,CANCEL,,,clear,BTCUSDT|long|L:95868.3@20|SWL:95860.8,"v10_1_pass,v11_quality_fail,r_abs_bps_low,r_abs_atr_low"
2026-01-15 15:55:00,CANCEL,SRR-1,long,bullish,lower_edge,L:95521.3@20,SWL:95403.7,95521.3,95368.50142857143,97100.0,152.7985714285751,15.996282654086059,0.43410446852551976,10.33190287867287,0.694964028776968,0.6953237410071523,0.3046762589928476,0.0,0.0,PASS,CANCEL,,,clear,BTCUSDT|long|L:95521.3@20|SWL:95403.7,"v10_1_pass,v11_quality_fail,r_abs_bps_low,r_abs_atr_low"
2026-01-15 19:35:00,CANCEL,SRR-1,long,bearish,lower_edge,L:95403.7@20,SWL:95080.0,95403.7,95058.20428571428,97047.6,345.49571428571653,36.21407914847291,1.585154355377865,4.758090859096861,0.09463519313302847,0.9414163090128693,0.05858369098713071,0.0,1.0,PASS,CANCEL,,,clear,BTCUSDT|long|L:95403.7@20|SWL:95080.0,"v10_1_pass,weak_body_ratio,v11_quality_fail,body_ratio_low"
2026-01-16 03:55:00,CANCEL,SRR-1,long,bearish,lower_edge,L:95350.0@20,SWL:95322.4,95350.0,95316.57285714285,95825.0,33.42714285715192,3.5057307663504895,0.573645501348513,14.210008974738658,0.21066319895962615,0.6033810143043363,0.18595578673603755,0.0,2.0,PASS,CANCEL,,,clear,BTCUSDT|long|L:95350.0@20|SWL:95322.4,"v10_1_pass,weak_body_ratio,body_not_aligned,v11_quality_fail,r_abs_bps_low,r_abs_atr_low,body_ratio_low"
2026-01-16 08:35:00,CANCEL,SRR-1,short,bearish,upper_edge,H:95790.0@20,SWH:95805.0,95790.0,95812.88357142857,95111.1,22.88357142856694,2.3889311440199332,0.29026909486267444,29.66757187003085,0.4595141700404134,0.8421052631578405,0.15789473684215952,0.0,0.0,PASS,CANCEL,,,clear,BTCUSDT|short|H:95790.0@20|SWH:95805.0,"v10_1_pass,v11_quality_fail,r_abs_bps_low,r_abs_atr_low"
2026-01-16 08:40:00,CANCEL,SRR-1,short,bearish,upper_edge,H:95790.0@20,SWH:95805.0,95790.0,95812.85785714285,95111.1,22.85785714285157,2.3862467003707666,0.29089173711473143,29.700946845418066,0.5945674044265656,0.5945674044265656,0.4054325955734343,0.0,1.0,PASS,CANCEL,,,clear,BTCUSDT|short|H:95790.0@20|SWH:95805.0,"v10_1_pass,weak_close_strength,v11_quality_fail,r_abs_bps_low,r_abs_atr_low,close_strength_low"
2026-01-16 11:10:00,CANCEL,SRR-1,long,bearish,lower_edge,L:95254.0@20,SWL:95210.5,95254.0,95203.36571428571,95805.0,50.634285714288126,5.315712276050152,0.7097316780136688,10.881954632659452,0.656021897810131,0.7436131386860919,0.2563868613139081,0.0,0.0,PASS,CANCEL,,,clear,BTCUSDT|long|L:95254.0@20|SWL:95210.5,"v10_1_pass,v11_quality_fail,r_abs_bps_low"
2026-01-16 14:40:00,CANCEL,SRR-1,short,bearish,upper_edge,H:95691.8@20,SWH:95763.0,95691.8,95778.48214285714,95210.5,86.68214285714203,9.058471348343538,0.559884659746246,5.55247002595699,0.8652679474216326,0.915824064711824,0.08417593528817599,0.0,0.0,PASS,CANCEL,,,clear,BTCUSDT|short|H:95691.8@20|SWH:95763.0,"v10_1_pass,v11_quality_fail,r_abs_bps_low,r_abs_atr_low"
2026-01-16 14:55:00,CANCEL,SRR-1,long,bearish,lower_edge,L:95170.0@20,SWL:95139.2,95170.0,95122.27928571428,95763.0,47.72071428572235,5.0142601960410165,0.28202541263882414,12.42646948764178,0.23930698429885103,0.7460747157553064,0.2539252842446937,0.0,1.0,PASS,CANCEL,,,clear,BTCUSDT|long|L:95170.0@20|SWL:95139.2,"v10_1_pass,weak_body_ratio,v11_quality_fail,r_abs_bps_low,r_abs_atr_low,body_ratio_low"
2026-01-16 15:05:00,CANCEL,SRR-1,long,bearish,lower_edge,L:95130.0@20,SWL:95005.3,95130.0,94986.41142857143,95763.0,143.58857142856868,15.093931612379762,0.7601875661775658,4.40842884431718,0.32664756446992205,0.8657388456815288,0.13426115431847122,0.0,0.0,PASS,CANCEL,,,clear,BTCUSDT|long|L:95130.0@20|SWL:95005.3,"v10_1_pass,v11_quality_fail,r_abs_bps_low"
2026-01-16 15:10:00,CANCEL,SRR-1,long,bearish,lower_edge,L:95130.0@20,SWL:95005.3,95130.0,94984.05,95763.0,145.9499999999971,15.342163355408081,0.686823529411751,4.337101747173776,0.8686248331108222,0.95006675567424,0.04993324432575992,0.0,0.0,PASS,CANCEL,,,clear,BTCUSDT|long|L:95130.0@20|SWL:95005.3,"v10_1_pass,v11_quality_fail,r_abs_bps_low,r_abs_atr_low"
2026-01-16 15:55:00,CANCEL,SRR-1,long,bearish,lower_edge,L:94333.1@20,SWL:94234.5,94333.1,94200.70571428571,95763.0,132.39428571429744,14.034764649343384,0.3917653026716628,10.800315076178377,0.5603745687530821,0.8299655002464219,0.17003449975357807,0.0,0.0,PASS,CANCEL,,,active,BTCUSDT|long|L:94333.1@20|SWL:94234.5,"v10_1_pass,v11_quality_fail,r_abs_bps_low,r_abs_atr_low"
2026-01-17 02:40:00,CANCEL,SRR-1,long,bearish,lower_edge,L:95193.9@20,SWL:95136.2,95193.9,95131.14142857143,95536.9,62.75857142856694,6.5927093467718985,1.2406382377858014,5.465388905329202,0.5050301810865189,1.0,0.0,0.0,0.0,PASS,CANCEL,,,clear,BTCUSDT|long|L:95193.9@20|SWL:95136.2,"v10_1_pass,v11_quality_fail,r_abs_bps_low"
2026-01-17 08:05:00,CANCEL,SRR-1,long,bearish,lower_edge,L:94999.9@20,SWL:94977.5,94999.9,94971.68285714286,95346.1,28.217142857130966,2.970228690465039,0.4850687622787601,12.269137302557223,0.31419196062338134,1.0,0.0,0.0,0.0,PASS,CANCEL,,,clear,BTCUSDT|long|L:94999.9@20|SWL:94977.5,"v10_1_pass,v11_quality_fail,r_abs_bps_low,r_abs_atr_low"
2026-01-17 08:10:00,CANCEL,SRR-1,long,bearish,lower_edge,L:94999.9@20,SWL:94977.5,94999.9,94971.48785714286,95346.1,28.41214285713795,2.990755027861919,0.47257930378986074,12.184930990273273,0.5359712230217193,1.0,0.0,0.0,0.0,PASS,CANCEL,,,clear,BTCUSDT|long|L:94999.9@20|SWL:94977.5,"v10_1_pass,v11_quality_fail,r_abs_bps_low,r_abs_atr_low"
2026-01-17 12:20:00,CANCEL,SRR-1,short,bearish,upper_edge,H:95315.9@20,SWH:95386.0,95315.9,95390.66071428571,94977.5,74.76071428571595,7.843467279406264,1.604061302682028,4.526441503845424,0.4673469387754904,1.0,0.0,0.0,0.0,PASS,CANCEL,,,clear,BTCUSDT|short|H:95315.9@20|SWH:95386.0,"v10_1_pass,v11_quality_fail,r_abs_bps_low"
2026-01-17 12:25:00,CANCEL,SRR-1,short,bearish,upper_edge,H:95315.9@20,SWH:95386.0,95315.9,95390.65428571429,94977.5,74.75428571429802,7.842792830398499,1.6061387354207892,4.526830759821834,0.1237623762376416,0.7227722772277548,0.2772277227722451,0.0,1.0,PASS,CANCEL,,,clear,BTCUSDT|short|H:95315.9@20|SWH:95386.0,"v10_1_pass,weak_body_ratio,v11_quality_fail,r_abs_bps_low,body_ratio_low"
2026-01-17 13:55:00,CANCEL,SRR-1,short,bearish,upper_edge,H:95396.8@20,SWH:95398.3,95396.8,95403.15285714286,95036.0,6.352857142861467,0.6659402771226568,0.1309096261407942,56.793343827261104,0.4420803782504918,0.8534278959811663,0.14657210401883364,0.0,0.0,PASS,CANCEL,,,clear,BTCUSDT|short|H:95396.8@20|SWH:95398.3,"v10_1_pass,v11_quality_fail,r_abs_bps_low,r_abs_atr_low"
2026-01-17 14:25:00,CANCEL,SRR-1,short,bearish,upper_edge,H:95399.7@20,SWH:95436.3,95399.7,95442.10214285714,95036.0,42.40214285714319,4.444683039584317,0.7308014280438031,8.577396694910835,0.8721264367814945,0.9784482758620707,0.021551724137929232,0.0,0.0,PASS,CANCEL,,,clear,BTCUSDT|short|H:95399.7@20|SWH:95436.3,"v10_1_pass,v11_quality_fail,r_abs_bps_low"
2026-01-18 05:50:00,CANCEL,SRR-1,short,bearish,upper_edge,H:95175.0@20,SWH:95236.5,95175.0,95240.81714285714,94819.5,65.81714285713679,6.915381440203498,1.524553275976012,5.4013283556177925,0.1710982658959874,0.8289017341040126,0.0,0.0,2.0,PASS,CANCEL,,,clear,BTCUSDT|short|H:95175.0@20|SWH:95236.5,"v10_1_pass,weak_body_ratio,body_not_aligned,v11_quality_fail,r_abs_bps_low,body_ratio_low"
2026-01-18 05:55:00,CANCEL,SRR-1,short,bearish,upper_edge,H:95175.0@20,SWH:95236.5,95175.0,95240.86571428571,94819.5,65.86571428571187,6.920484821193787,1.5087041884815915,5.397345247907195,0.7526652452024806,0.7526652452024806,0.24733475479751943,0.0,0.0,PASS,CANCEL,,,clear,BTCUSDT|short|H:95175.0@20|SWH:95236.5,"v10_1_pass,v11_quality_fail,r_abs_bps_low"
2026-01-18 10:05:00,CANCEL,SRR-1,short,bearish,upper_edge,H:95252.4@20,SWH:95257.4,95252.4,95261.86928571427,94980.0,9.469285714279977,0.9941256823219128,0.21187470033549177,28.76668929623768,0.8772378516624041,1.0,0.0,0.0,0.0,PASS,CANCEL,,,clear,BTCUSDT|short|H:95252.4@20|SWH:95257.4,"v10_1_pass,v11_quality_fail,r_abs_bps_low,r_abs_atr_low"
2026-01-18 14:20:00,CANCEL,SRR-1,short,bearish,upper_edge,H:95257.4@20,SWH:95326.4,95257.4,95332.62714285713,94850.4,75.22714285714028,7.897249227581299,1.2080523055746477,5.410281243472336,0.35950731331793057,0.6404926866820694,0.0,0.0,1.0,PASS,CANCEL,,,clear,BTCUSDT|short|H:95257.4@20|SWH:95326.4,"v10_1_pass,body_not_aligned,v11_quality_fail,r_abs_bps_low"
2026-01-18 14:25:00,CANCEL,SRR-1,short,bearish,upper_edge,H:95257.4@20,SWH:95326.4,95257.4,95333.41214285714,94850.4,76.01214285714377,7.9796575234201,1.0840073342161878,5.35440766043013,0.6507812500000227,0.8117187499999545,0.18828125000004547,0.0,0.0,PASS,CANCEL,,,clear,BTCUSDT|short|H:95257.4@20|SWH:95326.4,"v10_1_pass,v11_quality_fail,r_abs_bps_low"
2026-01-18 18:35:00,CANCEL,SRR-1,short,bearish,upper_edge,H:95375.9@20,SWH:95398.5,95375.9,95404.49928571428,94872.9,28.599285714284633,2.998586195704013,0.47671151327538347,17.587851844452324,0.00498338870424666,0.5913621262458516,0.4086378737541484,0.0,2.0,PASS,CANCEL,,,clear,BTCUSDT|short|H:95375.9@20|SWH:95398.5,"v10_1_pass,weak_body_ratio,weak_close_strength,v11_quality_fail,r_abs_bps_low,r_abs_atr_low,close_strength_low,body_ratio_low"
2026-01-18 19:10:00,CANCEL,SRR-1,short,bullish,upper_edge,H:95481.8@20,SWH:95485.9,95481.8,95494.13857142857,94872.9,12.338571428568684,1.2922432786739133,0.1497659094849721,49.34931110340406,0.7619047619047549,0.93110435663624,0.06889564336375999,0.0,0.0,PASS,CANCEL,,,clear,BTCUSDT|short|H:95481.8@20|SWH:95485.9,"v10_1_pass,v11_quality_fail,r_abs_bps_low,r_abs_atr_low"
2026-01-19 23:20:00,CANCEL,SRR-1,long,bearish,lower_edge,L:92177.7@20,SWL:92116.0,92177.7,92098.01785714286,93312.1,79.68214285714203,8.64440562708139,0.4431181727904673,14.236564923132345,0.1841933376877685,0.7498367080339908,0.06596995427824064,0.0,2.0,PASS,CANCEL,,,clear,BTCUSDT|long|L:92177.7@20|SWL:92116.0,"v10_1_pass,weak_body_ratio,body_not_aligned,v11_quality_fail,r_abs_bps_low,r_abs_atr_low,body_ratio_low"
2026-01-19 23:25:00,CANCEL,SRR-1,long,bearish,lower_edge,L:92177.7@20,SWL:92116.0,92177.7,92098.785,93312.1,78.9149999999936,8.561181283541854,0.4584083647981084,14.374960400432121,0.36153071500496603,0.6747230614299903,0.3252769385700097,0.0,0.0,PASS,CANCEL,,,clear,BTCUSDT|long|L:92177.7@20|SWL:92116.0,"v10_1_pass,v11_quality_fail,r_abs_bps_low,r_abs_atr_low"
2026-01-20 05:20:00,CANCEL,SRR-1,long,bearish,lower_edge,L:91300.0@20,SWL:91235.5,91300.0,91216.44571428571,92840.0,83.55428571428638,9.15161946487255,0.43850652271705154,18.43113117220612,0.5853126514784213,0.9282598158022166,0.07174018419778333,0.0,0.0,PASS,CANCEL,,,clear,BTCUSDT|long|L:91300.0@20|SWL:91235.5,"v10_1_pass,v11_quality_fail,r_abs_bps_low,r_abs_atr_low"
2026-01-20 05:25:00,CANCEL,SRR-1,long,bearish,lower_edge,L:91300.0@20,SWL:91235.5,91300.0,91216.595,92840.0,83.40499999999884,9.13526834611159,0.44117958212112385,18.464120856064042,0.1122565864834202,0.8396334478808759,0.1603665521191241,0.0,1.0,PASS,CANCEL,,,clear,BTCUSDT|long|L:91300.0@20|SWL:91235.5,"v10_1_pass,weak_body_ratio,v11_quality_fail,r_abs_bps_low,r_abs_atr_low,body_ratio_low"
2026-01-20 17:50:00,CANCEL,SRR-1,long,bearish,lower_edge,L:89639.3@20,SWL:89409.9,89639.3,89389.44642857142,91344.8,249.85357142858265,27.873217598596,1.2215645189454016,6.825998084592097,0.09432817713073922,0.8134667879890876,0.18653321201091244,0.0,1.0,PASS,CANCEL,,,clear,BTCUSDT|long|L:89639.3@20|SWL:89409.9,"v10_1_pass,weak_body_ratio,v11_quality_fail,body_ratio_low"
2026-01-20 17:55:00,CANCEL,SRR-1,long,bearish,lower_edge,L:89639.3@20,SWL:89388.8,89639.3,89368.25142857143,91344.8,271.0485714285751,30.237693894148556,1.3190628476084703,6.292230174876321,0.19140429785105403,0.9142928535732054,0.0857071464267945,0.0,1.0,PASS,CANCEL,,,clear,BTCUSDT|long|L:89639.3@20|SWL:89388.8,"v10_1_pass,weak_body_ratio,v11_quality_fail,body_ratio_low"
2026-01-20 19:35:00,CANCEL,SRR-1,long,bearish,lower_edge,L:89350.0@20,SWL:89252.8,89350.0,89233.405,91344.8,116.59500000000116,13.049244543928502,0.6011600928074363,17.108795402890202,0.3066343042071351,0.5141585760517506,0.1792071197411142,0.0,2.0,PASS,CANCEL,,,clear,BTCUSDT|long|L:89350.0@20|SWL:89252.8,"v10_1_pass,weak_close_strength,body_not_aligned,v11_quality_fail,r_abs_bps_low,r_abs_atr_low,close_strength_low"
2026-01-21 04:50:00,CANCEL,SRR-1,short,bearish,upper_edge,H:89568.5@20,SWH:89621.7,89568.5,89631.18357142857,88218.2,62.68357142856985,6.9983946843555325,0.6609700986668595,21.541529450642702,0.011707317073142338,0.8390243902439024,0.16097560975609757,0.0,1.0,PASS,CANCEL,,,clear,BTCUSDT|short|H:89568.5@20|SWH:89621.7,"v10_1_pass,weak_body_ratio,v11_quality_fail,r_abs_bps_low,r_abs_atr_low,body_ratio_low"
2026-01-21 04:55:00,CANCEL,SRR-1,short,bearish,upper_edge,H:89568.5@20,SWH:89621.7,89568.5,89630.06285714285,88218.2,61.56285714285332,6.873270976163865,0.7361462248035239,21.933679862627297,0.9231590181430382,0.957310565635004,0.04268943436499599,0.0,0.0,PASS,CANCEL,,,clear,BTCUSDT|short|H:89568.5@20|SWH:89621.7,"v10_1_pass,v11_quality_fail,r_abs_bps_low"
2026-01-21 15:05:00,CANCEL,SRR-1,short,bearish,upper_edge,H:89966.0@20,SWH:89999.0,89966.0,90036.20357142857,88109.7,70.20357142857392,7.803344755638121,0.1887011615628367,26.441674721472367,0.16360544217684106,0.9911564625850142,0.008843537414985786,0.0,1.0,PASS,CANCEL,,,clear,BTCUSDT|short|H:89966.0@20|SWH:89999.0,"v10_1_pass,weak_body_ratio,v11_quality_fail,r_abs_bps_low,r_abs_atr_low,body_ratio_low"
2026-01-21 15:25:00,CANCEL,SRR-1,short,bearish,upper_edge,H:90349.4@20,SWH:90599.5,90349.4,90634.21642857142,88109.7,284.81642857143015,31.523887106215447,0.8204082052548263,7.863661556441063,0.49582172701948335,0.5100974930362169,0.4899025069637831,0.0,2.0,PASS,CANCEL,,,clear,BTCUSDT|short|H:90349.4@20|SWH:90599.5,"v10_1_pass,weak_close_strength,opposite_wick_high,v11_quality_fail,close_strength_low"
2026-01-22 13:35:00,CANCEL,SRR-1,short,bullish,upper_edge,H:90160.2@20,SWH:90309.5,90160.2,90318.39571428571,89748.0,158.19571428571362,17.546069583442986,1.7783362775012468,2.6056331668728534,0.4960051824659775,0.8330814079032565,0.16691859209674356,0.0,0.0,PASS,CANCEL,,,clear,BTCUSDT|short|H:90160.2@20|SWH:90309.5,"v10_1_pass,v11_quality_fail,r_abs_bps_low"
2026-01-22 13:40:00,CANCEL,SRR-1,short,bullish,upper_edge,H:90160.2@20,SWH:90309.5,90160.2,90319.79285714286,89748.0,159.5928571428667,17.701031845855123,1.550520471894642,2.582822360470668,0.4360050356692946,0.5056651279899225,0.49433487201007753,0.0,2.0,PASS,CANCEL,,,clear,BTCUSDT|short|H:90160.2@20|SWH:90309.5,"v10_1_pass,weak_close_strength,opposite_wick_high,v11_quality_fail,r_abs_bps_low,close_strength_low"
2026-01-22 14:05:00,CANCEL,SRR-1,long,bullish,lower_edge,L:89446.0@20,SWL:89355.8,89446.0,89340.9392857143,90309.5,105.06071428570431,11.745714094057229,0.7069694784906803,8.219057007853383,0.10856134157108017,0.8367166813768693,0.05472197705205056,0.0,2.0,PASS,CANCEL,,,clear,BTCUSDT|long|L:89446.0@20|SWL:89355.8,"v10_1_pass,weak_body_ratio,body_not_aligned,v11_quality_fail,r_abs_bps_low,body_ratio_low"
2026-01-22 15:05:00,CANCEL,SRR-1,long,bearish,lower_edge,L:89012.7@20,SWL:88975.0,89012.7,88947.72642857143,90309.5,64.97357142856345,7.29935969008506,0.23822905481493967,19.958884381564232,0.705207687538735,0.9535027898326108,0.04649721016738912,0.0,0.0,PASS,CANCEL,,,clear,BTCUSDT|long|L:89012.7@20|SWL:88975.0,"v10_1_pass,v11_quality_fail,r_abs_bps_low,r_abs_atr_low"
2026-01-22 15:10:00,CANCEL,SRR-1,long,bearish,lower_edge,L:89012.7@20,SWL:88975.0,89012.7,88946.97928571429,90309.5,65.7207142857078,7.383296348241071,0.23454332254197247,19.731982740820825,0.19791213571117125,0.8016528925619657,0.00043497172686305773,0.0,2.0,PASS,CANCEL,,,clear,BTCUSDT|long|L:89012.7@20|SWL:88975.0,"v10_1_pass,weak_body_ratio,body_not_aligned,v11_quality_fail,r_abs_bps_low,r_abs_atr_low,body_ratio_low"
2026-01-22 15:35:00,CANCEL,SRR-1,long,bearish,lower_edge,L:88560.0@20,SWL:88465.6,88560.0,88432.3442857143,90309.5,127.65571428570547,14.414601884113084,0.38386099059234907,13.704831074654871,0.137514166981468,0.7438609746883126,0.2561390253116874,0.0,1.0,PASS,CANCEL,,,clear,BTCUSDT|long|L:88560.0@20|SWL:88465.6,"v10_1_pass,weak_body_ratio,v11_quality_fail,r_abs_bps_low,r_abs_atr_low,body_ratio_low"
2026-01-22 15:40:00,CANCEL,SRR-1,long,bearish,lower_edge,L:88560.0@20,SWL:88465.6,88560.0,88431.99357142858,90309.5,128.00642857141793,14.454203768226957,0.3808986375905623,13.667282335151715,0.6716947648624583,0.6716947648624583,0.32830523513754173,0.0,0.0,PASS,CANCEL,,,clear,BTCUSDT|long|L:88560.0@20|SWL:88465.6,"v10_1_pass,v11_quality_fail,r_abs_bps_low,r_abs_atr_low"
2026-01-22 19:50:00,CANCEL,SRR-1,short,bearish,upper_edge,H:89844.1@20,SWH:89882.1,89844.1,89899.85500000001,88465.6,55.75500000000466,6.205749737601541,0.31402421853001816,24.7242399784752,0.5611111111111016,0.8398692810457516,0.16013071895424835,0.0,0.0,PASS,CANCEL,,,clear,BTCUSDT|short|H:89844.1@20|SWH:89882.1,"v10_1_pass,v11_quality_fail,r_abs_bps_low,r_abs_atr_low"
2026-01-22 20:20:00,CANCEL,SRR-1,short,bearish,upper_edge,H:89887.6@20,SWH:89908.5,89887.6,89924.59928571428,88465.6,36.99928571427881,4.116172387991092,0.22981942410927933,38.43317438561307,0.36410635155099724,0.5878877400296103,0.41211225997038964,0.0,1.0,PASS,CANCEL,,,clear,BTCUSDT|short|H:89887.6@20|SWH:89908.5,"v10_1_pass,weak_close_strength,v11_quality_fail,r_abs_bps_low,r_abs_atr_low,close_strength_low"
2026-01-22 20:25:00,CANCEL,SRR-1,short,bearish,upper_edge,H:89887.6@20,SWH:89908.5,89887.6,89925.62428571428,88465.6,38.02428571427299,4.23020368930453,0.22204888629341085,37.3971521959775,0.7896924355777033,1.0,0.0,0.0,0.0,PASS,CANCEL,,,clear,BTCUSDT|short|H:89887.6@20|SWH:89908.5,"v10_1_pass,v11_quality_fail,r_abs_bps_low,r_abs_atr_low"
2026-01-23 02:05:00,CANCEL,SRR-1,short,bullish,upper_edge,H:89900.0@20,SWH:89948.9,89900.0,89958.595,89095.5,58.595000000001164,6.5177975528366145,0.6043837029396768,13.729840430070553,0.6739515652687484,1.0,0.0,0.0,0.0,PASS,CANCEL,,,clear,BTCUSDT|short|H:89900.0@20|SWH:89948.9,"v10_1_pass,v11_quality_fail,r_abs_bps_low,r_abs_atr_low"
2026-01-23 02:10:00,CANCEL,SRR-1,short,bullish,upper_edge,H:89900.0@20,SWH:89948.9,89900.0,89958.38357142857,89095.5,58.38357142856694,6.494279358016345,0.6156285305414988,13.779561275800269,0.22571001494757223,0.8011958146486686,0.19880418535133135,0.0,1.0,PASS,CANCEL,,,clear,BTCUSDT|short|H:89900.0@20|SWH:89948.9,"v10_1_pass,weak_body_ratio,v11_quality_fail,r_abs_bps_low,r_abs_atr_low,body_ratio_low"
2026-01-23 04:20:00,CANCEL,SRR-1,short,bullish,upper_edge,H:90046.6@20,SWH:90050.0,90046.6,90056.79357142857,89252.9,10.19357142856461,1.1320329061357797,0.15004731363674256,77.86279868269635,0.7635687732342873,0.8780669144981845,0.12193308550181546,0.0,0.0,PASS,CANCEL,,,clear,BTCUSDT|short|H:90046.6@20|SWH:90050.0,"v10_1_pass,v11_quality_fail,r_abs_bps_low,r_abs_atr_low"
2026-01-23 09:25:00,CANCEL,SRR-1,long,bearish,lower_edge,L:89099.0@20,SWL:88939.3,89099.0,88925.36214285715,90050.0,173.6378571428504,19.488193710687035,1.2458002357402347,5.4769162419323125,0.8781645569619646,1.0,0.0,0.0,0.0,PASS,CANCEL,,,clear,BTCUSDT|long|L:89099.0@20|SWL:88939.3,"v10_1_pass,v11_quality_fail,r_abs_bps_low"
2026-01-23 09:40:00,CANCEL,SRR-1,long,bearish,lower_edge,L:88939.3@20,SWL:88931.8,88939.3,88917.40214285714,90000.0,21.89785714285972,2.4621126029617635,0.15209108498290358,48.43852953647849,0.39104771273978783,0.7265125430398178,0.2734874569601821,0.0,0.0,PASS,CANCEL,,,clear,BTCUSDT|long|L:88939.3@20|SWL:88931.8,"v10_1_pass,v11_quality_fail,r_abs_bps_low,r_abs_atr_low"
2026-01-23 09:50:00,CANCEL,SRR-1,long,bearish,lower_edge,L:88931.8@20,SWL:88850.0,88931.8,88836.02071428571,89994.6,95.7792857142922,10.769970439628143,0.6851514996679305,11.096345019426385,0.053763440860216255,0.9370199692780548,0.009216589861729005,0.0,2.0,PASS,CANCEL,,,clear,BTCUSDT|long|L:88931.8@20|SWL:88850.0,"v10_1_pass,weak_body_ratio,body_not_aligned,v11_quality_fail,r_abs_bps_low,r_abs_atr_low,body_ratio_low"
2026-01-23 13:55:00,CANCEL,SRR-1,short,bearish,upper_edge,H:89392.3@20,SWH:89411.2,89392.3,89419.6557142857,88823.3,27.35571428570256,3.0601868713191807,0.32351748606169134,20.800041777647433,0.5632183908046511,0.5632183908046511,0.4367816091953489,0.0,1.0,PASS,CANCEL,,,clear,BTCUSDT|short|H:89392.3@20|SWH:89411.2,"v10_1_pass,weak_close_strength,v11_quality_fail,r_abs_bps_low,r_abs_atr_low,close_strength_low"
2026-01-23 14:35:00,CANCEL,SRR-1,short,bearish,upper_edge,H:89689.8@20,SWH:89691.7,89689.8,89704.87428571428,88823.3,15.074285714275902,1.6807134940958617,0.1144220342658109,57.48199393483651,0.9024018944519665,0.9928958051420887,0.007104194857911215,0.0,0.0,PASS,CANCEL,,,clear,BTCUSDT|short|H:89689.8@20|SWH:89691.7,"v10_1_pass,v11_quality_fail,r_abs_bps_low,r_abs_atr_low"
2026-01-23 14:40:00,CANCEL,SRR-1,short,bearish,upper_edge,H:89689.8@20,SWH:89691.7,89689.8,89708.36928571429,88823.3,18.569285714285797,2.070389912151192,0.1113982088528952,46.663076508827736,0.8400693842150961,0.9483087597571754,0.05169124024282456,0.0,0.0,PASS,CANCEL,,,clear,BTCUSDT|short|H:89689.8@20|SWH:89691.7,"v10_1_pass,v11_quality_fail,r_abs_bps_low,r_abs_atr_low"
2026-01-23 15:20:00,CANCEL,SRR-1,long,bearish,lower_edge,L:88590.6@20,SWL:88530.0,88590.6,88501.23785714286,89691.7,89.36214285714959,10.087090826470256,0.3106936200859489,12.321772562685315,0.07593805836807557,0.6780821917808074,0.24597974985111704,0.0,2.0,PASS,CANCEL,,,clear,BTCUSDT|long|L:88590.6@20|SWL:88530.0,"v10_1_pass,weak_body_ratio,body_not_aligned,v11_quality_fail,r_abs_bps_low,r_abs_atr_low,body_ratio_low"
2026-01-23 15:25:00,CANCEL,SRR-1,long,bearish,lower_edge,L:88590.6@20,SWL:88530.0,88590.6,88497.805,89691.7,92.7950000000128,10.474587597331185,0.2882279857121058,11.86594105285672,0.5011437285550729,0.5629050705299269,0.4370949294700731,0.0,1.0,PASS,CANCEL,,,clear,BTCUSDT|long|L:88590.6@20|SWL:88530.0,"v10_1_pass,weak_close_strength,v11_quality_fail,r_abs_bps_low,r_abs_atr_low,close_strength_low"
2026-01-23 16:10:00,CANCEL,SRR-1,short,bearish,upper_edge,H:89847.2@20,SWH:89932.9,89847.2,89963.20928571429,88530.0,116.00928571428813,12.911842073463406,0.3827516319845467,11.354263513388446,0.5476960388035699,0.6738075990299152,0.32619240097008484,0.0,0.0,PASS,CANCEL,,,clear,BTCUSDT|short|H:89847.2@20|SWH:89932.9,"v10_1_pass,v11_quality_fail,r_abs_bps_low,r_abs_atr_low"
2026-01-23 16:55:00,CANCEL,SRR-1,short,bearish,upper_edge,H:90400.0@20,SWH:90455.0,90400.0,90484.56357142857,88530.0,84.5635714285745,9.354377370417534,0.2860397690207661,22.11354095397296,0.5776470588235123,0.7667647058823444,0.23323529411765562,0.0,0.0,PASS,CANCEL,,,clear,BTCUSDT|short|H:90400.0@20|SWH:90455.0,"v10_1_pass,v11_quality_fail,r_abs_bps_low,r_abs_atr_low"
2026-01-23 17:35:00,CANCEL,SRR-1,short,bullish,upper_edge,H:90968.4@20,SWH:91030.6,90968.4,91058.32857142857,88530.0,89.92857142857974,9.885693430749551,0.324317362184471,27.114853057979953,0.47338656021290804,0.7578176979374535,0.24218230206254657,0.0,0.0,PASS,CANCEL,,,clear,BTCUSDT|short|H:90968.4@20|SWH:91030.6,"v10_1_pass,v11_quality_fail,r_abs_bps_low,r_abs_atr_low"
2026-01-23 17:40:00,CANCEL,SRR-1,short,bullish,upper_edge,H:90968.4@20,SWH:91195.0,90968.4,91224.30357142857,88530.0,255.903571428571,28.131040166538163,0.8732845825716012,9.528589172818995,0.2891705069124424,0.6147465437788086,0.09608294930874905,0.0,2.0,PASS,CANCEL,,,clear,BTCUSDT|short|H:90968.4@20|SWH:91195.0,"v10_1_pass,weak_body_ratio,body_not_aligned,v11_quality_fail,body_ratio_low"
2026-01-23 20:50:00,CANCEL,SRR-1,long,bullish,lower_edge,L:89200.0@20,SWL:89163.6,89200.0,89144.89714285715,91195.0,55.102857142846915,6.177450352337098,0.2946226703329738,36.205019184907684,0.251371115173688,0.714808043875697,0.03382084095061505,0.0,2.0,PASS,CANCEL,,,clear,BTCUSDT|long|L:89200.0@20|SWL:89163.6,"v10_1_pass,weak_body_ratio,body_not_aligned,v11_quality_fail,r_abs_bps_low,r_abs_atr_low,body_ratio_low"
2026-01-23 20:55:00,CANCEL,SRR-1,long,bullish,lower_edge,L:89200.0@20,SWL:89163.6,89200.0,89144.60357142858,91195.0,55.396428571417346,6.2103619474683125,0.291614965218967,36.0131519566832,0.4469219583131158,1.0,0.0,0.0,0.0,PASS,CANCEL,,,clear,BTCUSDT|long|L:89200.0@20|SWL:89163.6,"v10_1_pass,v11_quality_fail,r_abs_bps_low,r_abs_atr_low"
2026-01-24 03:20:00,CANCEL,SRR-1,short,bearish,upper_edge,H:89838.0@20,SWH:89844.0,89838.0,89849.69142857143,89383.5,11.691428571430151,1.3013901212660735,0.20542168674700748,38.87463343107979,0.896013864818019,1.0,0.0,0.0,0.0,PASS,CANCEL,,,clear,BTCUSDT|short|H:89838.0@20|SWH:89844.0,"v10_1_pass,v11_quality_fail,r_abs_bps_low,r_abs_atr_low"
2026-01-24 12:20:00,CANCEL,SRR-1,long,bearish,lower_edge,L:89504.4@20,SWL:89502.3,89504.4,89500.18714285715,89667.6,4.212857142847497,0.47068715536303213,0.19939148072974502,38.73855544261435,0.7999999999998787,1.0,0.0,0.0,0.0,PASS,CANCEL,,,clear,BTCUSDT|long|L:89504.4@20|SWL:89502.3,"v10_1_pass,v11_quality_fail,r_abs_bps_low,r_abs_atr_low"
2026-01-24 14:05:00,CANCEL,SRR-1,long,bearish,lower_edge,L:89315.6@20,SWL:89131.2,89315.6,89127.65285714285,89641.3,187.947142857156,21.043036474832615,5.298550140958981,1.7329340316044939,0.0330656589513467,0.9329239489844248,0.06707605101557527,0.0,1.0,PASS,CANCEL,,,clear,BTCUSDT|long|L:89315.6@20|SWL:89131.2,"v10_1_pass,weak_body_ratio,v11_hard_fail_tp1_r,tp1_r=1.73"
2026-01-24 14:10:00,CANCEL,SRR-1,long,bearish,lower_edge,L:89315.6@20,SWL:89131.2,89315.6,89126.45928571429,89641.3,189.1407142857206,21.176671744434408,3.989709205966702,1.7219983610085488,0.6578171091445427,0.9274336283185669,0.0725663716814331,0.0,0.0,PASS,CANCEL,,,clear,BTCUSDT|long|L:89315.6@20|SWL:89131.2,"v10_1_pass,v11_hard_fail_tp1_r,tp1_r=1.72"
2026-01-24 16:25:00,CANCEL,SRR-1,long,bearish,lower_edge,L:89131.2@20,SWL:89116.9,89131.2,89109.92142857143,89641.3,21.278571428571013,2.387331420262603,0.3049129989764526,23.97247398455932,0.17690875232775632,0.7318435754190883,0.2681564245809117,0.0,1.0,PASS,CANCEL,,,clear,BTCUSDT|long|L:89131.2@20|SWL:89116.9,"v10_1_pass,weak_body_ratio,v11_quality_fail,r_abs_bps_low,r_abs_atr_low,body_ratio_low"
2026-01-25 03:50:00,CANCEL,SRR-1,long,bearish,lower_edge,L:88800.1@20,SWL:88800.0,88800.1,88793.32785714285,89436.7,6.772142857153085,0.7626278413147153,0.10149876886858217,94.00274232661552,0.23611111111105965,0.7638888888889404,0.0,0.0,2.0,PASS,CANCEL,,,clear,BTCUSDT|long|L:88800.1@20|SWL:88800.0,"v10_1_pass,weak_body_ratio,body_not_aligned,v11_quality_fail,r_abs_bps_low,r_abs_atr_low,body_ratio_low"
2026-01-25 06:20:00,CANCEL,SRR-1,long,bearish,lower_edge,L:88668.3@20,SWL:88609.0,88668.3,88602.78357142858,89230.1,65.51642857142724,7.388934779557885,1.05392393427553,8.574948486203242,0.23727486296009084,0.7909162098668935,0.2090837901331065,0.0,1.0,PASS,CANCEL,,,clear,BTCUSDT|long|L:88668.3@20|SWL:88609.0,"v10_1_pass,weak_body_ratio,v11_quality_fail,r_abs_bps_low,body_ratio_low"
2026-01-25 06:25:00,CANCEL,SRR-1,long,bearish,lower_edge,L:88668.3@20,SWL:88609.0,88668.3,88602.27428571429,89230.1,66.02571428571537,7.4463719599581095,0.9816907391673999,8.508806092864157,0.8938492063492383,0.8948412698413595,0.10515873015864051,0.0,0.0,PASS,CANCEL,,,clear,BTCUSDT|long|L:88668.3@20|SWL:88609.0,"v10_1_pass,v11_quality_fail,r_abs_bps_low"
2026-01-25 08:50:00,CANCEL,SRR-1,long,bearish,lower_edge,L:88128.3@20,SWL:88084.0,88128.3,88075.09,89057.8,53.2100000000064,6.037788088503512,0.5971941638609052,17.46852095470566,0.24974515800204244,0.7502548419979576,0.0,0.0,2.0,PASS,CANCEL,,,clear,BTCUSDT|long|L:88128.3@20|SWL:88084.0,"v10_1_pass,weak_body_ratio,body_not_aligned,v11_quality_fail,r_abs_bps_low,r_abs_atr_low,body_ratio_low"
2026-01-25 08:55:00,CANCEL,SRR-1,long,bearish,lower_edge,L:88128.3@20,SWL:88084.0,88128.3,88074.79428571429,89057.8,53.50571428571129,6.071343062978781,0.5812228429546528,17.37197629091783,0.41818181818185124,0.5454545454545454,0.45454545454545453,0.0,2.0,PASS,CANCEL,,,clear,BTCUSDT|long|L:88128.3@20|SWL:88084.0,"v10_1_pass,weak_close_strength,opposite_wick_high,v11_quality_fail,r_abs_bps_low,r_abs_atr_low,close_strength_low"
2026-01-25 12:50:00,CANCEL,SRR-1,short,bearish,upper_edge,H:88736.8@20,SWH:88760.1,88736.8,88769.21071428573,88084.0,32.41071428572468,3.6524547071479563,0.3557428459428695,20.141487603299417,0.0028530670470338516,0.7389443651925622,0.25820256776040396,0.0,2.0,PASS,CANCEL,,,clear,BTCUSDT|short|H:88736.8@20|SWH:88760.1,"v10_1_pass,weak_body_ratio,body_not_aligned,v11_quality_fail,r_abs_bps_low,r_abs_atr_low,body_ratio_low"
2026-01-25 13:10:00,CANCEL,SRR-1,short,bearish,upper_edge,H:88760.1@20,SWH:88819.2,88760.1,88828.33714285714,88084.0,68.23714285713504,7.68781725765688,0.7468105065664948,9.908093623080397,0.30852105778651023,0.8795298726739529,0.12047012732604712,0.0,0.0,PASS,CANCEL,,,clear,BTCUSDT|short|H:88760.1@20|SWH:88819.2,"v10_1_pass,v11_quality_fail,r_abs_bps_low"
2026-01-25 19:40:00,CANCEL,SRR-1,long,bearish,lower_edge,L:86350.0@20,SWL:86235.0,86350.0,86206.60571428572,88728.7,143.3942857142829,16.6061708991642,0.5050110686254665,16.588527137961574,0.7303884234576699,0.8301599390708118,0.16984006092918824,0.0,0.0,PASS,CANCEL,,,clear,BTCUSDT|long|L:86350.0@20|SWL:86235.0,"v10_1_pass,v11_quality_fail,r_abs_bps_low,r_abs_atr_low"
2026-01-25 19:55:00,CANCEL,SRR-1,long,bearish,lower_edge,L:86235.0@20,SWL:86100.0,86235.0,86072.84785714286,88728.7,162.1521428571432,18.80351862435707,0.5971983268881683,15.378766854761572,0.05511622334052202,0.8804217589264117,0.11957824107358826,0.0,1.0,PASS,CANCEL,,,clear,BTCUSDT|long|L:86235.0@20|SWL:86100.0,"v10_1_pass,weak_body_ratio,v11_quality_fail,r_abs_bps_low,r_abs_atr_low,body_ratio_low"
2026-01-26 01:20:00,CANCEL,SRR-1,short,bearish,upper_edge,H:87426.0@20,SWH:87430.1,87426.0,87450.50928571429,86021.7,24.509285714288126,2.803432127088981,0.12008889511078122,57.29665141491011,0.4060453400503338,0.5536523929471473,0.04030226700251889,0.0,2.0,PASS,CANCEL,,,clear,BTCUSDT|short|H:87426.0@20|SWH:87430.1,"v10_1_pass,weak_close_strength,body_not_aligned,v11_quality_fail,r_abs_bps_low,r_abs_atr_low,close_strength_low"
2026-01-26 01:55:00,CANCEL,SRR-1,short,bearish,upper_edge,H:87777.0@20,SWH:87791.5,87777.0,87814.93142857144,86021.7,37.93142857143539,4.321340279507774,0.16188269723207355,46.275610123522945,0.14241581711463155,0.7442075996292751,0.11337658325609336,0.0,2.0,PASS,CANCEL,,,clear,BTCUSDT|short|H:87777.0@20|SWH:87791.5,"v10_1_pass,weak_body_ratio,body_not_aligned,v11_quality_fail,r_abs_bps_low,r_abs_atr_low,body_ratio_low"
2026-01-26 02:40:00,CANCEL,SRR-1,short,bearish,upper_edge,H:87901.6@20,SWH:87922.0,87901.6,87939.53285714285,86021.7,37.93285714284866,4.315377324513849,0.2163529699339513,49.55861861184425,0.9059316956261376,0.9059316956261376,0.09406830437386242,0.0,0.0,PASS,CANCEL,,,clear,BTCUSDT|short|H:87901.6@20|SWH:87922.0,"v10_1_pass,v11_quality_fail,r_abs_bps_low,r_abs_atr_low"
2026-01-26 06:55:00,CANCEL,SRR-1,short,bearish,upper_edge,H:87947.3@20,SWH:87999.0,87947.3,88010.13571428572,87028.5,62.83571428571304,7.144700779411424,0.5642719692110162,14.622257587814364,0.4485530546623068,0.8995176848874551,0.10048231511254489,0.0,0.0,PASS,CANCEL,,,clear,BTCUSDT|short|H:87947.3@20|SWH:87999.0,"v10_1_pass,v11_quality_fail,r_abs_bps_low,r_abs_atr_low"
2026-01-26 07:20:00,CANCEL,SRR-1,short,bearish,upper_edge,H:87999.0@20,SWH:88059.6,87999.0,88070.79357142857,87028.5,71.79357142857043,8.158453099304586,0.6413821708888858,13.517923411368098,0.5087932080047892,0.9993935718616991,0.0006064281383008821,0.0,0.0,PASS,CANCEL,,,clear,BTCUSDT|short|H:87999.0@20|SWH:88059.6,"v10_1_pass,v11_quality_fail,r_abs_bps_low,r_abs_atr_low"
2026-01-26 07:25:00,CANCEL,SRR-1,short,bearish,upper_edge,H:87999.0@20,SWH:88059.6,87999.0,88070.72214285715,87028.5,71.72214285715017,8.150336123950291,0.6448590328174744,13.53138600352413,0.10356347438755689,0.8730512249442276,0.02338530066821551,0.0,2.0,PASS,CANCEL,,,clear,BTCUSDT|short|H:87999.0@20|SWH:88059.6,"v10_1_pass,weak_body_ratio,body_not_aligned,v11_quality_fail,r_abs_bps_low,r_abs_atr_low,body_ratio_low"
2026-01-26 14:35:00,CANCEL,SRR-1,long,bullish,lower_edge,L:87556.9@20,SWL:87411.2,87556.9,87396.36285714286,88010.3,160.53714285713795,18.335178935884887,1.0819949932601414,2.824268527087775,0.43067264573989467,0.8514798206277975,0.14852017937220252,0.0,0.0,PASS,CANCEL,,,clear,BTCUSDT|long|L:87556.9@20|SWL:87411.2,"v10_1_pass,v11_quality_fail,r_abs_bps_low"
2026-01-26 14:40:00,CANCEL,SRR-1,long,bullish,lower_edge,L:87556.9@20,SWL:87411.2,87556.9,87394.12785714286,88010.3,162.77214285713853,18.590441513705777,0.9534370946822148,2.7854889174614343,0.5263157894736759,0.5387954422137892,0.46120455778621083,0.0,2.0,PASS,CANCEL,,,clear,BTCUSDT|long|L:87556.9@20|SWL:87411.2,"v10_1_pass,weak_close_strength,opposite_wick_high,v11_quality_fail,r_abs_bps_low,close_strength_low"
2026-01-26 15:20:00,CANCEL,SRR-1,short,bullish,upper_edge,H:88813.9@20,SWH:88834.1,88813.9,88864.31142857144,87411.2,50.41142857144587,5.676074192378206,0.16686211462082554,27.82503967353381,0.06323362362740144,0.6720939038242941,0.3279060961757058,0.0,1.0,PASS,CANCEL,,,clear,BTCUSDT|short|H:88813.9@20|SWH:88834.1,"v10_1_pass,weak_body_ratio,v11_quality_fail,r_abs_bps_low,r_abs_atr_low,body_ratio_low"
2026-01-26 15:25:00,CANCEL,SRR-1,short,bullish,upper_edge,H:88813.9@20,SWH:88834.1,88813.9,88864.60142857143,87411.2,50.701428571439465,5.70872673888203,0.166226406257354,27.665887126307712,0.7606765327695929,0.7860465116279439,0.2139534883720561,0.0,0.0,PASS,CANCEL,,,clear,BTCUSDT|short|H:88813.9@20|SWH:88834.1,"v10_1_pass,v11_quality_fail,r_abs_bps_low,r_abs_atr_low"
2026-01-26 15:50:00,CANCEL,SRR-1,long,bullish,lower_edge,L:87351.6@20,SWL:87278.5,87351.6,87244.17,88834.1,107.43000000000757,12.298572664954913,0.3129332944946343,13.799683514845904,0.42861529014432626,0.918943813325163,0.08105618667483701,0.0,0.0,PASS,CANCEL,,,clear,BTCUSDT|long|L:87351.6@20|SWL:87278.5,"v10_1_pass,v11_quality_fail,r_abs_bps_low,r_abs_atr_low"
2026-01-26 16:20:00,CANCEL,SRR-1,long,bullish,lower_edge,L:87250.0@20,SWL:87159.6,87250.0,87128.12785714287,88834.1,121.8721428571298,13.968153909126626,0.38723814711418986,12.998048305895791,0.13982893268870242,0.950539233915942,0.04946076608405801,0.0,1.0,PASS,CANCEL,,,clear,BTCUSDT|long|L:87250.0@20|SWL:87159.6,"v10_1_pass,weak_body_ratio,v11_quality_fail,r_abs_bps_low,r_abs_atr_low,body_ratio_low"
2026-01-26 16:25:00,CANCEL,SRR-1,long,bullish,lower_edge,L:87250.0@20,SWL:87159.6,87250.0,87129.44071428572,88834.1,120.55928571427648,13.817683176421374,0.3997418468606876,13.139593442468602,0.7349117019212011,0.7446147875024159,0.25538521249758406,0.0,0.0,PASS,CANCEL,,,clear,BTCUSDT|long|L:87250.0@20|SWL:87159.6,"v10_1_pass,v11_quality_fail,r_abs_bps_low,r_abs_atr_low"
2026-01-27 03:05:00,CANCEL,SRR-1,short,bullish,upper_edge,H:88823.1@20,SWH:88880.6,88823.1,88891.2192857143,87953.9,68.11928571428871,7.669095732336375,0.6414676800968757,12.759969381441827,0.05099150141640578,0.6211048158640539,0.32790368271954035,0.0,2.0,PASS,CANCEL,,,clear,BTCUSDT|short|H:88823.1@20|SWH:88880.6,"v10_1_pass,weak_body_ratio,body_not_aligned,v11_quality_fail,r_abs_bps_low,r_abs_atr_low,body_ratio_low"
2026-01-27 03:10:00,CANCEL,SRR-1,short,bullish,upper_edge,H:88823.1@20,SWH:88880.6,88823.1,88891.5792857143,87953.9,68.47928571428929,7.709625729600666,0.6237134864355197,12.692889403468753,0.9196787148594424,0.9196787148594424,0.08032128514055756,0.0,0.0,PASS,CANCEL,,,clear,BTCUSDT|short|H:88823.1@20|SWH:88880.6,"v10_1_pass,v11_quality_fail,r_abs_bps_low,r_abs_atr_low"
2026-01-27 06:50:00,CANCEL,SRR-1,long,bullish,lower_edge,L:88250.4@20,SWL:88249.0,88250.4,88242.13642857142,88983.3,8.263571428571595,0.9363777873609179,0.12039754396919687,88.69046590024995,0.6272727272728595,0.6484848484848926,0.3515151515151074,0.0,0.0,PASS,CANCEL,,,clear,BTCUSDT|long|L:88250.4@20|SWL:88249.0,"v10_1_pass,v11_quality_fail,r_abs_bps_low,r_abs_atr_low"
2026-01-27 06:55:00,CANCEL,SRR-1,long,bullish,lower_edge,L:88250.4@20,SWL:88239.9,88250.4,88232.95857142856,88983.3,17.44142857143015,1.976356885796569,0.2512656925293453,42.02064051109507,0.05563282336577906,0.6662030598053257,0.2781641168288953,0.0,2.0,PASS,CANCEL,,,clear,BTCUSDT|long|L:88250.4@20|SWL:88239.9,"v10_1_pass,weak_body_ratio,body_not_aligned,v11_quality_fail,r_abs_bps_low,r_abs_atr_low,body_ratio_low"
2026-01-27 08:35:00,CANCEL,SRR-1,long,bullish,lower_edge,L:88175.0@20,SWL:88157.2,88175.0,88150.23285714285,88983.3,24.76714285714843,2.808862246345158,0.3554849292598677,32.63598085019754,0.4184839044652304,0.7985462097612296,0.20145379023877044,0.0,0.0,PASS,CANCEL,,,clear,BTCUSDT|long|L:88175.0@20|SWL:88157.2,"v10_1_pass,v11_quality_fail,r_abs_bps_low,r_abs_atr_low"
2026-01-27 08:55:00,CANCEL,SRR-1,long,bullish,lower_edge,L:88157.2@20,SWL:88084.0,88157.2,88076.18642857143,88983.3,81.0135714285716,9.189671567219875,1.0368315202486178,10.197056930496705,0.8146341463414634,0.8165853658536302,0.18341463414636985,0.0,0.0,PASS,CANCEL,,,clear,BTCUSDT|long|L:88157.2@20|SWL:88084.0,"v10_1_pass,v11_quality_fail,r_abs_bps_low"
2026-01-27 09:20:00,CANCEL,SRR-1,long,bullish,lower_edge,L:87952.9@20,SWL:87937.8,87952.9,87929.22642857143,88849.1,23.673571428560535,2.691619199430665,0.2761226360075337,37.85656096311721,0.26238532110083734,0.5541284403669191,0.44587155963308095,0.0,2.0,PASS,CANCEL,,,clear,BTCUSDT|long|L:87952.9@20|SWL:87937.8,"v10_1_pass,weak_body_ratio,weak_close_strength,v11_quality_fail,r_abs_bps_low,r_abs_atr_low,close_strength_low,body_ratio_low"
2026-01-27 09:25:00,CANCEL,SRR-1,long,bullish,lower_edge,L:87952.9@20,SWL:87937.8,87952.9,87929.34928571428,88849.1,23.550714285709546,2.6776506841399828,0.27868312061527173,38.05404749629277,0.3922077922079434,0.563636363636288,0.044155844155768564,0.0,2.0,PASS,CANCEL,,,clear,BTCUSDT|long|L:87952.9@20|SWL:87937.8,"v10_1_pass,weak_close_strength,body_not_aligned,v11_quality_fail,r_abs_bps_low,r_abs_atr_low,close_strength_low"
2026-01-27 09:40:00,CANCEL,SRR-1,long,bullish,lower_edge,L:87937.8@20,SWL:87877.0,87937.8,87868.26285714285,88800.0,69.5371428571525,7.907537243045937,0.7958796599085303,12.399128934175245,0.7575539568345533,0.8366906474820354,0.16330935251796466,0.0,0.0,PASS,CANCEL,,,clear,BTCUSDT|long|L:87937.8@20|SWL:87877.0,"v10_1_pass,v11_quality_fail,r_abs_bps_low"
2026-01-27 11:05:00,CANCEL,SRR-1,long,bearish,lower_edge,L:87722.0@20,SWL:87707.1,87722.0,87699.94785714286,88519.5,22.05214285713737,2.5138668586144144,0.3083291720762232,36.1642859456573,0.1721105527638014,0.765075376884433,0.23492462311556708,0.0,1.0,PASS,CANCEL,,,clear,BTCUSDT|long|L:87722.0@20|SWL:87707.1,"v10_1_pass,weak_body_ratio,v11_quality_fail,r_abs_bps_low,r_abs_atr_low,body_ratio_low"
2026-01-27 11:10:00,CANCEL,SRR-1,long,bearish,lower_edge,L:87722.0@20,SWL:87707.1,87722.0,87699.82071428571,88519.5,22.17928571428638,2.528360697919151,0.3046904131096139,35.95697401049778,0.5845360824741967,0.5855670103093084,0.41443298969069164,0.0,1.0,PASS,CANCEL,,,clear,BTCUSDT|long|L:87722.0@20|SWL:87707.1,"v10_1_pass,weak_close_strength,v11_quality_fail,r_abs_bps_low,r_abs_atr_low,close_strength_low"
2026-01-27 14:20:00,CANCEL,SRR-1,short,bearish,upper_edge,H:88272.8@20,SWH:88418.8,88272.8,88430.89071428572,87707.1,158.0907142857177,17.909334957735304,1.3075382524960089,3.5783252834040984,0.24175306314799064,0.9948162111216244,0.005183788878375514,0.0,1.0,PASS,CANCEL,,,clear,BTCUSDT|short|H:88272.8@20|SWH:88418.8,"v10_1_pass,weak_body_ratio,v11_quality_fail,r_abs_bps_low,body_ratio_low"
2026-01-27 14:50:00,CANCEL,SRR-1,long,bearish,lower_edge,L:87630.0@20,SWL:87622.0,87630.0,87603.21928571428,88418.8,26.780714285720023,3.0561125511491527,0.14259688890582203,29.45403141919205,0.8126760563380555,0.8840375586854596,0.11596244131454032,0.0,0.0,PASS,CANCEL,,,clear,BTCUSDT|long|L:87630.0@20|SWL:87622.0,"v10_1_pass,v11_quality_fail,r_abs_bps_low,r_abs_atr_low"
2026-01-27 14:55:00,CANCEL,SRR-1,long,bearish,lower_edge,L:87630.0@20,SWL:87622.0,87630.0,87602.50714285714,88418.8,27.492857142860885,3.137379566685026,0.14104067423966668,28.691088594436316,0.04373024236039401,0.9483667017913447,0.007903055848261207,0.0,2.0,PASS,CANCEL,,,clear,BTCUSDT|long|L:87630.0@20|SWL:87622.0,"v10_1_pass,weak_body_ratio,body_not_aligned,v11_quality_fail,r_abs_bps_low,r_abs_atr_low,body_ratio_low"
2026-01-27 15:05:00,CANCEL,SRR-1,long,bearish,lower_edge,L:87622.0@20,SWL:87530.0,87622.0,87508.41785714286,88418.8,113.5821428571362,12.962742559760812,0.5262783385735254,7.015187246486617,0.10865825688075807,0.6310206422018463,0.3689793577981537,0.0,1.0,PASS,CANCEL,,,clear,BTCUSDT|long|L:87622.0@20|SWL:87530.0,"v10_1_pass,weak_body_ratio,v11_quality_fail,r_abs_bps_low,r_abs_atr_low,body_ratio_low"
2026-01-27 15:10:00,CANCEL,SRR-1,long,bearish,lower_edge,L:87622.0@20,SWL:87530.0,87622.0,87506.755,88418.8,115.24499999999534,13.152518773823395,0.49578403957838346,6.913965898737777,0.4154904089757572,0.8769453492580541,0.12305465074194587,0.0,0.0,PASS,CANCEL,,,clear,BTCUSDT|long|L:87622.0@20|SWL:87530.0,"v10_1_pass,v11_quality_fail,r_abs_bps_low,r_abs_atr_low"
2026-01-27 16:55:00,CANCEL,SRR-1,short,bearish,upper_edge,H:88775.3@20,SWH:88836.3,88775.3,88859.63,87530.0,84.33000000000175,9.499263871820398,0.3614659237033956,14.766986837424133,0.5378908320084874,0.7859035506094605,0.21409644939053948,0.0,0.0,PASS,CANCEL,,,clear,BTCUSDT|short|H:88775.3@20|SWH:88836.3,"v10_1_pass,v11_quality_fail,r_abs_bps_low,r_abs_atr_low"
2026-01-27 17:55:00,CANCEL,SRR-1,long,bullish,lower_edge,L:87280.0@20,SWL:87265.4,87280.0,87239.49214285714,88836.3,40.5078571428603,4.641138536074736,0.15635356069588405,38.41970693515957,0.42906976744187736,0.6918604651162791,0.3081395348837209,0.0,0.0,PASS,CANCEL,,,clear,BTCUSDT|long|L:87280.0@20|SWL:87265.4,"v10_1_pass,v11_quality_fail,r_abs_bps_low,r_abs_atr_low"
2026-01-28 03:25:00,CANCEL,SRR-1,long,bullish,lower_edge,L:88966.2@20,SWL:88954.7,88966.2,88943.58142857143,89491.8,22.61857142856752,2.542378052402769,0.20343055377100355,23.237541842990442,0.7719167904902652,0.8974739970282146,0.1025260029717854,0.0,0.0,PASS,CANCEL,,,clear,BTCUSDT|long|L:88966.2@20|SWL:88954.7,"v10_1_pass,v11_quality_fail,r_abs_bps_low,r_abs_atr_low"
2026-01-28 03:35:00,CANCEL,SRR-1,long,bullish,lower_edge,L:88954.7@20,SWL:88932.6,88954.7,88920.94,89491.8,33.75999999999476,3.7951901361023936,0.28953687821607704,15.9093601895761,0.4693121693121539,0.9677248677248369,0.03227513227516307,0.0,0.0,PASS,CANCEL,,,clear,BTCUSDT|long|L:88954.7@20|SWL:88932.6,"v10_1_pass,v11_quality_fail,r_abs_bps_low,r_abs_atr_low"
2026-01-28 10:20:00,CANCEL,SRR-1,short,bullish,upper_edge,H:89591.0@20,SWH:89682.5,89591.0,89698.22214285715,88786.0,107.22214285715017,11.967959154061253,0.6819817364045652,7.507777577925156,0.41273666092941197,0.8895008605851779,0.1104991394148221,0.0,0.0,PASS,CANCEL,,,clear,BTCUSDT|short|H:89591.0@20|SWH:89682.5,"v10_1_pass,v11_quality_fail,r_abs_bps_low,r_abs_atr_low"
2026-01-28 10:25:00,CANCEL,SRR-1,short,bullish,upper_edge,H:89591.0@20,SWH:89682.5,89591.0,89698.7,88786.0,107.69999999999709,12.021296782042514,0.6648148148147925,7.474466109563805,0.738944365192535,0.738944365192535,0.2610556348074649,0.0,0.0,PASS,CANCEL,,,clear,BTCUSDT|short|H:89591.0@20|SWH:89682.5,"v10_1_pass,v11_quality_fail,r_abs_bps_low,r_abs_atr_low"
2026-01-28 15:20:00,CANCEL,SRR-1,long,bullish,lower_edge,L:89050.0@20,SWL:88852.2,89050.0,88827.75571428571,90444.4,222.2442857142887,24.95724713242995,0.9091870726433419,6.27417706384855,0.22820919175913207,0.7591125198098371,0.24088748019016293,0.0,1.0,PASS,CANCEL,,,clear,BTCUSDT|long|L:89050.0@20|SWL:88852.2,"v10_1_pass,weak_body_ratio,v11_quality_fail,body_ratio_low"
2026-01-28 20:55:00,CANCEL,SRR-1,long,bullish,lower_edge,L:88974.0@20,SWL:88964.7,88974.0,88940.30071428571,90592.7,33.699285714290454,3.7875430703677986,0.13811586990253436,48.033659043211536,0.7331103678929182,1.0,0.0,0.0,0.0,PASS,CANCEL,,,clear,BTCUSDT|long|L:88974.0@20|SWL:88964.7,"v10_1_pass,v11_quality_fail,r_abs_bps_low,r_abs_atr_low"
2026-01-28 21:10:00,CANCEL,SRR-1,long,bullish,lower_edge,L:88964.7@20,SWL:88829.0,88964.7,88805.48928571428,90592.7,159.21071428571304,17.895942355306435,0.6771836548686047,10.225442472913334,0.3597980725103087,0.881597062872861,0.11840293712713905,0.0,0.0,PASS,CANCEL,,,clear,BTCUSDT|long|L:88964.7@20|SWL:88829.0,"v10_1_pass,v11_quality_fail,r_abs_bps_low,r_abs_atr_low"
2026-01-29 02:05:00,CANCEL,SRR-1,long,bearish,lower_edge,L:88508.7@20,SWL:88377.0,88508.7,88361.66071428571,89449.1,147.03928571428696,16.612975415330578,0.9585797438882503,6.395569697116907,0.10368763557487519,0.9049891540130405,0.09501084598695957,0.0,1.0,PASS,CANCEL,,,clear,BTCUSDT|long|L:88508.7@20|SWL:88377.0,"v10_1_pass,weak_body_ratio,v11_quality_fail,r_abs_bps_low,body_ratio_low"
2026-01-29 02:10:00,CANCEL,SRR-1,long,bearish,lower_edge,L:88508.7@20,SWL:88377.0,88508.7,88361.93071428571,89449.1,146.7692857142829,16.582469939597225,0.9739631227188459,6.407335127532705,0.45295587010817273,0.7493755203996306,0.2506244796003694,0.0,0.0,PASS,CANCEL,,,clear,BTCUSDT|long|L:88508.7@20|SWL:88377.0,"v10_1_pass,v11_quality_fail,r_abs_bps_low"
2026-01-29 08:35:00,CANCEL,SRR-1,short,bearish,upper_edge,H:88440.8@20,SWH:88461.2,88440.8,88475.42,87863.0,34.61999999999534,3.91448290834042,0.24345991561178304,16.689774696709435,0.7608494921514753,0.9833795013850812,0.016620498614918808,0.0,0.0,PASS,CANCEL,,,clear,BTCUSDT|short|H:88440.8@20|SWH:88461.2,"v10_1_pass,v11_quality_fail,r_abs_bps_low,r_abs_atr_low"
2026-01-29 08:40:00,CANCEL,SRR-1,short,bearish,upper_edge,H:88440.8@20,SWH:88461.2,88440.8,88475.6557142857,87863.0,34.85571428570256,3.9411351192778175,0.2411206640971631,16.576908889714254,0.45847750865055364,0.477508650519042,0.522491349480958,0.0,2.0,PASS,CANCEL,,,clear,BTCUSDT|short|H:88440.8@20|SWH:88461.2,"v10_1_pass,weak_close_strength,opposite_wick_high,v11_quality_fail,r_abs_bps_low,r_abs_atr_low,close_strength_low"
2026-01-29 10:10:00,CANCEL,SRR-1,long,bearish,lower_edge,L:87850.0@20,SWL:87800.0,87850.0,87791.65071428572,88461.2,58.34928571428463,6.64192210748829,0.6988536230644188,10.474849734970581,0.8545269582909207,0.8545269582909207,0.1454730417090792,0.0,0.0,PASS,CANCEL,,,clear,BTCUSDT|long|L:87850.0@20|SWL:87800.0,"v10_1_pass,v11_quality_fail,r_abs_bps_low,r_abs_atr_low"
2026-01-29 10:55:00,CANCEL,SRR-1,long,bearish,lower_edge,L:87800.0@20,SWL:87773.1,87800.0,87764.57,88461.2,35.429999999993015,4.035307517083487,0.4153575615473935,18.66215071973264,0.8313659359190639,0.8313659359190639,0.16863406408093606,0.0,0.0,PASS,CANCEL,,,clear,BTCUSDT|long|L:87800.0@20|SWL:87773.1,"v10_1_pass,v11_quality_fail,r_abs_bps_low,r_abs_atr_low"
2026-01-29 11:35:00,CANCEL,SRR-1,long,bearish,lower_edge,L:87731.7@20,SWL:87725.1,87731.7,87715.16428571429,88461.2,16.535714285710128,1.8848049548464385,0.1664270309129669,44.11663066955753,0.3243451463791186,0.5947611710323883,0.4052388289676116,0.0,1.0,PASS,CANCEL,,,clear,BTCUSDT|long|L:87731.7@20|SWL:87725.1,"v10_1_pass,weak_close_strength,v11_quality_fail,r_abs_bps_low,r_abs_atr_low,close_strength_low"
2026-01-29 14:40:00,CANCEL,SRR-1,long,bearish,lower_edge,L:87711.0@20,SWL:87501.0,87711.0,87487.41428571429,88133.2,223.58571428571304,25.491182894473102,1.645741324921114,1.8883138457606519,0.22759812392004522,0.6815601086151614,0.3184398913848387,0.0,1.0,PASS,CANCEL,,,clear,BTCUSDT|long|L:87711.0@20|SWL:87501.0,"v10_1_pass,weak_body_ratio,v11_sub2r_fail"
2026-01-29 15:20:00,CANCEL,SRR-1,long,bearish,lower_edge,L:85280.0@20,SWL:85166.3,85280.0,85130.38642857144,88133.2,149.61357142856286,17.543805280084765,0.416593408778991,19.07046247714457,0.44194107452340525,0.7350519930676112,0.2649480069323888,0.0,0.0,PASS,CANCEL,,,clear,BTCUSDT|long|L:85280.0@20|SWL:85166.3,"v10_1_pass,v11_quality_fail,r_abs_bps_low,r_abs_atr_low"
2026-01-29 15:55:00,CANCEL,SRR-1,long,bearish,lower_edge,L:84400.0@20,SWL:84335.4,84400.0,84287.56142857143,88133.2,112.4385714285745,13.322105619499348,0.2350374772299775,33.20212941669644,0.5497647484618163,0.7842924357582414,0.21570756424175866,0.0,0.0,PASS,CANCEL,,,clear,BTCUSDT|long|L:84400.0@20|SWL:84335.4,"v10_1_pass,v11_quality_fail,r_abs_bps_low,r_abs_atr_low"
2026-01-29 16:40:00,CANCEL,SRR-1,long,bearish,lower_edge,L:84335.4@20,SWL:84222.0,84335.4,84184.87071428572,88133.2,150.52928571427765,17.848885013206512,0.4054192878166789,25.229642072497942,0.2550335570469269,0.6168903803132053,0.38310961968679463,0.0,1.0,PASS,CANCEL,,,clear,BTCUSDT|long|L:84335.4@20|SWL:84222.0,"v10_1_pass,weak_body_ratio,v11_quality_fail,r_abs_bps_low,r_abs_atr_low,body_ratio_low"
2026-01-29 18:35:00,CANCEL,SRR-1,long,bearish,lower_edge,L:83644.9@20,SWL:83524.3,83644.9,83494.00785714286,88132.9,150.89214285713388,18.03961064657067,0.49812303992073914,29.743099375620115,0.009714127116291901,0.8537330002775153,0.13655287260619273,0.0,2.0,PASS,CANCEL,,,clear,BTCUSDT|long|L:83644.9@20|SWL:83524.3,"v10_1_pass,weak_body_ratio,body_not_aligned,v11_quality_fail,r_abs_bps_low,r_abs_atr_low,body_ratio_low"
2026-01-29 19:05:00,CANCEL,SRR-1,long,bearish,lower_edge,L:83355.0@20,SWL:83338.3,83355.0,83307.32285714286,88035.5,47.67714285713737,5.719770002655794,0.15391071757976346,98.17073170732837,0.38613462313585767,0.7992744860943567,0.20072551390564333,0.0,0.0,PASS,CANCEL,,,clear,BTCUSDT|long|L:83355.0@20|SWL:83338.3,"v10_1_pass,v11_quality_fail,r_abs_bps_low,r_abs_atr_low"
2026-01-29 19:10:00,CANCEL,SRR-1,long,bearish,lower_edge,L:83355.0@20,SWL:83338.3,83355.0,83308.83857142857,88035.5,46.161428571431316,5.537931566364503,0.15668428453669034,101.39417571874493,0.1503722084366668,0.6779156327542991,0.3220843672457009,0.0,1.0,PASS,CANCEL,,,clear,BTCUSDT|long|L:83355.0@20|SWL:83338.3,"v10_1_pass,weak_body_ratio,v11_quality_fail,r_abs_bps_low,r_abs_atr_low,body_ratio_low"
2026-01-29 23:55:00,CANCEL,SRR-1,short,bearish,upper_edge,H:84695.2@20,SWH:84699.9,84695.2,84709.20999999999,83338.3,14.009999999994761,1.6541669421637546,0.15048335123517367,96.85224839404009,0.41064638783276486,0.41064638783276486,0.5893536121672351,0.0,2.0,PASS,CANCEL,,,clear,BTCUSDT|short|H:84695.2@20|SWH:84699.9,"v10_1_pass,weak_close_strength,opposite_wick_high,v11_quality_fail,r_abs_bps_low,r_abs_atr_low,close_strength_low"
2026-01-30 12:10:00,CANCEL,SRR-1,short,bearish,upper_edge,H:83280.6@20,SWH:83296.9,83280.6,83314.69571428571,82108.4,34.0957142857078,4.0940764458598755,0.19159508709958445,34.37968743453992,0.9181286549707389,0.9181286549707389,0.08187134502926109,0.0,0.0,PASS,CANCEL,,,clear,BTCUSDT|short|H:83280.6@20|SWH:83296.9,"v10_1_pass,v11_quality_fail,r_abs_bps_low,r_abs_atr_low"
2026-01-30 14:50:00,CANCEL,SRR-1,short,bearish,upper_edge,H:83620.0@20,SWH:83779.2,83620.0,83803.44357142856,82108.4,183.4435714285646,21.937762667850347,0.756668925488318,8.240136125940195,0.29334226988383705,0.6756032171581772,0.3243967828418229,0.0,1.0,PASS,CANCEL,,,clear,BTCUSDT|short|H:83620.0@20|SWH:83779.2,"v10_1_pass,weak_body_ratio,v11_quality_fail,r_abs_bps_low,body_ratio_low"
2026-01-30 14:55:00,CANCEL,SRR-1,short,bearish,upper_edge,H:83620.0@20,SWH:83779.2,83620.0,83807.07928571428,82108.4,187.07928571428056,22.372552704410495,0.6710332812379709,8.079996640080282,0.5682022135806025,0.7055040382889515,0.29449596171104847,0.0,0.0,PASS,CANCEL,,,clear,BTCUSDT|short|H:83620.0@20|SWH:83779.2,"v10_1_pass,v11_quality_fail,r_abs_atr_low"
2026-01-30 15:35:00,CANCEL,SRR-1,long,bearish,lower_edge,L:82372.1@20,SWL:82328.6,82372.1,82286.03142857144,83779.2,86.06857142856461,10.448752845752944,0.20218806631315916,16.348592484399017,0.46951333209026364,0.9511467462241326,0.04885325377586735,0.0,0.0,PASS,CANCEL,,,clear,BTCUSDT|long|L:82372.1@20|SWL:82328.6,"v10_1_pass,v11_quality_fail,r_abs_bps_low,r_abs_atr_low"
2026-01-30 15:40:00,CANCEL,SRR-1,long,bearish,lower_edge,L:82372.1@20,SWL:82328.6,82372.1,82284.03142857144,83779.2,88.06857142856461,10.691553502771521,0.19760241041090829,15.977322865300904,0.7328124999999849,0.7328124999999849,0.2671875000000152,0.0,0.0,PASS,CANCEL,,,clear,BTCUSDT|long|L:82372.1@20|SWL:82328.6,"v10_1_pass,v11_quality_fail,r_abs_bps_low,r_abs_atr_low"
2026-01-30 19:10:00,CANCEL,SRR-1,short,bearish,upper_edge,H:84159.4@20,SWH:84345.0,84159.4,84391.435,81832.0,232.0350000000035,27.570895229766787,0.4996985032841675,10.030383347339665,0.5903954802259888,0.8274011299434864,0.17259887005651361,0.0,0.0,PASS,CANCEL,,,clear,BTCUSDT|short|H:84159.4@20|SWH:84345.0,"v10_1_pass,v11_quality_fail,r_abs_atr_low"
2026-01-30 19:40:00,CANCEL,SRR-1,short,bearish,upper_edge,H:84487.9@20,SWH:84539.6,84487.9,84580.35071428573,81832.0,92.45071428573283,10.942479844537838,0.22686894182402734,28.727739104227318,0.5368144252441867,0.8046581517655983,0.19534184823440168,0.0,0.0,PASS,CANCEL,,,clear,BTCUSDT|short|H:84487.9@20|SWH:84539.6,"v10_1_pass,v11_quality_fail,r_abs_bps_low,r_abs_atr_low"
2026-01-30 19:55:00,CANCEL,SRR-1,short,bearish,upper_edge,H:84539.6@20,SWH:84599.0,84539.6,84634.17857142857,81832.0,94.57857142855937,11.187487453046781,0.26885279187813754,28.628049240997594,0.36344019728733307,0.5647348951911232,0.0718249075215437,0.0,2.0,PASS,CANCEL,,,clear,BTCUSDT|short|H:84539.6@20|SWH:84599.0,"v10_1_pass,weak_close_strength,body_not_aligned,v11_quality_fail,r_abs_bps_low,r_abs_atr_low,close_strength_low"
2026-01-31 02:35:00,CANCEL,SRR-1,long,bullish,lower_edge,L:83800.1@20,SWL:83775.5,83800.1,83765.36928571429,84385.0,34.73071428571711,4.144471699403355,0.342825918352985,16.841001172283182,0.33459214501514245,0.8972809667674331,0.10271903323256697,0.0,0.0,PASS,CANCEL,,,clear,BTCUSDT|long|L:83800.1@20|SWL:83775.5,"v10_1_pass,v11_quality_fail,r_abs_bps_low,r_abs_atr_low"
2026-01-31 02:40:00,CANCEL,SRR-1,long,bullish,lower_edge,L:83800.1@20,SWL:83775.5,83800.1,83765.12428571428,84385.0,34.97571428572701,4.173707941366061,0.3370921106981799,16.723032308125923,0.7296786389413513,0.7296786389413513,0.27032136105864873,0.0,0.0,PASS,CANCEL,,,clear,BTCUSDT|long|L:83800.1@20|SWL:83775.5,"v10_1_pass,v11_quality_fail,r_abs_bps_low,r_abs_atr_low"
2026-01-31 08:20:00,CANCEL,SRR-1,long,bullish,lower_edge,L:83116.3@20,SWL:83018.1,83116.3,83004.82285714286,84190.0,111.47714285714028,13.412187844880037,0.8396169571766721,9.631570853730622,0.31510934393641316,0.663021868787273,0.02186878727631386,0.0,1.0,PASS,CANCEL,,,clear,BTCUSDT|long|L:83116.3@20|SWL:83018.1,"v10_1_pass,body_not_aligned,v11_quality_fail,r_abs_bps_low"
2026-01-31 14:35:00,CANCEL,SRR-1,long,bearish,lower_edge,L:81156.5@20,SWL:81111.0,81156.5,81081.85642857142,83265.0,74.64357142857625,9.19748528196463,0.25612362442098624,28.247576578212737,0.29079754601229374,0.6449897750511129,0.06421267893659341,0.0,2.0,PASS,CANCEL,,,clear,BTCUSDT|long|L:81156.5@20|SWL:81111.0,"v10_1_pass,weak_body_ratio,body_not_aligned,v11_quality_fail,r_abs_bps_low,r_abs_atr_low,body_ratio_low"
2026-01-31 16:25:00,CANCEL,SRR-1,long,bearish,lower_edge,L:80668.6@20,SWL:80430.6,80668.6,80393.98571428572,83115.3,274.61428571428405,34.042277381073184,0.7500195083886004,8.909587473339272,0.34563236274727605,0.45743498555234996,0.54256501444765,0.0,2.0,PASS,CANCEL,,,clear,BTCUSDT|long|L:80668.6@20|SWL:80430.6,"v10_1_pass,weak_close_strength,opposite_wick_high,v11_quality_fail,close_strength_low"
2026-03-01 09:05:00,CANCEL,SRR-1,long,bearish,lower_edge,L:66429.8@20,SWL:66324.5,66429.8,66305.55642857144,67582.2,124.24357142856752,18.70298742861901,0.655861392858471,9.275328990864963,0.17341882832993002,0.7869425823374976,0.2130574176625024,0.0,1.0,PASS,CANCEL,,,clear,BTCUSDT|long|L:66429.8@20|SWL:66324.5,"v10_1_pass,weak_body_ratio,v11_quality_fail,r_abs_bps_low,r_abs_atr_low,body_ratio_low"
2026-03-01 09:10:00,CANCEL,SRR-1,long,bearish,lower_edge,L:66429.8@20,SWL:66324.5,66429.8,66304.85642857142,67582.2,124.94357142857916,18.808361823847,0.636053234427877,9.223363689893677,0.11517615176151308,0.7256097560975718,0.15921409214091514,0.0,2.0,PASS,CANCEL,,,clear,BTCUSDT|long|L:66429.8@20|SWL:66324.5,"v10_1_pass,weak_body_ratio,body_not_aligned,v11_quality_fail,r_abs_bps_low,r_abs_atr_low,body_ratio_low"
2026-03-01 09:50:00,CANCEL,SRR-1,long,bearish,lower_edge,L:66225.2@20,SWL:66205.8,66225.2,66186.24857142857,67547.3,38.95142857142491,5.8816626558205805,0.1992254858979784,33.94227242720205,0.4742351046698515,0.9758454106280188,0.02415458937198124,0.0,0.0,PASS,CANCEL,,,clear,BTCUSDT|long|L:66225.2@20|SWL:66205.8,"v10_1_pass,v11_quality_fail,r_abs_bps_low,r_abs_atr_low"
2026-03-01 10:10:00,CANCEL,SRR-1,long,bearish,lower_edge,L:66205.8@20,SWL:66160.4,66205.8,66143.18428571428,67547.3,62.615714285726426,9.457738489033654,0.36371255497476185,21.424334375209735,0.30537190082648236,0.9615702479339324,0.0384297520660676,0.0,0.0,PASS,CANCEL,,,clear,BTCUSDT|long|L:66205.8@20|SWL:66160.4,"v10_1_pass,v11_quality_fail,r_abs_bps_low,r_abs_atr_low"
2026-03-01 13:25:00,CANCEL,SRR-1,long,bearish,lower_edge,L:66160.4@20,SWL:66100.0,66160.4,66087.26071428572,67275.5,73.13928571427823,11.054843337446304,0.5741239136528896,15.246252258412694,0.5033653846153706,0.4966346153846294,0.0,0.0,2.0,PASS,CANCEL,,,clear,BTCUSDT|long|L:66160.4@20|SWL:66100.0,"v10_1_pass,weak_close_strength,body_not_aligned,v11_quality_fail,r_abs_bps_low,r_abs_atr_low,close_strength_low"
2026-03-01 17:25:00,CANCEL,SRR-1,long,bearish,lower_edge,L:65777.0@20,SWL:65681.3,65777.0,65654.68714285715,67333.0,122.31285714285332,18.595079912865184,0.45960062268504615,12.721475373457224,0.48793565683647405,0.8254393803991904,0.17456061960080957,0.0,0.0,PASS,CANCEL,,,clear,BTCUSDT|long|L:65777.0@20|SWL:65681.3,"v10_1_pass,v11_quality_fail,r_abs_bps_low,r_abs_atr_low"
2026-03-01 22:55:00,CANCEL,SRR-1,long,bearish,lower_edge,L:65030.3@20,SWL:65011.0,65030.3,64977.43214285714,66888.0,52.867857142860885,8.129726780110332,0.15749547824237758,35.13855299601178,0.9109099571224191,0.9109099571224191,0.08909004287758092,0.0,0.0,PASS,CANCEL,,,clear,BTCUSDT|long|L:65030.3@20|SWL:65011.0,"v10_1_pass,v11_quality_fail,r_abs_bps_low,r_abs_atr_low"
2026-03-02 07:25:00,CANCEL,SRR-1,long,bearish,lower_edge,L:65556.9@20,SWL:65509.0,65556.9,65488.37071428572,67014.9,68.52928571427765,10.453405471319975,0.3321941761018983,21.275575614182053,0.8575757575757513,0.9099567099566973,0.09004329004330264,0.0,0.0,PASS,CANCEL,,,clear,BTCUSDT|long|L:65556.9@20|SWL:65509.0,"v10_1_pass,v11_quality_fail,r_abs_bps_low,r_abs_atr_low"
2026-03-02 13:35:00,CANCEL,SRR-1,long,bearish,lower_edge,L:65693.1@20,SWL:65650.0,65693.1,65634.95642857143,66707.5,58.14357142857625,8.850788199761656,0.3865011158065006,17.446468716598986,0.13281553398062773,0.6489320388349741,0.3510679611650259,0.0,1.0,PASS,CANCEL,,,clear,BTCUSDT|long|L:65693.1@20|SWL:65650.0,"v10_1_pass,weak_body_ratio,v11_quality_fail,r_abs_bps_low,r_abs_atr_low,body_ratio_low"
2026-03-02 14:05:00,CANCEL,SRR-1,long,bearish,lower_edge,L:65319.9@20,SWL:65234.4,65319.9,65215.38857142857,66707.5,104.51142857142986,15.999937013288426,0.5497294860234562,13.277016867601452,0.14219712525669911,0.7710472279260804,0.08675564681722052,0.0,2.0,PASS,CANCEL,,,clear,BTCUSDT|long|L:65319.9@20|SWL:65234.4,"v10_1_pass,weak_body_ratio,body_not_aligned,v11_quality_fail,r_abs_bps_low,r_abs_atr_low,body_ratio_low"
2026-03-02 14:10:00,CANCEL,SRR-1,long,bearish,lower_edge,L:65319.9@20,SWL:65234.4,65319.9,65214.94857142858,66707.5,104.95142857142491,16.067297802266218,0.5395564042303019,13.221354095772641,0.7624548736461989,0.7624548736461989,0.23754512635380112,0.0,0.0,PASS,CANCEL,,,clear,BTCUSDT|long|L:65319.9@20|SWL:65234.4,"v10_1_pass,v11_quality_fail,r_abs_bps_low,r_abs_atr_low"
2026-03-02 15:20:00,CANCEL,SRR-1,short,bearish,upper_edge,H:68445.9@20,SWH:68618.6,68445.9,68660.89071428572,65234.4,214.99071428572643,31.41031300424517,0.5083638758930809,14.93785445882957,0.142173797501992,0.7249534945522211,0.2750465054477789,0.0,1.0,PASS,CANCEL,,,clear,BTCUSDT|short|H:68445.9@20|SWH:68618.6,"v10_1_pass,weak_body_ratio,v11_quality_fail,r_abs_atr_low,body_ratio_low"
2026-03-02 15:50:00,CANCEL,SRR-1,short,bearish,upper_edge,H:69489.0@20,SWH:69588.0,69489.0,69635.03785714286,65234.4,146.03785714285914,21.015967583769967,0.31046877135438566,29.133541694178692,0.6674132138858082,0.9904815229563432,0.009518477043656794,0.0,0.0,PASS,CANCEL,,,clear,BTCUSDT|short|H:69489.0@20|SWH:69588.0,"v10_1_pass,v11_quality_fail,r_abs_bps_low,r_abs_atr_low"
2026-03-02 15:55:00,CANCEL,SRR-1,short,bearish,upper_edge,H:69489.0@20,SWH:69588.0,69489.0,69636.64214285715,65234.4,147.64214285714843,21.246836601066132,0.3035272177271456,28.816975408684964,0.43625697524683255,0.7305766204035056,0.2694233795964944,0.0,0.0,PASS,CANCEL,,,clear,BTCUSDT|short|H:69489.0@20|SWH:69588.0,"v10_1_pass,v11_quality_fail,r_abs_bps_low,r_abs_atr_low"
2026-03-02 16:50:00,CANCEL,SRR-1,short,bullish,upper_edge,H:69842.0@20,SWH:70100.0,69842.0,70140.06785714286,65234.4,298.067857142858,42.677451553915695,0.7439076566538967,15.45822499670492,0.07812087622061685,0.8068091844813983,0.1931908155186018,0.0,1.0,PASS,CANCEL,,,clear,BTCUSDT|short|H:69842.0@20|SWH:70100.0,"v10_1_pass,weak_body_ratio,v11_quality_fail,body_ratio_low"
2026-03-03 05:10:00,CANCEL,SRR-1,long,bullish,lower_edge,L:68018.0@20,SWL:68001.0,68018.0,67988.80285714286,69221.6,29.197142857141444,4.292561212788003,0.2393769032560235,41.22321166454863,0.4974391805378093,0.8508322663252492,0.14916773367475075,0.0,0.0,PASS,CANCEL,,,clear,BTCUSDT|long|L:68018.0@20|SWL:68001.0,"v10_1_pass,v11_quality_fail,r_abs_bps_low,r_abs_atr_low"
2026-03-03 06:55:00,CANCEL,SRR-1,long,bullish,lower_edge,L:67778.0@20,SWL:67759.6,67778.0,67745.75357142858,69023.5,32.246428571423166,4.757654190360171,0.2328862522568606,38.62443238454518,0.9578686493184477,0.9578686493184477,0.042131350681552306,0.0,0.0,PASS,CANCEL,,,clear,BTCUSDT|long|L:67778.0@20|SWL:67759.6,"v10_1_pass,v11_quality_fail,r_abs_bps_low,r_abs_atr_low"
2026-03-03 09:10:00,CANCEL,SRR-1,long,bearish,lower_edge,L:66853.5@20,SWL:66833.2,66853.5,66813.05714285714,68561.9,40.442857142857974,6.049474917971082,0.20078014184397266,42.24231720240097,0.5963557751698256,0.8925262507720735,0.10747374922792649,0.0,0.0,PASS,CANCEL,,,clear,BTCUSDT|long|L:66853.5@20|SWL:66833.2,"v10_1_pass,v11_quality_fail,r_abs_bps_low,r_abs_atr_low"
2026-03-03 09:35:00,CANCEL,SRR-1,long,bearish,lower_edge,L:66550.0@20,SWL:66270.7,66550.0,66248.055,68561.9,301.945000000007,45.37114951164643,1.3333848531684933,6.663134014472661,0.03285188331914777,0.8980458793542923,0.06910223732655998,0.0,2.0,PASS,CANCEL,,,clear,BTCUSDT|long|L:66550.0@20|SWL:66270.7,"v10_1_pass,weak_body_ratio,body_not_aligned,v11_quality_fail,body_ratio_low"
2026-03-03 09:40:00,CANCEL,SRR-1,long,bearish,lower_edge,L:66550.0@20,SWL:66270.7,66550.0,66248.07285714285,68561.9,301.9271428571519,45.36846624450066,1.3343582296862564,6.663528098074529,0.10982410982407648,0.6889746889746773,0.31102531102532266,0.0,1.0,PASS,CANCEL,,,clear,BTCUSDT|long|L:66550.0@20|SWL:66270.7,"v10_1_pass,weak_body_ratio,v11_quality_fail,body_ratio_low"
2026-03-04 09:10:00,CANCEL,SRR-1,short,bullish,upper_edge,H:71200.0@20,SWH:71287.0,71200.0,71320.98071428572,67421.9,120.98071428571711,16.99167335473555,0.3560275786685795,31.22894440081881,0.39615529589143383,0.5373162457595226,0.06652845834904358,0.0,2.0,PASS,CANCEL,,,clear,BTCUSDT|short|H:71200.0@20|SWH:71287.0,"v10_1_pass,weak_close_strength,body_not_aligned,v11_quality_fail,r_abs_bps_low,r_abs_atr_low,close_strength_low"
2026-03-04 09:20:00,CANCEL,SRR-1,short,bullish,upper_edge,H:71287.0@20,SWH:71500.0,71287.0,71534.00642857143,67421.9,247.00642857143248,34.64957545855941,0.7263521603058324,15.647770879300198,0.2300807683911971,0.7430691988648546,0.02685003274394838,0.0,2.0,PASS,CANCEL,,,clear,BTCUSDT|short|H:71287.0@20|SWH:71500.0,"v10_1_pass,weak_body_ratio,body_not_aligned,v11_quality_fail,body_ratio_low"
2026-03-04 09:55:00,CANCEL,SRR-1,short,bullish,upper_edge,H:71863.5@20,SWH:71887.9,71863.5,71925.51928571428,67566.4,62.01928571428289,8.63015101049669,0.1648603489851242,69.28651226001453,0.7395669291338526,0.9131889763779413,0.0868110236220587,0.0,0.0,PASS,CANCEL,,,clear,BTCUSDT|short|H:71863.5@20|SWH:71887.9,"v10_1_pass,v11_quality_fail,r_abs_bps_low,r_abs_atr_low"
2026-03-04 14:20:00,CANCEL,SRR-1,short,bullish,upper_edge,H:71887.9@20,SWH:71986.5,71887.9,72007.05,70559.7,119.15000000000873,16.574416556890483,0.5798053527980872,11.147293327737303,0.20511534603812015,0.7635406218655912,0.2364593781344088,0.0,1.0,PASS,CANCEL,,,clear,BTCUSDT|short|H:71887.9@20|SWH:71986.5,"v10_1_pass,weak_body_ratio,v11_quality_fail,r_abs_bps_low,r_abs_atr_low,body_ratio_low"
2026-03-04 14:25:00,CANCEL,SRR-1,short,bullish,upper_edge,H:71887.9@20,SWH:71986.5,71887.9,72006.20785714286,70559.7,118.30785714286321,16.457269880308537,0.6003080714726017,11.226642355597084,0.8843031123139007,0.9357239512855222,0.06427604871447776,0.0,0.0,PASS,CANCEL,,,clear,BTCUSDT|short|H:71887.9@20|SWH:71986.5,"v10_1_pass,v11_quality_fail,r_abs_bps_low,r_abs_atr_low"
2026-03-04 15:35:00,CANCEL,SRR-1,short,bullish,upper_edge,H:72960.0@20,SWH:73084.7,72960.0,73133.16714285714,70559.7,173.1671428571426,23.734531641603976,0.3572877059569065,13.86117458772288,0.3781357274887726,0.783997887509893,0.21600211249010703,0.0,0.0,PASS,CANCEL,,,clear,BTCUSDT|short|H:72960.0@20|SWH:73084.7,"v10_1_pass,v11_quality_fail,r_abs_atr_low"
2026-03-04 15:40:00,CANCEL,SRR-1,short,bullish,upper_edge,H:72960.0@20,SWH:73084.7,72960.0,73133.63785714285,70559.7,173.6378571428504,23.799048402254716,0.35481295520556827,13.823598375930752,0.6022490628905085,0.7642648896293489,0.2357351103706511,0.0,0.0,PASS,CANCEL,,,clear,BTCUSDT|short|H:72960.0@20|SWH:73084.7,"v10_1_pass,v11_quality_fail,r_abs_atr_low"
2026-03-04 16:05:00,CANCEL,SRR-1,short,bullish,upper_edge,H:73436.4@20,SWH:73473.0,73436.4,73512.51357142857,70559.7,76.11357142857742,10.364556463630763,0.19262640322494762,37.79483666325396,0.3799758745476411,0.7819662243667019,0.21803377563329807,0.0,0.0,PASS,CANCEL,,,clear,BTCUSDT|short|H:73436.4@20|SWH:73473.0,"v10_1_pass,v11_quality_fail,r_abs_bps_low,r_abs_atr_low"
2026-03-04 16:10:00,CANCEL,SRR-1,short,bullish,upper_edge,H:73436.4@20,SWH:73473.0,73436.4,73513.90785714285,70559.7,77.5078571428603,10.554419489906955,0.18946936494911013,37.11494687174417,0.8243028791656913,0.939016096123309,0.06098390387669095,0.0,0.0,PASS,CANCEL,,,clear,BTCUSDT|short|H:73436.4@20|SWH:73473.0,"v10_1_pass,v11_quality_fail,r_abs_bps_low,r_abs_atr_low"
2026-03-04 17:20:00,CANCEL,SRR-1,short,bullish,upper_edge,H:73670.0@20,SWH:73702.1,73670.0,73729.88857142857,70559.7,59.888571428571595,8.129302487928816,0.21551511412707972,51.93478364581833,0.534465125792592,0.9640008181632123,0.0359991818367877,0.0,0.0,PASS,CANCEL,,,clear,BTCUSDT|short|H:73670.0@20|SWH:73702.1,"v10_1_pass,v11_quality_fail,r_abs_bps_low,r_abs_atr_low"
2026-03-04 17:25:00,CANCEL,SRR-1,short,bullish,upper_edge,H:73670.0@20,SWH:73702.1,73670.0,73730.695,70559.7,60.695000000006985,8.238767476585718,0.2122573876552064,51.2447483318172,0.6764248704662986,0.710880829015529,0.28911917098447104,0.0,0.0,PASS,CANCEL,,,clear,BTCUSDT|short|H:73670.0@20|SWH:73702.1,"v10_1_pass,v11_quality_fail,r_abs_bps_low,r_abs_atr_low"
2026-03-04 19:05:00,CANCEL,SRR-1,short,bullish,upper_edge,H:73702.1@20,SWH:73732.0,73702.1,73753.83571428571,71234.6,51.73571428570722,7.019571258581128,0.2369316323192349,47.69432555571547,0.5351498637602021,0.9749318801089601,0.025068119891039894,0.0,0.0,PASS,CANCEL,,,clear,BTCUSDT|short|H:73702.1@20|SWH:73732.0,"v10_1_pass,v11_quality_fail,r_abs_bps_low,r_abs_atr_low"
2026-03-04 19:10:00,CANCEL,SRR-1,short,bullish,upper_edge,H:73702.1@20,SWH:73848.8,73702.1,73871.92571428572,71234.6,169.82571428571828,23.042181197783815,0.7343587842846713,14.529601776610974,0.18039816232774497,0.7249617151607874,0.09464012251146763,0.0,2.0,PASS,CANCEL,,,clear,BTCUSDT|short|H:73702.1@20|SWH:73848.8,"v10_1_pass,weak_body_ratio,body_not_aligned,v11_quality_fail,body_ratio_low"
2026-03-04 23:40:00,CANCEL,SRR-1,long,bullish,lower_edge,L:72402.3@20,SWL:72273.0,72402.3,72252.72642857143,74046.5,149.57357142856927,20.658676786313315,0.737776133601084,10.992583678361958,0.8022004305189895,0.823487204018173,0.17651279598182704,0.0,0.0,PASS,CANCEL,,,clear,BTCUSDT|long|L:72402.3@20|SWL:72273.0,"v10_1_pass,v11_quality_fail,r_abs_bps_low"
2026-03-05 06:05:00,CANCEL,SRR-1,long,bullish,lower_edge,L:72200.6@20,SWL:72100.0,72200.6,72084.375,73295.7,116.22500000000582,16.097511655028605,0.7438400000000422,9.422241342223588,0.014399509803912908,0.8281250000000236,0.1574754901960634,0.0,2.0,PASS,CANCEL,,,clear,BTCUSDT|long|L:72200.6@20|SWL:72100.0,"v10_1_pass,weak_body_ratio,body_not_aligned,v11_quality_fail,r_abs_bps_low,body_ratio_low"
2026-03-05 10:40:00,CANCEL,SRR-1,short,bullish,upper_edge,H:73424.9@20,SWH:73493.5,73424.9,73516.37857142858,71716.3,91.47857142858265,12.458794145934508,0.3998438963472272,18.677598188488282,0.8903424393998227,0.8907272027703163,0.10927279722968378,0.0,0.0,PASS,CANCEL,,,clear,BTCUSDT|short|H:73424.9@20|SWH:73493.5,"v10_1_pass,v11_quality_fail,r_abs_bps_low,r_abs_atr_low"
2026-03-05 10:55:00,CANCEL,SRR-1,short,bullish,upper_edge,H:73493.5@20,SWH:73515.0,73493.5,73537.22357142858,71716.3,43.723571428578,5.949311357953833,0.19674412624950893,40.64626794961237,0.30783159800815657,0.5762788592123417,0.11588954277950178,0.0,2.0,PASS,CANCEL,,,clear,BTCUSDT|short|H:73493.5@20|SWH:73515.0,"v10_1_pass,weak_close_strength,body_not_aligned,v11_quality_fail,r_abs_bps_low,r_abs_atr_low,close_strength_low"
2026-03-05 15:40:00,CANCEL,SRR-1,long,bullish,lower_edge,L:71223.3@20,SWL:71136.2,71223.3,71094.17142857143,73539.1,129.12857142857683,18.130102287955882,0.30723997280762905,17.934063502599116,0.8377939983779374,0.9824276831576099,0.01757231684239011,0.0,0.0,PASS,CANCEL,,,clear,BTCUSDT|long|L:71223.3@20|SWL:71136.2,"v10_1_pass,v11_quality_fail,r_abs_bps_low,r_abs_atr_low"
2026-03-05 17:40:00,CANCEL,SRR-1,long,bearish,lower_edge,L:70753.3@20,SWL:70682.0,70753.3,70656.44,73032.0,96.86000000000058,13.6898208281452,0.3789514866979669,23.52570720627693,0.6163038839095856,0.8194622279129729,0.18053777208702715,0.0,0.0,PASS,CANCEL,,,clear,BTCUSDT|long|L:70753.3@20|SWL:70682.0,"v10_1_pass,v11_quality_fail,r_abs_bps_low,r_abs_atr_low"
2026-03-05 17:55:00,CANCEL,SRR-1,long,bearish,lower_edge,L:70682.0@20,SWL:70612.8,70682.0,70588.85357142857,73032.0,93.1464285714319,13.178238953542897,0.3889783743475175,25.229093976457058,0.5052228412256015,0.6305710306406445,0.3694289693593555,0.0,0.0,PASS,CANCEL,,,clear,BTCUSDT|long|L:70682.0@20|SWL:70612.8,"v10_1_pass,v11_quality_fail,r_abs_bps_low,r_abs_atr_low"
2026-03-06 01:20:00,CANCEL,SRR-1,long,bearish,lower_edge,L:70722.0@20,SWL:70707.0,70722.0,70693.81642857143,71530.4,28.18357142856985,3.9851208151027753,0.21377797041771773,28.6833768406127,0.3730569948186104,0.7247409326424766,0.2752590673575233,0.0,0.0,PASS,CANCEL,,,clear,BTCUSDT|long|L:70722.0@20|SWL:70707.0,"v10_1_pass,v11_quality_fail,r_abs_bps_low,r_abs_atr_low"
2026-03-06 05:55:00,CANCEL,SRR-1,long,bearish,lower_edge,L:70121.9@20,SWL:70100.0,70121.9,70083.41714285714,71387.5,38.48285714285157,5.487994070732763,0.2320640937284275,32.887371000079156,0.7940263770364869,0.8731574864235897,0.12684251357641027,0.0,0.0,PASS,CANCEL,,,clear,BTCUSDT|long|L:70121.9@20|SWL:70100.0,"v10_1_pass,v11_quality_fail,r_abs_bps_low,r_abs_atr_low"
2026-03-06 12:50:00,CANCEL,SRR-1,long,bearish,lower_edge,L:69666.0@20,SWL:69617.0,69666.0,69599.285,71168.0,66.71499999999651,9.576407429735669,0.37660174992941775,22.51367758375296,0.15924426450746482,0.8636977058029859,0.1363022941970141,0.0,1.0,PASS,CANCEL,,,clear,BTCUSDT|long|L:69666.0@20|SWL:69617.0,"v10_1_pass,weak_body_ratio,v11_quality_fail,r_abs_bps_low,r_abs_atr_low,body_ratio_low"
2026-03-06 12:55:00,CANCEL,SRR-1,long,bearish,lower_edge,L:69666.0@20,SWL:69617.0,69666.0,69599.78857142857,71168.0,66.21142857143423,9.504123757849486,0.3846945551129137,22.68490549753841,0.7161084529505206,0.8123338649654342,0.18766613503456575,0.0,0.0,PASS,CANCEL,,,clear,BTCUSDT|long|L:69666.0@20|SWL:69617.0,"v10_1_pass,v11_quality_fail,r_abs_bps_low,r_abs_atr_low"
2026-03-07 06:40:00,CANCEL,SRR-1,long,bearish,lower_edge,L:67764.1@20,SWL:67731.0,67764.1,67723.39428571428,68524.9,40.705714285722934,6.0069733510402905,0.5351990984223439,18.690250579065022,0.014179104477568502,0.6783582089551804,0.32164179104481955,0.0,1.0,PASS,CANCEL,,,clear,BTCUSDT|long|L:67764.1@20|SWL:67731.0,"v10_1_pass,weak_body_ratio,v11_quality_fail,r_abs_bps_low,r_abs_atr_low,body_ratio_low"
2026-03-07 11:25:00,CANCEL,SRR-1,short,bearish,upper_edge,H:68182.1@20,SWH:68215.6,68182.1,68225.05357142858,67411.0,42.95357142857392,6.299831103555614,0.4543634302984724,17.951941465036093,0.5436507936508068,1.0,0.0,0.0,0.0,PASS,CANCEL,,,clear,BTCUSDT|short|H:68182.1@20|SWH:68215.6,"v10_1_pass,v11_quality_fail,r_abs_bps_low,r_abs_atr_low"
2026-03-08 07:25:00,CANCEL,SRR-1,short,bearish,upper_edge,H:67400.0@20,SWH:67430.0,67400.0,67438.52,66508.0,38.520000000004075,5.715133531157874,0.4521126760563737,23.15680166147211,0.41807542262679903,0.8615084525357444,0.13849154746425557,0.0,0.0,PASS,CANCEL,,,clear,BTCUSDT|short|H:67400.0@20|SWH:67430.0,"v10_1_pass,v11_quality_fail,r_abs_bps_low,r_abs_atr_low"
2026-03-08 09:20:00,CANCEL,SRR-1,short,bearish,upper_edge,H:67824.2@20,SWH:67888.0,67824.2,67900.03142857143,66508.0,75.83142857142957,11.180585774904763,0.6302778437425894,17.35691948306367,0.09580498866210169,0.7998866213152521,0.10430839002264618,0.0,2.0,PASS,CANCEL,,,clear,BTCUSDT|short|H:67824.2@20|SWH:67888.0,"v10_1_pass,weak_body_ratio,body_not_aligned,v11_quality_fail,r_abs_bps_low,r_abs_atr_low,body_ratio_low"
2026-03-08 12:20:00,CANCEL,SRR-1,long,bearish,lower_edge,L:66914.7@20,SWL:66851.3,66914.7,66833.16642857144,68171.6,81.53357142856112,12.184702528526785,0.44962776224045276,15.41573584938925,0.3560500695410704,0.9388038942976641,0.06119610570233589,0.0,0.0,PASS,CANCEL,,,clear,BTCUSDT|long|L:66914.7@20|SWL:66851.3,"v10_1_pass,v11_quality_fail,r_abs_bps_low,r_abs_atr_low"
2026-03-08 12:25:00,CANCEL,SRR-1,long,bearish,lower_edge,L:66914.7@20,SWL:66851.3,66914.7,66832.435,68171.6,82.26499999999942,12.294010135291561,0.43607209117412554,15.278672582507964,0.7630480167014809,0.7954070981210914,0.20459290187890855,0.0,0.0,PASS,CANCEL,,,clear,BTCUSDT|long|L:66914.7@20|SWL:66851.3,"v10_1_pass,v11_quality_fail,r_abs_bps_low,r_abs_atr_low"
2026-03-08 19:55:00,CANCEL,SRR-1,short,bearish,upper_edge,H:67353.8@20,SWH:67459.2,67353.8,67472.07785714285,66707.0,118.27785714284983,17.560680636111076,0.9184591491485252,5.468479186419751,0.6061253561254227,0.6410256410256676,0.3589743589743324,0.0,0.0,PASS,CANCEL,,,clear,BTCUSDT|short|H:67353.8@20|SWH:67459.2,"v10_1_pass,v11_quality_fail,r_abs_bps_low"
2026-03-09 05:55:00,CANCEL,SRR-1,short,bearish,upper_edge,H:67957.4@20,SWH:68038.4,67957.4,68057.73999999999,65916.9,100.33999999999651,14.765132274041754,0.5188210961737141,20.33585808252014,0.8049674267101145,1.0,0.0,0.0,0.0,PASS,CANCEL,,,clear,BTCUSDT|short|H:67957.4@20|SWH:68038.4,"v10_1_pass,v11_quality_fail,r_abs_bps_low,r_abs_atr_low"
2026-03-09 13:50:00,CANCEL,SRR-1,short,bullish,upper_edge,H:69247.2@20,SWH:69273.9,69247.2,69299.83428571429,67301.0,52.634285714288126,7.600926205577717,0.20295251735155784,36.975898382367156,0.775637688703806,0.9653826132222723,0.03461738677772778,0.0,0.0,PASS,CANCEL,,,active,BTCUSDT|short|H:69247.2@20|SWH:69273.9,"v10_1_pass,v11_quality_fail,r_abs_bps_low,r_abs_atr_low"
2026-03-09 13:55:00,CANCEL,SRR-1,short,bullish,upper_edge,H:69247.2@20,SWH:69273.9,69247.2,69300.20928571429,67301.0,53.009285714288126,7.655080019739156,0.20148508131296286,36.7143222885461,0.17185929648242182,0.6546063651591583,0.3453936348408418,0.0,1.0,PASS,CANCEL,,,active,BTCUSDT|short|H:69247.2@20|SWH:69273.9,"v10_1_pass,weak_body_ratio,v11_quality_fail,r_abs_bps_low,r_abs_atr_low,body_ratio_low"
2026-03-09 19:35:00,CANCEL,SRR-1,short,bullish,upper_edge,H:69449.1@20,SWH:69498.0,69449.1,69518.17214285715,68200.1,69.07214285714144,9.94572181023821,0.34241351226938604,18.082543096762553,0.43555093555094737,0.8968295218295301,0.10317047817046983,0.0,0.0,PASS,CANCEL,,,clear,BTCUSDT|short|H:69449.1@20|SWH:69498.0,"v10_1_pass,v11_quality_fail,r_abs_bps_low,r_abs_atr_low"
2026-03-09 19:40:00,CANCEL,SRR-1,short,bullish,upper_edge,H:69449.1@20,SWH:69498.0,69449.1,69519.95357142857,68200.1,70.8535714285681,10.202230328192604,0.3227428013665021,17.62790463229076,0.37681617182564975,0.6187618445988792,0.3812381554011209,0.0,0.0,PASS,CANCEL,,,clear,BTCUSDT|short|H:69449.1@20|SWH:69498.0,"v10_1_pass,v11_quality_fail,r_abs_bps_low,r_abs_atr_low"
2026-03-10 00:55:00,CANCEL,SRR-1,short,bullish,upper_edge,H:69175.7@20,SWH:69259.9,69175.7,69274.99785714285,68333.0,99.2978571428539,14.354441970641988,0.6576950371386507,8.486587971255561,0.9993472584856967,1.0,0.0,0.0,0.0,PASS,CANCEL,,,clear,BTCUSDT|short|H:69175.7@20|SWH:69259.9,"v10_1_pass,v11_quality_fail,r_abs_bps_low,r_abs_atr_low"
2026-03-10 02:55:00,CANCEL,SRR-1,short,bullish,upper_edge,H:70415.1@20,SWH:70555.0,70415.1,70579.27428571429,68333.0,164.17428571428172,23.315210191320002,0.6763300376647681,12.682254050573777,0.6925520649488002,0.705259442287331,0.29474055771266905,0.0,0.0,PASS,CANCEL,,,clear,BTCUSDT|short|H:70415.1@20|SWH:70555.0,"v10_1_pass,v11_quality_fail,r_abs_atr_low"
2026-03-10 09:35:00,CANCEL,SRR-1,short,bullish,upper_edge,H:71253.9@20,SWH:71272.4,71253.9,71290.44285714286,69700.1,36.542857142863795,5.128541334981496,0.2025336500396263,42.51993745112564,0.2813522355507495,0.7579062159215072,0.24209378407849286,0.0,1.0,PASS,CANCEL,,,clear,BTCUSDT|short|H:71253.9@20|SWH:71272.4,"v10_1_pass,weak_body_ratio,v11_quality_fail,r_abs_bps_low,r_abs_atr_low,body_ratio_low"
2026-03-10 09:40:00,CANCEL,SRR-1,short,bullish,upper_edge,H:71253.9@20,SWH:71272.4,71253.9,71290.71071428571,69700.1,36.81071428571886,5.166133262280221,0.2010337429296157,42.21053652856725,0.3712671509281853,0.5456012913640759,0.4543987086359242,0.0,2.0,PASS,CANCEL,,,clear,BTCUSDT|short|H:71253.9@20|SWH:71272.4,"v10_1_pass,weak_close_strength,opposite_wick_high,v11_quality_fail,r_abs_bps_low,r_abs_atr_low,close_strength_low"
2026-03-10 14:05:00,CANCEL,SRR-1,long,bullish,lower_edge,L:69680.0@20,SWL:69557.3,69680.0,69528.70642857143,71272.4,151.29357142857043,21.712625061505513,0.5291174339886564,10.52523240058357,0.20740895772290752,0.8905399748848837,0.10946002511511635,0.0,1.0,PASS,CANCEL,,,clear,BTCUSDT|long|L:69680.0@20|SWL:69557.3,"v10_1_pass,weak_body_ratio,v11_quality_fail,r_abs_bps_low,r_abs_atr_low,body_ratio_low"
2026-03-10 14:20:00,CANCEL,SRR-1,long,bullish,lower_edge,L:69375.3@20,SWL:69184.8,69375.3,69149.22285714286,71272.4,226.0771428571461,32.587555348538466,0.6354561516222399,8.391383472139566,0.2538082437275758,0.8458781362007083,0.1541218637992917,0.0,1.0,PASS,CANCEL,,,clear,BTCUSDT|long|L:69375.3@20|SWL:69184.8,"v10_1_pass,weak_body_ratio,v11_quality_fail,r_abs_atr_low,body_ratio_low"
2026-03-10 14:25:00,CANCEL,SRR-1,long,bullish,lower_edge,L:69375.3@20,SWL:69184.8,69375.3,69148.06785714286,71272.4,227.23214285714494,32.75404111508634,0.6186193485658801,8.348730844793598,0.5558912386707144,0.6573154941735211,0.34268450582647897,0.0,0.0,PASS,CANCEL,,,clear,BTCUSDT|long|L:69375.3@20|SWL:69184.8,"v10_1_pass,v11_quality_fail,r_abs_atr_low"
2026-03-10 19:40:00,CANCEL,SRR-1,long,bullish,lower_edge,L:69752.8@20,SWL:69688.0,69752.8,69663.43142857144,71748.1,89.36857142856752,12.812184088462043,0.36375159902312415,22.326640877266907,0.5265167585913992,0.9045396690708516,0.0954603309291484,0.0,0.0,PASS,CANCEL,,,clear,BTCUSDT|long|L:69752.8@20|SWL:69688.0,"v10_1_pass,v11_quality_fail,r_abs_bps_low,r_abs_atr_low"
2026-03-10 21:50:00,CANCEL,SRR-1,long,bullish,lower_edge,L:69503.0@20,SWL:69485.7,69503.0,69470.21571428572,71412.3,32.784285714282305,4.716959802351309,0.21172617400127075,58.238267462640685,0.38054768649664855,0.6189801699716904,0.0004721435316610925,0.0,1.0,PASS,CANCEL,,,clear,BTCUSDT|long|L:69503.0@20|SWL:69485.7,"v10_1_pass,body_not_aligned,v11_quality_fail,r_abs_bps_low,r_abs_atr_low"
2026-03-10 21:55:00,CANCEL,SRR-1,long,bullish,lower_edge,L:69503.0@20,SWL:69485.7,69503.0,69469.85285714286,71412.3,33.14714285713853,4.769167209636783,0.2091679437482819,57.60074128346233,0.5283776996484609,0.8232044198895225,0.17679558011047744,0.0,0.0,PASS,CANCEL,,,clear,BTCUSDT|long|L:69503.0@20|SWL:69485.7,"v10_1_pass,v11_quality_fail,r_abs_bps_low,r_abs_atr_low"
2026-03-11 03:50:00,CANCEL,SRR-1,long,bearish,lower_edge,L:69462.3@20,SWL:69455.6,69462.3,69444.655,70139.6,17.645000000004075,2.540226856871148,0.16121516674284186,38.38481156134012,0.3791821561339148,0.985130111524199,0.014869888475800903,0.0,0.0,PASS,CANCEL,,,clear,BTCUSDT|long|L:69462.3@20|SWL:69455.6,"v10_1_pass,v11_quality_fail,r_abs_bps_low,r_abs_atr_low"
2026-03-11 09:40:00,CANCEL,SRR-1,long,bearish,lower_edge,L:69329.7@20,SWL:69324.1,69329.7,69311.01642857143,70249.1,18.68357142856985,2.694887101569724,0.1428017688485976,49.20900714914253,0.015414258188811291,0.7909441233140847,0.20905587668591524,0.0,1.0,PASS,CANCEL,,,clear,BTCUSDT|long|L:69329.7@20|SWL:69324.1,"v10_1_pass,weak_body_ratio,v11_quality_fail,r_abs_bps_low,r_abs_atr_low,body_ratio_low"
2026-03-11 23:40:00,CANCEL,SRR-1,long,bullish,lower_edge,L:70200.2@20,SWL:70174.5,70200.2,70161.74642857142,70931.9,38.45357142857392,5.4777011217309814,0.3015121814617974,19.02814154360415,0.4132231404958736,0.5877491492464555,0.4122508507535445,0.0,1.0,PASS,CANCEL,,,clear,BTCUSDT|long|L:70200.2@20|SWL:70174.5,"v10_1_pass,weak_close_strength,v11_quality_fail,r_abs_bps_low,r_abs_atr_low,close_strength_low"
2026-03-11 23:50:00,CANCEL,SRR-1,long,bullish,lower_edge,L:70164.4@20,SWL:70078.6,70164.4,70065.14214285715,70931.9,99.25785714284575,14.146469882568049,0.7375457778248806,7.732385345529489,0.0640046975925395,0.6699941280093897,0.2660011743980708,0.0,2.0,PASS,CANCEL,,,clear,BTCUSDT|long|L:70164.4@20|SWL:70078.6,"v10_1_pass,weak_body_ratio,body_not_aligned,v11_quality_fail,r_abs_bps_low,body_ratio_low"
2026-03-12 01:20:00,CANCEL,SRR-1,long,bullish,lower_edge,L:69823.7@20,SWL:69823.1,69823.7,69809.79214285714,70931.9,13.907857142854482,1.9918533596550287,0.10450861467444779,79.68157773099958,0.5162721893490374,0.8195266272188665,0.18047337278113354,0.0,0.0,PASS,CANCEL,,,clear,BTCUSDT|long|L:69823.7@20|SWL:69823.1,"v10_1_pass,v11_quality_fail,r_abs_bps_low,r_abs_atr_low"
2026-03-12 02:35:00,CANCEL,SRR-1,long,bullish,lower_edge,L:69460.8@20,SWL:69449.1,69460.8,69436.05928571429,70931.9,24.740714285711874,3.5618239763595976,0.18971901188583987,59.4606923232436,0.08449669360764686,0.9008082292431971,0.09919177075680284,0.0,1.0,PASS,CANCEL,,,clear,BTCUSDT|long|L:69460.8@20|SWL:69449.1,"v10_1_pass,weak_body_ratio,v11_quality_fail,r_abs_bps_low,r_abs_atr_low,body_ratio_low"
2026-03-12 08:10:00,CANCEL,SRR-1,short,bearish,upper_edge,H:69818.8@20,SWH:69887.7,69818.8,69898.97571428571,69150.0,80.17571428570955,11.483399068117691,0.7110477638413404,8.341678099888275,0.7900807381776506,0.8217993079585051,0.1782006920414949,0.0,0.0,PASS,CANCEL,,,clear,BTCUSDT|short|H:69818.8@20|SWH:69887.7,"v10_1_pass,v11_quality_fail,r_abs_bps_low"
2026-03-12 09:50:00,CANCEL,SRR-1,short,bearish,upper_edge,H:70307.2@20,SWH:70377.7,70307.2,70394.95999999999,69150.0,87.75999999999476,12.482363115014502,0.5084588644263842,13.185961713765566,0.5801566579634515,0.8210617928633543,0.17893820713664563,0.0,0.0,PASS,CANCEL,,,clear,BTCUSDT|short|H:70307.2@20|SWH:70377.7,"v10_1_pass,v11_quality_fail,r_abs_bps_low,r_abs_atr_low"
2026-03-12 10:50:00,CANCEL,SRR-1,short,bearish,upper_edge,H:70420.0@20,SWH:70477.0,70420.0,70495.23428571428,69320.0,75.2342857142794,10.68365318294226,0.41259793168282527,14.620993468024926,0.020820575627732214,0.8126148193508557,0.16656460502141215,0.0,2.0,PASS,CANCEL,,,clear,BTCUSDT|short|H:70420.0@20|SWH:70477.0,"v10_1_pass,weak_body_ratio,body_not_aligned,v11_quality_fail,r_abs_bps_low,r_abs_atr_low,body_ratio_low"
2026-03-12 11:50:00,CANCEL,SRR-1,short,bearish,upper_edge,H:70724.3@20,SWH:70756.5,70724.3,70771.22571428571,69370.7,46.925714285709546,6.635019969898543,0.31866511447416396,28.845591816856423,0.286380597014906,0.8232276119403209,0.17677238805967915,0.0,1.0,PASS,CANCEL,,,clear,BTCUSDT|short|H:70724.3@20|SWH:70756.5,"v10_1_pass,weak_body_ratio,v11_quality_fail,r_abs_bps_low,r_abs_atr_low,body_ratio_low"
2026-03-12 11:55:00,CANCEL,SRR-1,short,bearish,upper_edge,H:70724.3@20,SWH:70756.5,70724.3,70772.00857142857,69370.7,47.70857142856403,6.74571136491475,0.3076271186440205,28.372260150920802,0.9338446788111097,0.9338446788111097,0.06615532118889034,0.0,0.0,PASS,CANCEL,,,clear,BTCUSDT|short|H:70724.3@20|SWH:70756.5,"v10_1_pass,v11_quality_fail,r_abs_bps_low,r_abs_atr_low"
2026-03-12 14:55:00,CANCEL,SRR-1,long,bullish,lower_edge,L:69333.0@20,SWL:69303.8,69333.0,69272.61285714286,70756.5,60.38714285714377,8.709725939616598,0.19362832669140648,23.572898677580017,0.16639654240953194,0.8168557536467003,0.18314424635329973,0.0,1.0,PASS,CANCEL,,,clear,BTCUSDT|long|L:69333.0@20|SWL:69303.8,"v10_1_pass,weak_body_ratio,v11_quality_fail,r_abs_bps_low,r_abs_atr_low,body_ratio_low"
2026-03-12 23:25:00,CANCEL,SRR-1,short,bullish,upper_edge,H:70511.2@20,SWH:70727.9,70511.2,70742.045,69725.0,230.84500000000116,32.73877057829127,1.6319901025097505,3.405748445926891,0.19738751814227307,0.7971698113207694,0.20283018867923058,0.0,2.0,PASS,CANCEL,,,clear,BTCUSDT|short|H:70511.2@20|SWH:70727.9,"v10_1_pass,weak_body_ratio,weak_retest,v11_quality_fail,body_ratio_low"
2026-03-13 07:55:00,CANCEL,SRR-1,short,bullish,upper_edge,H:71616.0@20,SWH:71649.7,71616.0,71662.48142857142,70920.1,46.48142857142375,6.490369271032137,0.36366379792106024,14.971570827059853,0.15088013411567108,0.7049455155070345,0.2950544844929655,0.0,1.0,PASS,CANCEL,,,clear,BTCUSDT|short|H:71616.0@20|SWH:71649.7,"v10_1_pass,weak_body_ratio,v11_quality_fail,r_abs_bps_low,r_abs_atr_low,body_ratio_low"
2026-03-13 10:10:00,CANCEL,SRR-1,short,bullish,upper_edge,H:72156.4@20,SWH:72239.2,72156.4,72253.29214285714,71150.0,96.89214285714843,13.428073304259696,0.6875614577525734,10.386807127217383,0.6554252199415477,0.9457478005865506,0.05425219941344938,0.0,0.0,PASS,CANCEL,,,clear,BTCUSDT|short|H:72156.4@20|SWH:72239.2,"v10_1_pass,v11_quality_fail,r_abs_bps_low,r_abs_atr_low"
2026-03-13 10:40:00,CANCEL,SRR-1,short,bullish,upper_edge,H:72467.9@20,SWH:72531.6,72467.9,72546.92000000001,71150.0,79.02000000001863,10.904138246039782,0.515796344647637,16.678056188302754,0.4099946265448712,0.4836109618484534,0.1063944116066754,0.0,2.0,PASS,CANCEL,,,clear,BTCUSDT|short|H:72467.9@20|SWH:72531.6,"v10_1_pass,weak_close_strength,body_not_aligned,v11_quality_fail,r_abs_bps_low,r_abs_atr_low,close_strength_low"
2026-03-13 10:55:00,CANCEL,SRR-1,short,bullish,upper_edge,H:72537.1@20,SWH:72547.0,72537.1,72562.40857142858,71150.0,25.30857142856985,3.4890520062933104,0.16424995364360204,54.80751862723327,0.9898624185373334,0.9898624185373334,0.010137581462666674,0.0,0.0,PASS,CANCEL,,,clear,BTCUSDT|short|H:72537.1@20|SWH:72547.0,"v10_1_pass,v11_quality_fail,r_abs_bps_low,r_abs_atr_low"
2026-03-13 12:35:00,CANCEL,SRR-1,short,bullish,upper_edge,H:72547.0@20,SWH:72599.9,72547.0,72612.3607142857,71347.1,65.36071428570722,9.009430339739371,0.5245342505015285,18.35812250696873,0.04710397766922684,0.8461270062805561,0.15387299371944388,0.0,1.0,PASS,CANCEL,,,clear,BTCUSDT|short|H:72547.0@20|SWH:72599.9,"v10_1_pass,weak_body_ratio,v11_quality_fail,r_abs_bps_low,r_abs_atr_low,body_ratio_low"
2026-03-13 13:10:00,CANCEL,SRR-1,short,bullish,upper_edge,H:72882.8@20,SWH:72888.8,72882.8,72906.54928571428,71347.1,23.749285714278813,3.258558358663335,0.13380417723043503,64.66299738339862,0.36871733011659896,0.8174507438681354,0.18254925613186454,0.0,0.0,PASS,CANCEL,,,clear,BTCUSDT|short|H:72882.8@20|SWH:72888.8,"v10_1_pass,v11_quality_fail,r_abs_bps_low,r_abs_atr_low"
2026-03-13 13:35:00,CANCEL,SRR-1,short,bullish,upper_edge,H:73269.1@20,SWH:73299.0,73269.1,73323.43285714286,71537.7,54.33285714285739,7.41552129654348,0.2223761913114674,31.866536954749836,0.10485133020344288,0.8516431924882811,0.04350547730827599,0.0,2.0,PASS,CANCEL,,,clear,BTCUSDT|short|H:73269.1@20|SWH:73299.0,"v10_1_pass,weak_body_ratio,body_not_aligned,v11_quality_fail,r_abs_bps_low,r_abs_atr_low,body_ratio_low"
2026-03-13 14:35:00,CANCEL,SRR-1,short,bullish,upper_edge,H:73866.0@20,SWH:73870.0,73866.0,73896.36428571428,71740.2,30.36428571428405,4.110725599637729,0.11517204009752822,70.00988002823259,0.21737044145875326,0.6703454894433829,0.11228406909786388,0.0,2.0,PASS,CANCEL,,,clear,BTCUSDT|short|H:73866.0@20|SWH:73870.0,"v10_1_pass,weak_body_ratio,body_not_aligned,v11_quality_fail,r_abs_bps_low,r_abs_atr_low,body_ratio_low"
2026-03-13 14:40:00,CANCEL,SRR-1,short,bullish,upper_edge,H:73866.0@20,SWH:73870.0,73866.0,73897.69142857143,71740.2,31.69142857143015,4.290394575505666,0.11444490301279966,67.07807428777173,0.8122783083219566,0.8122783083219566,0.18772169167804342,0.0,0.0,PASS,CANCEL,,,clear,BTCUSDT|short|H:73866.0@20|SWH:73870.0,"v10_1_pass,v11_quality_fail,r_abs_bps_low,r_abs_atr_low"
2026-03-13 17:55:00,CANCEL,SRR-1,long,bullish,lower_edge,L:71011.6@20,SWL:70931.0,71011.6,70908.25928571429,73870.0,103.3407142857177,14.552652564611654,0.4544303797468571,27.65995977245768,0.12664640324215165,0.7406281661600882,0.25937183383991186,0.0,1.0,PASS,CANCEL,,,clear,BTCUSDT|long|L:71011.6@20|SWL:70931.0,"v10_1_pass,weak_body_ratio,v11_quality_fail,r_abs_bps_low,r_abs_atr_low,body_ratio_low"
2026-03-13 18:20:00,CANCEL,SRR-1,long,bullish,lower_edge,L:70862.3@20,SWL:70811.0,70862.3,70785.80357142857,73870.0,76.49642857143772,10.795081245096153,0.3036002834869275,39.31817545169702,0.42392594350819984,0.4521718490386866,0.12390220745311353,0.0,2.0,PASS,CANCEL,,,clear,BTCUSDT|long|L:70862.3@20|SWL:70811.0,"v10_1_pass,weak_close_strength,body_not_aligned,v11_quality_fail,r_abs_bps_low,r_abs_atr_low,close_strength_low"
2026-03-13 18:25:00,CANCEL,SRR-1,long,bullish,lower_edge,L:70862.3@20,SWL:70811.0,70862.3,70785.57642857142,73870.0,76.723571428578,10.82713536373756,0.3017812491220464,39.20177259735447,0.3106995884773972,0.581275720164583,0.10802469135801984,0.0,2.0,PASS,CANCEL,,,clear,BTCUSDT|long|L:70862.3@20|SWL:70811.0,"v10_1_pass,weak_close_strength,body_not_aligned,v11_quality_fail,r_abs_bps_low,r_abs_atr_low,close_strength_low"
2026-03-13 22:20:00,CANCEL,SRR-1,long,bearish,lower_edge,L:70638.0@20,SWL:70568.0,70638.0,70552.21142857143,72215.1,85.78857142856577,12.144818855087316,0.5433586681143269,18.383567574769813,0.04444444444445642,0.9547325102880658,0.0008230452674777351,0.0,2.0,PASS,CANCEL,,,active,BTCUSDT|long|L:70638.0@20|SWL:70568.0,"v10_1_pass,weak_body_ratio,body_not_aligned,v11_quality_fail,r_abs_bps_low,r_abs_atr_low,body_ratio_low"
2026-03-13 22:35:00,CANCEL,SRR-1,long,bearish,lower_edge,L:70568.0@20,SWL:70510.8,70568.0,70493.725,71658.4,74.27499999999418,10.525308921890117,0.4349926793557439,14.680578929654388,0.15279503105593678,0.9596273291925466,0.040372670807453416,0.0,1.0,PASS,CANCEL,,,active,BTCUSDT|long|L:70568.0@20|SWL:70510.8,"v10_1_pass,weak_body_ratio,v11_quality_fail,r_abs_bps_low,r_abs_atr_low,body_ratio_low"
2026-03-14 03:20:00,CANCEL,SRR-1,short,bearish,upper_edge,H:70982.9@20,SWH:71099.0,70982.9,71107.515,70436.2,124.61500000000524,17.55563663924766,1.463476218438105,4.3871123059019705,0.038634900193173775,0.8641339343206348,0.09723116548619148,0.0,2.0,PASS,CANCEL,,,clear,BTCUSDT|short|H:70982.9@20|SWH:71099.0,"v10_1_pass,weak_body_ratio,body_not_aligned,v11_quality_fail,r_abs_bps_low,body_ratio_low"
2026-03-14 11:55:00,CANCEL,SRR-1,short,bearish,upper_edge,H:70707.0@20,SWH:70745.1,70707.0,70750.24357142858,70350.0,43.24357142858207,6.115882646496397,0.8407304541037969,8.25556234617659,0.11274509803909913,0.8660130718952601,0.1339869281047399,0.0,1.0,PASS,CANCEL,,,clear,BTCUSDT|short|H:70707.0@20|SWH:70745.1,"v10_1_pass,weak_body_ratio,v11_quality_fail,r_abs_bps_low,body_ratio_low"
2026-03-14 12:10:00,CANCEL,SRR-1,short,bearish,upper_edge,H:70745.1@20,SWH:70800.0,70745.1,70805.83571428571,70350.0,60.73571428570722,8.585147845675138,1.0407588739288505,6.5052334470195525,0.6330645161288406,0.9979838709676249,0.002016129032375182,0.0,0.0,PASS,CANCEL,,,clear,BTCUSDT|short|H:70745.1@20|SWH:70800.0,"v10_1_pass,v11_quality_fail,r_abs_bps_low"
2026-03-14 14:10:00,CANCEL,SRR-1,short,bearish,upper_edge,H:70900.0@20,SWH:70914.6,70900.0,70922.49285714286,70350.0,22.492857142860885,3.172476324804074,0.2849773755656545,24.45220704985303,0.9993485342020113,1.0,0.0,0.0,0.0,PASS,CANCEL,,,clear,BTCUSDT|short|H:70900.0@20|SWH:70914.6,"v10_1_pass,v11_quality_fail,r_abs_bps_low,r_abs_atr_low"
2026-03-15 04:20:00,CANCEL,SRR-1,short,bullish,upper_edge,H:71599.9@20,SWH:71629.6,71599.9,71639.57500000001,70815.7,39.67500000001746,5.54120885643939,0.3977443609024348,19.765595463129223,0.1051401869158807,0.804906542056122,0.08995327102799727,0.0,2.0,PASS,CANCEL,,,active,BTCUSDT|short|H:71599.9@20|SWH:71629.6,"v10_1_pass,weak_body_ratio,body_not_aligned,v11_quality_fail,r_abs_bps_low,r_abs_atr_low,body_ratio_low"
2026-03-15 04:25:00,CANCEL,SRR-1,short,bullish,upper_edge,H:71599.9@20,SWH:71629.6,71599.9,71640.1142857143,70815.7,40.214285714304424,5.6165281954729585,0.38247282608713823,19.50053285967114,0.43000000000006716,0.8138461538461762,0.18615384615382377,0.0,0.0,PASS,CANCEL,,,active,BTCUSDT|short|H:71599.9@20|SWH:71629.6,"v10_1_pass,v11_quality_fail,r_abs_bps_low,r_abs_atr_low"
2026-03-15 22:10:00,CANCEL,SRR-1,short,bullish,upper_edge,H:72200.0@20,SWH:72280.0,72200.0,72295.19571428571,71275.0,95.19571428571362,13.185001978630694,0.626464228635891,9.716823986674138,0.8310921613643786,0.8776648081338024,0.12233519186619751,0.0,0.0,PASS,CANCEL,,,clear,BTCUSDT|short|H:72200.0@20|SWH:72280.0,"v10_1_pass,v11_quality_fail,r_abs_bps_low,r_abs_atr_low"
2026-03-16 21:10:00,CANCEL,SRR-1,short,bullish,upper_edge,H:74399.9@20,SWH:74479.5,74399.9,74493.11785714286,73122.0,93.2178571428667,12.529298714496486,0.6845266194598184,13.70874679130921,0.49245785270631265,0.5371191955042767,0.4628808044957233,0.0,2.0,PASS,CANCEL,,,clear,BTCUSDT|short|H:74399.9@20|SWH:74479.5,"v10_1_pass,weak_close_strength,opposite_wick_high,v11_quality_fail,r_abs_bps_low,r_abs_atr_low,close_strength_low"
2026-03-16 23:50:00,CANCEL,SRR-1,short,bullish,upper_edge,H:74875.0@20,SWH:74880.0,74875.0,74895.97571428571,73715.0,20.975714285712456,2.8014309563555866,0.13129750514172292,55.30204998978893,0.4209714726290863,0.7663839629914913,0.2336160370085088,0.0,0.0,PASS,CANCEL,,,clear,BTCUSDT|short|H:74875.0@20|SWH:74880.0,"v10_1_pass,v11_quality_fail,r_abs_bps_low,r_abs_atr_low"
2026-03-17 00:20:00,CANCEL,SRR-1,short,bullish,upper_edge,H:75441.9@20,SWH:75488.0,75441.9,75508.78142857143,73806.9,66.88142857143248,8.86528952365098,0.32183268027774,24.446248157719058,0.5610917169152176,0.9136781973976162,0.08632180260238381,0.0,0.0,PASS,CANCEL,,,clear,BTCUSDT|short|H:75441.9@20|SWH:75488.0,"v10_1_pass,v11_quality_fail,r_abs_bps_low,r_abs_atr_low"
2026-03-17 00:25:00,CANCEL,SRR-1,short,bullish,upper_edge,H:75441.9@20,SWH:75488.0,75441.9,75510.14071428572,73806.9,68.24071428572643,9.045466018979695,0.30821369809987265,23.959303725254014,0.8110720562390126,0.894258933801973,0.10574106619802705,0.0,0.0,PASS,CANCEL,,,clear,BTCUSDT|short|H:75441.9@20|SWH:75488.0,"v10_1_pass,v11_quality_fail,r_abs_bps_low,r_abs_atr_low"
2026-03-17 01:40:00,CANCEL,SRR-1,short,bullish,upper_edge,H:75988.0@20,SWH:75998.9,75988.0,76027.07999999999,73938.1,39.079999999987194,5.142917302730325,0.1386799148331687,52.45394063461274,0.5076315789473914,0.8947368421052632,0.10526315789473684,0.0,0.0,PASS,CANCEL,,,clear,BTCUSDT|short|H:75988.0@20|SWH:75998.9,"v10_1_pass,v11_quality_fail,r_abs_bps_low,r_abs_atr_low"
2026-03-17 05:55:00,CANCEL,SRR-1,long,bullish,lower_edge,L:73823.2@20,SWL:73723.4,73823.2,73706.33928571428,75998.9,116.86071428572177,15.829808825101294,0.6849696462215218,18.617890651262496,0.8959845186260266,0.8959845186260266,0.1040154813739734,0.0,0.0,PASS,CANCEL,,,clear,BTCUSDT|long|L:73823.2@20|SWL:73723.4,"v10_1_pass,v11_quality_fail,r_abs_bps_low,r_abs_atr_low"
2026-03-17 14:50:00,CANCEL,SRR-1,short,bearish,upper_edge,H:74260.1@20,SWH:74388.0,74260.1,74413.24642857142,73330.3,153.14642857141735,20.62297634549608,0.6066063092374739,6.071313635410086,0.029515418502189823,0.862555066079308,0.13744493392069201,0.0,1.0,PASS,CANCEL,,,clear,BTCUSDT|short|H:74260.1@20|SWH:74388.0,"v10_1_pass,weak_body_ratio,v11_quality_fail,r_abs_bps_low,r_abs_atr_low,body_ratio_low"
2026-03-17 23:50:00,CANCEL,SRR-1,long,bullish,lower_edge,L:73888.0@20,SWL:73881.8,73888.0,73869.08857142857,74777.0,18.911428571431316,2.5594722514388417,0.14877500561926016,47.0086115727383,0.6170952050035198,0.8214037526059894,0.17859624739401062,0.0,0.0,PASS,CANCEL,,,clear,BTCUSDT|long|L:73888.0@20|SWL:73881.8,"v10_1_pass,v11_quality_fail,r_abs_bps_low,r_abs_atr_low"
2026-03-18 00:10:00,CANCEL,SRR-1,long,bullish,lower_edge,L:73829.5@20,SWL:73763.0,73829.5,73749.655,74777.0,79.84500000000116,10.814782708808968,0.5983139752716404,11.866741812261083,0.5118163403106005,0.5124915597569598,0.4875084402430402,0.0,2.0,PASS,CANCEL,,,clear,BTCUSDT|long|L:73829.5@20|SWL:73763.0,"v10_1_pass,weak_close_strength,opposite_wick_high,v11_quality_fail,r_abs_bps_low,r_abs_atr_low,close_strength_low"
2026-03-18 03:40:00,CANCEL,SRR-1,short,bearish,upper_edge,H:74587.9@20,SWH:74633.0,74587.9,74645.44071428571,73492.0,57.540714285714785,7.71448375483353,0.46251937761957573,19.045644698784447,0.4451923076923357,0.9533653846153987,0.04663461538460139,0.0,0.0,PASS,CANCEL,,,clear,BTCUSDT|short|H:74587.9@20|SWH:74633.0,"v10_1_pass,v11_quality_fail,r_abs_bps_low,r_abs_atr_low"
2026-03-18 12:55:00,CANCEL,SRR-1,long,bearish,lower_edge,L:72250.0@20,SWL:72237.5,72250.0,72218.15428571429,74246.2,31.8457142857078,4.407711319821149,0.16461379412195856,62.68347389199186,0.3014629049111747,0.8949843260188513,0.1050156739811488,0.0,0.0,PASS,CANCEL,,,clear,BTCUSDT|long|L:72250.0@20|SWL:72237.5,"v10_1_pass,v11_quality_fail,r_abs_bps_low,r_abs_atr_low"
2026-03-18 13:05:00,CANCEL,SRR-1,long,bearish,lower_edge,L:72237.5@20,SWL:72088.0,72237.5,72067.67285714285,74246.2,169.8271428571461,23.509554297580355,0.8354698151662378,11.827909050378715,0.03173615432486567,0.7059738643434919,0.26228998133164244,0.0,2.0,PASS,CANCEL,,,clear,BTCUSDT|long|L:72237.5@20|SWL:72088.0,"v10_1_pass,weak_body_ratio,body_not_aligned,v11_quality_fail,body_ratio_low"
2026-03-18 13:10:00,CANCEL,SRR-1,long,bearish,lower_edge,L:72237.5@20,SWL:72088.0,72237.5,72067.83785714286,74246.2,169.66214285713795,23.486712975551196,0.8414886456229747,11.839411940537612,0.23973429951690328,0.5712560386473204,0.4287439613526796,0.0,2.0,PASS,CANCEL,,,clear,BTCUSDT|long|L:72237.5@20|SWL:72088.0,"v10_1_pass,weak_body_ratio,weak_close_strength,v11_quality_fail,close_strength_low,body_ratio_low"
2026-03-18 14:10:00,CANCEL,SRR-1,long,bearish,lower_edge,L:71938.6@20,SWL:71850.0,71938.6,71828.72571428571,74246.2,109.87428571429336,15.27334222716224,0.5164652162235152,21.00218431453975,0.3173611111111414,0.7989583333333535,0.20104166666664647,0.0,0.0,PASS,CANCEL,,,clear,BTCUSDT|long|L:71938.6@20|SWL:71850.0,"v10_1_pass,v11_quality_fail,r_abs_bps_low,r_abs_atr_low"
2026-03-18 14:35:00,CANCEL,SRR-1,long,bearish,lower_edge,L:71550.0@20,SWL:71518.5,71550.0,71495.27428571429,74246.2,54.725714285712456,7.648597384446185,0.2356255381965729,49.267515923568475,0.2952968388589342,0.6892829606785155,0.3107170393214845,0.0,1.0,PASS,CANCEL,,,clear,BTCUSDT|long|L:71550.0@20|SWL:71518.5,"v10_1_pass,weak_body_ratio,v11_quality_fail,r_abs_bps_low,r_abs_atr_low,body_ratio_low"
2026-03-18 15:05:00,CANCEL,SRR-1,long,bearish,lower_edge,L:70975.1@20,SWL:70821.2,70975.1,70793.53,74220.0,181.57000000000698,25.58221122619158,0.6561980484279274,17.87134438508492,0.21847451130701295,0.868532004599453,0.13146799540054702,0.0,1.0,PASS,CANCEL,,,clear,BTCUSDT|long|L:70975.1@20|SWL:70821.2,"v10_1_pass,weak_body_ratio,v11_quality_fail,r_abs_atr_low,body_ratio_low"
2026-03-19 04:35:00,CANCEL,SRR-1,long,bearish,lower_edge,L:70625.9@20,SWL:70619.3,70625.9,70606.02714285714,71598.3,19.87285714285099,2.8138200211042963,0.1497255408459327,48.931061749710075,0.4222797927462053,0.9443005181347695,0.05569948186523053,0.0,0.0,PASS,CANCEL,,,clear,BTCUSDT|long|L:70625.9@20|SWL:70619.3,"v10_1_pass,v11_quality_fail,r_abs_bps_low,r_abs_atr_low"
2026-03-19 05:40:00,CANCEL,SRR-1,long,bearish,lower_edge,L:70619.3@20,SWL:70608.1,70619.3,70598.1242857143,71598.3,21.175714285709546,2.9985732350376657,0.212272662179535,46.232206705805396,0.8442164179104706,0.8451492537312848,0.15485074626871523,0.0,0.0,PASS,CANCEL,,,clear,BTCUSDT|long|L:70619.3@20|SWL:70608.1,"v10_1_pass,v11_quality_fail,r_abs_bps_low,r_abs_atr_low"
2026-03-19 06:40:00,CANCEL,SRR-1,long,bearish,lower_edge,L:70608.1@20,SWL:70522.6,70608.1,70510.14571428573,71598.3,97.95428571428056,13.872953062648698,0.786510667584284,10.108797106522495,0.39401343921808885,0.8875992669516857,0.11240073304831434,0.0,0.0,PASS,CANCEL,,,clear,BTCUSDT|long|L:70608.1@20|SWL:70522.6,"v10_1_pass,v11_quality_fail,r_abs_bps_low"
2026-03-19 12:40:00,CANCEL,SRR-1,long,bearish,lower_edge,L:69523.9@20,SWL:69512.1,69523.9,69499.7692857143,70535.0,24.13071428569674,3.4708516475193054,0.19569599721934744,41.90095610221228,0.5331369661266597,0.5331369661266597,0.4668630338733403,0.0,2.0,PASS,CANCEL,,,clear,BTCUSDT|long|L:69523.9@20|SWL:69512.1,"v10_1_pass,weak_close_strength,opposite_wick_high,v11_quality_fail,r_abs_bps_low,r_abs_atr_low,close_strength_low"
2026-03-19 15:50:00,CANCEL,SRR-1,long,bearish,lower_edge,L:68844.8@20,SWL:68750.0,68844.8,68724.14071428572,70242.2,120.6592857142823,17.5262744193145,0.4665994530839831,11.581371394067398,0.6769539078156371,0.9022044088176294,0.09779559118237056,0.0,0.0,PASS,CANCEL,,,clear,BTCUSDT|long|L:68844.8@20|SWL:68750.0,"v10_1_pass,v11_quality_fail,r_abs_bps_low,r_abs_atr_low"
2026-03-19 15:55:00,CANCEL,SRR-1,long,bearish,lower_edge,L:68844.8@20,SWL:68750.0,68844.8,68723.88214285714,70242.2,120.9178571428638,17.56383301903176,0.4629700533297087,11.556605724074101,0.7092172640819405,0.9067300658376035,0.09326993416239644,0.0,0.0,PASS,CANCEL,,,clear,BTCUSDT|long|L:68844.8@20|SWL:68750.0,"v10_1_pass,v11_quality_fail,r_abs_bps_low,r_abs_atr_low"
2026-03-20 03:40:00,CANCEL,SRR-1,short,bearish,upper_edge,H:70636.5@20,SWH:70777.0,70636.5,70790.08428571429,69677.1,153.58428571428522,21.742907096796305,1.1738071841904176,6.246732831669889,0.5439356435643498,0.7122524752475092,0.28774752475249077,0.0,0.0,PASS,CANCEL,,,clear,BTCUSDT|short|H:70636.5@20|SWH:70777.0,"v10_1_pass,v11_quality_fail,r_abs_bps_low"
2026-03-20 14:05:00,CANCEL,SRR-1,long,bearish,lower_edge,L:69755.0@20,SWL:69645.0,69755.0,69619.40142857142,71001.0,135.598571428578,19.4392619064695,0.5297114794352638,9.188887367123103,0.05027422303473536,0.6170018281535704,0.38299817184642965,0.0,1.0,PASS,CANCEL,,,clear,BTCUSDT|long|L:69755.0@20|SWL:69645.0,"v10_1_pass,weak_body_ratio,v11_quality_fail,r_abs_bps_low,r_abs_atr_low,body_ratio_low"
2026-03-20 14:25:00,CANCEL,SRR-1,long,bearish,lower_edge,L:69645.0@20,SWL:69562.5,69645.0,69532.13214285714,70824.8,112.86785714286088,16.206168015343653,0.371668822768447,10.452931683700594,0.3629836457917872,0.8827283605903689,0.11727163940963112,0.0,0.0,PASS,CANCEL,,,clear,BTCUSDT|long|L:69645.0@20|SWL:69562.5,"v10_1_pass,v11_quality_fail,r_abs_bps_low,r_abs_atr_low"
2026-03-20 17:40:00,CANCEL,SRR-1,long,bearish,lower_edge,L:69450.0@20,SWL:69350.0,69450.0,69333.17285714285,70580.0,116.8271428571461,16.821762830402605,0.6942779522879928,9.672409787353454,0.26179941002950136,0.887536873156341,0.11246312684365903,0.0,1.0,PASS,CANCEL,,,clear,BTCUSDT|long|L:69450.0@20|SWL:69350.0,"v10_1_pass,weak_body_ratio,v11_quality_fail,r_abs_bps_low,r_abs_atr_low,body_ratio_low"
2026-03-20 20:05:00,CANCEL,SRR-1,short,bearish,upper_edge,H:70161.0@20,SWH:70177.1,70161.0,70194.15000000001,69350.0,33.15000000000873,4.724847137299744,0.19442815249271864,24.464555052783904,0.3848396501456551,0.6413994169095666,0.3586005830904334,0.0,0.0,PASS,CANCEL,,,clear,BTCUSDT|short|H:70161.0@20|SWH:70177.1,"v10_1_pass,v11_quality_fail,r_abs_bps_low,r_abs_atr_low"
2026-03-20 21:40:00,CANCEL,SRR-1,short,bearish,upper_edge,H:70550.0@20,SWH:70720.6,70550.0,70737.82785714287,69350.0,187.8278571428673,26.623367419258297,1.09025664413953,6.388828676713516,0.042614811750113425,0.868431940422005,0.08895324782788153,0.0,2.0,PASS,CANCEL,,,clear,BTCUSDT|short|H:70550.0@20|SWH:70720.6,"v10_1_pass,weak_body_ratio,body_not_aligned,v11_quality_fail,body_ratio_low"
2026-03-21 05:35:00,CANCEL,SRR-1,short,bullish,upper_edge,H:70798.5@20,SWH:70800.0,70798.5,70806.29785714285,70403.2,7.7978571428539,1.101415586891516,0.12381762504247425,50.693413941580495,0.3762458471761221,0.8039867109635181,0.1960132890364818,0.0,0.0,PASS,CANCEL,,,clear,BTCUSDT|short|H:70798.5@20|SWH:70800.0,"v10_1_pass,v11_quality_fail,r_abs_bps_low,r_abs_atr_low"
2026-03-21 05:40:00,CANCEL,SRR-1,short,bullish,upper_edge,H:70798.5@20,SWH:70800.0,70798.5,70806.25642857143,70403.2,7.75642857143248,1.0955639697779587,0.12397533965070011,50.96417718019387,0.08622908622903586,0.8185328185327708,0.1814671814672292,0.0,1.0,PASS,CANCEL,,,clear,BTCUSDT|short|H:70798.5@20|SWH:70800.0,"v10_1_pass,weak_body_ratio,v11_quality_fail,r_abs_bps_low,r_abs_atr_low,body_ratio_low"
2026-03-21 08:35:00,CANCEL,SRR-1,long,bullish,lower_edge,L:70471.0@20,SWL:70455.6,70471.0,70447.83285714286,70849.2,23.167142857142608,3.2874718475887397,0.29827110538901164,16.324844299192257,0.5960028551035347,0.8229835831548575,0.17701641684514244,0.0,0.0,PASS,CANCEL,,,clear,BTCUSDT|long|L:70471.0@20|SWL:70455.6,"v10_1_pass,v11_quality_fail,r_abs_bps_low,r_abs_atr_low"
2026-03-21 13:25:00,CANCEL,SRR-1,short,bullish,upper_edge,H:70769.6@20,SWH:70785.1,70769.6,70790.13285714286,70455.6,20.532857142854482,2.90136685001109,0.40797615668460435,15.292562443472377,0.8763676148797694,0.8763676148797694,0.12363238512023061,0.0,0.0,PASS,CANCEL,,,clear,BTCUSDT|short|H:70769.6@20|SWH:70785.1,"v10_1_pass,v11_quality_fail,r_abs_bps_low,r_abs_atr_low"
2026-03-21 15:25:00,CANCEL,SRR-1,long,bullish,lower_edge,L:70521.2@20,SWL:70420.0,70521.2,70409.23357142857,71077.7,111.96642857142433,15.876988561088629,1.039958866847965,4.970239804023078,0.9130434782608068,0.9138062547673348,0.08619374523266521,0.0,0.0,PASS,CANCEL,,,clear,BTCUSDT|long|L:70521.2@20|SWL:70420.0,"v10_1_pass,v11_quality_fail,r_abs_bps_low"
2026-03-21 22:35:00,CANCEL,SRR-1,long,bearish,lower_edge,L:70231.7@20,SWL:70226.7,70231.7,70221.66214285714,70504.7,10.037857142859139,1.4292487783805803,0.19924854671774755,27.197039777977942,0.5117270788912421,0.8294243070362526,0.17057569296374736,0.0,0.0,PASS,CANCEL,,,clear,BTCUSDT|long|L:70231.7@20|SWL:70226.7,"v10_1_pass,v11_quality_fail,r_abs_bps_low,r_abs_atr_low"
2026-03-21 23:40:00,CANCEL,SRR-1,long,bearish,lower_edge,L:70080.0@20,SWL:70070.0,70080.0,70063.83571428571,70504.7,16.16428571428696,2.306547619047797,0.2622247972190193,26.27397260273752,0.5108108108110467,0.5108108108110467,0.4891891891889532,0.0,2.0,PASS,CANCEL,,,clear,BTCUSDT|long|L:70080.0@20|SWL:70070.0,"v10_1_pass,weak_close_strength,opposite_wick_high,v11_quality_fail,r_abs_bps_low,r_abs_atr_low,close_strength_low"
2026-03-22 08:10:00,CANCEL,SRR-1,long,bearish,lower_edge,L:68846.4@20,SWL:68666.0,68846.4,68655.28142857143,69555.8,191.11857142856752,27.76014017124607,1.7830601092896259,3.7118318470957914,0.470833333333303,0.573958333333394,0.42604166666660603,0.0,2.0,PASS,CANCEL,,,clear,BTCUSDT|long|L:68846.4@20|SWL:68666.0,"v10_1_pass,weak_close_strength,weak_retest,v11_quality_fail,close_strength_low"
2026-03-22 11:55:00,CANCEL,SRR-1,long,bearish,lower_edge,L:68240.1@20,SWL:68030.0,68240.1,68018.06642857143,69219.4,222.03357142857567,32.53711108696729,1.8605793978572245,4.410594279500711,0.05408234473133177,0.8918353105373364,0.10816468946266354,0.0,1.0,PASS,CANCEL,,,clear,BTCUSDT|long|L:68240.1@20|SWL:68030.0,"v10_1_pass,weak_body_ratio,v11_quality_fail,body_ratio_low"
2026-03-22 15:20:00,CANCEL,SRR-1,short,bearish,upper_edge,H:68932.8@20,SWH:69000.0,68932.8,69011.44714285714,68030.0,78.64714285713853,11.409248261660418,0.6870460501684547,11.479120120611716,0.07911239749159914,0.7370959961408623,0.26290400385913765,0.0,1.0,PASS,CANCEL,,,clear,BTCUSDT|short|H:68932.8@20|SWH:69000.0,"v10_1_pass,weak_body_ratio,v11_quality_fail,r_abs_bps_low,r_abs_atr_low,body_ratio_low"
2026-03-22 15:25:00,CANCEL,SRR-1,short,bearish,upper_edge,H:68932.8@20,SWH:69000.0,68932.8,69011.60928571428,68030.0,78.80928571427648,11.432770134722002,0.6788469820955506,11.45550288671705,0.1397435897436084,0.6198717948717762,0.38012820512822376,0.0,1.0,PASS,CANCEL,,,clear,BTCUSDT|short|H:68932.8@20|SWH:69000.0,"v10_1_pass,weak_body_ratio,v11_quality_fail,r_abs_bps_low,r_abs_atr_low,body_ratio_low"
2026-03-22 19:35:00,CANCEL,SRR-1,long,bearish,lower_edge,L:68241.5@20,SWL:68181.0,68241.5,68168.05214285714,69000.0,73.44785714286263,10.76293122848452,0.5672587852375434,10.327054178376503,0.3978685612788685,0.9786856127885559,0.021314387211444113,0.0,0.0,PASS,CANCEL,,,clear,BTCUSDT|long|L:68241.5@20|SWL:68181.0,"v10_1_pass,v11_quality_fail,r_abs_bps_low,r_abs_atr_low"
2026-03-22 19:40:00,CANCEL,SRR-1,long,bearish,lower_edge,L:68241.5@20,SWL:68181.0,68241.5,68167.83571428571,69000.0,73.66428571428696,10.794646324346177,0.5595767769940543,10.296712886647745,0.8078078078077389,0.8078078078077389,0.19219219219226108,0.0,0.0,PASS,CANCEL,,,clear,BTCUSDT|long|L:68241.5@20|SWL:68181.0,"v10_1_pass,v11_quality_fail,r_abs_bps_low,r_abs_atr_low"
2026-03-23 03:10:00,CANCEL,SRR-1,short,bearish,upper_edge,H:68434.3@20,SWH:68555.5,68434.3,68571.09428571428,67400.1,136.79428571427707,19.98914078382873,0.8772077684132722,7.560257320690544,0.9823380992430116,0.9823380992430116,0.017661900756988425,0.0,0.0,PASS,CANCEL,,,clear,BTCUSDT|short|H:68434.3@20|SWH:68555.5,"v10_1_pass,v11_quality_fail,r_abs_bps_low"
2026-03-23 05:25:00,CANCEL,SRR-1,short,bearish,upper_edge,H:68777.0@20,SWH:68846.6,68777.0,68859.15214285714,67400.1,82.15214285714319,11.944711583398984,0.6544869970978112,16.760366219470704,0.9567949725058926,0.9575805184603766,0.042419481539623376,0.0,0.0,PASS,CANCEL,,,clear,BTCUSDT|short|H:68777.0@20|SWH:68846.6,"v10_1_pass,v11_quality_fail,r_abs_bps_low,r_abs_atr_low"
2026-03-23 06:55:00,CANCEL,SRR-1,long,bearish,lower_edge,L:67661.0@20,SWL:67653.1,67661.0,67633.46785714287,68872.4,27.532142857133294,4.0691303494085656,0.14024013098048835,43.99948112597175,0.30857142857139835,0.7792207792207793,0.22077922077922077,0.0,0.0,PASS,CANCEL,,,clear,BTCUSDT|long|L:67661.0@20|SWL:67653.1,"v10_1_pass,v11_quality_fail,r_abs_bps_low,r_abs_atr_low"
2026-03-23 07:10:00,CANCEL,SRR-1,long,bearish,lower_edge,L:67653.1@20,SWL:67456.7,67653.1,67434.88357142857,68872.4,218.21642857143888,32.25520021572387,1.0002390073012426,5.587571971469685,0.26572696423906766,0.7052988775776377,0.29470112242236235,0.0,1.0,PASS,CANCEL,,,clear,BTCUSDT|long|L:67653.1@20|SWL:67456.7,"v10_1_pass,weak_body_ratio,v11_quality_fail,body_ratio_low"
2026-03-23 13:55:00,CANCEL,SRR-1,short,bullish,upper_edge,H:71468.0@20,SWH:71564.9,71468.0,71589.68928571428,67880.0,121.68928571428114,17.027101040225155,0.49089468376312395,29.484929416254445,0.330726965342352,0.5927726120033848,0.07650042265426313,0.0,2.0,PASS,CANCEL,,,clear,BTCUSDT|short|H:71468.0@20|SWH:71564.9,"v10_1_pass,weak_close_strength,body_not_aligned,v11_quality_fail,r_abs_bps_low,r_abs_atr_low,close_strength_low"
2026-03-23 14:05:00,CANCEL,SRR-1,short,bullish,upper_edge,H:71564.9@20,SWH:71699.9,71564.9,71724.99357142857,67880.0,160.09357142857334,22.37040384721747,0.6379863937832723,23.01716406922706,0.20869252873565747,0.6892959770114877,0.10201149425285479,0.0,2.0,PASS,CANCEL,,,clear,BTCUSDT|short|H:71564.9@20|SWH:71699.9,"v10_1_pass,weak_body_ratio,body_not_aligned,v11_quality_fail,r_abs_atr_low,body_ratio_low"
2026-03-23 22:35:00,CANCEL,SRR-1,long,bullish,lower_edge,L:70488.6@20,SWL:70477.1,70488.6,70465.89642857143,71232.0,22.703571428573923,3.2208855656906112,0.20264583997452018,32.74374705049166,0.19577874818046084,0.6986899563319073,0.10553129548763183,0.0,2.0,PASS,CANCEL,,,clear,BTCUSDT|long|L:70488.6@20|SWL:70477.1,"v10_1_pass,weak_body_ratio,body_not_aligned,v11_quality_fail,r_abs_bps_low,r_abs_atr_low,body_ratio_low"
2026-03-23 22:40:00,CANCEL,SRR-1,long,bullish,lower_edge,L:70488.6@20,SWL:70477.1,70488.6,70465.4992857143,71232.0,23.100714285712456,3.2772269963813234,0.1991318268579374,32.180823103802425,0.6933471933471841,0.6933471933471841,0.3066528066528159,0.0,0.0,PASS,CANCEL,,,clear,BTCUSDT|long|L:70488.6@20|SWL:70477.1,"v10_1_pass,v11_quality_fail,r_abs_bps_low,r_abs_atr_low"
2026-03-23 23:25:00,CANCEL,SRR-1,long,bullish,lower_edge,L:70477.1@20,SWL:70370.0,70477.1,70358.40214285714,71232.0,118.69785714286263,16.842046160080738,1.0234464494673152,6.359845225271505,0.6019607843136684,0.9503267973855829,0.04967320261441713,0.0,0.0,PASS,CANCEL,,,clear,BTCUSDT|long|L:70477.1@20|SWL:70370.0,"v10_1_pass,v11_quality_fail,r_abs_bps_low"
2026-03-24 04:55:00,CANCEL,SRR-1,long,bullish,lower_edge,L:70232.0@20,SWL:70214.3,70232.0,70204.08142857143,71080.0,27.91857142857043,3.975192423477963,0.27321403606877426,30.374046973341922,0.702374936836807,0.9651339060131663,0.034866093986833664,0.0,0.0,PASS,CANCEL,,,clear,BTCUSDT|long|L:70232.0@20|SWL:70214.3,"v10_1_pass,v11_quality_fail,r_abs_bps_low,r_abs_atr_low"
2026-03-24 05:25:00,CANCEL,SRR-1,long,bullish,lower_edge,L:70121.0@20,SWL:70075.5,70121.0,70063.68428571429,70845.7,57.315714285708964,8.173830134440319,0.48508040140244646,12.644001894270957,0.3406344410876722,0.5249244712991167,0.13444108761321102,0.0,2.0,PASS,CANCEL,,,clear,BTCUSDT|long|L:70121.0@20|SWL:70075.5,"v10_1_pass,weak_close_strength,body_not_aligned,v11_quality_fail,r_abs_bps_low,r_abs_atr_low,close_strength_low"
2026-03-24 17:25:00,CANCEL,SRR-1,long,bearish,lower_edge,L:69088.0@20,SWL:69074.0,69088.0,69055.26571428572,71075.9,32.734285714279395,4.738056639977912,0.17472929693454078,60.72837566554354,0.6578723404255566,0.6859574468085602,0.3140425531914398,0.0,0.0,PASS,CANCEL,,,clear,BTCUSDT|long|L:69088.0@20|SWL:69074.0,"v10_1_pass,v11_quality_fail,r_abs_bps_low,r_abs_atr_low"
2026-03-24 17:40:00,CANCEL,SRR-1,long,bearish,lower_edge,L:69074.0@20,SWL:69025.0,69074.0,69006.22642857143,71050.3,67.77357142856636,9.811733999560811,0.36100521249474504,29.160334306463866,0.5479876160991061,0.7391640866873231,0.26083591331267686,0.0,0.0,PASS,CANCEL,,,clear,BTCUSDT|long|L:69074.0@20|SWL:69025.0,"v10_1_pass,v11_quality_fail,r_abs_bps_low,r_abs_atr_low"
2026-03-24 17:50:00,CANCEL,SRR-1,long,bearish,lower_edge,L:68888.8@20,SWL:68884.5,68888.8,68866.51214285714,71029.2,22.28785714285914,3.2353382760128118,0.12390501528810356,96.03435567092022,0.7870493991988777,0.9646194926568571,0.03538050734314291,0.0,0.0,PASS,CANCEL,,,clear,BTCUSDT|long|L:68888.8@20|SWL:68884.5,"v10_1_pass,v11_quality_fail,r_abs_bps_low,r_abs_atr_low"
2026-03-24 23:25:00,CANCEL,SRR-1,short,bearish,upper_edge,H:70555.4@20,SWH:70693.9,70555.4,70707.50142857143,69226.0,152.10142857143364,21.55773031850626,1.1182753912404635,8.740220341688957,0.04934497816595158,0.7978165938864502,0.15283842794759825,0.0,2.0,PASS,CANCEL,,,clear,BTCUSDT|short|H:70555.4@20|SWH:70693.9,"v10_1_pass,weak_body_ratio,body_not_aligned,v11_quality_fail,r_abs_bps_low,body_ratio_low"
2026-03-24 23:35:00,CANCEL,SRR-1,short,bearish,upper_edge,H:70729.1@20,SWH:70800.0,70729.1,70814.54428571429,69226.0,85.4442857142858,12.080499499397815,0.5874766722325916,17.591580144120698,0.005917159763411871,0.7489433643280105,0.2510566356719895,0.0,1.0,PASS,CANCEL,,,clear,BTCUSDT|short|H:70729.1@20|SWH:70800.0,"v10_1_pass,weak_body_ratio,v11_quality_fail,r_abs_bps_low,r_abs_atr_low,body_ratio_low"
2026-03-25 11:40:00,CANCEL,SRR-1,short,bullish,upper_edge,H:71935.9@20,SWH:71999.9,71935.9,72012.74714285713,70752.5,76.84714285713562,10.682724878278526,0.5981652396307706,15.399401409106648,0.1321348314607134,0.6053932584269532,0.3946067415730468,0.0,1.0,PASS,CANCEL,,,clear,BTCUSDT|short|H:71935.9@20|SWH:71999.9,"v10_1_pass,weak_body_ratio,v11_quality_fail,r_abs_bps_low,r_abs_atr_low,body_ratio_low"
2026-03-26 05:50:00,CANCEL,SRR-1,long,bearish,lower_edge,L:70253.0@20,SWL:70150.1,70253.0,70139.24142857143,71408.1,113.75857142856694,16.19269944750643,1.0476384686225104,10.153960141151511,0.1989717223650984,0.8611825192802056,0.13881748071979436,0.0,1.0,PASS,CANCEL,,,clear,BTCUSDT|long|L:70253.0@20|SWL:70150.1,"v10_1_pass,weak_body_ratio,v11_quality_fail,r_abs_bps_low,body_ratio_low"
2026-03-26 06:05:00,CANCEL,SRR-1,long,bearish,lower_edge,L:69906.2@20,SWL:69815.4,69906.2,69800.98357142857,71341.0,105.21642857142433,15.05108682369008,0.7298369915274927,13.63665370019677,0.22254196642690038,0.6081534772182394,0.16930455635486022,0.0,2.0,PASS,CANCEL,,,clear,BTCUSDT|long|L:69906.2@20|SWL:69815.4,"v10_1_pass,weak_body_ratio,body_not_aligned,v11_quality_fail,r_abs_bps_low,body_ratio_low"
2026-03-26 06:10:00,CANCEL,SRR-1,long,bearish,lower_edge,L:69906.2@20,SWL:69815.4,69906.2,69799.985,71341.0,106.21499999999651,15.193931296508252,0.6890366526110686,13.508449842301465,0.608370702541144,0.9172894867962555,0.08271051320374444,0.0,0.0,PASS,CANCEL,,,clear,BTCUSDT|long|L:69906.2@20|SWL:69815.4,"v10_1_pass,v11_quality_fail,r_abs_bps_low,r_abs_atr_low"
2026-03-26 07:35:00,CANCEL,SRR-1,long,bearish,lower_edge,L:69815.4@20,SWL:69722.6,69815.4,69711.42142857144,70944.9,103.97857142855355,14.893357544116851,0.9301597444087945,10.86281514048411,0.060083837913341195,0.9264089427107447,0.013507219375914162,0.0,2.0,PASS,CANCEL,,,clear,BTCUSDT|long|L:69815.4@20|SWL:69722.6,"v10_1_pass,weak_body_ratio,body_not_aligned,v11_quality_fail,r_abs_bps_low,body_ratio_low"
2026-03-26 07:40:00,CANCEL,SRR-1,long,bearish,lower_edge,L:69815.4@20,SWL:69722.6,69815.4,69711.61714285715,70944.9,103.78285714283993,14.86532443312506,0.9449531737771729,10.883300297325889,0.8010630220197595,1.0,0.0,0.0,0.0,PASS,CANCEL,,,clear,BTCUSDT|long|L:69815.4@20|SWL:69722.6,"v10_1_pass,v11_quality_fail,r_abs_bps_low"
2026-03-26 09:55:00,CANCEL,SRR-1,long,bearish,lower_edge,L:69400.1@20,SWL:69366.0,69400.1,69350.26857142858,70847.9,49.83142857142957,7.180310773533405,0.3167635306938,29.053953328363384,0.9237113402061705,0.9242268041237264,0.07577319587627365,0.0,0.0,PASS,CANCEL,,,clear,BTCUSDT|long|L:69400.1@20|SWL:69366.0,"v10_1_pass,v11_quality_fail,r_abs_bps_low,r_abs_atr_low"
2026-03-26 15:20:00,CANCEL,SRR-1,long,bearish,lower_edge,L:68806.8@20,SWL:68553.4,68806.8,68528.91642857142,69872.2,277.8835714285815,40.38606234101592,1.134979724013224,3.833979801406904,0.1632947976878637,0.7247109826589603,0.11199421965317605,0.0,2.0,PASS,CANCEL,,,clear,BTCUSDT|long|L:68806.8@20|SWL:68553.4,"v10_1_pass,weak_body_ratio,body_not_aligned,v11_quality_fail,body_ratio_low"
2026-03-26 18:10:00,CANCEL,SRR-1,long,bearish,lower_edge,L:68325.2@20,SWL:68236.5,68325.2,68219.80214285714,69872.2,105.39785714285972,15.42591271490749,0.6312058861274025,14.677717763304669,0.23283793347488166,0.7717622080679453,0.22823779193205473,0.0,1.0,PASS,CANCEL,,,clear,BTCUSDT|long|L:68325.2@20|SWL:68236.5,"v10_1_pass,weak_body_ratio,v11_quality_fail,r_abs_bps_low,r_abs_atr_low,body_ratio_low"
2026-03-27 11:05:00,CANCEL,SRR-1,long,bearish,lower_edge,L:66257.4@20,SWL:66175.4,66257.4,66151.63428571427,68925.0,105.7657142857206,15.962853098026878,0.44503486415006305,25.22178399697299,0.1299401197604616,0.7113772455089995,0.15868263473053892,0.0,2.0,PASS,CANCEL,,,clear,BTCUSDT|long|L:66257.4@20|SWL:66175.4,"v10_1_pass,weak_body_ratio,body_not_aligned,v11_quality_fail,r_abs_bps_low,r_abs_atr_low,body_ratio_low"
2026-03-28 00:10:00,CANCEL,SRR-1,short,bearish,upper_edge,H:66384.0@20,SWH:66432.7,66384.0,66440.57857142857,65666.6,56.57857142857392,8.522922907413522,0.7181323662738209,12.679712157555203,0.8276740237690797,0.979626485568687,0.020373514431313005,0.0,0.0,PASS,CANCEL,,,clear,BTCUSDT|short|H:66384.0@20|SWH:66432.7,"v10_1_pass,v11_quality_fail,r_abs_bps_low"
2026-03-28 00:35:00,CANCEL,SRR-1,short,bearish,upper_edge,H:66432.7@20,SWH:66455.3,66432.7,66463.08714285714,65766.1,30.387142857143772,4.574124317865113,0.3902219776187827,21.93690940717314,0.45161290322580644,0.5475806451613607,0.0008064516128328133,0.0,2.0,PASS,CANCEL,,,clear,BTCUSDT|short|H:66432.7@20|SWH:66455.3,"v10_1_pass,weak_close_strength,body_not_aligned,v11_quality_fail,r_abs_bps_low,r_abs_atr_low,close_strength_low"
2026-03-28 10:35:00,CANCEL,SRR-1,long,bearish,lower_edge,L:66114.0@20,SWL:66100.8,66114.0,66094.51928571428,66533.9,19.480714285717113,2.9465339089628695,0.31016717843743735,21.554651120152037,0.24654622741763277,0.5972369819341371,0.40276301806586284,0.0,2.0,PASS,CANCEL,,,clear,BTCUSDT|long|L:66114.0@20|SWL:66100.8,"v10_1_pass,weak_body_ratio,weak_close_strength,v11_quality_fail,r_abs_bps_low,r_abs_atr_low,close_strength_low,body_ratio_low"
2026-03-29 10:40:00,CANCEL,SRR-1,long,bullish,lower_edge,L:66401.0@20,SWL:66375.5,66401.0,66367.98785714286,66845.0,33.01214285714377,4.971633387621236,0.4394504136160636,13.449596468831443,0.8027681660899654,0.8858131487889274,0.11418685121107267,0.0,0.0,PASS,CANCEL,,,clear,BTCUSDT|long|L:66401.0@20|SWL:66375.5,"v10_1_pass,v11_quality_fail,r_abs_bps_low,r_abs_atr_low"
2026-03-29 11:50:00,CANCEL,SRR-1,short,bearish,upper_edge,H:66899.0@20,SWH:66986.8,66899.0,66996.55214285715,66375.5,97.55214285715192,14.582003147603391,1.0003149490955385,5.3663608473119275,0.3633056133056422,1.0,0.0,0.0,0.0,PASS,CANCEL,,,clear,BTCUSDT|short|H:66899.0@20|SWH:66986.8,"v10_1_pass,v11_quality_fail,r_abs_bps_low"
2026-03-29 15:35:00,CANCEL,SRR-1,long,bullish,lower_edge,L:66300.9@20,SWL:66288.1,66300.9,66278.27357142858,66986.8,22.62642857141327,3.4126879984152962,0.23026095805756086,30.314108027927567,0.09083191850592655,0.795415959253025,0.11375212224104841,0.0,2.0,PASS,CANCEL,,,clear,BTCUSDT|long|L:66300.9@20|SWL:66288.1,"v10_1_pass,weak_body_ratio,body_not_aligned,v11_quality_fail,r_abs_bps_low,r_abs_atr_low,body_ratio_low"
2026-03-29 15:40:00,CANCEL,SRR-1,long,bullish,lower_edge,L:66300.9@20,SWL:66288.1,66300.9,66278.14714285715,66986.8,22.752857142841094,3.431756905689228,0.22860628678037653,30.145664594735027,0.1574074074074074,0.600000000000027,0.24259259259256563,0.0,2.0,PASS,CANCEL,,,clear,BTCUSDT|long|L:66300.9@20|SWL:66288.1,"v10_1_pass,weak_body_ratio,body_not_aligned,v11_quality_fail,r_abs_bps_low,r_abs_atr_low,body_ratio_low"
2026-03-30 05:05:00,CANCEL,SRR-1,short,bullish,upper_edge,H:67625.1@20,SWH:67688.0,67625.1,67702.75428571428,65754.2,77.65428571427765,11.483056692600476,0.5263168086753818,24.092681849960304,0.05987611837575303,0.6889194769442796,0.25120440467996746,0.0,2.0,PASS,CANCEL,,,clear,BTCUSDT|short|H:67625.1@20|SWH:67688.0,"v10_1_pass,weak_body_ratio,body_not_aligned,v11_quality_fail,r_abs_bps_low,r_abs_atr_low,body_ratio_low"
2026-03-30 14:40:00,CANCEL,SRR-1,long,bullish,lower_edge,L:67200.0@20,SWL:67099.6,67200.0,67079.38214285715,68148.4,120.61785714284633,17.949085884352133,0.5965907083553608,7.86284902140829,0.11856091578087095,0.7788225674571005,0.10261651676202847,0.0,2.0,PASS,CANCEL,,,clear,BTCUSDT|long|L:67200.0@20|SWL:67099.6,"v10_1_pass,weak_body_ratio,body_not_aligned,v11_quality_fail,r_abs_bps_low,r_abs_atr_low,body_ratio_low"
2026-03-30 14:50:00,CANCEL,SRR-1,long,bullish,lower_edge,L:67063.9@20,SWL:67055.0,67063.9,67034.01928571428,68148.4,29.880714285711292,4.455558696364407,0.14241990944062694,36.29431310210007,0.4010416666666806,0.581330128205138,0.41866987179486204,0.0,1.0,PASS,CANCEL,,,clear,BTCUSDT|long|L:67063.9@20|SWL:67055.0,"v10_1_pass,weak_close_strength,v11_quality_fail,r_abs_bps_low,r_abs_atr_low,close_strength_low"
2026-03-30 14:55:00,CANCEL,SRR-1,long,bullish,lower_edge,L:67063.9@20,SWL:67055.0,67063.9,67032.77357142857,68148.4,31.126428571427823,4.6413090457649835,0.14004242054182148,34.841774330496285,0.8301408450704143,0.8723943661971749,0.1276056338028251,0.0,0.0,PASS,CANCEL,,,clear,BTCUSDT|long|L:67063.9@20|SWL:67055.0,"v10_1_pass,v11_quality_fail,r_abs_bps_low,r_abs_atr_low"
2026-03-30 18:35:00,CANCEL,SRR-1,long,bullish,lower_edge,L:66548.0@20,SWL:66544.4,66548.0,66529.33499999999,68008.5,18.66500000000815,2.8047424415471762,0.12389644872225754,78.24805786227498,0.26196692776331976,0.8124456048738437,0.18755439512615632,0.0,1.0,PASS,CANCEL,,,clear,BTCUSDT|long|L:66548.0@20|SWL:66544.4,"v10_1_pass,weak_body_ratio,v11_quality_fail,r_abs_bps_low,r_abs_atr_low,body_ratio_low"
2026-03-30 18:55:00,CANCEL,SRR-1,long,bullish,lower_edge,L:66544.4@20,SWL:66456.4,66544.4,66442.04142857142,67875.0,102.35857142857276,15.381996295491847,0.7128743408616213,12.999399868808418,0.17092950717410002,0.7829070492825809,0.046163443543319055,0.0,2.0,PASS,CANCEL,,,clear,BTCUSDT|long|L:66544.4@20|SWL:66456.4,"v10_1_pass,weak_body_ratio,body_not_aligned,v11_quality_fail,r_abs_bps_low,body_ratio_low"
2026-03-31 08:50:00,CANCEL,SRR-1,long,bullish,lower_edge,L:66777.0@20,SWL:66655.0,66777.0,66640.83785714286,67865.7,136.16214285713795,20.390575026901175,0.9614515559590197,7.995614472241869,0.26185809486476436,0.9043512348098465,0.09564876519015357,0.0,1.0,PASS,CANCEL,,,clear,BTCUSDT|long|L:66777.0@20|SWL:66655.0,"v10_1_pass,weak_body_ratio,v11_quality_fail,r_abs_bps_low,body_ratio_low"
2026-03-31 08:55:00,CANCEL,SRR-1,long,bullish,lower_edge,L:66777.0@20,SWL:66655.0,66777.0,66640.51785714286,67865.7,136.48214285714494,20.43849571815819,0.9424167694204897,7.976867722098509,0.0970464135021097,0.6818565400844128,0.22109704641347755,0.0,2.0,PASS,CANCEL,,,clear,BTCUSDT|long|L:66777.0@20|SWL:66655.0,"v10_1_pass,weak_body_ratio,body_not_aligned,v11_quality_fail,r_abs_bps_low,body_ratio_low"
2026-03-31 09:25:00,CANCEL,SRR-1,long,bullish,lower_edge,L:66550.0@20,SWL:66433.1,66550.0,66416.67214285715,67865.7,133.32785714285274,20.03423848878328,0.8115961563545994,9.86815529923581,0.37810611148425194,0.8999328408328089,0.10006715916719115,0.0,0.0,PASS,CANCEL,,,clear,BTCUSDT|long|L:66550.0@20|SWL:66433.1,"v10_1_pass,v11_quality_fail,r_abs_bps_low"
2026-03-31 09:55:00,CANCEL,SRR-1,long,bullish,lower_edge,L:66321.0@20,SWL:66250.0,66321.0,66233.68142857144,67756.8,87.31857142856461,13.166051692309315,0.5350871049636267,16.443237406542227,0.44312499999996363,0.5568750000000364,0.0,0.0,2.0,PASS,CANCEL,,,clear,BTCUSDT|long|L:66321.0@20|SWL:66250.0,"v10_1_pass,weak_close_strength,body_not_aligned,v11_quality_fail,r_abs_bps_low,r_abs_atr_low,close_strength_low"
2026-03-31 14:05:00,CANCEL,SRR-1,short,bearish,upper_edge,H:67375.0@20,SWH:67500.0,67375.0,67518.94285714286,65938.0,143.94285714285797,21.364431486880587,0.7598793363499331,9.983128225486247,0.09890485968512823,0.7375085557837171,0.16358658453115466,0.0,2.0,PASS,CANCEL,,,clear,BTCUSDT|short|H:67375.0@20|SWH:67500.0,"v10_1_pass,weak_body_ratio,body_not_aligned,v11_quality_fail,r_abs_bps_low,body_ratio_low"
2026-03-31 14:10:00,CANCEL,SRR-1,short,bearish,upper_edge,H:67375.0@20,SWH:67500.0,67375.0,67519.77,65938.0,144.77000000000407,21.487198515770547,0.73227111785536,9.926089659459553,0.6797862001943256,0.6802721088435278,0.3197278911564722,0.0,0.0,PASS,CANCEL,,,clear,BTCUSDT|short|H:67375.0@20|SWH:67500.0,"v10_1_pass,v11_quality_fail,r_abs_bps_low"
2026-03-31 17:20:00,CANCEL,SRR-1,short,bearish,upper_edge,H:68532.7@20,SWH:68600.0,68532.7,68632.73214285714,66374.4,100.03214285714785,14.596264681990911,0.30560829241681925,21.57606483630157,0.5499490316004233,0.9760448521916557,0.02395514780834434,0.0,0.0,PASS,CANCEL,,,clear,BTCUSDT|short|H:68532.7@20|SWH:68600.0,"v10_1_pass,v11_quality_fail,r_abs_bps_low,r_abs_atr_low"
2026-04-01 04:55:00,CANCEL,SRR-1,short,bullish,upper_edge,H:68330.0@20,SWH:68450.0,68330.0,68460.99571428572,67534.9,130.99571428571653,19.17103970228546,1.1913342860855352,6.069664220203436,0.20502710694927065,0.772301626416962,0.022671266633767378,0.0,2.0,PASS,CANCEL,,,clear,BTCUSDT|short|H:68330.0@20|SWH:68450.0,"v10_1_pass,weak_body_ratio,body_not_aligned,v11_quality_fail,r_abs_bps_low,body_ratio_low"
2026-04-02 00:50:00,CANCEL,SRR-1,short,bearish,upper_edge,H:68510.6@20,SWH:68563.4,68510.6,68574.10857142857,67927.0,63.50857142856694,9.269889831437315,0.5930629669156533,9.18931077919815,0.305005820721841,0.7072176949942272,0.2927823050057728,0.0,0.0,PASS,CANCEL,,,clear,BTCUSDT|short|H:68510.6@20|SWH:68563.4,"v10_1_pass,v11_quality_fail,r_abs_bps_low,r_abs_atr_low"
2026-04-02 01:55:00,CANCEL,SRR-1,long,bullish,lower_edge,L:67090.0@20,SWL:67000.3,67090.0,66964.04071428571,68639.1,125.95928571428522,18.774673679279356,0.3473849063294116,12.298418423186726,0.5005001667222213,0.7215738579526455,0.2784261420473545,0.0,0.0,PASS,CANCEL,,,clear,BTCUSDT|long|L:67090.0@20|SWL:67000.3,"v10_1_pass,v11_quality_fail,r_abs_bps_low,r_abs_atr_low"
2026-04-02 02:25:00,CANCEL,SRR-1,long,bearish,lower_edge,L:66807.6@20,SWL:66729.5,66807.6,66698.85428571429,68639.1,108.74571428571653,16.277446620701316,0.35484803281746197,16.842043036178417,0.08365867261572647,0.8728388176240796,0.043502509760194,0.0,2.0,PASS,CANCEL,,,clear,BTCUSDT|long|L:66807.6@20|SWL:66729.5,"v10_1_pass,weak_body_ratio,body_not_aligned,v11_quality_fail,r_abs_bps_low,r_abs_atr_low,body_ratio_low"
2026-04-02 11:20:00,CANCEL,SRR-1,long,bearish,lower_edge,L:66188.1@20,SWL:66065.1,66188.1,66053.77428571429,66898.5,134.32571428571828,20.294541509080677,1.1860242179616967,5.288637427149159,0.4446232233843001,0.9493161705551234,0.05068382944487657,0.0,0.0,PASS,CANCEL,,,clear,BTCUSDT|long|L:66188.1@20|SWL:66065.1,"v10_1_pass,v11_quality_fail,r_abs_bps_low"
2026-04-02 11:25:00,CANCEL,SRR-1,long,bearish,lower_edge,L:66188.1@20,SWL:66065.1,66188.1,66054.43857142857,66898.5,133.66142857143132,20.19417819387946,1.2536915449551327,5.314921496745356,0.05882352941189382,0.9276018099547104,0.013574660633395772,0.0,2.0,PASS,CANCEL,,,clear,BTCUSDT|long|L:66188.1@20|SWL:66065.1,"v10_1_pass,weak_body_ratio,body_not_aligned,v11_quality_fail,r_abs_bps_low,body_ratio_low"
2026-04-02 12:05:00,CANCEL,SRR-1,long,bearish,lower_edge,L:66065.1@20,SWL:66050.0,66065.1,66038.86571428571,66898.5,26.234285714293947,3.970974949601824,0.23561714139089135,31.76758876060841,0.197546804389974,0.6455777921239751,0.1568754034860508,0.0,2.0,PASS,CANCEL,,,clear,BTCUSDT|long|L:66065.1@20|SWL:66050.0,"v10_1_pass,weak_body_ratio,body_not_aligned,v11_quality_fail,r_abs_bps_low,r_abs_atr_low,body_ratio_low"
2026-04-02 12:25:00,CANCEL,SRR-1,long,bearish,lower_edge,L:66001.0@20,SWL:65919.1,66001.0,65905.57714285715,66898.5,95.4228571428539,14.457789600589976,0.7056412423409925,9.405503323552628,0.4464726196349349,0.9072520966946069,0.09274790330539309,0.0,0.0,PASS,CANCEL,,,clear,BTCUSDT|long|L:66001.0@20|SWL:65919.1,"v10_1_pass,v11_quality_fail,r_abs_bps_low"
2026-04-02 13:25:00,CANCEL,SRR-1,long,bearish,lower_edge,L:65919.1@20,SWL:65850.4,65919.1,65838.46285714285,66749.8,80.63714285715832,12.23274329551804,0.6755146002873319,10.3017042837382,0.768716577540077,0.9732620320855625,0.02673796791443746,0.0,0.0,PASS,CANCEL,,,clear,BTCUSDT|long|L:65919.1@20|SWL:65850.4,"v10_1_pass,v11_quality_fail,r_abs_bps_low,r_abs_atr_low"
2026-04-02 14:50:00,CANCEL,SRR-1,short,bearish,upper_edge,H:67030.0@20,SWH:67080.0,67030.0,67104.53428571428,65676.1,74.5342857142823,11.11954135674807,0.30379643647372523,18.164794725342876,0.8153805636028276,0.981564392941796,0.018435607058203986,0.0,0.0,PASS,CANCEL,,,clear,BTCUSDT|short|H:67030.0@20|SWH:67080.0,"v10_1_pass,v11_quality_fail,r_abs_bps_low,r_abs_atr_low"
2026-04-03 02:35:00,CANCEL,SRR-1,long,bearish,lower_edge,L:66375.0@20,SWL:66288.4,66375.0,66273.98999999999,67070.2,101.01000000000931,15.218079096046601,0.7009715475364996,6.882486882486219,0.1493582263710882,0.9457409568261235,0.054259043173876524,0.0,1.0,PASS,CANCEL,,,clear,BTCUSDT|long|L:66375.0@20|SWL:66288.4,"v10_1_pass,weak_body_ratio,v11_quality_fail,r_abs_bps_low,body_ratio_low"
2026-04-03 07:05:00,CANCEL,SRR-1,short,bearish,upper_edge,H:66789.6@20,SWH:66806.8,66789.6,66814.76571428572,66240.0,25.165714285714785,3.7679091184428084,0.3159253945480702,21.839237057220508,0.03697183098601608,0.82394366197184,0.17605633802815998,0.0,1.0,PASS,CANCEL,,,clear,BTCUSDT|short|H:66789.6@20|SWH:66806.8,"v10_1_pass,weak_body_ratio,v11_quality_fail,r_abs_bps_low,r_abs_atr_low,body_ratio_low"
2026-04-03 13:55:00,CANCEL,SRR-1,long,bearish,lower_edge,L:66525.4@20,SWL:66478.5,66525.4,66467.28428571428,67350.0,58.115714285711874,8.735868448098303,0.5181632913004508,14.188933408717288,0.9250136836343881,0.9255610290092718,0.07443897099072817,0.0,0.0,PASS,CANCEL,,,clear,BTCUSDT|long|L:66525.4@20|SWL:66478.5,"v10_1_pass,v11_quality_fail,r_abs_bps_low,r_abs_atr_low"
2026-04-04 02:20:00,CANCEL,SRR-1,long,bullish,lower_edge,L:66791.8@20,SWL:66781.6,66791.8,66777.785,66946.3,14.014999999999418,2.0983114693719016,0.3673656618610655,11.023902961113551,0.4124293785313057,0.5875706214686943,0.0,0.0,2.0,PASS,CANCEL,,,clear,BTCUSDT|long|L:66791.8@20|SWL:66781.6,"v10_1_pass,weak_close_strength,body_not_aligned,v11_quality_fail,r_abs_bps_low,r_abs_atr_low,close_strength_low"
2026-04-04 04:20:00,CANCEL,SRR-1,long,bullish,lower_edge,L:66770.0@20,SWL:66745.5,66770.0,66743.05142857143,66935.3,26.948571428569267,4.036029867990005,1.100583430571711,6.133905852417903,0.12658227848101267,0.8253164556963499,0.1746835443036501,0.0,1.0,PASS,CANCEL,,,clear,BTCUSDT|long|L:66770.0@20|SWL:66745.5,"v10_1_pass,weak_body_ratio,v11_quality_fail,r_abs_bps_low,body_ratio_low"
2026-04-04 04:25:00,CANCEL,SRR-1,long,bullish,lower_edge,L:66770.0@20,SWL:66745.5,66770.0,66742.95785714286,66935.3,27.042142857142608,4.050043860587481,1.0637538634447954,6.1126812646928395,0.8849315068493948,0.8876712328765528,0.11232876712344714,0.0,0.0,PASS,CANCEL,,,clear,BTCUSDT|long|L:66770.0@20|SWL:66745.5,"v10_1_pass,v11_quality_fail,r_abs_bps_low"
2026-04-04 06:25:00,CANCEL,SRR-1,short,bullish,upper_edge,H:66934.0@20,SWH:66940.0,66934.0,66943.09214285715,66745.5,9.092142857145518,1.358374347438599,0.2940401940402939,20.73218634613267,0.6447876447876774,1.0,0.0,0.0,0.0,PASS,CANCEL,,,clear,BTCUSDT|short|H:66934.0@20|SWH:66940.0,"v10_1_pass,v11_quality_fail,r_abs_bps_low,r_abs_atr_low"
2026-04-04 08:25:00,CANCEL,SRR-1,short,bullish,upper_edge,H:67023.7@20,SWH:67025.0,67023.7,67028.43714285715,66745.5,4.737142857149593,0.7067862348914776,0.1378221113884013,58.72738238833567,0.3772652388796586,0.46952224052720537,0.15321252059313603,0.0,2.0,PASS,CANCEL,,,clear,BTCUSDT|short|H:67023.7@20|SWH:67025.0,"v10_1_pass,weak_close_strength,body_not_aligned,v11_quality_fail,r_abs_bps_low,r_abs_atr_low,close_strength_low"
2026-04-05 01:35:00,CANCEL,SRR-1,long,bullish,lower_edge,L:67082.0@20,SWL:67064.4,67082.0,67060.06571428571,67452.7,21.934285714291036,3.269772176484159,0.5060646011866606,16.900481959094375,0.30183727034116126,0.6745406824149006,0.023622047243938103,0.0,1.0,PASS,CANCEL,,,clear,BTCUSDT|long|L:67082.0@20|SWL:67064.4,"v10_1_pass,body_not_aligned,v11_quality_fail,r_abs_bps_low,r_abs_atr_low"
2026-04-05 06:20:00,CANCEL,SRR-1,long,bearish,lower_edge,L:66587.7@20,SWL:66575.5,66587.7,66568.03,67166.9,19.669999999998254,2.95399901182925,0.2633199464524525,29.445856634471202,0.37064676616921727,0.9278606965175525,0.07213930348244749,0.0,0.0,PASS,CANCEL,,,clear,BTCUSDT|long|L:66587.7@20|SWL:66575.5,"v10_1_pass,v11_quality_fail,r_abs_bps_low,r_abs_atr_low"
2026-04-05 06:25:00,CANCEL,SRR-1,long,bearish,lower_edge,L:66587.7@20,SWL:66575.5,66587.7,66567.67857142857,67166.9,20.021428571431898,3.0067758116637004,0.2559817351598599,28.929004637883025,0.6458333333333334,0.730208333333394,0.26979166666660603,0.0,0.0,PASS,CANCEL,,,clear,BTCUSDT|long|L:66587.7@20|SWL:66575.5,"v10_1_pass,v11_quality_fail,r_abs_bps_low,r_abs_atr_low"
2026-04-05 12:55:00,CANCEL,SRR-1,long,bearish,lower_edge,L:66666.0@20,SWL:66650.0,66666.0,66644.11428571428,67132.8,21.88571428571595,3.28288997175711,0.37184466019421614,21.32898172323611,0.7142857142857766,0.7372627372626853,0.26273726273731474,0.0,0.0,PASS,CANCEL,,,clear,BTCUSDT|long|L:66666.0@20|SWL:66650.0,"v10_1_pass,v11_quality_fail,r_abs_bps_low,r_abs_atr_low"
2026-04-05 15:35:00,CANCEL,SRR-1,short,bearish,upper_edge,H:67521.7@20,SWH:67828.6,67521.7,67840.08857142858,66650.0,318.38857142858615,47.15351826577029,2.771350410345798,2.73784952798005,0.059807073954971444,0.8109324758842507,0.1890675241157494,0.0,1.0,PASS,CANCEL,,,clear,BTCUSDT|short|H:67521.7@20|SWH:67828.6,"v10_1_pass,weak_body_ratio,v11_quality_fail,body_ratio_low"
2026-04-05 23:05:00,CANCEL,SRR-1,short,bullish,upper_edge,H:68347.9@20,SWH:68440.0,68347.9,68460.75571428571,67246.6,112.85571428571711,16.51195051870169,0.5437332232087707,9.75847795541681,0.0846153846154126,0.6951923076923356,0.3048076923076643,0.0,1.0,PASS,CANCEL,,,clear,BTCUSDT|short|H:68347.9@20|SWH:68440.0,"v10_1_pass,weak_body_ratio,v11_quality_fail,r_abs_bps_low,r_abs_atr_low,body_ratio_low"
2026-04-06 15:50:00,CANCEL,SRR-1,short,bullish,upper_edge,H:69851.1@20,SWH:69853.0,69851.1,69869.71142857143,69088.0,18.611428571428405,2.664443161443185,0.11136946486578984,41.001688670556405,0.027295285359826876,0.5723738626964469,0.4276261373035532,0.0,2.0,PASS,CANCEL,,,clear,BTCUSDT|short|H:69851.1@20|SWH:69853.0,"v10_1_pass,weak_body_ratio,weak_close_strength,v11_quality_fail,r_abs_bps_low,r_abs_atr_low,close_strength_low,body_ratio_low"
2026-04-06 16:10:00,CANCEL,SRR-1,short,bullish,upper_edge,H:69931.9@20,SWH:69947.8,69931.9,69962.08642857143,69088.0,30.186428571440047,4.316546321698688,0.21129443527831732,27.956271739891218,0.4233128834356595,0.6226993865031383,0.3773006134968618,0.0,0.0,PASS,CANCEL,,,clear,BTCUSDT|short|H:69931.9@20|SWH:69947.8,"v10_1_pass,v11_quality_fail,r_abs_bps_low,r_abs_atr_low"
2026-04-06 22:40:00,CANCEL,SRR-1,long,bullish,lower_edge,L:69282.3@20,SWL:69160.9,69282.3,69150.0607142857,69955.3,132.2392857142986,19.08702305124088,1.220000000000154,5.0892591892397885,0.49944382647382746,0.5917686318131317,0.40823136818686834,0.0,2.0,PASS,CANCEL,,,clear,BTCUSDT|long|L:69282.3@20|SWL:69160.9,"v10_1_pass,weak_close_strength,weak_retest,v11_quality_fail,r_abs_bps_low,close_strength_low"
2026-04-07 11:10:00,CANCEL,SRR-1,long,bearish,lower_edge,L:68151.8@20,SWL:68033.0,68151.8,68016.79071428571,69219.0,135.00928571428813,19.81008362424589,0.8329132331556124,7.904641479686419,0.6856106408706056,0.8016928657799028,0.19830713422009713,0.0,0.0,PASS,CANCEL,,,clear,BTCUSDT|long|L:68151.8@20|SWL:68033.0,"v10_1_pass,v11_quality_fail,r_abs_bps_low"
2026-04-07 14:25:00,CANCEL,SRR-1,long,bearish,lower_edge,L:67780.0@20,SWL:67741.0,67780.0,67723.72071428571,69219.0,56.2792857142922,8.303228933946917,0.3257037741309099,25.568910154710156,0.7589314451239302,0.7589314451239302,0.2410685548760698,0.0,0.0,PASS,CANCEL,,,clear,BTCUSDT|long|L:67780.0@20|SWL:67741.0,"v10_1_pass,v11_quality_fail,r_abs_bps_low,r_abs_atr_low"
2026-04-07 15:10:00,CANCEL,SRR-1,long,bearish,lower_edge,L:67741.0@20,SWL:67711.0,67741.0,67692.83357142858,69170.0,48.16642857142142,7.110380503892977,0.2651397790272099,29.667966722528984,0.013716525147000268,0.9503592423252415,0.03592423252775827,0.0,2.0,PASS,CANCEL,,,clear,BTCUSDT|long|L:67741.0@20|SWL:67711.0,"v10_1_pass,weak_body_ratio,body_not_aligned,v11_quality_fail,r_abs_bps_low,r_abs_atr_low,body_ratio_low"
2026-04-07 22:10:00,CANCEL,SRR-1,short,bullish,upper_edge,H:70200.0@20,SWH:70561.0,70200.0,70586.4,68164.5,386.3999999999942,55.042735042734215,1.5212598425196622,5.267857142857222,0.23806038426350562,0.7125343092406115,0.04940530649588289,0.0,2.0,PASS,CANCEL,,,clear,BTCUSDT|short|H:70200.0@20|SWH:70561.0,"v10_1_pass,weak_body_ratio,body_not_aligned,v11_quality_fail,body_ratio_low"
2026-04-08 12:50:00,CANCEL,SRR-1,short,bullish,upper_edge,H:71945.0@20,SWH:71999.9,71945.0,72011.36857142857,71367.0,66.36857142856752,9.224903944480856,0.578699551569481,8.708941409445604,0.17680339462518407,0.8352192362093078,0.16478076379069215,0.0,1.0,PASS,CANCEL,,,clear,BTCUSDT|short|H:71945.0@20|SWH:71999.9,"v10_1_pass,weak_body_ratio,v11_quality_fail,r_abs_bps_low,r_abs_atr_low,body_ratio_low"
2026-04-08 13:20:00,CANCEL,SRR-1,short,bullish,upper_edge,H:72800.0@20,SWH:72858.5,72800.0,72880.02285714286,71367.0,80.02285714285972,10.992150706436774,0.3718040621266605,17.907383604683798,0.08212411238033883,0.9098487187403593,0.09015128125964067,0.0,1.0,PASS,CANCEL,,,clear,BTCUSDT|short|H:72800.0@20|SWH:72858.5,"v10_1_pass,weak_body_ratio,v11_quality_fail,r_abs_bps_low,r_abs_atr_low,body_ratio_low"
2026-04-08 13:25:00,CANCEL,SRR-1,short,bullish,upper_edge,H:72800.0@20,SWH:72858.5,72800.0,72880.17214285715,71367.0,80.17214285714726,11.012656985871876,0.3699317754853454,17.874038898440762,0.7103109656301438,0.7108565193671393,0.2891434806328607,0.0,0.0,PASS,CANCEL,,,clear,BTCUSDT|short|H:72800.0@20|SWH:72858.5,"v10_1_pass,v11_quality_fail,r_abs_bps_low,r_abs_atr_low"
2026-04-09 00:25:00,CANCEL,SRR-1,long,bullish,lower_edge,L:70850.9@20,SWL:70833.1,70850.9,70822.66714285714,71726.7,28.23285714285157,3.9848268889811664,0.27061481582905955,31.020594039372718,0.048234280792348753,0.6873385012919411,0.3126614987080589,0.0,1.0,PASS,CANCEL,,,clear,BTCUSDT|long|L:70850.9@20|SWL:70833.1,"v10_1_pass,weak_body_ratio,v11_quality_fail,r_abs_bps_low,r_abs_atr_low,body_ratio_low"
2026-04-09 08:50:00,CANCEL,SRR-1,short,bearish,upper_edge,H:71311.6@20,SWH:71342.0,71311.6,71351.38714285714,70666.0,39.78714285713795,5.579336721814958,0.42384720742651993,16.22634734839179,0.5105633802816901,0.8471830985915698,0.1528169014084302,0.0,0.0,PASS,CANCEL,,,clear,BTCUSDT|short|H:71311.6@20|SWH:71342.0,"v10_1_pass,v11_quality_fail,r_abs_bps_low,r_abs_atr_low"
2026-04-09 09:25:00,CANCEL,SRR-1,short,bearish,upper_edge,H:71342.0@20,SWH:71480.0,71342.0,71491.36214285715,70666.0,149.3621428571496,20.936074522321995,1.314559627836815,4.525912571075848,0.876673040152887,0.8919694072657526,0.10803059273424744,0.0,0.0,PASS,CANCEL,,,clear,BTCUSDT|short|H:71342.0@20|SWH:71480.0,"v10_1_pass,v11_quality_fail,r_abs_bps_low"
2026-04-09 13:50:00,CANCEL,SRR-1,long,bullish,lower_edge,L:70765.6@20,SWL:70710.0,70765.6,70696.93714285715,71533.0,68.66285714285914,9.702858047251649,0.5256342957130544,11.176348202396394,0.03764705882349517,0.8252941176470759,0.13705882352942889,0.0,2.0,PASS,CANCEL,,,clear,BTCUSDT|long|L:70765.6@20|SWL:70710.0,"v10_1_pass,weak_body_ratio,body_not_aligned,v11_quality_fail,r_abs_bps_low,r_abs_atr_low,body_ratio_low"
2026-04-09 14:25:00,CANCEL,SRR-1,long,bearish,lower_edge,L:70590.0@20,SWL:70550.0,70590.0,70534.20642857143,71533.0,55.79357142857043,7.9038916884219335,0.35326760435981597,16.901588764706936,0.7723132969035692,0.8715846994536178,0.12841530054638217,0.0,0.0,PASS,CANCEL,,,clear,BTCUSDT|long|L:70590.0@20|SWL:70550.0,"v10_1_pass,v11_quality_fail,r_abs_bps_low,r_abs_atr_low"
2026-04-09 15:20:00,CANCEL,SRR-1,short,bearish,upper_edge,H:71449.7@20,SWH:71526.8,71449.7,71546.27357142858,70470.2,96.57357142858382,13.51630187790625,0.4959212118989737,10.142526423228952,0.23449447748511063,0.7268479184367013,0.03865760407818812,0.0,2.0,PASS,CANCEL,,,clear,BTCUSDT|short|H:71449.7@20|SWH:71526.8,"v10_1_pass,weak_body_ratio,body_not_aligned,v11_quality_fail,r_abs_bps_low,r_abs_atr_low,body_ratio_low"
2026-04-09 15:50:00,CANCEL,SRR-1,short,bearish,upper_edge,H:72222.0@20,SWH:72320.0,72222.0,72348.50714285714,70470.2,126.50714285713912,17.51642752307318,0.4437734903532818,13.84743944441351,0.0824510747514016,0.7985242220083302,0.11902470324026826,0.0,2.0,PASS,CANCEL,,,clear,BTCUSDT|short|H:72222.0@20|SWH:72320.0,"v10_1_pass,weak_body_ratio,body_not_aligned,v11_quality_fail,r_abs_bps_low,r_abs_atr_low,body_ratio_low"
2026-04-09 16:10:00,CANCEL,SRR-1,short,bullish,upper_edge,H:72320.0@20,SWH:72377.4,72320.0,72408.20999999999,70470.2,88.20999999999185,12.197179203538697,0.28630314832843873,20.970411517970454,0.7089001165953833,0.7089001165953833,0.29109988340461673,0.0,0.0,PASS,CANCEL,,,clear,BTCUSDT|short|H:72320.0@20|SWH:72377.4,"v10_1_pass,v11_quality_fail,r_abs_bps_low,r_abs_atr_low"
2026-04-09 17:20:00,CANCEL,SRR-1,short,bullish,upper_edge,H:72500.0@20,SWH:72517.9,72500.0,72538.65714285713,70470.2,38.657142857133294,5.332019704432178,0.1862353750859828,52.50776053216384,0.37896965419910195,0.9103740296401034,0.08962597035989661,0.0,0.0,PASS,CANCEL,,,clear,BTCUSDT|short|H:72500.0@20|SWH:72517.9,"v10_1_pass,v11_quality_fail,r_abs_bps_low,r_abs_atr_low"
2026-04-09 23:20:00,CANCEL,SRR-1,long,bullish,lower_edge,L:71701.3@20,SWL:71539.9,71701.3,71515.75,73128.0,185.5500000000029,25.87819188773466,0.7683229813664684,7.689032605766504,0.12126301645953783,0.9109842122942594,0.08901578770574056,0.0,1.0,PASS,CANCEL,,,clear,BTCUSDT|long|L:71701.3@20|SWL:71539.9,"v10_1_pass,weak_body_ratio,v11_quality_fail,body_ratio_low"
2026-04-10 07:25:00,CANCEL,SRR-1,long,bullish,lower_edge,L:71675.3@20,SWL:71667.0,71675.3,71658.60142857143,72243.6,16.698571428569267,2.329752568676973,0.19882633100865363,34.03285139875554,0.39212598425187684,0.5212598425197768,0.08661417322834646,0.0,2.0,PASS,CANCEL,,,clear,BTCUSDT|long|L:71675.3@20|SWL:71667.0,"v10_1_pass,weak_close_strength,body_not_aligned,v11_quality_fail,r_abs_bps_low,r_abs_atr_low,close_strength_low"
2026-04-10 11:35:00,CANCEL,SRR-1,short,bullish,upper_edge,H:72194.0@20,SWH:72195.0,72194.0,72203.70714285714,71382.1,9.707142857136205,1.344591358996067,0.11148482362584516,83.6394407653253,0.5579150579150547,0.7490347490347631,0.25096525096523686,0.0,0.0,PASS,CANCEL,,,clear,BTCUSDT|short|H:72194.0@20|SWH:72195.0,"v10_1_pass,v11_quality_fail,r_abs_bps_low,r_abs_atr_low"
2026-04-10 14:40:00,CANCEL,SRR-1,short,bullish,upper_edge,H:73050.0@20,SWH:73123.9,73050.0,73146.72857142857,71658.8,96.7285714285681,13.241419771193442,0.4237171464330325,14.38251366120265,0.0806972240154969,0.6707553260167727,0.3292446739832274,0.0,1.0,PASS,CANCEL,,,clear,BTCUSDT|short|H:73050.0@20|SWH:73123.9,"v10_1_pass,weak_body_ratio,v11_quality_fail,r_abs_bps_low,r_abs_atr_low,body_ratio_low"
2026-04-10 20:35:00,CANCEL,SRR-1,short,bullish,upper_edge,H:73244.1@20,SWH:73450.0,73244.1,73462.375,72309.5,218.27499999999418,29.80103516870221,1.7638383838383516,4.281754667277657,0.0654820664692154,0.8604804211911978,0.1395195788088022,0.0,1.0,PASS,CANCEL,,,clear,BTCUSDT|short|H:73244.1@20|SWH:73450.0,"v10_1_pass,weak_body_ratio,v11_quality_fail,body_ratio_low"
2026-04-11 01:20:00,CANCEL,SRR-1,long,bullish,lower_edge,L:72669.1@20,SWL:72615.0,72669.1,72608.54928571428,73450.0,60.5507142857241,8.332388083205117,0.9386668143064547,12.89662738436275,0.44115713346484714,0.5581854043391908,0.0006574621959619786,0.0,2.0,PASS,CANCEL,,,clear,BTCUSDT|long|L:72669.1@20|SWL:72615.0,"v10_1_pass,weak_close_strength,body_not_aligned,v11_quality_fail,r_abs_bps_low,close_strength_low"
2026-04-11 06:05:00,CANCEL,SRR-1,long,bullish,lower_edge,L:72615.0@20,SWL:72566.4,72615.0,72560.9807142857,73066.2,54.01928571429744,7.439135951841553,0.9967971530251121,8.352572493948706,0.3210202286719108,0.6781002638522245,0.0008795074758646484,0.0,1.0,PASS,CANCEL,,,clear,BTCUSDT|long|L:72615.0@20|SWL:72566.4,"v10_1_pass,body_not_aligned,v11_quality_fail,r_abs_bps_low"
2026-04-11 10:05:00,CANCEL,SRR-1,short,bullish,upper_edge,H:72883.0@20,SWH:72886.0,72883.0,72892.31714285714,72566.4,9.317142857136787,1.2783698334504323,0.14748982360912663,33.98037411839136,0.5196428571429611,0.7321428571428571,0.26785714285714285,0.0,0.0,PASS,CANCEL,,,clear,BTCUSDT|short|H:72883.0@20|SWH:72886.0,"v10_1_pass,v11_quality_fail,r_abs_bps_low,r_abs_atr_low"
2026-04-11 12:10:00,CANCEL,SRR-1,short,bullish,upper_edge,H:72886.0@20,SWH:72900.0,72886.0,72903.35142857143,72580.0,17.351428571433644,2.380625712953605,0.5177323103155369,17.635435534327137,0.41925465838513104,1.0,0.0,0.0,0.0,PASS,CANCEL,,,clear,BTCUSDT|short|H:72886.0@20|SWH:72900.0,"v10_1_pass,v11_quality_fail,r_abs_bps_low,r_abs_atr_low"
2026-04-11 12:20:00,CANCEL,SRR-1,short,bullish,upper_edge,H:72900.0@20,SWH:72906.3,72900.0,72909.87214285714,72580.0,9.872142857144354,1.3542034097591706,0.2763647270546117,32.41444179147182,0.5583596214509354,0.9968454258673247,0.0031545741326752994,0.0,0.0,PASS,CANCEL,,,clear,BTCUSDT|short|H:72900.0@20|SWH:72906.3,"v10_1_pass,v11_quality_fail,r_abs_bps_low,r_abs_atr_low"
2026-04-11 12:25:00,CANCEL,SRR-1,short,bullish,upper_edge,H:72900.0@20,SWH:72906.3,72900.0,72910.44785714286,72580.0,10.447857142862631,1.4331765628069455,0.2518856552437924,30.62829014833969,0.6386898669395705,0.7922210849539046,0.20777891504609533,0.0,0.0,PASS,CANCEL,,,clear,BTCUSDT|short|H:72900.0@20|SWH:72906.3,"v10_1_pass,v11_quality_fail,r_abs_bps_low,r_abs_atr_low"
2026-04-11 12:50:00,CANCEL,SRR-1,short,bullish,upper_edge,H:72937.6@20,SWH:72945.0,72937.6,72950.02714285714,72580.0,12.427142857137369,1.7038047395496105,0.24720090934913166,28.775721347294475,0.10643015521069381,0.7760532150775051,0.22394678492249484,0.0,1.0,PASS,CANCEL,,,clear,BTCUSDT|short|H:72937.6@20|SWH:72945.0,"v10_1_pass,weak_body_ratio,v11_quality_fail,r_abs_bps_low,r_abs_atr_low,body_ratio_low"
2026-04-11 12:55:00,CANCEL,SRR-1,short,bullish,upper_edge,H:72937.6@20,SWH:72945.0,72937.6,72950.175,72580.0,12.57499999999709,1.7240764708459133,0.2429951690820645,28.437375745533885,0.7223587223589886,0.9656019656021062,0.034398034397893844,0.0,0.0,PASS,CANCEL,,,clear,BTCUSDT|short|H:72937.6@20|SWH:72945.0,"v10_1_pass,v11_quality_fail,r_abs_bps_low,r_abs_atr_low"
2026-04-11 18:25:00,CANCEL,SRR-1,short,bullish,upper_edge,H:73180.0@20,SWH:73213.7,73180.0,73220.70285714285,72533.7,40.702857142852736,5.562019287080177,0.5812321501427566,15.878492208340974,0.1481481481481999,0.8504801097394369,0.0013717421123631938,0.0,2.0,PASS,CANCEL,,,clear,BTCUSDT|short|H:73180.0@20|SWH:73213.7,"v10_1_pass,weak_body_ratio,body_not_aligned,v11_quality_fail,r_abs_bps_low,r_abs_atr_low,body_ratio_low"
2026-04-12 00:10:00,CANCEL,SRR-1,long,bullish,lower_edge,L:72861.2@20,SWL:72817.4,72861.2,72805.98642857143,73773.4,55.213571428568684,7.577911347681439,0.4837536767006341,16.52130040492192,0.7700573065902258,0.7700573065902258,0.22994269340977422,0.0,0.0,PASS,CANCEL,,,clear,BTCUSDT|long|L:72861.2@20|SWL:72817.4,"v10_1_pass,v11_quality_fail,r_abs_bps_low,r_abs_atr_low"
2026-04-12 13:10:00,CANCEL,SRR-1,long,bearish,lower_edge,L:71000.0@20,SWL:70888.4,71000.0,70876.86785714285,71750.0,123.13214285715367,17.342555331993474,1.067729947352215,6.091017199871844,0.7838383838383446,0.8471380471380667,0.15286195286193327,0.0,0.0,PASS,CANCEL,,,active,BTCUSDT|long|L:71000.0@20|SWL:70888.4,"v10_1_pass,v11_quality_fail,r_abs_bps_low"
2026-04-12 13:50:00,CANCEL,SRR-1,long,bearish,lower_edge,L:70888.4@20,SWL:70855.0,70888.4,70841.83714285714,71696.6,46.56285714285332,6.5684734234167115,0.35374430214887426,17.357182303493115,0.04686035613870793,0.9418931583880295,0.05810684161197056,0.0,1.0,PASS,CANCEL,,,clear,BTCUSDT|long|L:70888.4@20|SWL:70855.0,"v10_1_pass,weak_body_ratio,v11_quality_fail,r_abs_bps_low,r_abs_atr_low,body_ratio_low"
2026-04-12 15:35:00,CANCEL,SRR-1,long,bearish,lower_edge,L:70655.6@20,SWL:70566.5,70655.6,70554.89071428572,71570.0,100.70928571428522,14.253546175290452,0.8674890789392669,9.079599696438818,0.43531827515401256,0.9933264887063507,0.0066735112936493375,0.0,0.0,PASS,CANCEL,,,clear,BTCUSDT|long|L:70655.6@20|SWL:70566.5,"v10_1_pass,v11_quality_fail,r_abs_bps_low"
2026-04-12 15:40:00,CANCEL,SRR-1,long,bearish,lower_edge,L:70655.6@20,SWL:70566.5,70655.6,70554.95357142857,71570.0,100.6464285714319,14.244649903395045,0.8716671821837592,9.085270217522087,0.8908730158730033,0.9980158730157573,0.001984126984242705,0.0,0.0,PASS,CANCEL,,,clear,BTCUSDT|long|L:70655.6@20|SWL:70566.5,"v10_1_pass,v11_quality_fail,r_abs_bps_low"
2026-04-12 21:10:00,CANCEL,SRR-1,short,bearish,upper_edge,H:71417.9@20,SWH:71423.9,71417.9,71433.55357142857,70777.0,15.653571428571013,2.19182745902232,0.16215316315205072,40.942733287703206,0.904174573055106,0.9990512333966672,0.0009487666033327739,0.0,0.0,PASS,CANCEL,,,clear,BTCUSDT|short|H:71417.9@20|SWH:71423.9,"v10_1_pass,v11_quality_fail,r_abs_bps_low,r_abs_atr_low"
2026-04-12 22:35:00,CANCEL,SRR-1,long,bearish,lower_edge,L:70522.0@20,SWL:70458.2,70522.0,70438.17357142858,71423.9,83.82642857142491,11.886564273762076,0.4185790205799279,10.759136651414462,0.2872340425532228,0.8987645847632151,0.10123541523678489,0.0,1.0,PASS,CANCEL,,,clear,BTCUSDT|long|L:70522.0@20|SWL:70458.2,"v10_1_pass,weak_body_ratio,v11_quality_fail,r_abs_bps_low,r_abs_atr_low,body_ratio_low"
2026-04-12 22:40:00,CANCEL,SRR-1,long,bearish,lower_edge,L:70522.0@20,SWL:70458.2,70522.0,70437.00214285713,71423.9,84.99785714286554,12.052672519620195,0.40097381810833743,10.61085573585777,0.5932642487046632,0.6611398963730871,0.3388601036269128,0.0,0.0,PASS,CANCEL,,,clear,BTCUSDT|long|L:70522.0@20|SWL:70458.2,"v10_1_pass,v11_quality_fail,r_abs_bps_low,r_abs_atr_low"
2026-04-13 05:25:00,CANCEL,SRR-1,long,bearish,lower_edge,L:70747.7@20,SWL:70735.8,70747.7,70728.16500000001,71245.0,19.53499999998894,2.7612205061067625,0.2558611656842049,25.4568722805367,0.1714614499424071,0.7963176064442086,0.20368239355579143,0.0,1.0,PASS,CANCEL,,,clear,BTCUSDT|long|L:70747.7@20|SWL:70735.8,"v10_1_pass,weak_body_ratio,v11_quality_fail,r_abs_bps_low,r_abs_atr_low,body_ratio_low"
2026-04-13 08:25:00,CANCEL,SRR-1,long,bearish,lower_edge,L:70627.9@20,SWL:70609.4,70627.9,70600.14785714285,71128.8,27.75214285714901,3.9293456066439765,0.29995367868454387,18.04905670089457,0.8722669735327422,1.0,0.0,0.0,0.0,PASS,CANCEL,,,clear,BTCUSDT|long|L:70627.9@20|SWL:70609.4,"v10_1_pass,v11_quality_fail,r_abs_bps_low,r_abs_atr_low"
2026-04-13 08:50:00,CANCEL,SRR-1,long,bearish,lower_edge,L:70553.6@20,SWL:70517.3,70553.6,70508.83928571429,71114.9,44.76071428571595,6.34421408485406,0.5290417897847325,12.540014362083372,0.23711340206181442,0.754868270332096,0.24513172966790397,0.0,1.0,PASS,CANCEL,,,clear,BTCUSDT|long|L:70553.6@20|SWL:70517.3,"v10_1_pass,weak_body_ratio,v11_quality_fail,r_abs_bps_low,r_abs_atr_low,body_ratio_low"
2026-04-13 08:55:00,CANCEL,SRR-1,long,bearish,lower_edge,L:70553.6@20,SWL:70517.3,70553.6,70508.78357142858,71114.9,44.81642857143015,6.3521108166599785,0.5262350079678042,12.524425035461421,0.3708029197079442,1.0,0.0,0.0,0.0,PASS,CANCEL,,,clear,BTCUSDT|long|L:70553.6@20|SWL:70517.3,"v10_1_pass,v11_quality_fail,r_abs_bps_low,r_abs_atr_low"
2026-04-13 14:05:00,CANCEL,SRR-1,short,bearish,upper_edge,H:71677.9@20,SWH:71737.5,71677.9,71760.57785714285,70634.9,82.67785714285856,11.534637195405915,0.358256213438985,12.615227777345593,0.4119741100323719,0.7825242718446697,0.2174757281553304,0.0,0.0,PASS,CANCEL,,,clear,BTCUSDT|short|H:71677.9@20|SWH:71737.5,"v10_1_pass,v11_quality_fail,r_abs_bps_low,r_abs_atr_low"
2026-04-13 14:10:00,CANCEL,SRR-1,short,bearish,upper_edge,H:71677.9@20,SWH:71737.5,71677.9,71760.71857142857,70634.9,82.81857142857916,11.554268669782342,0.35669107241743414,12.593793662565881,0.32524271844657193,0.8574029126213492,0.14259708737865084,0.0,0.0,PASS,CANCEL,,,clear,BTCUSDT|short|H:71677.9@20|SWH:71737.5,"v10_1_pass,v11_quality_fail,r_abs_bps_low,r_abs_atr_low"
2026-04-13 14:50:00,CANCEL,SRR-1,short,bearish,upper_edge,H:71970.9@20,SWH:72166.6,71970.9,72194.24428571429,70643.5,223.34428571429453,31.03258201777309,0.8079220712108257,5.943290627538261,0.12197762540599856,0.926380368098182,0.07361963190181794,0.0,1.0,PASS,CANCEL,,,clear,BTCUSDT|short|H:71970.9@20|SWH:72166.6,"v10_1_pass,weak_body_ratio,v11_quality_fail,body_ratio_low"
2026-04-13 15:05:00,CANCEL,SRR-1,short,bullish,upper_edge,H:72358.5@20,SWH:72431.0,72358.5,72455.65,70643.5,97.14999999999418,13.42620424690868,0.3941176470587999,17.653113741637704,0.7712941176470657,0.9687058823529343,0.03129411764706567,0.0,0.0,PASS,CANCEL,,,clear,BTCUSDT|short|H:72358.5@20|SWH:72431.0,"v10_1_pass,v11_quality_fail,r_abs_bps_low,r_abs_atr_low"
2026-04-13 15:10:00,CANCEL,SRR-1,short,bullish,upper_edge,H:72358.5@20,SWH:72431.0,72358.5,72456.04,70643.5,97.5399999999936,13.480102544966188,0.3895367412140329,17.582530244003614,0.28400281888655743,0.6522198731501195,0.34778012684988047,0.0,1.0,PASS,CANCEL,,,clear,BTCUSDT|short|H:72358.5@20|SWH:72431.0,"v10_1_pass,weak_body_ratio,v11_quality_fail,r_abs_bps_low,r_abs_atr_low,body_ratio_low"
2026-04-13 17:40:00,CANCEL,SRR-1,short,bullish,upper_edge,H:72431.0@20,SWH:72549.2,72431.0,72565.90642857143,70722.3,134.90642857142666,18.625509598297228,0.8075120783274145,12.665815988860162,0.462127659574369,0.5191489361702127,0.4808510638297872,0.0,2.0,PASS,CANCEL,,,clear,BTCUSDT|short|H:72431.0@20|SWH:72549.2,"v10_1_pass,weak_close_strength,opposite_wick_high,v11_quality_fail,r_abs_bps_low,close_strength_low"
2026-04-14 11:50:00,CANCEL,SRR-1,long,bullish,lower_edge,L:74277.4@20,SWL:74267.2,74277.4,74259.57714285715,74900.0,17.82285714284808,2.3994993285774786,0.23380809595190252,34.93267072781546,0.6513639387890372,0.8037258815701968,0.19627411842980325,0.0,0.0,PASS,CANCEL,,,clear,BTCUSDT|long|L:74277.4@20|SWL:74267.2,"v10_1_pass,v11_quality_fail,r_abs_bps_low,r_abs_atr_low"
2026-04-14 12:05:00,CANCEL,SRR-1,long,bullish,lower_edge,L:74267.2@20,SWL:74255.0,74267.2,74246.02285714286,74900.0,21.17714285713737,2.8514799072992343,0.23590070019089948,29.88127361036946,0.3600000000000803,0.9627586206896953,0.03724137931030468,0.0,0.0,PASS,CANCEL,,,clear,BTCUSDT|long|L:74267.2@20|SWL:74255.0,"v10_1_pass,v11_quality_fail,r_abs_bps_low,r_abs_atr_low"
2026-04-14 12:10:00,CANCEL,SRR-1,long,bullish,lower_edge,L:74267.2@20,SWL:74255.0,74267.2,74246.35571428572,74900.0,20.844285714279977,2.8066610447519196,0.241133696909533,30.358440134337876,0.2958715596328545,0.6009174311928474,0.10321100917429815,0.0,2.0,PASS,CANCEL,,,clear,BTCUSDT|long|L:74267.2@20|SWL:74255.0,"v10_1_pass,weak_body_ratio,body_not_aligned,v11_quality_fail,r_abs_bps_low,r_abs_atr_low,body_ratio_low"
2026-04-14 13:50:00,CANCEL,SRR-1,short,bullish,upper_edge,H:75197.6@20,SWH:75365.0,75197.6,75383.14142857143,74234.0,185.54142857142142,24.67384977332008,1.0227498228206597,5.193449287413901,0.1630877955966321,0.7855395487904446,0.2144604512095554,0.0,1.0,PASS,CANCEL,,,clear,BTCUSDT|short|H:75197.6@20|SWH:75365.0,"v10_1_pass,weak_body_ratio,v11_quality_fail,body_ratio_low"
2026-04-14 14:05:00,CANCEL,SRR-1,short,bullish,upper_edge,H:75484.0@20,SWH:75538.6,75484.0,75559.89071428572,74234.0,75.8907142857206,10.053880860277754,0.35644982722182356,16.471053300327107,0.5224153705398381,0.8311985361390979,0.16880146386090208,0.0,0.0,PASS,CANCEL,,,clear,BTCUSDT|short|H:75484.0@20|SWH:75538.6,"v10_1_pass,v11_quality_fail,r_abs_bps_low,r_abs_atr_low"
2026-04-14 14:20:00,CANCEL,SRR-1,short,bullish,upper_edge,H:75575.0@20,SWH:75630.0,75575.0,75653.235,74234.0,78.23500000000058,10.35196824346683,0.33671185711211693,17.14066594235304,0.07043010752691302,0.6806451612903539,0.31935483870964615,0.0,1.0,PASS,CANCEL,,,clear,BTCUSDT|short|H:75575.0@20|SWH:75630.0,"v10_1_pass,weak_body_ratio,v11_quality_fail,r_abs_bps_low,r_abs_atr_low,body_ratio_low"
2026-04-14 17:40:00,CANCEL,SRR-1,long,bullish,lower_edge,L:74250.3@20,SWL:74200.2,74250.3,74181.20928571429,76009.0,69.0907142857177,9.305109108746723,0.36381314176102936,25.454940192499244,0.17200854700853413,0.7297008547008972,0.27029914529910287,0.0,1.0,PASS,CANCEL,,,clear,BTCUSDT|long|L:74250.3@20|SWL:74200.2,"v10_1_pass,weak_body_ratio,v11_quality_fail,r_abs_bps_low,r_abs_atr_low,body_ratio_low"
2026-04-14 22:35:00,CANCEL,SRR-1,long,bullish,lower_edge,L:73789.7@20,SWL:73766.8,73789.7,73752.46,74765.0,37.23999999999069,5.046774820874822,0.2596931659692565,26.18958109560276,0.32453361492432214,0.6948257655755025,0.30517423442449754,0.0,0.0,PASS,CANCEL,,,clear,BTCUSDT|long|L:73789.7@20|SWL:73766.8,"v10_1_pass,v11_quality_fail,r_abs_bps_low,r_abs_atr_low"
2026-04-15 01:20:00,CANCEL,SRR-1,short,bullish,upper_edge,H:74715.6@20,SWH:74739.2,74715.6,74752.69857142857,73766.8,37.098571428563446,4.96530462561546,0.2748333156947251,25.575108783555198,0.31617647058822657,0.6266339869281106,0.3733660130718894,0.0,0.0,PASS,CANCEL,,,clear,BTCUSDT|short|H:74715.6@20|SWH:74739.2,"v10_1_pass,v11_quality_fail,r_abs_bps_low,r_abs_atr_low"
2026-04-15 01:25:00,CANCEL,SRR-1,short,bullish,upper_edge,H:74715.6@20,SWH:74739.2,74715.6,74752.58499999999,73766.8,36.98499999998603,4.95010412818555,0.2763167725064336,25.65364336894312,0.8898858075040835,0.8898858075040835,0.11011419249591647,0.0,0.0,PASS,CANCEL,,,clear,BTCUSDT|short|H:74715.6@20|SWH:74739.2,"v10_1_pass,v11_quality_fail,r_abs_bps_low,r_abs_atr_low"
2026-04-15 05:35:00,CANCEL,SRR-1,long,bullish,lower_edge,L:73960.1@20,SWL:73914.1,73960.1,73905.26857142858,74739.2,54.83142857142957,7.41364986951472,0.6208670333225709,14.20900422072805,0.09778812572752908,0.8102444703142723,0.18975552968572776,0.0,1.0,PASS,CANCEL,,,clear,BTCUSDT|long|L:73960.1@20|SWL:73914.1,"v10_1_pass,weak_body_ratio,v11_quality_fail,r_abs_bps_low,r_abs_atr_low,body_ratio_low"
2026-04-15 07:40:00,CANCEL,SRR-1,long,bearish,lower_edge,L:73550.0@20,SWL:73530.1,73550.0,73519.205,74400.0,30.794999999998254,4.186947654656459,0.282652592932524,27.601883422635108,0.3721212121211768,0.5636363636363636,0.43636363636363634,0.0,1.0,PASS,CANCEL,,,clear,BTCUSDT|long|L:73550.0@20|SWL:73530.1,"v10_1_pass,weak_close_strength,v11_quality_fail,r_abs_bps_low,r_abs_atr_low,close_strength_low"
2026-04-15 07:50:00,CANCEL,SRR-1,long,bearish,lower_edge,L:73530.1@20,SWL:73449.0,73530.1,73436.65571428572,74400.0,93.4442857142858,12.708303907418294,0.756984145353549,9.309290486309571,0.3233333333333333,0.7020000000000194,0.2979999999999806,0.0,0.0,PASS,CANCEL,,,clear,BTCUSDT|long|L:73530.1@20|SWL:73449.0,"v10_1_pass,v11_quality_fail,r_abs_bps_low"
2026-04-15 07:55:00,CANCEL,SRR-1,long,bearish,lower_edge,L:73530.1@20,SWL:73449.0,73530.1,73436.17071428572,74400.0,93.92928571428638,12.77426329003855,0.7321474305439591,9.261222348118897,0.5192926045016181,0.7869774919614297,0.21302250803857026,0.0,0.0,PASS,CANCEL,,,clear,BTCUSDT|long|L:73530.1@20|SWL:73449.0,"v10_1_pass,v11_quality_fail,r_abs_bps_low"
2026-04-15 10:50:00,CANCEL,SRR-1,short,bearish,upper_edge,H:74154.3@20,SWH:74222.7,74154.3,74233.98785714286,73449.0,79.68785714285332,10.74622201852803,0.7059608935012117,8.850783862033573,0.15702479338844613,0.8429752066115539,0.0,0.0,2.0,PASS,CANCEL,,,clear,BTCUSDT|short|H:74154.3@20|SWH:74222.7,"v10_1_pass,weak_body_ratio,body_not_aligned,v11_quality_fail,r_abs_bps_low,body_ratio_low"
2026-04-15 10:55:00,CANCEL,SRR-1,short,bearish,upper_edge,H:74154.3@20,SWH:74222.7,74154.3,74234.24642857142,73449.0,79.94642857142026,10.781091396105182,0.6923909681409859,8.822157694885922,0.763113367174275,0.9991539763114106,0.0008460236885894358,0.0,0.0,PASS,CANCEL,,,clear,BTCUSDT|short|H:74154.3@20|SWH:74222.7,"v10_1_pass,v11_quality_fail,r_abs_bps_low,r_abs_atr_low"
2026-04-16 10:10:00,CANCEL,SRR-1,long,bullish,lower_edge,L:74466.9@20,SWL:74387.7,74466.9,74378.10714285714,75100.0,88.79285714284924,11.923802003688786,0.9256142963513896,7.130078030730328,0.10382513661202186,0.7016393442623428,0.19453551912563535,0.0,2.0,PASS,CANCEL,,,clear,BTCUSDT|long|L:74466.9@20|SWL:74387.7,"v10_1_pass,weak_body_ratio,body_not_aligned,v11_quality_fail,r_abs_bps_low,body_ratio_low"
2026-04-16 10:25:00,CANCEL,SRR-1,long,bullish,lower_edge,L:74340.0@20,SWL:74257.6,74340.0,74246.38071428573,75100.0,93.61928571427416,12.593393289517643,0.834449608454743,8.117985457820286,0.7820945945946822,0.7829391891892031,0.2170608108107969,0.0,0.0,PASS,CANCEL,,,clear,BTCUSDT|long|L:74340.0@20|SWL:74257.6,"v10_1_pass,v11_quality_fail,r_abs_bps_low"
2026-04-16 10:55:00,CANCEL,SRR-1,long,bullish,lower_edge,L:74257.6@20,SWL:74226.2,74257.6,74214.455,75079.1,43.145000000004075,5.810179698778856,0.36734780757772667,19.040445011007588,0.7598784194529099,0.7608915906787587,0.2391084093212413,0.0,0.0,PASS,CANCEL,,,clear,BTCUSDT|long|L:74257.6@20|SWL:74226.2,"v10_1_pass,v11_quality_fail,r_abs_bps_low,r_abs_atr_low"
2026-04-16 19:35:00,CANCEL,SRR-1,short,bearish,upper_edge,H:75073.0@20,SWH:75186.6,75073.0,75203.78142857144,73731.2,130.7814285714412,17.42056779020969,0.7611790138855045,10.259866516651678,0.021459227467810916,0.8392508778775005,0.1607491221224995,0.0,1.0,PASS,CANCEL,,,clear,BTCUSDT|short|H:75073.0@20|SWH:75186.6,"v10_1_pass,weak_body_ratio,v11_quality_fail,r_abs_bps_low,body_ratio_low"
2026-04-16 19:50:00,CANCEL,SRR-1,short,bearish,upper_edge,H:75280.0@20,SWH:75288.8,75280.0,75306.99857142857,73811.7,26.998571428572177,3.586420221648801,0.14835544391240063,54.38435896079017,0.38681948424069845,0.5444126074498719,0.0687679083094297,0.0,2.0,PASS,CANCEL,,,clear,BTCUSDT|short|H:75280.0@20|SWH:75288.8,"v10_1_pass,weak_close_strength,body_not_aligned,v11_quality_fail,r_abs_bps_low,r_abs_atr_low,close_strength_low"
2026-04-16 20:05:00,CANCEL,SRR-1,short,bullish,upper_edge,H:75378.1@20,SWH:75500.0,75378.1,75517.19357142856,73873.5,139.0935714285588,18.452782894309987,0.8089859166631341,10.817178569412162,0.07446408424220889,0.7908988341482043,0.20910116585179572,0.0,1.0,PASS,CANCEL,,,clear,BTCUSDT|short|H:75378.1@20|SWH:75500.0,"v10_1_pass,weak_body_ratio,v11_quality_fail,r_abs_bps_low,body_ratio_low"
2026-04-16 20:10:00,CANCEL,SRR-1,short,bullish,upper_edge,H:75378.1@20,SWH:75500.0,75378.1,75516.49285714286,73873.5,138.39285714285506,18.359822964873757,0.8391078388912876,10.87194838709698,0.45141874462595605,0.6792777300085815,0.32072226999141856,0.0,0.0,PASS,CANCEL,,,clear,BTCUSDT|short|H:75378.1@20|SWH:75500.0,"v10_1_pass,v11_quality_fail,r_abs_bps_low"
2026-04-17 02:35:00,CANCEL,SRR-1,long,bullish,lower_edge,L:74532.9@20,SWL:74480.0,74532.9,74468.39571428571,75149.1,64.50428571428347,8.654471476929446,0.5558660593376618,9.552853630988487,0.36271186440677966,0.9071186440678164,0.09288135593218366,0.0,0.0,PASS,CANCEL,,,clear,BTCUSDT|long|L:74532.9@20|SWL:74480.0,"v10_1_pass,v11_quality_fail,r_abs_bps_low,r_abs_atr_low"
2026-04-17 02:40:00,CANCEL,SRR-1,long,bullish,lower_edge,L:74532.9@20,SWL:74480.0,74532.9,74468.29928571428,75149.1,64.60071428571246,8.667409195900396,0.5521091508454741,9.538594221647712,0.651578947368513,0.7494736842104956,0.2505263157895043,0.0,0.0,PASS,CANCEL,,,clear,BTCUSDT|long|L:74532.9@20|SWL:74480.0,"v10_1_pass,v11_quality_fail,r_abs_bps_low,r_abs_atr_low"
2026-04-17 09:20:00,CANCEL,SRR-1,short,bullish,upper_edge,H:75899.7@20,SWH:75950.6,75899.7,75970.46357142858,74508.2,70.76357142858615,9.32330054382114,0.35624797727362123,19.664072515111638,0.5418888042649855,0.8187357197258006,0.1812642802741994,0.0,0.0,PASS,CANCEL,,,clear,BTCUSDT|short|H:75899.7@20|SWH:75950.6,"v10_1_pass,v11_quality_fail,r_abs_bps_low,r_abs_atr_low"
2026-04-17 09:25:00,CANCEL,SRR-1,short,bullish,upper_edge,H:75899.7@20,SWH:75950.6,75899.7,75970.85642857144,74508.2,71.15642857144121,9.375060582774532,0.3512782538171971,19.555506479684137,0.39617292700210943,0.5364989369241798,0.06732813607371076,0.0,2.0,PASS,CANCEL,,,clear,BTCUSDT|short|H:75899.7@20|SWH:75950.6,"v10_1_pass,weak_close_strength,body_not_aligned,v11_quality_fail,r_abs_bps_low,r_abs_atr_low,close_strength_low"
2026-04-17 13:05:00,CANCEL,SRR-1,short,bullish,upper_edge,H:76350.0@20,SWH:76490.0,76350.0,76509.99642857142,74951.6,159.99642857142317,20.95565534661731,0.8001250223253882,8.740195093640741,0.11566314918268951,0.7246016966687254,0.27539830333127463,0.0,1.0,PASS,CANCEL,,,clear,BTCUSDT|short|H:76350.0@20|SWH:76490.0,"v10_1_pass,weak_body_ratio,v11_quality_fail,r_abs_bps_low,body_ratio_low"
2026-04-17 13:20:00,CANCEL,SRR-1,short,bullish,upper_edge,H:76880.0@20,SWH:76947.2,76880.0,76975.00142857143,74951.6,95.00142857142782,12.357105693473962,0.34171419762601757,20.29864212568242,0.3246135552913168,0.5321046373365134,0.46789536266348664,0.0,2.0,PASS,CANCEL,,,clear,BTCUSDT|short|H:76880.0@20|SWH:76947.2,"v10_1_pass,weak_close_strength,opposite_wick_high,v11_quality_fail,r_abs_bps_low,r_abs_atr_low,close_strength_low"
2026-04-17 14:05:00,CANCEL,SRR-1,short,bullish,upper_edge,H:77376.3@20,SWH:77500.0,77376.3,77538.71142857143,75030.2,162.41142857143132,20.989815818465257,0.4195438777769655,14.445412004784817,0.10606060606060606,0.7296969696969785,0.2703030303030215,0.0,1.0,PASS,CANCEL,,,clear,BTCUSDT|short|H:77376.3@20|SWH:77500.0,"v10_1_pass,weak_body_ratio,v11_quality_fail,r_abs_bps_low,r_abs_atr_low,body_ratio_low"
2026-04-17 14:10:00,CANCEL,SRR-1,short,bullish,upper_edge,H:77376.3@20,SWH:77500.0,77376.3,77538.72214285714,75030.2,162.4221428571327,20.991200517100545,0.41945546106876125,14.444459103483485,0.7172131147541091,0.9088114754098198,0.0911885245901802,0.0,0.0,PASS,CANCEL,,,clear,BTCUSDT|short|H:77376.3@20|SWH:77500.0,"v10_1_pass,v11_quality_fail,r_abs_bps_low,r_abs_atr_low"
2026-04-17 19:10:00,CANCEL,SRR-1,long,bullish,lower_edge,L:76951.1@20,SWL:76921.9,76951.1,76906.11571428571,78300.0,44.98428571429395,5.845827507897085,0.28499411711472095,29.9860268665192,0.03855659911017423,0.8576371725160529,0.1423628274839471,0.0,1.0,PASS,CANCEL,,,clear,BTCUSDT|long|L:76951.1@20|SWL:76921.9,"v10_1_pass,weak_body_ratio,v11_quality_fail,r_abs_bps_low,r_abs_atr_low,body_ratio_low"
2026-04-18 04:40:00,CANCEL,SRR-1,long,bullish,lower_edge,L:76888.0@20,SWL:76824.1,76888.0,76815.54642857144,77380.0,72.45357142855937,9.423261292862263,0.8470563674320093,6.79055552817188,0.9135999999999768,0.9135999999999768,0.08640000000002328,0.0,0.0,PASS,CANCEL,,,clear,BTCUSDT|long|L:76888.0@20|SWL:76824.1,"v10_1_pass,v11_quality_fail,r_abs_bps_low"
2026-04-18 08:20:00,CANCEL,SRR-1,long,bullish,lower_edge,L:76744.0@20,SWL:76600.0,76744.0,76591.90071428572,77233.6,152.09928571428463,19.819045881669528,1.8779345621306958,3.2189500279423355,0.18363636363633717,0.9177272727272463,0.08227272727275373,0.0,1.0,PASS,CANCEL,,,clear,BTCUSDT|long|L:76744.0@20|SWL:76600.0,"v10_1_pass,weak_body_ratio,v11_quality_fail,r_abs_bps_low,body_ratio_low"
2026-04-18 09:20:00,CANCEL,SRR-1,long,bullish,lower_edge,L:76400.0@20,SWL:76357.1,76400.0,76341.28928571429,77233.6,58.71071428571304,7.684648466716366,0.37133498983509733,14.198430561470076,0.3797121315969595,0.6113776559287227,0.008910212474317768,0.0,1.0,PASS,CANCEL,,,clear,BTCUSDT|long|L:76400.0@20|SWL:76357.1,"v10_1_pass,body_not_aligned,v11_quality_fail,r_abs_bps_low,r_abs_atr_low"
2026-04-18 09:25:00,CANCEL,SRR-1,long,bullish,lower_edge,L:76400.0@20,SWL:76357.1,76400.0,76342.29642857144,77233.6,57.70357142855937,7.55282348541353,0.3897949336549273,14.446246209076586,0.04361873990302655,0.7027463651050742,0.29725363489492584,0.0,1.0,PASS,CANCEL,,,clear,BTCUSDT|long|L:76400.0@20|SWL:76357.1,"v10_1_pass,weak_body_ratio,v11_quality_fail,r_abs_bps_low,r_abs_atr_low,body_ratio_low"
2026-04-18 18:35:00,CANCEL,SRR-1,long,bearish,lower_edge,L:75550.0@20,SWL:75501.5,75550.0,75493.54071428571,76342.7,56.459285714285215,7.47310201380347,0.7093511621645795,14.040205963842538,0.13722627737228402,0.7153284671532847,0.14744525547443132,0.0,2.0,PASS,CANCEL,,,clear,BTCUSDT|long|L:75550.0@20|SWL:75501.5,"v10_1_pass,weak_body_ratio,body_not_aligned,v11_quality_fail,r_abs_bps_low,body_ratio_low"
2026-04-18 23:10:00,CANCEL,SRR-1,short,bearish,upper_edge,H:75836.9@20,SWH:75843.3,75836.9,75850.79571428572,75395.9,13.895714285725262,1.832315704587775,0.18538212311812477,31.736403824381224,0.3814432989690412,0.9450171821306315,0.05498281786936855,0.0,0.0,PASS,CANCEL,,,clear,BTCUSDT|short|H:75836.9@20|SWH:75843.3,"v10_1_pass,v11_quality_fail,r_abs_bps_low,r_abs_atr_low"
2026-04-19 00:40:00,CANCEL,SRR-1,long,bearish,lower_edge,L:75519.7@20,SWL:75510.9,75519.7,75503.53142857143,75843.3,16.16857142857043,2.140974001296408,0.21942613416050635,20.014136773283095,0.39618644067780673,0.8919491525422762,0.1080508474577238,0.0,0.0,PASS,CANCEL,,,clear,BTCUSDT|long|L:75519.7@20|SWL:75510.9,"v10_1_pass,v11_quality_fail,r_abs_bps_low,r_abs_atr_low"
2026-04-19 03:10:00,CANCEL,SRR-1,long,bearish,lower_edge,L:75353.0@20,SWL:75314.0,75353.0,75304.085,75843.3,48.9149999999936,6.4914469231475325,0.4933434190619657,10.023510170705654,0.29235880398670094,0.6038205980066496,0.10382059800664954,0.0,2.0,PASS,CANCEL,,,clear,BTCUSDT|long|L:75353.0@20|SWL:75314.0,"v10_1_pass,weak_body_ratio,body_not_aligned,v11_quality_fail,r_abs_bps_low,r_abs_atr_low,body_ratio_low"
2026-04-19 06:20:00,CANCEL,SRR-1,long,bearish,lower_edge,L:75314.0@20,SWL:75234.2,75314.0,75228.57428571428,75747.3,85.4257142857241,11.342607521274147,1.5184865413917046,5.072243218836202,0.11259382819015026,0.8540450375312867,0.03336113427856304,0.0,2.0,PASS,CANCEL,,,clear,BTCUSDT|long|L:75314.0@20|SWL:75234.2,"v10_1_pass,weak_body_ratio,body_not_aligned,v11_quality_fail,r_abs_bps_low,body_ratio_low"
2026-04-19 06:25:00,CANCEL,SRR-1,long,bearish,lower_edge,L:75314.0@20,SWL:75234.2,75314.0,75228.06142857143,75747.3,85.9385714285745,11.410703378996535,1.3999767279497208,5.041973502667872,0.785625774473353,0.9504337050805524,0.04956629491944762,0.0,0.0,PASS,CANCEL,,,clear,BTCUSDT|long|L:75314.0@20|SWL:75234.2,"v10_1_pass,v11_quality_fail,r_abs_bps_low"
2026-04-19 11:20:00,CANCEL,SRR-1,short,bearish,upper_edge,H:75445.9@20,SWH:75513.6,75445.9,75522.12142857144,74824.3,76.22142857144354,10.102792672821659,0.8944677284159452,8.155186955297694,0.10391276459275647,0.9377806286081043,0.06221937139189574,0.0,1.0,PASS,CANCEL,,,clear,BTCUSDT|short|H:75445.9@20|SWH:75513.6,"v10_1_pass,weak_body_ratio,v11_quality_fail,r_abs_bps_low,body_ratio_low"
2026-04-19 12:20:00,CANCEL,SRR-1,short,bearish,upper_edge,H:75647.2@20,SWH:75665.7,75647.2,75675.85071428571,74824.3,28.650714285715367,3.7874123940761013,0.2822531841531303,28.72179701328684,0.17833553500661187,0.5680317040951341,0.43196829590486585,0.0,2.0,PASS,CANCEL,,,clear,BTCUSDT|short|H:75647.2@20|SWH:75665.7,"v10_1_pass,weak_body_ratio,weak_close_strength,v11_quality_fail,r_abs_bps_low,r_abs_atr_low,close_strength_low,body_ratio_low"
2026-04-19 12:25:00,CANCEL,SRR-1,short,bearish,upper_edge,H:75647.2@20,SWH:75665.7,75647.2,75675.46642857142,74824.3,28.26642857142724,3.7366126666191533,0.2894244130768495,29.112273519825287,0.9755319148937409,0.9765957446808821,0.023404255319117974,0.0,0.0,PASS,CANCEL,,,clear,BTCUSDT|short|H:75647.2@20|SWH:75665.7,"v10_1_pass,v11_quality_fail,r_abs_bps_low,r_abs_atr_low"
2026-04-19 20:55:00,CANCEL,SRR-1,long,bearish,lower_edge,L:74413.0@20,SWL:74375.0,74413.0,74360.16142857143,75840.0,52.838571428568684,7.100717808523871,0.3560893424472749,27.006786168114523,0.6840873634944938,0.8287831513260249,0.17121684867397519,0.0,0.0,PASS,CANCEL,,,clear,BTCUSDT|long|L:74413.0@20|SWL:74375.0,"v10_1_pass,v11_quality_fail,r_abs_bps_low,r_abs_atr_low"
2026-04-19 22:25:00,CANCEL,SRR-1,long,bearish,lower_edge,L:73750.1@20,SWL:73700.2,73750.1,73679.33285714286,75337.4,70.76714285714843,9.595531783299064,0.33913192305062295,22.429900882166955,0.3282068062827258,0.6714659685863651,0.00032722513090909313,0.0,1.0,PASS,CANCEL,,,clear,BTCUSDT|long|L:73750.1@20|SWL:73700.2,"v10_1_pass,body_not_aligned,v11_quality_fail,r_abs_bps_low,r_abs_atr_low"
2026-04-20 00:05:00,CANCEL,SRR-1,long,bearish,lower_edge,L:73700.2@20,SWL:73669.0,73700.2,73652.06428571428,75043.1,48.13571428571595,6.531286792398928,0.2842260649515071,27.898204481376276,0.5097928436911707,0.6781544256120637,0.3218455743879363,0.0,0.0,PASS,CANCEL,,,clear,BTCUSDT|long|L:73700.2@20|SWL:73669.0,"v10_1_pass,v11_quality_fail,r_abs_bps_low,r_abs_atr_low"
2026-04-20 00:10:00,CANCEL,SRR-1,long,bearish,lower_edge,L:73700.2@20,SWL:73669.0,73700.2,73650.95857142858,75043.1,49.24142857141851,6.681315460666119,0.27293530762525076,27.271751428825848,0.01994933502217496,0.8052564914502868,0.17479417352753826,0.0,2.0,PASS,CANCEL,,,clear,BTCUSDT|long|L:73700.2@20|SWL:73669.0,"v10_1_pass,weak_body_ratio,body_not_aligned,v11_quality_fail,r_abs_bps_low,r_abs_atr_low,body_ratio_low"
2026-04-20 05:35:00,CANCEL,SRR-1,long,bearish,lower_edge,L:74088.0@20,SWL:74066.5,74088.0,74058.13928571428,74697.6,29.86071428572177,4.030438706095693,0.3571550619394228,20.414782920698343,0.42407199100111986,0.8008998875140805,0.19910011248591955,0.0,0.0,PASS,CANCEL,,,clear,BTCUSDT|long|L:74088.0@20|SWL:74066.5,"v10_1_pass,v11_quality_fail,r_abs_bps_low,r_abs_atr_low"
2026-04-20 05:50:00,CANCEL,SRR-1,long,bearish,lower_edge,L:74066.5@20,SWL:74061.2,74066.5,74051.765,74697.6,14.735000000000582,1.989428419055927,0.15617382087970838,42.8299966067174,0.7271986970682919,0.8933224755699877,0.1066775244300123,0.0,0.0,PASS,CANCEL,,,clear,BTCUSDT|long|L:74066.5@20|SWL:74061.2,"v10_1_pass,v11_quality_fail,r_abs_bps_low,r_abs_atr_low"
2026-04-20 05:55:00,CANCEL,SRR-1,long,bearish,lower_edge,L:74066.5@20,SWL:74061.2,74066.5,74051.43928571428,74697.6,15.06071428571886,2.033404344166237,0.15429930479331105,41.90372302583542,0.9317476732160804,0.9317476732160804,0.06825232678391961,0.0,0.0,PASS,CANCEL,,,clear,BTCUSDT|long|L:74066.5@20|SWL:74061.2,"v10_1_pass,v11_quality_fail,r_abs_bps_low,r_abs_atr_low"
2026-04-20 17:25:00,CANCEL,SRR-1,short,bullish,upper_edge,H:75750.0@20,SWH:75839.0,75750.0,75855.20785714286,74639.5,105.20785714285739,13.888826025459723,0.6491163897580537,10.555295299780681,0.7583565459609315,0.7715877437325795,0.22841225626742048,0.0,0.0,PASS,CANCEL,,,clear,BTCUSDT|short|H:75750.0@20|SWH:75839.0,"v10_1_pass,v11_quality_fail,r_abs_bps_low,r_abs_atr_low"
2026-04-20 17:55:00,CANCEL,SRR-1,short,bullish,upper_edge,H:75839.0@20,SWH:75975.4,75839.0,75992.42714285714,74639.5,153.42714285713737,20.230638966381065,0.9010739155969072,7.818042998538441,0.21952296819793693,0.6073321554770474,0.39266784452295256,0.0,2.0,PASS,CANCEL,,,clear,BTCUSDT|short|H:75839.0@20|SWH:75975.4,"v10_1_pass,weak_body_ratio,weak_retest,v11_quality_fail,r_abs_bps_low,body_ratio_low"
2026-04-20 20:25:00,CANCEL,SRR-1,short,bullish,upper_edge,H:76449.8@20,SWH:76531.0,76449.8,76540.99928571428,75003.0,91.1992857142759,11.929303374799659,0.9120580041430588,15.864159337089278,0.24059763008756152,0.6749098402884909,0.08449252962394765,0.0,2.0,PASS,CANCEL,,,clear,BTCUSDT|short|H:76449.8@20|SWH:76531.0,"v10_1_pass,weak_body_ratio,body_not_aligned,v11_quality_fail,r_abs_bps_low,body_ratio_low"
2026-04-20 23:25:00,CANCEL,SRR-1,long,bullish,lower_edge,L:75670.5@20,SWL:75625.9,75670.5,75615.94928571428,76531.0,54.5507142857241,7.208980287658215,0.5482090302204681,15.774312238936027,0.9937499999999394,0.9937499999999394,0.006250000000060633,0.0,0.0,PASS,CANCEL,,,clear,BTCUSDT|long|L:75670.5@20|SWL:75625.9,"v10_1_pass,v11_quality_fail,r_abs_bps_low,r_abs_atr_low"
2026-04-21 02:55:00,CANCEL,SRR-1,long,bullish,lower_edge,L:75556.2@20,SWL:75532.0,75556.2,75522.01928571428,76232.3,34.1807142857142,4.523879481196011,0.34246761611679516,19.780160073558825,0.5088062622308618,0.5459882583171342,0.4540117416828659,0.0,2.0,PASS,CANCEL,,,clear,BTCUSDT|long|L:75556.2@20|SWL:75532.0,"v10_1_pass,weak_close_strength,opposite_wick_high,v11_quality_fail,r_abs_bps_low,r_abs_atr_low,close_strength_low"
2026-04-21 03:05:00,CANCEL,SRR-1,long,bullish,lower_edge,L:75532.0@20,SWL:75433.1,75532.0,75423.74428571429,76232.3,108.25571428571129,14.332430530862588,1.1571079554130057,6.468942583037723,0.28950863213816963,0.999335989375888,0.0006640106241120495,0.0,1.0,PASS,CANCEL,,,clear,BTCUSDT|long|L:75532.0@20|SWL:75433.1,"v10_1_pass,weak_body_ratio,v11_quality_fail,r_abs_bps_low,body_ratio_low"
2026-04-21 03:10:00,CANCEL,SRR-1,long,bullish,lower_edge,L:75532.0@20,SWL:75433.1,75532.0,75423.65214285714,76232.3,108.34785714285681,14.344629712288409,1.146798215770771,6.463441165030669,0.3526785714285434,0.580357142857168,0.06696428571428861,0.0,2.0,PASS,CANCEL,,,clear,BTCUSDT|long|L:75532.0@20|SWL:75433.1,"v10_1_pass,weak_close_strength,body_not_aligned,v11_quality_fail,r_abs_bps_low,close_strength_low"
2026-04-21 07:55:00,CANCEL,SRR-1,short,bullish,upper_edge,H:76276.4@20,SWH:76276.6,76276.4,76288.53,75433.1,12.130000000004657,1.5902690740523486,0.10167644593465872,69.521846661143,0.5121370775821172,0.9133745835316679,0.08662541646833215,0.0,0.0,PASS,CANCEL,,,clear,BTCUSDT|short|H:76276.4@20|SWH:76276.6,"v10_1_pass,v11_quality_fail,r_abs_bps_low,r_abs_atr_low"
2026-04-21 15:05:00,CANCEL,SRR-1,long,bullish,lower_edge,L:75571.7@20,SWL:75355.2,75571.7,75329.71928571428,76844.5,241.9807142857171,32.020017319408865,0.9496622095142127,5.259923311479909,0.03779000239177874,0.6924180817986031,0.30758191820139685,0.0,1.0,PASS,CANCEL,,,clear,BTCUSDT|long|L:75571.7@20|SWL:75355.2,"v10_1_pass,weak_body_ratio,v11_quality_fail,body_ratio_low"
2026-04-21 15:10:00,CANCEL,SRR-1,long,bullish,lower_edge,L:75571.7@20,SWL:75355.2,75571.7,75329.15357142857,76844.5,242.54642857142608,32.09487527360455,0.9312080076785899,5.247655088127523,0.20257234726684364,0.8162609095084955,0.18373909049150453,0.0,1.0,PASS,CANCEL,,,clear,BTCUSDT|long|L:75571.7@20|SWL:75355.2,"v10_1_pass,weak_body_ratio,v11_quality_fail,body_ratio_low"
2026-04-22 02:35:00,CANCEL,SRR-1,short,bullish,upper_edge,H:77234.6@20,SWH:77318.1,77234.6,77337.61285714286,75250.0,103.01285714285041,13.337656586924822,0.5279229811845318,19.26555631058668,0.3742440412664351,0.8093205265030071,0.19067947349699294,0.0,0.0,PASS,CANCEL,,,clear,BTCUSDT|short|H:77234.6@20|SWH:77318.1,"v10_1_pass,v11_quality_fail,r_abs_bps_low,r_abs_atr_low"
2026-04-22 02:40:00,CANCEL,SRR-1,short,bullish,upper_edge,H:77234.6@20,SWH:77318.1,77234.6,77338.25857142858,75250.0,103.65857142857567,13.421260863469954,0.5142158599674228,19.145546505697926,0.182559598494397,0.8324968632371514,0.1675031367628486,0.0,1.0,PASS,CANCEL,,,clear,BTCUSDT|short|H:77234.6@20|SWH:77318.1,"v10_1_pass,weak_body_ratio,v11_quality_fail,r_abs_bps_low,r_abs_atr_low,body_ratio_low"
2026-04-22 11:10:00,CANCEL,SRR-1,short,bullish,upper_edge,H:78186.0@20,SWH:78254.4,78186.0,78263.70357142856,77774.3,77.70357142855937,9.938297320307903,0.8352015355085171,5.298340763892865,0.5140664961636828,0.8409207161125022,0.1590792838874978,0.0,0.0,PASS,CANCEL,,,clear,BTCUSDT|short|H:78186.0@20|SWH:78254.4,"v10_1_pass,v11_quality_fail,r_abs_bps_low"
2026-04-22 11:40:00,CANCEL,SRR-1,short,bullish,upper_edge,H:78280.0@20,SWH:78365.8,78280.0,78376.11642857143,77774.3,96.11642857143306,12.278542229360381,0.9316831683168734,5.261327407979629,0.361053931659094,0.7188143268834892,0.2811856731165107,0.0,0.0,PASS,CANCEL,,,clear,BTCUSDT|short|H:78280.0@20|SWH:78365.8,"v10_1_pass,v11_quality_fail,r_abs_bps_low"
2026-04-22 12:05:00,CANCEL,SRR-1,short,bullish,upper_edge,H:78365.8@20,SWH:78381.1,78365.8,78392.39357142858,77774.3,26.59357142857334,3.3935175074552086,0.23547530200494934,22.24221750691468,0.08048639258834855,0.6022003474232368,0.3173132599884147,0.0,2.0,PASS,CANCEL,,,clear,BTCUSDT|short|H:78365.8@20|SWH:78381.1,"v10_1_pass,weak_body_ratio,body_not_aligned,v11_quality_fail,r_abs_bps_low,r_abs_atr_low,body_ratio_low"
2026-04-22 12:20:00,CANCEL,SRR-1,short,bullish,upper_edge,H:78424.1@20,SWH:78490.8,78424.1,78502.52857142857,77774.3,78.42857142856519,10.000570160010149,0.668696711327596,8.28524590164004,0.3036386449184611,0.7670430782099719,0.23295692179002817,0.0,0.0,PASS,CANCEL,,,clear,BTCUSDT|short|H:78424.1@20|SWH:78490.8,"v10_1_pass,v11_quality_fail,r_abs_bps_low,r_abs_atr_low"
2026-04-22 12:25:00,CANCEL,SRR-1,short,bullish,upper_edge,H:78424.1@20,SWH:78490.8,78424.1,78502.83642857143,77774.3,78.7364285714284,10.039825585684554,0.6541510889561414,8.252850831435858,0.7498272287491512,0.9108500345542886,0.0891499654457114,0.0,0.0,PASS,CANCEL,,,clear,BTCUSDT|short|H:78424.1@20|SWH:78490.8,"v10_1_pass,v11_quality_fail,r_abs_bps_low,r_abs_atr_low"
2026-04-22 13:35:00,CANCEL,SRR-1,short,bullish,upper_edge,H:78490.8@20,SWH:78654.0,78490.8,78668.09071428572,77895.3,177.29071428571478,22.58745155938209,1.2582095605008419,3.3588899587843923,0.08154745338154222,0.713609796827142,0.28639020317285807,0.0,1.0,PASS,CANCEL,,,clear,BTCUSDT|short|H:78490.8@20|SWH:78654.0,"v10_1_pass,weak_body_ratio,v11_quality_fail,body_ratio_low"
2026-04-22 15:35:00,CANCEL,SRR-1,short,bullish,upper_edge,H:79142.8@20,SWH:79271.7,79142.8,79294.48285714285,78025.3,151.68285714284866,19.165717809181462,0.6657762728868439,7.367345401119287,0.08243375858688871,0.7134445534837859,0.2041216879293254,0.0,2.0,PASS,CANCEL,,,clear,BTCUSDT|short|H:79142.8@20|SWH:79271.7,"v10_1_pass,weak_body_ratio,body_not_aligned,v11_quality_fail,r_abs_bps_low,r_abs_atr_low,body_ratio_low"
2026-04-22 15:50:00,CANCEL,SRR-1,short,bullish,upper_edge,H:79293.1@20,SWH:79299.9,79293.1,79320.67571428571,78040.0,27.575714285703725,3.477694059849309,0.1327305232757517,45.44215924987515,0.0147058823528625,0.5569852941176264,0.44301470588237357,0.0,2.0,PASS,CANCEL,,,clear,BTCUSDT|short|H:79293.1@20|SWH:79299.9,"v10_1_pass,weak_body_ratio,weak_close_strength,v11_quality_fail,r_abs_bps_low,r_abs_atr_low,close_strength_low,body_ratio_low"
2026-04-22 16:10:00,CANCEL,SRR-1,short,bullish,upper_edge,H:79370.0@20,SWH:79444.0,79370.0,79463.53142857143,78054.5,93.53142857142666,11.784229377778336,0.4788765359859479,14.064791055718763,0.6909003370245643,0.9913336543090855,0.00866634569091447,0.0,0.0,PASS,CANCEL,,,clear,BTCUSDT|short|H:79370.0@20|SWH:79444.0,"v10_1_pass,v11_quality_fail,r_abs_bps_low,r_abs_atr_low"
2026-04-22 20:50:00,CANCEL,SRR-1,long,bullish,lower_edge,L:78419.7@20,SWL:78403.2,78419.7,78393.27785714285,79444.0,26.422142857147264,3.369324654027912,0.2662947232021166,38.766727041706496,0.03674540682418658,0.7296587926510228,0.23359580052479054,0.0,2.0,PASS,CANCEL,,,clear,BTCUSDT|long|L:78419.7@20|SWL:78403.2,"v10_1_pass,weak_body_ratio,body_not_aligned,v11_quality_fail,r_abs_bps_low,r_abs_atr_low,body_ratio_low"
2026-04-23 00:25:00,CANCEL,SRR-1,long,bullish,lower_edge,L:77839.0@20,SWL:77526.8,77839.0,77505.7492857143,79020.0,333.25071428570664,42.81282060223109,1.5830850666756913,3.543878375568883,0.515608558400577,0.46860750613818086,0.015783935461242155,0.0,2.0,PASS,CANCEL,,,clear,BTCUSDT|long|L:77839.0@20|SWL:77526.8,"v10_1_pass,weak_close_strength,body_not_aligned,v11_quality_fail,close_strength_low"
2026-04-23 03:40:00,CANCEL,SRR-1,long,bullish,lower_edge,L:77526.8@20,SWL:77475.1,77526.8,77460.21285714286,78580.0,66.58714285714086,8.58891929721604,0.44727953171479384,15.816867263092833,0.11062225015717654,0.7448145820239253,0.2551854179760748,0.0,1.0,PASS,CANCEL,,,clear,BTCUSDT|long|L:77526.8@20|SWL:77475.1,"v10_1_pass,weak_body_ratio,v11_quality_fail,r_abs_bps_low,r_abs_atr_low,body_ratio_low"
2026-04-23 14:40:00,CANCEL,SRR-1,short,bearish,upper_edge,H:77920.0@20,SWH:77942.0,77920.0,77960.61928571429,76504.6,40.61928571428871,5.212947345262925,0.21815705681514658,34.84551673202113,0.05909322465616734,0.7666836474783381,0.17422312786549457,0.0,2.0,PASS,CANCEL,,,clear,BTCUSDT|short|H:77920.0@20|SWH:77942.0,"v10_1_pass,weak_body_ratio,body_not_aligned,v11_quality_fail,r_abs_bps_low,r_abs_atr_low,body_ratio_low"
2026-04-23 14:50:00,CANCEL,SRR-1,short,bearish,upper_edge,H:77942.0@20,SWH:77962.9,77942.0,77981.52714285714,76504.6,39.52714285714319,5.071353423974647,0.21220185597055144,36.364884889225756,0.29528865295289225,1.0,0.0,0.0,1.0,PASS,CANCEL,,,clear,BTCUSDT|short|H:77942.0@20|SWH:77962.9,"v10_1_pass,weak_body_ratio,v11_quality_fail,r_abs_bps_low,r_abs_atr_low,body_ratio_low"
2026-04-23 17:50:00,CANCEL,SRR-1,long,bearish,lower_edge,L:76904.0@20,SWL:76900.1,76904.0,76874.06142857144,78648.0,29.938571428559953,3.8929797446894767,0.11497778021611803,58.252612492268355,0.2606132075471698,0.8287735849056467,0.17122641509435335,0.0,1.0,PASS,CANCEL,,,clear,BTCUSDT|long|L:76904.0@20|SWL:76900.1,"v10_1_pass,weak_body_ratio,v11_quality_fail,r_abs_bps_low,r_abs_atr_low,body_ratio_low"
2026-04-23 17:55:00,CANCEL,SRR-1,long,bearish,lower_edge,L:76904.0@20,SWL:76900.1,76904.0,76870.55357142858,78648.0,33.446428571420256,4.349114294629701,0.11319956484948192,52.143085958368545,0.6444917509313549,0.7633492992726719,0.23665070072732813,0.0,0.0,PASS,CANCEL,,,clear,BTCUSDT|long|L:76904.0@20|SWL:76900.1,"v10_1_pass,v11_quality_fail,r_abs_bps_low,r_abs_atr_low"
2026-04-23 22:50:00,CANCEL,SRR-1,short,bearish,upper_edge,H:78272.0@20,SWH:78299.0,78272.0,78310.61642857143,76900.1,38.61642857143306,4.93361975820639,0.33242944106257266,35.52633039231579,0.2982456140351133,0.6365914786967551,0.3634085213032449,0.0,1.0,PASS,CANCEL,,,clear,BTCUSDT|short|H:78272.0@20|SWH:78299.0,"v10_1_pass,weak_body_ratio,v11_quality_fail,r_abs_bps_low,r_abs_atr_low,body_ratio_low"
2026-04-24 00:25:00,CANCEL,SRR-1,short,bullish,upper_edge,H:78309.9@20,SWH:78432.0,78309.9,78440.87928571428,77557.5,130.9792857142893,16.7257633727395,1.4751106105704161,5.744419782844414,0.10984848484848485,1.0,0.0,0.0,1.0,PASS,CANCEL,,,clear,BTCUSDT|short|H:78309.9@20|SWH:78432.0,"v10_1_pass,weak_body_ratio,v11_quality_fail,r_abs_bps_low,body_ratio_low"
2026-04-24 00:40:00,CANCEL,SRR-1,short,bullish,upper_edge,H:78432.0@20,SWH:78459.1,78432.0,78468.21071428571,77557.5,36.21071428571304,4.616829136795318,0.39745197961583234,24.15031068152761,0.17994505494512772,0.6318681318681066,0.1881868131867657,0.0,2.0,PASS,CANCEL,,,clear,BTCUSDT|short|H:78432.0@20|SWH:78459.1,"v10_1_pass,weak_body_ratio,body_not_aligned,v11_quality_fail,r_abs_bps_low,r_abs_atr_low,body_ratio_low"
2026-04-24 02:05:00,CANCEL,SRR-1,short,bullish,upper_edge,H:78459.1@20,SWH:78546.0,78459.1,78559.12,77743.3,100.01999999998952,12.74804324800941,0.7623475609755287,7.156568686263526,0.02027027027024063,0.8955301455301877,0.08419958419957162,0.0,2.0,PASS,CANCEL,,,clear,BTCUSDT|short|H:78459.1@20|SWH:78546.0,"v10_1_pass,weak_body_ratio,body_not_aligned,v11_quality_fail,r_abs_bps_low,body_ratio_low"
2026-04-24 02:10:00,CANCEL,SRR-1,short,bullish,upper_edge,H:78459.1@20,SWH:78546.0,78459.1,78559.08857142857,77743.3,99.98857142856286,12.744037521277056,0.7639380048023758,7.158818150646431,0.8171603677220926,0.8181818181818047,0.18181818181819534,0.0,0.0,PASS,CANCEL,,,clear,BTCUSDT|short|H:78459.1@20|SWH:78546.0,"v10_1_pass,v11_quality_fail,r_abs_bps_low"
2026-04-24 03:40:00,CANCEL,SRR-1,long,bullish,lower_edge,L:77591.4@20,SWL:77500.0,77591.4,77485.16785714286,78546.0,106.23214285713038,13.691226457717015,0.7162292318804891,8.98598083711659,0.6120689655172413,0.6982758620689655,0.3017241379310345,0.0,0.0,PASS,CANCEL,,,clear,BTCUSDT|long|L:77591.4@20|SWL:77500.0,"v10_1_pass,v11_quality_fail,r_abs_bps_low"
2026-04-24 05:25:00,CANCEL,SRR-1,long,bearish,lower_edge,L:77413.0@20,SWL:77401.5,77413.0,77390.69214285714,78546.0,22.307857142863213,2.881668084541771,0.20640407111234338,50.78927988215454,0.6464646464645062,0.8855218855217624,0.11447811447823765,0.0,0.0,PASS,CANCEL,,,clear,BTCUSDT|long|L:77413.0@20|SWL:77401.5,"v10_1_pass,v11_quality_fail,r_abs_bps_low,r_abs_atr_low"
2026-04-24 11:40:00,CANCEL,SRR-1,short,bearish,upper_edge,H:78298.8@20,SWH:78346.1,78298.8,78360.55428571429,77355.8,61.75428571428347,7.887002829453768,0.4272385847005139,15.270195243824002,0.5610211706101879,0.5610211706101879,0.43897882938981214,0.0,1.0,PASS,CANCEL,,,clear,BTCUSDT|short|H:78298.8@20|SWH:78346.1,"v10_1_pass,weak_close_strength,v11_quality_fail,r_abs_bps_low,r_abs_atr_low,close_strength_low"
2026-04-24 18:25:00,CANCEL,SRR-1,long,bearish,lower_edge,L:77414.4@20,SWL:77308.0,77414.4,77294.37642857143,78360.1,120.02357142856636,15.504036901218166,0.8809993184081825,7.879285616516233,0.8226244343892193,0.9022624434388877,0.09773755656111231,0.0,0.0,PASS,CANCEL,,,clear,BTCUSDT|long|L:77414.4@20|SWL:77308.0,"v10_1_pass,v11_quality_fail,r_abs_bps_low"
2026-04-25 02:35:00,CANCEL,SRR-1,short,bearish,upper_edge,H:77606.7@20,SWH:77608.2,77606.7,77613.13571428572,77206.8,6.435714285718859,0.8292730248443575,0.1303907380608796,62.137624861220196,0.1705202312141682,0.702312138728585,0.29768786127141494,0.0,1.0,PASS,CANCEL,,,clear,BTCUSDT|short|H:77606.7@20|SWH:77608.2,"v10_1_pass,weak_body_ratio,v11_quality_fail,r_abs_bps_low,r_abs_atr_low,body_ratio_low"
2026-04-25 03:10:00,CANCEL,SRR-1,short,bearish,upper_edge,H:77608.2@20,SWH:77666.8,77608.2,77671.63714285714,77206.8,63.43714285714668,8.174025793298478,1.3114589486120725,6.327523307660654,0.4434276206323145,0.999168053244665,0.0008319467553350356,0.0,0.0,PASS,CANCEL,,,clear,BTCUSDT|short|H:77608.2@20|SWH:77666.8,"v10_1_pass,v11_quality_fail,r_abs_bps_low"
2026-04-25 03:50:00,CANCEL,SRR-1,short,bearish,upper_edge,H:77666.8@20,SWH:77678.0,77666.8,77681.99214285714,77241.9,15.192142857136787,1.956066537714543,0.3805510824833115,27.968404720496963,0.2233606557378705,0.7766393442621294,0.0,0.0,2.0,PASS,CANCEL,,,clear,BTCUSDT|short|H:77666.8@20|SWH:77678.0,"v10_1_pass,weak_body_ratio,body_not_aligned,v11_quality_fail,r_abs_bps_low,r_abs_atr_low,body_ratio_low"
2026-04-25 03:55:00,CANCEL,SRR-1,short,bearish,upper_edge,H:77666.8@20,SWH:77678.0,77666.8,77682.13428571429,77241.9,15.334285714285215,1.9743681617222821,0.3709053213545313,27.70914850009463,0.45705521472387023,0.8619631901840121,0.1380368098159879,0.0,0.0,PASS,CANCEL,,,clear,BTCUSDT|short|H:77666.8@20|SWH:77678.0,"v10_1_pass,v11_quality_fail,r_abs_bps_low,r_abs_atr_low"
2026-04-25 10:10:00,CANCEL,SRR-1,short,bearish,upper_edge,H:77736.8@20,SWH:77760.8,77736.8,77766.02571428572,77400.0,29.225714285712456,3.759572594409913,0.559267359212645,11.524098152312876,0.10476190476176617,0.7857142857142857,0.21428571428571427,0.0,1.0,PASS,CANCEL,,,clear,BTCUSDT|short|H:77736.8@20|SWH:77760.8,"v10_1_pass,weak_body_ratio,v11_quality_fail,r_abs_bps_low,r_abs_atr_low,body_ratio_low"
2026-04-25 16:05:00,CANCEL,SRR-1,long,bearish,lower_edge,L:77263.0@20,SWL:77251.2,77263.0,77244.73285714285,77749.3,18.26714285714843,2.3642808145099763,0.2824607908107794,26.621568780785033,0.5821812596006498,0.8748079877113001,0.12519201228869986,0.0,0.0,PASS,CANCEL,,,clear,BTCUSDT|long|L:77263.0@20|SWL:77251.2,"v10_1_pass,v11_quality_fail,r_abs_bps_low,r_abs_atr_low"
2026-04-25 16:10:00,CANCEL,SRR-1,long,bearish,lower_edge,L:77263.0@20,SWL:77251.2,77263.0,77244.33499999999,77749.3,18.66500000000815,2.415774691638708,0.2718863801894834,26.0541119742722,0.05037513397638738,0.5948553054662193,0.4051446945337806,0.0,2.0,PASS,CANCEL,,,clear,BTCUSDT|long|L:77263.0@20|SWL:77251.2,"v10_1_pass,weak_body_ratio,weak_close_strength,v11_quality_fail,r_abs_bps_low,r_abs_atr_low,close_strength_low,body_ratio_low"
2026-04-26 05:25:00,CANCEL,SRR-1,short,bullish,upper_edge,H:78119.6@20,SWH:78145.8,78119.6,78156.85785714287,77280.0,37.2578571428603,4.769335370746944,0.33693559847558113,22.534844040564952,0.7351046698873193,0.8913043478260844,0.1086956521739156,0.0,0.0,PASS,CANCEL,,,clear,BTCUSDT|short|H:78119.6@20|SWH:78145.8,"v10_1_pass,v11_quality_fail,r_abs_bps_low,r_abs_atr_low"
2026-04-26 08:40:00,CANCEL,SRR-1,short,bullish,upper_edge,H:78164.7@20,SWH:78182.8,78164.7,78187.65571428572,77280.0,22.955714285722934,2.936839044443711,0.47275669314521873,38.539423735127556,0.09694989106747165,0.9019607843137286,0.001089324618799756,0.0,2.0,PASS,CANCEL,,,clear,BTCUSDT|short|H:78164.7@20|SWH:78182.8,"v10_1_pass,weak_body_ratio,body_not_aligned,v11_quality_fail,r_abs_bps_low,r_abs_atr_low,body_ratio_low"
2026-04-26 19:20:00,CANCEL,SRR-1,short,bullish,upper_edge,H:78400.0@20,SWH:78477.9,78400.0,78488.825,77815.0,88.82499999999709,11.329719387754732,0.8130434782608352,6.5859836757671735,0.0062252405206895236,0.6615732880588348,0.3322014714204757,0.0,2.0,PASS,CANCEL,,,clear,BTCUSDT|short|H:78400.0@20|SWH:78477.9,"v10_1_pass,weak_body_ratio,body_not_aligned,v11_quality_fail,r_abs_bps_low,body_ratio_low"
2026-04-26 19:25:00,CANCEL,SRR-1,short,bullish,upper_edge,H:78400.0@20,SWH:78477.9,78400.0,78489.2,77815.0,89.19999999999709,11.377551020407791,0.7893805309734183,6.558295964125774,0.9346733668341709,1.0,0.0,0.0,0.0,PASS,CANCEL,,,clear,BTCUSDT|short|H:78400.0@20|SWH:78477.9,"v10_1_pass,v11_quality_fail,r_abs_bps_low"
2026-04-27 01:05:00,CANCEL,SRR-1,short,bullish,upper_edge,H:79338.0@20,SWH:79455.0,79338.0,79472.13285714286,77777.0,134.1328571428603,16.906508500700838,0.782898357375152,11.637715271638719,0.23782084861181543,0.7621791513881846,0.0,0.0,2.0,PASS,CANCEL,,,clear,BTCUSDT|short|H:79338.0@20|SWH:79455.0,"v10_1_pass,weak_body_ratio,body_not_aligned,v11_quality_fail,r_abs_bps_low,body_ratio_low"
2026-04-27 01:10:00,CANCEL,SRR-1,short,bullish,upper_edge,H:79338.0@20,SWH:79455.0,79338.0,79473.72,77777.0,135.72000000000116,17.10655675716569,0.7250000000000014,11.501620984379507,0.7566787003610318,0.9602888086642599,0.039711191335740074,0.0,0.0,PASS,CANCEL,,,clear,BTCUSDT|short|H:79338.0@20|SWH:79455.0,"v10_1_pass,v11_quality_fail,r_abs_bps_low"
2026-04-27 05:35:00,CANCEL,SRR-1,long,bullish,lower_edge,L:77753.0@20,SWL:77650.0,77753.0,77633.01,79455.0,119.99000000000524,15.432201972914903,0.7062389640965522,14.184515376280737,0.20591647331787238,0.9599767981438839,0.04002320185611608,0.0,1.0,PASS,CANCEL,,,clear,BTCUSDT|long|L:77753.0@20|SWL:77650.0,"v10_1_pass,weak_body_ratio,v11_quality_fail,r_abs_bps_low,body_ratio_low"
2026-04-27 06:35:00,CANCEL,SRR-1,long,bullish,lower_edge,L:77503.6@20,SWL:77408.6,77503.6,77394.18214285714,79346.4,109.4178571428638,14.117777386194161,0.7589051275700348,16.841857884256466,0.41527001862197394,0.5843575418994197,0.0003724394786064088,0.0,2.0,PASS,CANCEL,,,clear,BTCUSDT|long|L:77503.6@20|SWL:77408.6,"v10_1_pass,weak_close_strength,body_not_aligned,v11_quality_fail,r_abs_bps_low,close_strength_low"
2026-04-27 14:55:00,CANCEL,SRR-1,short,bearish,upper_edge,H:78179.7@20,SWH:78232.0,78179.7,78248.90285714285,77516.4,69.20285714285274,8.851768060360008,0.4094151453684672,9.584864373891078,0.7978260869565376,0.7980978260869486,0.20190217391305137,0.0,0.0,PASS,CANCEL,,,clear,BTCUSDT|short|H:78179.7@20|SWH:78232.0,"v10_1_pass,v11_quality_fail,r_abs_bps_low,r_abs_atr_low"
2026-04-27 19:35:00,CANCEL,SRR-1,long,bearish,lower_edge,L:76509.7@20,SWL:76400.0,76509.7,76390.23785714286,78232.0,119.46214285714086,15.613986573877673,1.2237286895441266,14.417119589589316,0.17342130065977104,0.6941564561734446,0.13242224316678441,0.0,2.0,PASS,CANCEL,,,clear,BTCUSDT|long|L:76509.7@20|SWL:76400.0,"v10_1_pass,weak_body_ratio,body_not_aligned,v11_quality_fail,r_abs_bps_low,body_ratio_low"
2026-04-27 23:10:00,CANCEL,SRR-1,short,bearish,upper_edge,H:77037.0@20,SWH:77049.9,77037.0,77056.84285714285,76400.0,19.842857142852154,2.57575673284943,0.28580246913573915,32.102231821462354,0.7415185783521566,0.8772213247171804,0.12277867528281963,0.0,0.0,PASS,CANCEL,,,clear,BTCUSDT|short|H:77037.0@20|SWH:77049.9,"v10_1_pass,v11_quality_fail,r_abs_bps_low,r_abs_atr_low"
2026-04-28 11:25:00,CANCEL,SRR-1,long,bearish,lower_edge,L:76324.1@20,SWL:76269.3,76324.1,76261.75642857143,76956.0,62.34357142857334,8.168268139234309,0.8264463592463271,10.135768380288548,0.5303030303030303,0.5303030303030303,0.4696969696969697,0.0,2.0,PASS,CANCEL,,,clear,BTCUSDT|long|L:76324.1@20|SWL:76269.3,"v10_1_pass,weak_close_strength,opposite_wick_high,v11_quality_fail,r_abs_bps_low,close_strength_low"
2026-04-28 11:55:00,CANCEL,SRR-1,long,bearish,lower_edge,L:76115.3@20,SWL:76088.0,76115.3,76077.945,76956.0,37.354999999995925,4.907686102530755,0.37150671307803856,22.505688662831986,0.5817901234567191,0.9336419753086,0.06635802469139995,0.0,0.0,PASS,CANCEL,,,clear,BTCUSDT|long|L:76115.3@20|SWL:76088.0,"v10_1_pass,v11_quality_fail,r_abs_bps_low,r_abs_atr_low"
2026-04-28 14:20:00,CANCEL,SRR-1,long,bearish,lower_edge,L:75904.4@20,SWL:75852.7,75904.4,75835.76714285713,76794.9,68.6328571428603,9.042012998305804,0.40532354678142574,12.974835043606172,0.4519640321817259,0.4609559867487335,0.08707998106954058,0.0,2.0,PASS,CANCEL,,,clear,BTCUSDT|long|L:75904.4@20|SWL:75852.7,"v10_1_pass,weak_close_strength,body_not_aligned,v11_quality_fail,r_abs_bps_low,r_abs_atr_low,close_strength_low"
2026-04-28 19:50:00,CANCEL,SRR-1,short,bearish,upper_edge,H:76306.9@20,SWH:76330.0,76306.9,76336.74214285714,75660.0,29.842142857145518,3.91080529508413,0.4426210403644944,21.677397735702414,0.35520833333339397,0.779166666666697,0.22083333333330302,0.0,0.0,PASS,CANCEL,,,clear,BTCUSDT|short|H:76306.9@20|SWH:76330.0,"v10_1_pass,v11_quality_fail,r_abs_bps_low,r_abs_atr_low"
2026-04-28 20:10:00,CANCEL,SRR-1,short,bearish,upper_edge,H:76352.0@20,SWH:76422.1,76352.0,76430.27714285714,75789.6,78.27714285714319,10.252140462220137,0.9572676450035079,7.1847282549183165,0.6835748792271394,0.8220611916264752,0.17793880837352485,0.0,0.0,PASS,CANCEL,,,clear,BTCUSDT|short|H:76352.0@20|SWH:76422.1,"v10_1_pass,v11_quality_fail,r_abs_bps_low"
2026-04-28 20:55:00,CANCEL,SRR-1,short,bearish,upper_edge,H:76422.1@20,SWH:76427.1,76422.1,76433.98285714287,75840.3,11.882857142860303,1.554898012860194,0.17264425072648737,48.96128877132649,0.32960893854781304,1.0,0.0,0.0,0.0,PASS,CANCEL,,,clear,BTCUSDT|short|H:76422.1@20|SWH:76427.1,"v10_1_pass,v11_quality_fail,r_abs_bps_low,r_abs_atr_low"
2026-04-28 21:10:00,CANCEL,SRR-1,short,bearish,upper_edge,H:76432.5@20,SWH:76448.0,76432.5,76454.13785714285,75840.3,21.637857142850407,2.8309759778694152,0.35253112998941544,27.36869903939042,0.7248484848483437,0.8230303030302325,0.17696969696976753,0.0,0.0,PASS,CANCEL,,,clear,BTCUSDT|short|H:76432.5@20|SWH:76448.0,"v10_1_pass,v11_quality_fail,r_abs_bps_low,r_abs_atr_low"
2026-04-29 01:35:00,CANCEL,SRR-1,long,bearish,lower_edge,L:76150.0@20,SWL:76138.7,76150.0,76129.565,76519.8,20.43499999999767,2.6835193696648285,0.22370005473451302,18.09640322975508,0.48148148148149766,0.916916916916895,0.08308308308310496,0.0,0.0,PASS,CANCEL,,,clear,BTCUSDT|long|L:76150.0@20|SWL:76138.7,"v10_1_pass,v11_quality_fail,r_abs_bps_low,r_abs_atr_low"
2026-04-29 01:40:00,CANCEL,SRR-1,long,bearish,lower_edge,L:76150.0@20,SWL:76138.7,76150.0,76129.27571428572,76519.8,20.724285714284633,2.7215083012849157,0.21990298620584064,17.843799545048288,0.5925394548063793,0.5939741750358093,0.4060258249641907,0.0,1.0,PASS,CANCEL,,,clear,BTCUSDT|long|L:76150.0@20|SWL:76138.7,"v10_1_pass,weak_close_strength,v11_quality_fail,r_abs_bps_low,r_abs_atr_low,close_strength_low"
2026-04-29 13:50:00,CANCEL,SRR-1,long,bullish,lower_edge,L:76529.9@20,SWL:76385.0,76529.9,76371.35214285714,77873.2,158.5478571428539,20.717112807262772,1.16170513424399,8.47252069001267,0.1805555555555879,0.7904040404040333,0.20959595959596672,0.0,1.0,PASS,CANCEL,,,clear,BTCUSDT|long|L:76529.9@20|SWL:76385.0,"v10_1_pass,weak_body_ratio,v11_quality_fail,r_abs_bps_low,body_ratio_low"
2026-04-29 13:55:00,CANCEL,SRR-1,long,bullish,lower_edge,L:76529.9@20,SWL:76385.0,76529.9,76370.16285714286,77873.2,159.73714285713504,20.872514253531634,1.0766031195840193,8.409440509408743,0.719753086419789,0.7358024691358145,0.26419753086418557,0.0,0.0,PASS,CANCEL,,,clear,BTCUSDT|long|L:76529.9@20|SWL:76385.0,"v10_1_pass,v11_quality_fail,r_abs_bps_low"
2026-04-29 15:50:00,CANCEL,SRR-1,long,bullish,lower_edge,L:75935.0@20,SWL:75857.3,75935.0,75841.84571428572,77654.7,93.15428571427765,12.267634913317659,0.6027731558513132,18.460771684457463,0.17224199288254155,0.8270462633451751,0.172953736654825,0.0,1.0,PASS,CANCEL,,,clear,BTCUSDT|long|L:75935.0@20|SWL:75857.3,"v10_1_pass,weak_body_ratio,v11_quality_fail,r_abs_bps_low,r_abs_atr_low,body_ratio_low"
2026-04-30 01:05:00,CANCEL,SRR-1,short,bearish,upper_edge,H:76300.0@20,SWH:76315.0,76300.0,76327.29714285715,75448.0,27.297142857147264,3.5776071896654345,0.22197955390338456,31.212057776842354,0.006219765031058724,0.7947477539737547,0.19903248099518653,0.0,2.0,PASS,CANCEL,,,clear,BTCUSDT|short|H:76300.0@20|SWH:76315.0,"v10_1_pass,weak_body_ratio,body_not_aligned,v11_quality_fail,r_abs_bps_low,r_abs_atr_low,body_ratio_low"
2026-04-30 01:55:00,CANCEL,SRR-1,short,bearish,upper_edge,H:76377.0@20,SWH:76445.0,76377.0,76456.47714285714,75562.3,79.47714285714028,10.405900055925251,0.6924819517052353,10.250745946723523,0.03225806451612903,0.6458064516129408,0.3219354838709302,0.0,2.0,PASS,CANCEL,,,clear,BTCUSDT|short|H:76377.0@20|SWH:76445.0,"v10_1_pass,weak_body_ratio,body_not_aligned,v11_quality_fail,r_abs_bps_low,r_abs_atr_low,body_ratio_low"
2026-04-30 08:10:00,CANCEL,SRR-1,short,bearish,upper_edge,H:76148.0@20,SWH:76180.0,76148.0,76189.40642857143,75273.5,41.40642857142666,5.43762522606328,0.440192877211615,21.119908916835836,0.3857791225416121,0.7639939485628005,0.23600605143719952,0.0,0.0,PASS,CANCEL,,,clear,BTCUSDT|short|H:76148.0@20|SWH:76180.0,"v10_1_pass,v11_quality_fail,r_abs_bps_low,r_abs_atr_low"
2026-04-30 09:35:00,CANCEL,SRR-1,short,bearish,upper_edge,H:76197.2@20,SWH:76332.6,76197.2,76340.90642857144,75273.5,143.70642857144412,18.85980437226619,1.7300627740994088,6.427687398415698,0.07896287566289488,0.8839127872715953,0.11608721272840478,0.0,1.0,PASS,CANCEL,,,clear,BTCUSDT|short|H:76197.2@20|SWH:76332.6,"v10_1_pass,weak_body_ratio,v11_quality_fail,r_abs_bps_low,body_ratio_low"
2026-04-30 12:35:00,CANCEL,SRR-1,short,bearish,upper_edge,H:76333.3@20,SWH:76375.1,76333.3,76384.69,75836.0,51.38999999999942,6.732317350356845,0.5358706986444187,9.676979957190282,0.09471365638772626,0.7466960352422989,0.15859030836997487,0.0,2.0,PASS,CANCEL,,,clear,BTCUSDT|short|H:76333.3@20|SWH:76375.1,"v10_1_pass,weak_body_ratio,body_not_aligned,v11_quality_fail,r_abs_bps_low,r_abs_atr_low,body_ratio_low"
2026-04-30 12:40:00,CANCEL,SRR-1,short,bearish,upper_edge,H:76333.3@20,SWH:76375.1,76333.3,76384.675,75836.0,51.375,6.73035228399663,0.5365535248041775,9.67980535279811,0.617100371747228,0.617100371747228,0.382899628252772,0.0,0.0,PASS,CANCEL,,,clear,BTCUSDT|short|H:76333.3@20|SWH:76375.1,"v10_1_pass,v11_quality_fail,r_abs_bps_low,r_abs_atr_low"
2026-04-30 13:50:00,CANCEL,SRR-1,short,bearish,upper_edge,H:76599.9@20,SWH:76630.3,76599.9,76641.94571428571,75836.0,42.04571428571944,5.489003808845631,0.3610402355250798,18.16832019570299,0.6692183722804503,0.8464947622885104,0.15350523771148958,0.0,0.0,PASS,CANCEL,,,clear,BTCUSDT|short|H:76599.9@20|SWH:76630.3,"v10_1_pass,v11_quality_fail,r_abs_bps_low,r_abs_atr_low"
2026-04-30 13:55:00,CANCEL,SRR-1,short,bearish,upper_edge,H:76599.9@20,SWH:76630.3,76599.9,76642.15071428572,75836.0,42.25071428572119,5.515766245872539,0.35652462178296385,18.080167706375498,0.03340926347755715,0.6112376613515701,0.3887623386484299,0.0,1.0,PASS,CANCEL,,,clear,BTCUSDT|short|H:76599.9@20|SWH:76630.3,"v10_1_pass,weak_body_ratio,v11_quality_fail,r_abs_bps_low,r_abs_atr_low,body_ratio_low"
2026-04-30 20:55:00,CANCEL,SRR-1,short,bullish,upper_edge,H:76525.4@20,SWH:76536.2,76525.4,76543.43357142857,76060.4,18.03357142857567,2.3565471632393518,0.2493038412166056,25.785241810902164,0.5083612040136188,0.5083612040136188,0.49163879598638116,0.0,2.0,PASS,CANCEL,,,clear,BTCUSDT|short|H:76525.4@20|SWH:76536.2,"v10_1_pass,weak_close_strength,opposite_wick_high,v11_quality_fail,r_abs_bps_low,r_abs_atr_low,close_strength_low"
